split,file,source_split,base_identity,sha256,width,height,boxes
val,biodegradable1055_jpg.rf.776c6232ca670f1b6dbd96048aaa61bc.jpg,train,biodegradable1055,afcad2722cbd3a380a74d632029b9e5f35f5a983af3b3aba23fc8dfcf9e58ec3,416,416,1
train,biodegradable1101_jpg.rf.af7708cfa03ebb947052a38f25cc79b5.jpg,train,biodegradable1101,575c0426a41b7ce755866d66ed2eac6b9fb6503f580b2d54dc846ae00631ad9e,416,416,1
train,biodegradable1128_jpg.rf.c6eb68cb3a9a3dfaef99dde40be02d38.jpg,train,biodegradable1128,4c2d41251df8ff759525107f507b3eb87b38c6448ba0f369b415e49d8f5f60e4,416,416,1
train,biodegradable1210_jpg.rf.1345dece925ab7ad3fa964eba6d09254.jpg,train,biodegradable1210,dc9a11fc22789df925e917ffb6129304ad205d221a2324363aeb9e82c27f89e1,416,416,11
val,biodegradable1226_jpg.rf.55230f0fd75804ffca224e5a55fee67f.jpg,train,biodegradable1226,e568aad05346e08229ad3a6d49275b2691f00821410ddf480645fbdf9c56f78a,416,416,1
train,biodegradable1257_jpg.rf.fdbe1d485f03453dd193bb4f37fa146d.jpg,train,biodegradable1257,c2a9bab4bd02e07af84128765631411c0683c831c5df986e8029f8bdfb0ae243,416,416,1
train,biodegradable1278_jpg.rf.94da0e52e888c9ca61bfb62bbf492887.jpg,train,biodegradable1278,7427cedcbd2acab40ffdb7466c4e77aded8118c49e9787ba075f49fc29fa6ac3,416,416,1
train,biodegradable1306_jpg.rf.023961552b04390b4821f6bf79caa6cd.jpg,train,biodegradable1306,628123a20df468abdb07b05e20eb87f81810f00b4e64a97e402cd0b9a82f0477,416,416,1
train,biodegradable1311_jpg.rf.78abe1d44e30d4824942ce18e9a4106b.jpg,train,biodegradable1311,2402860a4ae9c987d3c667211203ef11f694ecdaa5bef1313973a706828c79e1,416,416,1
val,biodegradable1354_jpg.rf.9b87634a17ad5e0d12206829582f16d9.jpg,train,biodegradable1354,249487aae0b6b3214941ac3c1eb99fbf07dc8e51d2dd178a4182def6e00548f9,416,416,6
train,biodegradable1401_jpg.rf.7c253c88e898d68a08565a62a10d3ea5.jpg,train,biodegradable1401,b69a207c778594a2cf9bde5b080fb1098f9bd33a607a8c10966cc4a61a74bd65,416,416,5
train,biodegradable1408_jpg.rf.7c79b8c37bc27b860e14a2806bc25d5b.jpg,train,biodegradable1408,b0e5a185453ce297cb0babd6a4b7beec5132f76f4599c266b7a0810b8b181cae,416,416,24
val,biodegradable1416_jpg.rf.479b5954a15f931039b6bca0a85052c5.jpg,train,biodegradable1416,dc151fb809c128e829bacbccba84dce7ce716a17188104c8fe8ee2794a988b81,416,416,29
test,biodegradable1498_jpg.rf.5e6932e302578d2b157e2ed6ac31cc30.jpg,train,biodegradable1498,202a73d2b69971747e691565d99d22bc38357e38132fbbe1f0b6385d27c4871f,416,416,2
train,biodegradable1566_jpg.rf.f31d97835d8e4e41028e9b8e5b52646d.jpg,train,biodegradable1566,9224cb5eafb7188b948cdae5e3fc40d18bf47a4789e7f6b2bcee98ac55186f0b,416,416,1
train,biodegradable1616_jpg.rf.6ddfde31f06752de1bc0706c65d8dbfe.jpg,train,biodegradable1616,f9911fa028174ae293e689076e971581f52654d751ef30611b3880f1dfb05395,416,416,1
train,biodegradable1626_jpg.rf.d55b53144e01949a79885db856957ae6.jpg,train,biodegradable1626,3064b35426cd5e16826c35d60434eaec927cf6968cd78b67623039ba85e251d5,416,416,1
train,biodegradable1655_jpg.rf.86faa32b70140a1a92a2c5b0d8b167e7.jpg,train,biodegradable1655,0bfc911097615c0534adb3be3158fcce949a9f7403b162ad6a25068bc416f369,416,416,2
train,biodegradable1661_jpg.rf.17125138245253d23ca2e9242c430bf9.jpg,train,biodegradable1661,ff74ce5014314d4a6bf9855c4afab97f4fad12d7a1640423d1852a2e2852224c,416,416,1
train,biodegradable1678_jpg.rf.a48943353cedc8c4b3bc1dbe27e31294.jpg,train,biodegradable1678,d86137afd346bd4ed0aa42871d9b620f1046e172d9db42a567eddec870f098ac,416,416,1
train,biodegradable1681_jpg.rf.a66c7132e477da565f4b01229871de7d.jpg,train,biodegradable1681,0d7993eaaf1d9beebe25bfc2c05c448e15d45a9b2b7c9d745bf3234497fe4588,416,416,1
train,biodegradable1698_jpg.rf.fede4f2fa284ad4fc6e3cb7926a82ada.jpg,train,biodegradable1698,c5323d2f3f38cd2333398568f6da43b827b3ec8ed6e7d94fc5bad6666b65f9dd,416,416,1
val,biodegradable1702_jpg.rf.1ca68be16312138dc012a9924127ff2c.jpg,train,biodegradable1702,f4f1fcbea12322dd2560c4ac189a53692c84ee82defde49575e097bee2df9f1c,416,416,11
train,biodegradable1705_jpg.rf.a8dff34d57aa067a1eb223bbf26d764d.jpg,train,biodegradable1705,bf69ab58235db3df0290f1a21ff402a73aba129513381600c3aee5da930a8d55,416,416,8
test,biodegradable1720_jpg.rf.433f3495fa21306124396c95e0fd2003.jpg,train,biodegradable1720,543873169180ef6dc1e283ee8de7721cc8b508d80ccc3963d874d0175518f89f,416,416,2
train,biodegradable1725_jpg.rf.ef7d03d675f8520c799f4acb2a610245.jpg,train,biodegradable1725,7a48359c7ae8b2183d7e8b9c4308fecf87dd5315347ee90bb6d6d5e55873e072,416,416,1
train,biodegradable1733_jpg.rf.9d91bd02360f7692dc03ca1294074241.jpg,train,biodegradable1733,92ec3730e86eb84ba6a6a78fb86eb2344de1105ecd9806c5be6b4ff3d62ef25c,416,416,1
train,biodegradable1739_jpg.rf.f081401a404055da1f2c4d39a54005b0.jpg,train,biodegradable1739,ca55f6e1ebf5db719a41c488608656c94cc8424466b194fd67bf0ed9482ef895,416,416,8
train,biodegradable1777_jpeg.rf.875f3c551ba76cc5de216246b7168390.jpg,train,biodegradable1777,630cc036c8fc61831071c5aa5c6f3b383caf3d66760a727db78953588fac0d2c,416,416,1
train,biodegradable1794_jpeg.rf.2f224e41b39aee63c1b08f865ac5e632.jpg,train,biodegradable1794,57260c0f7eb91ea64aa966be6c9c927ecd0b5dcb820729dc078d87d539298b82,416,416,1
train,biodegradable1819_jpeg.rf.7b3f420f7f484b302b91e264583d0079.jpg,train,biodegradable1819,78aabff335f0912a57c90d6214a8929b18e3b85344d9e603895d51c0a6234811,416,416,1
train,biodegradable191_jpg.rf.02f5d7c6e5285dd48dc3bacd19ca546e.jpg,train,biodegradable191,a30b32573a8450e27ed1f2fa9b83eb1b6ef26087abae51f238806f2f7ef455ce,416,416,6
train,biodegradable1925_jpeg.rf.0e19a31cff85fb232e087e3deaed2e49.jpg,train,biodegradable1925,9ae561347eb41ec5763922a84214c1dbfc5472fa2677e65377da571dc77019b6,416,416,1
train,biodegradable1947_jpeg.rf.890d009f613d19a52e1a2dc82dc2f7b3.jpg,train,biodegradable1947,246e0859d9771ea9aa42e80b86218f281961b6177d52306dcaa7232c701f6412,416,416,1
train,biodegradable1967_jpeg.rf.c3e9d6ca350b389f7d64468cafbc6514.jpg,train,biodegradable1967,60eea622ca81dd8396c044fd4ba83b57cdec88fc629b4b2f633d913614377242,416,416,1
train,biodegradable1995_jpeg.rf.e18699764c73e2d97a0807e5f60f46f3.jpg,train,biodegradable1995,0744fd8d31acb31018bc36d51277908cc0faf95a797605d75276eaf8e029301e,416,416,2
train,biodegradable1999_jpeg.rf.0d7260354626a1b79e9feb62e0a689c9.jpg,train,biodegradable1999,e8dad495841066b07025782fce9ac1e0f06aecc177fa766255c51b3dd60f4c1b,416,416,3
val,biodegradable2012_jpeg.rf.f157a4549b3da5de53b7d15eb8ed051d.jpg,train,biodegradable2012,8c0bae12c98e418e6f2d548ca20da3b5edcd547cb1c1a02654a72475cb608592,416,416,2
train,biodegradable2044_jpeg.rf.335e350a3a88e8855c9e96da9ccb2467.jpg,train,biodegradable2044,7a4495bece51599b5dc69b49f7cd6a5b82f45e40bb62aec0a987914d2864c182,416,416,1
train,biodegradable2059_jpeg.rf.2a73cc2f15b61c5961878b915d0b3f69.jpg,train,biodegradable2059,aae4081fa980e206e673ebf034fc3d4d1c3d6299665419c7e8a7fb41855ca845,416,416,2
train,biodegradable2102_jpeg.rf.f57bafe80cebffd74cf81a4bfa4a309e.jpg,train,biodegradable2102,81a445892a06ace4aa3a94c1d5a34331e676c9ada8678b6e8a648298430aa9c8,416,416,10
test,biodegradable2128_jpeg.rf.67cf43bd92ce3e71c8ca4672a833991e.jpg,train,biodegradable2128,fd65c254b3ce13119c0ac7fc73cb57d1890e121aa3e13dfe741918b8a374519b,416,416,4
train,biodegradable2149_jpeg.rf.82324cef864253c46ccfc8a7dd67de7b.jpg,train,biodegradable2149,38d80000ef5eab23d749d42957bbfc7a46d8516d0f57f90c4f43b705ef48d060,416,416,1
train,biodegradable2150_jpeg.rf.2f24a12dde25bedff9f7efaadcf70347.jpg,train,biodegradable2150,ed8c0909c4d1c372438aaecbc5868ffff7da98102affe5b9835eed5f9358f598,416,416,2
train,biodegradable2152_jpeg.rf.98da6b37f9609ab272fcc433dcb7e0c1.jpg,train,biodegradable2152,f1f89c726772f08c65cf230d973c13395517e75b3feb8c23ad9c4eedf2f19a5d,416,416,1
val,biodegradable2153_jpeg.rf.e38d0bb98104c2c41c5d4b3455230777.jpg,train,biodegradable2153,76c78037988e08596221339083aaa70fd7f40ee5f1eba1c28d9013a0792c3678,416,416,18
val,biodegradable2159_jpeg.rf.af60e090c11c0b94516310c9e9faca29.jpg,train,biodegradable2159,c789609f309084102f0303bc4a17c467020129dfff16e75f45fb55f196acb229,416,416,2
train,biodegradable2161_jpeg.rf.87145fafec69a46e2eb9ef838f95b810.jpg,train,biodegradable2161,f11512c7554530a1d0d732813f484f74c67ddf477a1e7c8cd708a9950e8214d6,416,416,1
train,biodegradable2164_jpeg.rf.a49b695de20ec6ee91a811585fb92ec2.jpg,train,biodegradable2164,4f1ca38ad80e88c3dc6ff9d8a31f73f200229767a223b9fcdd2c5b7ff0cf7169,416,416,2
train,biodegradable2190_jpeg.rf.15de0aa38cb90682a7b93d0d15167503.jpg,train,biodegradable2190,a544c5d261e753326c91d7742b3f95d0849be157c2b49aad38d6c59f18dad498,416,416,1
train,biodegradable2192_jpeg.rf.01a704196bcf63580afc3c01248461e1.jpg,train,biodegradable2192,c9498c49f3e196a6775a50b9dac4577f400bcc0bcf90d040991731dad9537f58,416,416,1
train,biodegradable2217_jpeg.rf.9d0638726fa3025584efe62f37c334f9.jpg,train,biodegradable2217,da34389d81d683983c2d6122831e7b450b36e415113335c6bede46ab75d0d352,416,416,6
train,biodegradable2218_jpeg.rf.61f44ed976bb8d474a6b4443cbd5bce8.jpg,train,biodegradable2218,a10fac6c3148156e6acc318abb85e77d845588faa62c4c381aa7b4922646eca5,416,416,1
train,biodegradable2237_jpeg.rf.3e0f4141c987a4c84648fcdb631b7622.jpg,train,biodegradable2237,9ecd1cf9dcd40600432750d66fc9cf7a08eb9d034d5d6bf887d90e1f51dbdde9,416,416,8
train,biodegradable2248_jpeg.rf.3065afb982bb047b330d89abac0888d8.jpg,train,biodegradable2248,980d2c6435a407ba8e8bbb2de7a512d402b391eae7599448badfca710f1fe52e,416,416,1
train,biodegradable2265_jpeg.rf.c364e7c1efb3a5f92874e22eb37fe0b1.jpg,train,biodegradable2265,d606bb0747bde3578dc580473d64f604793680f982dfd4e9ce6f2bd84a512789,416,416,11
train,biodegradable2276_jpeg.rf.eea63e7d3c8ddf8a6faab796341c6df1.jpg,train,biodegradable2276,4552ca77c62cb0dd72457e195e183e7d6f8dcdaa501c3053b13a40511a60c6a9,416,416,1
train,biodegradable375_jpg.rf.d7b3363bc56f611d4a077a263a10cb45.jpg,train,biodegradable375,a9fe0d9331536191514defc4121d3fb0cc39baa7b9dadd1419b842b5625428c8,416,416,1
train,biodegradable478_jpg.rf.6b8b9ad685a43b5bc54023c78b7d23e2.jpg,train,biodegradable478,c4da4449a22927f6285ed038df660d60b2cf3cd554e18338ffd742287f837dd2,416,416,2
train,biodegradable479_jpg.rf.96e036ef46ff7582d15a30401d8e6e20.jpg,train,biodegradable479,fa7b2ae259aaf71e085fa53917c8855b14db6500d3c22202a47cc8c9124218ef,416,416,1
train,biodegradable495_jpg.rf.b010cd1dda4a9ddb91f43322e11cb5b2.jpg,train,biodegradable495,cb19e9f30dcf0063021dc6f60205736b84f4d374aa01e9a301f4ead0bcb76a98,416,416,3
test,biodegradable511_jpg.rf.d740edb6af88f7086530b0ecd0269091.jpg,train,biodegradable511,0f3ca4eb72dbb84e122767e5722213c230dc831a63836e915d3441b448f7c385,416,416,4
train,biodegradable558_jpg.rf.42c86051a62bb25e1f443909ea36c60f.jpg,train,biodegradable558,9b3a71435a9ed99b6c2971d464b781d19138627583c713ae56bed4398c097abd,416,416,5
train,biodegradable646_jpg.rf.40f84f22bf1b30f64e5da208e58a60a3.jpg,train,biodegradable646,fb7569b20fdb155c0fa4e07b15df32b837c71f4bfa787b85b1f74505b200be42,416,416,2
train,biodegradable695_jpg.rf.26c6542a1e62f4c74d179f9a74cc2b13.jpg,train,biodegradable695,cb49039f012527a52b15c4ea2b9bb11e2db6498b1115c98a93bea9e13bb2ab8b,416,416,5
train,biodegradable760_jpg.rf.8d9394cf84f88ddd1b2b51f1b4541de2.jpg,train,biodegradable760,3fa1bfd7eec035a2566db6638cd36d225530517603d1caf7a460d4871058635a,416,416,1
train,biodegradable763_jpg.rf.cd067baa3e1cefd8e3acb91aab4b1988.jpg,train,biodegradable763,0bc18d35e3849a86e00f2e9f63e16d6988b6398325736ffebfcd11361fea86e8,416,416,1
train,biodegradable823_jpg.rf.291f48f5e7028e9075648011e3036694.jpg,train,biodegradable823,8b33c3ec375bcec89a828b078270abb0b46aa6028680592ad58a7062a83982ba,416,416,1
train,biodegradable989_jpg.rf.843a28fad7035884c234bfd648df5239.jpg,train,biodegradable989,1f05136b9cf31021c3ced0a1dcf2328f9b6216326f53ecc5f4a7de9f6befa73c,416,416,1
train,biodegradable999_jpg.rf.9ed9dcb34ec1e0696fa932b6d65e42ff.jpg,train,biodegradable999,2cc0ce96c48ce76ad4e82326d1787bc1748f512c6201fca922541d3e201dda72,416,416,1
test,cardboard1099_jpeg.rf.0b5e1b1d1570363e62d6a944f3e0069e.jpg,train,cardboard1099,064856f1a50fad0bf3e4af7e198d116417edb69b893fc1ded539d96d1dc4e8bb,416,416,1
train,cardboard1339_jpg.rf.0cbf4aeff153a995010205db453bfa4b.jpg,train,cardboard1339,c93dd423747596908cf4a061a130809a6712f62a1c09a9daa5545ba3e043984a,416,416,1
train,cardboard1340_jpg.rf.0a1e15cb29b02435d835b388488ac04a.jpg,train,cardboard1340,41c1ca48942bf599c9c4b862eee67a2a6604d7c5c0a8d143cd8ff3b2857652d2,416,416,1
train,cardboard1357_jpg.rf.279ad31b702d346366c640a05c8dda7d.jpg,train,cardboard1357,d9e4892fcffb499f267c9fce3f7fdd564797411772f7bf67f4ddc4f8f7c0ae85,416,416,6
train,cardboard1440_jpg.rf.4cf250a4b16bcde7f5244920a351ec2c.jpg,train,cardboard1440,94a371bcae6d682ac846ea8731ac5f4a2c12d03022e9d1864a230f01557f599a,416,416,1
val,cardboard1478_jpeg.rf.143177b8188cf0f92ce584e2b71c34d2.jpg,train,cardboard1478,f6b39c7d0f8c90e147901b3de2664a14fd78233a95adfbd64ffe8ef7fb9108fc,416,416,1
train,cardboard1511_jpg.rf.97547029d20b0a09a7b71e0f87853fe0.jpg,train,cardboard1511,7d0c7f0a3d848a90f938d841f2040ed5b4c7728bc88892f4a12c983066a0d8c7,416,416,1
train,cardboard1526_jpg.rf.b73eccbff5b4a14c2bc3774035c0b351.jpg,train,cardboard1526,05508738148548290d3b35db2cb563c97f412a4639ca77038c9b5d7fff3af26a,416,416,3
train,cardboard1640_jpg.rf.f54f322c4cd202c23d15614b40c156a2.jpg,train,cardboard1640,dfc5495bb84fcac0fe0a57a0c3f59e740fab053ac0ba08bbcdecf87023929d00,416,416,5
train,cardboard1668_jpg.rf.2d7b82470787f2143fee2332b54b45c9.jpg,train,cardboard1668,750285ed89e549a738aadb29e5aa8c82d6f4385dea929233061fb74919ee3f62,416,416,6
train,cardboard1670_jpg.rf.af731ed13531cda4c9b9484d4736ae06.jpg,train,cardboard1670,55fc48c4558ccbb81acb74a0098290e1a14dad203a642bf991e555e1579fdc4f,416,416,5
train,cardboard1711_jpg.rf.770d8a98d3d28c588494a0e90a862e49.jpg,train,cardboard1711,9bb9560215f5142579a59ac994822a5aa35222f49b65224a964bcde7be95607d,416,416,6
train,cardboard339_jpg.rf.e108860b07dc05a178400b53589571a1.jpg,train,cardboard339,76633c719f9aa9b97e2d3c5a7029389b85bf0d434120370df6d6cce1bfaff25a,416,416,1
train,cardboard593_jpg.rf.55cc3cbbf9a2bd07f9f3be408c3b50f0.jpg,train,cardboard593,ea5cd53f39cb9840af94cba3057fea71cbe84f0732a0c30191f6230e94da2de3,416,416,4
train,cardboard672_jpg.rf.eb5332df37e02b9c31c4449756ed1a63.jpg,train,cardboard672,5b85baa87a9cca9853faf4a96b580e66bbccff0c2f9a61fd7e7cb1be828c457e,416,416,2
train,cardboard698_jpg.rf.56b006de88a06a65eb181c0959ae0593.jpg,train,cardboard698,566f5f57ea411371ab231de785bb8b2e00513bce36d46a9236f2dbfdc13363ad,416,416,1
train,cardboard803_jpg.rf.78341f757ca0464170281e0526c0783b.jpg,train,cardboard803,ba5a7d810a324f9b40fae48a829f2de5661b507953078042684a1cf72cdb1c05,416,416,1
train,cardboard823_jpg.rf.225407684bd4d2f4ac7c3d7c215c77ab.jpg,train,cardboard823,63e6702064186917bcaca3b0207d8c084be5e6616d997ab8d64d27bc2029508d,416,416,1
train,cardboard859_jpg.rf.6642f6d753c07ef41beb3f85faed4c08.jpg,train,cardboard859,fc002166cddeb0aa03b04823407f87b660df49b2ac65acc7621962eb7871ce64,416,416,2
train,cardboard863_jpg.rf.80c6755050cada98ebd07484b4643da8.jpg,train,cardboard863,af1a7138752fe0e811b3c811ea7d1f757878b254750be58878ea8876ab18b6ea,416,416,10
train,cardboard900_jpg.rf.7f128eb7791b67d568ecd6bf98e275c7.jpg,train,cardboard900,468d507e5ce6b98657402a4b33fceb1087650681a4bd3f4a0e5c802098df67e0,416,416,2
train,cardboard959_jpg.rf.e12f0e06e6c93e7f29091ea284c7aa29.jpg,train,cardboard959,bf13214d26cc88bf00a76f90c1886413e96e8efd7f4d4ccf8f2352d203c6d392,416,416,18
val,glass101_jpg.rf.b811294116d90c8be4d0177fef175d8e.jpg,train,glass101,933cb3269db427287abce296489ca199d37f3eeef577ffa2aba82f66223af524,416,416,1
val,glass1022_jpg.rf.47f323291334031c128c74369dbe1752.jpg,train,glass1022,a054886b6f329b571aea916f1d2ca923c8683f979affa2d26c6ebf6aed4245e3,416,416,1
train,glass1055_jpg.rf.a667b06cdd1f49c37f606e7822405e01.jpg,train,glass1055,824f60d4c43b155e30bd02aaecb9021140cbc9718c1cc3f40bca50cfdf25875d,416,416,1
train,glass1067_jpg.rf.3a4c90a71e6af5f5218645b4906808fd.jpg,train,glass1067,b33958b75bc837a1208484d2bdb0a7c66c6b47fbf94bcbdf45cb6c43cea04212,416,416,1
train,glass106_jpg.rf.58221ac339ffa3024e6048c303e96016.jpg,train,glass106,ea3c04bba86eeee71dfb024ff1974bae6927b72adecece40f42aae8dea5d8c24,416,416,2
train,glass1089_jpg.rf.3819e7827aab9f3c0026389170dfeb57.jpg,train,glass1089,20dff6c706aa1802a40b4320f0d26283a75a0bf0bcdbb0b83d18f67ed3dc95c6,416,416,1
train,glass109_jpg.rf.77c33e40ff2e98275e95e2037be37498.jpg,train,glass109,0d7b77a71ec0ef9fd75484c49108d1506ac9298124179d8f977a9a1b2ba56ced,416,416,1
train,glass1112_jpg.rf.98ec59c656dedd6f95e755a8c1e846d3.jpg,train,glass1112,6edb0d75c8e8534c32361ab61b147389e038290eedb508ea6778b4fc5818b3e6,416,416,6
train,glass1130_jpg.rf.55df77743e574f163fb821cb794773db.jpg,train,glass1130,8d6a0c0f0c68171aa7e9e916ae3842f9daa48d8471250e24e08ff788e9a2e882,416,416,1
train,glass1136_jpg.rf.27f3b0f33ffd82eeacd6b04693b299c7.jpg,train,glass1136,04d440f7c42c70331c5726236c6bc728fa841006309318200fec09a823087f52,416,416,5
train,glass1150_jpg.rf.5f2ff7593fff808ec2d292ab43efaa0f.jpg,train,glass1150,fc5e91bad445db2a850b342c9f65c56c120d04c15d770b0d15469749df24681a,416,416,1
train,glass1154_jpg.rf.617ba5ffe895a679ba73cc9d387e78ca.jpg,train,glass1154,cac491cf8d6f5cdb970123b954ed6520157d0204b2129924185baf2a42776710,416,416,1
train,glass1157_jpg.rf.677309eaa42b042c9c481d0aa27cbf33.jpg,train,glass1157,53068d75eada07a3ff08c6879280a213dc695082429d66197089325dd8ea7dca,416,416,1
train,glass1159_jpg.rf.25f7eb63ff607651eae3e21c272a2488.jpg,train,glass1159,38b0500c4720b757ae028f24053a078fe899395ab320023ce4d96a88f0aaf6fc,416,416,1
train,glass115_jpg.rf.e3236c1c8015d1798b9559e04ec1349d.jpg,train,glass115,1aec40169c9ee1fadf292037665ce1ed832e437c387c575678ddd3897d9ff501,416,416,1
val,glass1162_jpg.rf.63cc94e9eac7f3d69092d76c8b893647.jpg,train,glass1162,cace23368acd0bd2dc4fc867c4604746333952631a2ffb0c5441ed925e845ddb,416,416,1
train,glass1163_jpg.rf.17e6d5f5190ccdbd8ca5e9368af10dde.jpg,train,glass1163,6c1a58b9c2e9354e900cb24837beb7f7d5f936694b911c3b42054ffd456f6ae1,416,416,1
train,glass1167_jpg.rf.5307e9cadb8d93b3c66c0664a1213292.jpg,train,glass1167,12f0d7d4f80d3792384fc7925a2b3c781bc8581da6000ddce719f2bc8bde0d4e,416,416,1
train,glass1171_jpg.rf.243f1dfbe896adb92a668240757cf3c6.jpg,train,glass1171,9fd7bf2df2d4780eef62de6b5f93ca6bbd6656c3d410c4cc85e4cf2a9ecd75d8,416,416,3
test,glass1174_jpg.rf.f03c59cec1ff152f08eac36f6156d36b.jpg,train,glass1174,b5c1372babab3e156f41084c2e5f3a196f93d1b70926fd43b16c1e2da694ece4,416,416,1
train,glass1175_jpg.rf.9145f19389ec99851a0807b7d6f2913a.jpg,train,glass1175,a1c9122aebbc42e3a114c63c133481aa1a2fe994f76960d9c128efdb64060534,416,416,1
train,glass1179_jpg.rf.9810f0dc75de16a72cc76d81974e6c2e.jpg,train,glass1179,85ef95c0bf1ce4ecb0c0d7d586bba06f51a1a131c9ae148e1f70ad8581231350,416,416,1
val,glass1182_jpg.rf.f0ac7c69f42677ff794c2d33da9dc271.jpg,train,glass1182,6e8985b87d758a8705f318dc93874eee10cb02bf3bc8859f1c343c6a1324b3fe,416,416,1
train,glass1198_jpg.rf.a42b016d519a4704b42b4f0994f039ce.jpg,train,glass1198,eae1c9212e7c418993f64a6427d906ee268a111b5dbbe79da850a4b99dc6328d,416,416,1
train,glass1200_jpg.rf.44a3085943bae7e39d2023e10e87307e.jpg,train,glass1200,825aec5567c52d94b5e19dc76825224859f32b7b229392b64c563db72aa39434,416,416,1
train,glass1202_jpg.rf.36ae291b6f8e54f9b0b0624125d474b4.jpg,train,glass1202,adbcbbde375e695783f5aaae66685a0248773e4d7977419801f1ea9fd866b24d,416,416,9
train,glass1209_jpg.rf.2275b5174538ab1887386b6c14f7b497.jpg,train,glass1209,5a990387c1abf847074e27ff188fbfa3b7253be59d62e8017c0dea8081cda739,416,416,1
val,glass1211_jpg.rf.ac47a963c7bf746411e8e173ee2d385a.jpg,train,glass1211,ddeec9a8d86c5e7915636d3547cc35d8ad81dbdbd9c5a5cf9227241a729aa175,416,416,1
train,glass1212_jpg.rf.3642f0c4af46f5c0d9b33ea85e08e682.jpg,train,glass1212,544344a6c38eea36efda0052bd70c0526789e5895e21f5a8a7299ee908fedddf,416,416,1
train,glass1217_jpg.rf.1c928c31bb43c31c6360785fc6287865.jpg,train,glass1217,8fef5ed17ca5c8d194e1c7e53108126555a00f236b5655dcc2f0210364d80ea3,416,416,1
train,glass1218_jpg.rf.653dedfddaaf530a97c3891054091c66.jpg,train,glass1218,c930923d90320b1fc6e48b344213daf7d8f90000cf3c63e463be5207c5a03202,416,416,1
train,glass1220_jpg.rf.e8e3603603404c336321fe08cf1b27bb.jpg,train,glass1220,7bf0edb9403658503f64a50b8650c3031630e4f0226f1b5bf1f69d6011dbb485,416,416,1
val,glass1230_jpg.rf.426ba4f2ba31cbb945261b4a8e37e3f4.jpg,train,glass1230,81a043ff381c08c3c25361866fe3c05b36ecc823d4ee0def0589891e31a8cfb6,416,416,1
train,glass1231_jpg.rf.0c5d6768aa7e07667bfc00b15a4e0652.jpg,train,glass1231,2df964cc4224fb13617a50448f77a7696b7e30341b803c1916ab3f9d9a4acd6f,416,416,3
train,glass1232_jpg.rf.607ce516e69c0aa8086bfd2347467713.jpg,train,glass1232,ca8bea69d57d48cb258d9bd3f40c45536e7af7f0a73bdb8c5fd75983d0d99d11,416,416,2
train,glass1236_jpg.rf.92dde4054acc306c3d1f05c6d38367cc.jpg,train,glass1236,eba082910f4e41280208c18694c7f613bb79fa04bdcaca53f44d507aa8076521,416,416,1
test,glass1237_jpg.rf.046ccd1c00a33cdba9261428f0bc0a18.jpg,train,glass1237,6adb78e108e0d152d60f894fc70b0d2a6cb6374c7bb09189643a91f06d489c1c,416,416,2
train,glass123_jpg.rf.06bd2d389f429cd65fafd0606ca87425.jpg,train,glass123,ad595891477c0847a2701d8fbc1d00f1a111ef53aadc91ead7f4fa6988af8347,416,416,5
train,glass1240_jpg.rf.7c88df0be182fcdb82ad771b3a2f91cf.jpg,train,glass1240,b4eb48c54de52a505c5f5b83d71a0301306b259af012c3905773e33746b9e11d,416,416,2
train,glass1241_jpg.rf.a40cdac3c20da45736acaeae6190293c.jpg,train,glass1241,a9d7b881026222e3f530e3598a19e331c43fecbb0dea71fa25321fd548daf0b5,416,416,3
train,glass1248_jpg.rf.975a22aeb91fcc5cab2c8981af281ff9.jpg,train,glass1248,c67338461deb063d7cb11d37ca44449961846599219b8e885f759e4ad398dee3,416,416,1
train,glass1249_jpg.rf.57e79c6a6601877fc404ad62558ae6dc.jpg,train,glass1249,42888792a9bf064e1adabcb6619808fff87c007c24b81976038f191e2f1dcb37,416,416,2
train,glass1251_jpg.rf.7c05dd363edb133bfe369ab5fb5d3a31.jpg,train,glass1251,03df301de3b8480877f26f97f0cc5e6c7c76d6ddd5bd0ec7375a6c89f7226b1d,416,416,1
train,glass1252_jpg.rf.6dee46645b39e5c3e639a1dde4ae03b8.jpg,train,glass1252,efcba3e852d05f768f7c5e018b0b1fa97febacecc7f1bfaf4bd8f136f62692ca,416,416,1
train,glass1255_jpg.rf.46d77877a9f4a1e35af5fa9a58939d2e.jpg,train,glass1255,16cf99e5a515eb76076590f00e22d3a3a1214f95785844c9c929c731766201cd,416,416,3
train,glass1265_jpg.rf.66a9b3f332a8699726d5f1106160ca98.jpg,train,glass1265,210713f50cff6f0d4b0c998a67f2e096cfd3f02eda79b6a5d3b6af78c03eba9a,416,416,1
train,glass1268_jpg.rf.246e34e59d55cfb25f27df71d556c73a.jpg,train,glass1268,acacb2f72cfcebbc16aabc721dc9715649312709a815122d278cb97a7c15f26c,416,416,1
train,glass1269_jpg.rf.2be6d698cfb3fbc04b1a5296ecd69b85.jpg,train,glass1269,1437fbb1da58dd54f8318fece0cdc7bbc1b73a07043c4b5482198d73a1bdad62,416,416,1
train,glass1270_jpg.rf.aca0be8b280e8f303643d44c02aedec8.jpg,train,glass1270,570b98ca9d1fa3613ab26eea1c55030748203f812639fda973de3f455e00ea72,416,416,1
val,glass1271_jpg.rf.a0e73be6b2e8e27bbd275c55a4ef4a94.jpg,train,glass1271,bc499c2aef5534fdcd74d6095e722eed3e1faf4eaa5bd91958655272a63a038c,416,416,3
train,glass1277_jpg.rf.22ffb222f7fb77949fcb283c05c2441e.jpg,train,glass1277,1c17f7402f79141f1b9dad09473ef47e7eccb4e15748dcb15aafd70ca5c121da,416,416,10
train,glass1281_jpg.rf.5351f2c81e5a1b31c603a9f9f5913417.jpg,train,glass1281,e719977ac4e7f7a84eb0362de7c8c8f84fe734d4cbd3f4156a372cbf8c8ce946,416,416,3
train,glass1284_jpg.rf.7a1fbc5ea9e6b1636c40a2bbd44f9105.jpg,train,glass1284,600ffc64dac68a507864acfaa0e201bd7a415237a7c79dba8ce3d89bf103c5c7,416,416,1
train,glass1286_jpg.rf.14c278ebc834a31039acaec55b153946.jpg,train,glass1286,49f621d93cb801e652462589ed984f7007a4b82738cdcd3634f2d88f448c7a93,416,416,2
train,glass1288_jpg.rf.a24163d9bd3b45e22b6c7a29c200ef34.jpg,train,glass1288,19ca224330121a50b57d64badaca8acf365089663fd8a3052d956662848cb93b,416,416,4
train,glass1293_jpg.rf.20784dc10b32676fda6987850b1b92b7.jpg,train,glass1293,6b28d00d907ebe56ada341d04d8790a7ee2dd1bd77fc3c0cd4b171665dfd085d,416,416,1
train,glass1296_jpg.rf.78fb03240d8a133e1bb64cd752fffdff.jpg,train,glass1296,b861479517919a9e7898d8be296ca7dc98dbeb0214378903893a270cd549081e,416,416,1
train,glass129_jpg.rf.78d20f46df4bdc05b033301154d6ff0c.jpg,train,glass129,d24304a7e093e42dee0dc92389d611917046dad83b6dade454099fa81d1c6d06,416,416,1
test,glass1301_jpg.rf.49254047260ced7658df23ba99100e01.jpg,train,glass1301,be70f6aab16b7529d876505cdc9fb76188e056948234d69796bd4e627065766b,416,416,2
train,glass1302_jpg.rf.32277da3581c9af5e38da99f1834bbba.jpg,train,glass1302,ab968fab0f7ab2b585ec682416e112e69a5b102a2a1778ab3fbf8584c55ee5f0,416,416,2
test,glass1306_jpg.rf.ef5a04ecc4cfe8aef63006f6b7a03a04.jpg,train,glass1306,d8f7642827b2b6f50e86650cc7c499e6e3bd3532ff356ff367d75df66e11b471,416,416,1
train,glass1307_jpg.rf.04f1d1ae755566eb8245b4aee0cb34b3.jpg,train,glass1307,6a4601a7abac6f1bcaaf0874d36376ba8738d2c88536f5542f03f590ca9b1e98,416,416,2
train,glass1308_jpg.rf.a6d7583020b9d616e0a440784eaf2395.jpg,train,glass1308,9cca6b08197471a503d3b56451173a7762af4c42ef880366e1d4190560263a22,416,416,1
train,glass1311_jpg.rf.c3cc5cbeafeeb82388f21040d7450dd7.jpg,train,glass1311,893752334ed3feaa21a5eaf6d451ef40098fc1b8cdb96dfe72d361d8a7c0416e,416,416,1
train,glass1317_jpg.rf.5d565ed0fca4839aea87b268f8adc358.jpg,train,glass1317,48b9fea28740ca13a256f1d5b16569a0907ae710e6032f934f07c58459c87df1,416,416,4
train,glass1321_jpg.rf.58f7ed9ee847be436633e2dd4eae05d9.jpg,train,glass1321,e967a967ec5265da35a995f769270957a587834ea3342a252ea9441600dd772e,416,416,3
train,glass1322_jpg.rf.ff0e6614a3a4189251eba51b1346bb5b.jpg,train,glass1322,41dbbb2f54a133fda63d013d56788d8beff2857634cc1fc8a5fde99af4d899c0,416,416,1
test,glass1323_jpg.rf.320283173aaa589b4411461395d770f2.jpg,train,glass1323,97ff60bc8bf8d1a16fe0a961f70b1cd83261ee7285216533cbe5bbbb22edbb9e,416,416,1
train,glass1329_jpg.rf.03ad507e5495a5bfc8e5505e95697430.jpg,train,glass1329,f8e6304829e1e4fbdfd9e51231ea31b1a6efca05693bff1d83d4d73ba325e7f5,416,416,3
train,glass1330_jpg.rf.2cbbcf2bab0f40ebd8a8e5a0fbff6262.jpg,train,glass1330,bd8b7e4c56682e6133243539edc7e89729bc7fcc8906866d6b644325c50196d2,416,416,1
train,glass1342_jpg.rf.cd087a565fb81ed3fdd9a6187b6b071a.jpg,train,glass1342,4246ca0fc8f2369d5ca06f3c4486845a3ac4bff11e9ad89d0b7577e871a5b278,416,416,1
train,glass1346_jpg.rf.5dba4eea7026398762b75ea6bd410dab.jpg,train,glass1346,4617dee5deddebd80fc778aa0a20a1744747d3c5bbebd2a1d9aaef5cc6221c40,416,416,1
train,glass1355_jpg.rf.28be300bf70b27dc216a4806caf6fedd.jpg,train,glass1355,6a0d391d240427bffb3343bcf7969d3e3ff716c0cb6dcb653d0c59f91211d1fe,416,416,1
train,glass1357_jpg.rf.5039be0d621423281e86209180e53fe2.jpg,train,glass1357,970e677fff086af785aeda0b1fe745af41cca35b9b0518aa07af86de169ccfbc,416,416,1
train,glass1360_jpg.rf.257e36e77b6ef8b41ac3c0e9d18442d0.jpg,train,glass1360,c4fd6def1880705e8d4807e08940c4b36bae3110127b0f0340f966519860db74,416,416,4
train,glass1364_jpg.rf.6a14408bc401b0b0814d6d1ba87128cc.jpg,train,glass1364,d8e354ac113ce47a2d3fd37919a94438b07e0d7e3d3467b8094b011947ca0b72,416,416,1
train,glass1366_jpg.rf.085773899ea00b73afd132081638c0a9.jpg,train,glass1366,9a6efabab1352321662ee377f0827e8228fc0a7235aebd5ca26201687c85ad56,416,416,1
train,glass1368_jpg.rf.4cbb357b8081d9d8bdf19ee71458ae02.jpg,train,glass1368,31d8f5e7323eb20ca76fc7a40f0d2d3374db76aaa5f3b5d6fb7a350dde65d8de,416,416,3
train,glass1370_jpg.rf.e2c22fb3fdf6fba9c3a3ec8e751b3e30.jpg,train,glass1370,e248b5a0ceec3f17867cf60b18539da3fff282296d5fc62db8ed196a69dbb692,416,416,1
train,glass1373_jpg.rf.01585e68ca68cfef0d88b7b857b8c2d1.jpg,train,glass1373,f1a15eaaf6cc06e509191569a0781ebca2956664f574d7c6f07932c8c3b5c2b3,416,416,1
train,glass1374_jpg.rf.d23e9e1d1a852883c969dff519bc2650.jpg,train,glass1374,3cc47096480df51aabf5b17381c6a16fd37f4afd30f70ab47ebb738a23b7076b,416,416,2
train,glass1375_jpg.rf.71f1ff7ca9e5a56784aa1baa63c725aa.jpg,train,glass1375,9542c0c42bb496ce61fae595aa1e2f2837684c9cce9a14d8156bae964fbafce2,416,416,1
train,glass1378_jpg.rf.f70e31e0b5b15d4b5837787ea2247d5a.jpg,train,glass1378,cfe53c947cf6da55ffa8fc241e6806e595fb20b51d563cb5348c0166c04a402f,416,416,5
train,glass1391_jpg.rf.35b11b41349e522ef94c4390c83fbdd0.jpg,train,glass1391,af98b5713f9e1db3b25572c7f4376670dae4779938654fbc6647ec08a89e345a,416,416,6
train,glass1392_jpg.rf.2c908267571e316cb33b15300bcb245a.jpg,train,glass1392,3c2a9744eee8c1f8f080c88cf0d8996846bbee9c6f8d7d26fffaf13ea2df7100,416,416,1
train,glass1400_jpg.rf.78af28ed4d3e4630e1d0fb75ed378461.jpg,train,glass1400,63b85bafee6d918f59d329cbb1ebec5286d758c9cf9ee6b0b40816f3a2754ca7,416,416,4
train,glass1403_jpg.rf.fdd5d31ab271c976352aad412e9c29bd.jpg,train,glass1403,377e6d99a3733c397e2caa08693857a1988cf9aec65ab3401093f90539e86798,416,416,1
train,glass1404_jpg.rf.c6421639baebdf76a2f9bd29c720aaf1.jpg,train,glass1404,1bd0a5def6caa7557d82e385d7c7ca9c8f6627dfee974390cd34a6bcd7a86b2d,416,416,4
train,glass1405_jpg.rf.702ab41d37d11eec50c3582c589bcdb6.jpg,train,glass1405,ceee98e4b2f2c790967981c96d00af35f57b4825aa488bdb8739c4825a2b44eb,416,416,1
train,glass1416_jpg.rf.40bf6b23e38670d67b915a6373f9f3f4.jpg,train,glass1416,a0d99962fcee57dc3ddb4b6e03eeb390343ff3e597b402e1800912b75221efce,416,416,2
train,glass1422_jpg.rf.684e2acbe4c64275f9f80f7b853bb9d0.jpg,train,glass1422,6f1faabc761a549267c775cdd0344860e0e4a39a3c94f253a3ef83eddec6ea36,416,416,1
val,glass1426_jpg.rf.b0337e1a3ad23b9f8117b2c3a928ff23.jpg,train,glass1426,57bd8c731ac5aa51acd8aec1b62e9bcfca4a533bf726ce466f6b3c5994074408,416,416,1
train,glass1427_jpg.rf.3b3ef25b73ee87d806c6b4be8764d6d9.jpg,train,glass1427,c728a61652abda09818beecd1efe3aeba43e2b262a7666bca95926df567687ca,416,416,2
val,glass1428_jpg.rf.d66f6301a22a8cf7f60c3fa5c17750ea.jpg,train,glass1428,da52e8fa353da086ac73d6d47863cc3f46d2969b4bd85f2e0af5465a89d150a9,416,416,4
val,glass1429_jpg.rf.733a1abad7d772631a43b487831be0c5.jpg,train,glass1429,96e5ebb0d7a2dd2e95e2eeabd0b4f621f8e5952d4d9fe0e15f2898decf9b01f8,416,416,2
train,glass1432_jpg.rf.ecc39a82e814647b52d27ebc147fccea.jpg,train,glass1432,9a6e79d69a4ef2b3c89bd6aee107e389078950d3fb8e54203f516d1309279040,416,416,1
test,glass1435_jpg.rf.d541383815cb7565b4300322d1a61579.jpg,train,glass1435,eddaa3853d8664488166a5df56e6b16455ca342904ea27b97ca61bf8a3230d2a,416,416,1
train,glass1437_jpg.rf.04e77c8f26f8c6624ece326122af075f.jpg,train,glass1437,6893e2ee62da9453ced5a6ec71778f7d88c73f7cd761d729269d9773ffe11b2b,416,416,1
train,glass1440_jpg.rf.2c7809181137da3e59190ad7782a7cef.jpg,train,glass1440,b30574fe6aeb22e1a3b5625e2a49590b43f267e0c151c0413bcd68d074046c30,416,416,1
train,glass1441_jpg.rf.4a1696fb4444a43f82443f397a6b559e.jpg,train,glass1441,4c8536d6afd1b24b0ab96c852748c076a2141fe11a91f199d393ec9115bfecf8,416,416,2
val,glass1442_jpg.rf.3d21c655dcc670c83f26e3d517592bc3.jpg,train,glass1442,d86694eefa4c14e768cff78a49ac6ae4bdffa46a302c84c4bbfafbb18ba00e91,416,416,1
train,glass1444_jpg.rf.69ef21104427ab176a3c28740f35bd41.jpg,train,glass1444,141941b91afff3d388ee16765d46a4ccbf443f7a62613e4999282f8428f230df,416,416,5
train,glass1446_jpg.rf.a25ab7c81b95d39ed412d2440ca1f4de.jpg,train,glass1446,486637499c1c6c7a679576accca6de964af9292e3f0693a007dc5289bb8bf831,416,416,1
train,glass1464_jpg.rf.ccf1cefa4a968ef224a9dba56496a377.jpg,train,glass1464,4c0f9ef0139b7dc927d0c1a00d53c48cc6ae7009e7654c3357293cb28db50cc0,416,416,1
train,glass1473_jpg.rf.d36c6a9462b6546d22979f55cbd2604f.jpg,train,glass1473,190b61ec27198688de0d06e004f40a9e43c20547b5d560d872b75df8d94c07d8,416,416,1
train,glass1480_jpg.rf.81d5765035863b0a02d2ce151b39c7d6.jpg,train,glass1480,b7ad567f11f86cf5160518f7544f1c2bfaa45bf70d0fb680d1f127d0f1469e77,416,416,1
val,glass1481_jpg.rf.e651973a394543dbc23152745ec7e7d1.jpg,train,glass1481,50adfa403af13e67c05849e1d951bb2d3cdb004070f438804d60db2772890be5,416,416,3
train,glass1500_jpg.rf.fb9d9986bf8f01e4f275c9c19fc00c3c.jpg,train,glass1500,7bbcb624b018207072e0263db9ccbc62a2fa39f41a3a89aaff97195cf9f1d77c,416,416,1
val,glass1502_jpg.rf.62862aab11b86af75c65dd8552ff4818.jpg,train,glass1502,9e36c39e84f1c5e05fd587fd0443270842a03175638a678c45ac9ae157e77ad8,416,416,1
train,glass1511_jpg.rf.55ea9527ab3fd604d6c2db6afaa6466d.jpg,train,glass1511,a846e87c04abac082ffe53bcc583c182461277b6924f89397f2c6831b0eeffc4,416,416,2
train,glass1524_jpg.rf.4aa8a24ebf7c1b9b9557e520bcb5eea3.jpg,train,glass1524,691fb6677a2fdf5611046e0860365388dff4b7dbf7c19868b2c4c338361de051,416,416,1
train,glass1527_jpg.rf.7a40a09a6b7d065c51b24068982e27c9.jpg,train,glass1527,39ccb2814122b1a4235ba421af313e38ec1f0d3bc74f716800114df75d4c5b47,416,416,2
train,glass153_jpg.rf.1e26782f7f0c6ab018c1bb388b4ae0ab.jpg,train,glass153,e67c9ec6ba4a578b9563d3ec00317c1a6c6ff8d79d06625c0e7d2fc591923d5a,416,416,1
train,glass1669_jpg.rf.687743358f2420259ee9716c746c9d60.jpg,train,glass1669,303b7a21f402518bc900b8e3ddbf662fd7ab4348cc27b7e038324578dbeda483,416,416,10
train,glass168_jpg.rf.bfc15a4795083047efd852a82516cffe.jpg,train,glass168,426a8aeb0bdeb96609faf56f5b984baa7d2866c227bffe2921282e4c122bf013,416,416,1
train,glass1735_jpg.rf.7cf0b7316f74ddea31df6aff5989dd60.jpg,train,glass1735,3d26bdcfac5312908aba323ed34fd8003b01ac59a9feb7d6d2a76be8624e1f64,416,416,6
test,glass1777_jpg.rf.f657ddb8fde060fa4fa54ffd957ff8f1.jpg,train,glass1777,0731048a61cc51b048a6459d35e7678147f4c1a700dfe883d3c9703b34ff0032,416,416,1
train,glass1797_jpg.rf.b8745eb15feb8870e77ce4cc63a15035.jpg,train,glass1797,701117a4e313cd611b5ec1931243fae26384868b952cfc8158f689d4a2861ee7,416,416,1
train,glass1802_jpg.rf.5e7ad91db6f359b5de672629f3d4e772.jpg,train,glass1802,9f25d8b8a4d0b50326e42f38cb7ae4e596705e7bb77052d507b57d686daba80f,416,416,2
train,glass1825_jpg.rf.20670082684ded251a4cf56359880d81.jpg,train,glass1825,c527d49793f0718b43625aa1035782279ffd50673094a6e95fb020bc972d86c3,416,416,1
train,glass1828_jpg.rf.56c5cce4e93aff4919b36611e414425c.jpg,train,glass1828,2d368e958d3935c2fea1447531d16cf01731bccd902613bc55643c0bcfda111c,416,416,1
train,glass1830_jpg.rf.57ee038730bc33f60af8b7385e27c8b0.jpg,train,glass1830,440201b8af6b02dd8165339095829944009ab135a578b416573d98392af7362d,416,416,1
train,glass1832_jpg.rf.e3a14ce89e4fbb05faa12dff2f858284.jpg,train,glass1832,90eabca49df7d0daceee2122780e793701dcd4ee5bab6120ef68c128c16bce9f,416,416,1
train,glass1834_jpg.rf.94972be95232b30e7555a3a4e62bf8f3.jpg,train,glass1834,12924c332a3564be1857fa3b47b418aac9dcffd25302f25a3942374241011640,416,416,5
train,glass1837_jpg.rf.af72e098dd011ea80cc28239e7697ce3.jpg,train,glass1837,3da49408e626b64ca85e8d972ae005b3ea4d080d94b25bab19f20564d0b91cbe,416,416,1
val,glass1838_jpg.rf.2b2c18924702d507b8c5863883c54044.jpg,train,glass1838,4a018975d24727d945d5fcd3148cfa965e0972f1558286806e4606fd5a399c28,416,416,5
train,glass1840_jpg.rf.f4c20936aaef073f2e0263ec014e0762.jpg,train,glass1840,1692962691f4c552561576f38a8c52c8830420cb36d4d3b0f663058c4320888d,416,416,1
train,glass1841_jpg.rf.073095946cecadb3084dcde557cad3ce.jpg,train,glass1841,7dcd4ebf402659009215af9046122169d4f3a29547532cbf52dd9e076d0074c2,416,416,1
train,glass1842_jpg.rf.deb083c4d4bb5a86987bf08095b6975a.jpg,train,glass1842,812178d689ff486c88417aed62de4caccb9d2eaea4c79da8bed2e253672e479c,416,416,2
train,glass1843_jpg.rf.3328d46d77190ef4d712a1ed67000366.jpg,train,glass1843,bd518c7f6ede960ffa43c31cd7f11da40902e17c38fd8963eb2da186987aa529,416,416,1
val,glass1848_jpg.rf.67d6c01139c7a5e3e8774fc26ed93cdd.jpg,train,glass1848,f5b8d73070e0b39ee57d828ef409c9d672145562f1d59d1c25cf9dc3577ab130,416,416,2
val,glass1849_jpg.rf.7b81254d8845d07c4aa0c307f97e3f0b.jpg,train,glass1849,852478cd768bf07b52e1623e456caf4be25441f8cdb3e82f430ae3c094808b75,416,416,5
train,glass1852_jpg.rf.9f9f7bd1cbaa6333fb156630dd6db463.jpg,train,glass1852,a7e34adcb196c786fafa3e1e39f849f4af059c03e40a581eec22bc0731e542fa,416,416,1
train,glass1857_jpg.rf.a6ff36177bd3f8cb545fec409e38a2ce.jpg,train,glass1857,88d4dd3714a573f388c4e3dbb2c680a6769af78bd3a28d5bafff1aafc8870348,416,416,3
train,glass1860_jpg.rf.25b2dae3a5258dc74e12a9b2ecc0140a.jpg,train,glass1860,ae1ecca145b9248b029331fa18194068e956a25415806171d9923fa5d693cf25,416,416,2
train,glass1863_jpg.rf.0665d682ae5cc58db54ba65c1a3ff277.jpg,train,glass1863,e03166429e0bd9a466808a88dc5206507fde6e07e345b96d94fa557b8be530dc,416,416,1
train,glass1864_jpg.rf.fb454350ef25932fcdb6e6df13595842.jpg,train,glass1864,71cb5d1c0ae0676163ef3aa0871e10dad6820f9131b6c09d84fcca8a7289f6e2,416,416,1
train,glass1869_jpg.rf.9f3334a13080d6f7c4ceae44697dc7db.jpg,train,glass1869,f246dbdecabdf00b784ca429d5699d7aca61ff3b89ece5afc678a44a83213fb2,416,416,1
train,glass1870_jpg.rf.671468bcc37dbec18f9b9a323f10fc96.jpg,train,glass1870,74b6436de4c43948bf2490d73f10ebd31d66ab917483d248d0b994e62ccb55c6,416,416,3
train,glass1871_jpg.rf.f830d4938851f8bfd5d0180ba82c4fc1.jpg,train,glass1871,e0e8374337fc12167d4f391f11e0470ad7277ab8c13fa32513964ad359792d4b,416,416,1
train,glass1872_jpg.rf.395b474fbeb38d275358bcb00897bc8c.jpg,train,glass1872,407b428f9bae4afdbc999d0bf95850ee08aaad05270c4f36820aced40b561b48,416,416,1
train,glass1874_jpg.rf.1da7ab34f1f5d5110e4aa2bd4f7dcb16.jpg,train,glass1874,ad6c0f30376099f3c94811ce019f73f03bc7b46baa7105d6bdfbf9e13d4a0f9a,416,416,14
test,glass1879_jpg.rf.a9706b6f9bf3e1e61d7d1ae160883e64.jpg,train,glass1879,c36dc6e3bd4284ee3b14c07e193f5148ee912d6901b6a34f93cc66f2f0e910cf,416,416,1
val,glass1880_jpg.rf.62f22a7dfb5b544d3640ddfbd00de9de.jpg,train,glass1880,6ef57b18e8c64614b997477d7eec67e6e300d955375c189998614a5ff5b0a4af,416,416,1
train,glass1884_jpg.rf.9c3ef664cd673798d34c8425477ee92c.jpg,train,glass1884,0d09d61e3e8a9ed5bb80e9c8b939546dd83229e104101de4018ce980a48d399c,416,416,1
train,glass1890_jpg.rf.46237bfba7d7bcaa43b16ae0e9593cd1.jpg,train,glass1890,c9225baf67f3e5b933a2a2869d188d274c4d503b767e052e2cbecc0047afc1e8,416,416,1
test,glass1893_jpg.rf.49560e316b544a4a60e6023e4c031b31.jpg,train,glass1893,03eca8f430886dfc93e7ad92bab507d45b5838b4266770080677fda18fb6edec,416,416,1
train,glass1898_jpg.rf.049276fd50a3459b977de47d5f076450.jpg,train,glass1898,fb4ba7a9415b2154d658ec617f68ed04a9650f137205d71f427154ac421c3071,416,416,6
train,glass18_jpg.rf.06d8f5117600e1e25e84f2350a1f590d.jpg,train,glass18,9ceb8492ca9850c331984e80059306490a541acd2396faa69568a73d140a957d,416,416,1
train,glass1901_jpg.rf.3e8e18a6bf35ce00b5a6634d0ccf9992.jpg,train,glass1901,49e5b1dc49ec2d2268103f3d241679e31d42bbcb9d6a2b565f1c2444b94736bb,416,416,6
train,glass1906_jpg.rf.2df5a2ac605b6ef6de6d968fc2a8267b.jpg,train,glass1906,c01798c027f9d06dc6db416e95577ae07a26a0a765c931b358a9e59fb89ee373,416,416,1
train,glass1907_jpg.rf.dbefc1f71691f25cbbd2e59e9d1a0f3f.jpg,train,glass1907,62fc33a87ffb8b86a960e6f038b1254721b7b40230aa39254b6f9860129456dd,416,416,1
train,glass1909_jpg.rf.c5dbe85eda6b0ff51f94562425f88b69.jpg,train,glass1909,5246dccbc9bc76586f984f55e18af28f9ca6f1f69a12e1ab8984d42818ed92ae,416,416,1
train,glass1912_jpg.rf.9b98a27e744c19b0557ecf43473e8b17.jpg,train,glass1912,fb4d119f8fdda219bc9aaf02dcd4d30171f433c4aeb56a1964a5ced4a1bb00ba,416,416,1
train,glass1915_jpg.rf.e6b4d105829c9573c1f82a62316b4ccf.jpg,train,glass1915,280b3559c40a42d411498534ad15c2bd319f140940011ca1f89a214ae0809e74,416,416,1
train,glass1926_jpg.rf.f22c419f9e17a7c79cee239a61bd177a.jpg,train,glass1926,cb41f66f6e8b9d6cd58085c82349242e678153faf1d9e139e94428516d7efbc3,416,416,1
train,glass1929_jpg.rf.bccff43406f68f470c2e9650bd6c4b30.jpg,train,glass1929,80437291afe1c4784b051275a7261e6c7b920d7cf50fef94e473f7aee9455b1a,416,416,1
train,glass1932_jpg.rf.64e7cc9595d16b78756c69f7634c9180.jpg,train,glass1932,e54910de97affc5b8f994c6798461044fcffb9425f3fe4dabffdec68c49970a2,416,416,9
train,glass1933_jpg.rf.60fee777067bbdb0a6b4a51b870bec76.jpg,train,glass1933,c1324b2ca124cd736f994be06270a12495e4f46210a5bf029c724edf30e767f2,416,416,3
train,glass1938_jpg.rf.6e2d2e7fbd0ebacb468af34a66e0e9a6.jpg,train,glass1938,78dca3645f046f06323682119224392f820cf7e3b6cea8db7680d28b7bf20486,416,416,1
val,glass1943_jpg.rf.83b1fb01b2a3853d80284e5fbb1d0feb.jpg,train,glass1943,26ba82fc7e70627c910331603ff74297783aa3b07f976c425cdd57d25e588cd5,416,416,1
train,glass1945_jpg.rf.97b91a2229061e1c08a995ef70642d0a.jpg,train,glass1945,59dd1b4ab8b2c1ecf75e92536c1adf11d00d02b8696eb940856bde57b90bdcbe,416,416,1
val,glass1946_jpg.rf.b70b5bb85b3bc9c2fb396244743c6668.jpg,train,glass1946,5f36d12cb737ac585d6a1b53a53f799be4e494cb0e9bc00c39238f9d9bdcc826,416,416,3
train,glass1950_jpg.rf.af4ed79263406e704e2d887214749d6f.jpg,train,glass1950,ec94ae8ab8a150eeb7ec37accfc66e199d0f8ba49d1b6be6be1a15026060bf08,416,416,1
train,glass2024_jpg.rf.b83cea82e9a66a6a6a89b2046e6f527e.jpg,train,glass2024,62bd23b86354fce490c9702ad6e82e3e15e87ecc26545ba029306b05b4a52418,416,416,5
train,glass2068_jpg.rf.ce1c7cfbd7741796ac37cf0b969b76bb.jpg,train,glass2068,925eb69351ba8a7ba03eb2f488362f86e1edc161ed4cead13e2932ccbcd68b9c,416,416,2
train,glass2069_jpg.rf.5057efdda19b00a75c86299d20900e94.jpg,train,glass2069,75aff6487a14dd9d7187441461ebed5416523456ad0f2008faa2df5d6716f58f,416,416,1
train,glass2079_jpg.rf.4dd7e67a64846a05e9a3bc9acc17d66a.jpg,train,glass2079,eb5fb8e45b1e6560e35146fc5ca7d736ba935c740ea518832feee0af1c8f34ef,416,416,2
train,glass2092_jpg.rf.dbbedb3100fafb41489142b1c85df81b.jpg,train,glass2092,130b4efa148e27d469d70d9b50a17f420f1b854b9751ef4b0cc35af6ad43ff32,416,416,1
train,glass2101_jpg.rf.735b2286a56cd383c8b81cf1d7a79b7f.jpg,train,glass2101,b4e833ea2096a2c2f31a5dd12cfd48c970f88a216555605569db692ab8a93c1f,416,416,2
test,glass2112_jpg.rf.e8cfc7e4db8621217bbe6cb1a50ef9d6.jpg,train,glass2112,45077249b61202c165fc29c124aae2f8cfec74a2e1fd380fbd9f2a0762de702d,416,416,1
train,glass2113_jpg.rf.99d1bc32113d8d9b56bfc2b827db8be2.jpg,train,glass2113,f06f2c9708f7c0b65356731e4baacb76ffbfd01c6d50c1012216d97b8d981474,416,416,1
test,glass2154_jpg.rf.97b1ef578f98b144c1394b877a9bf7be.jpg,train,glass2154,d622ae91b7107a5319cdb9f1d9267c51d374caeee2862ccb6afd81041fb45946,416,416,1
train,glass2224_jpg.rf.045e545566a4263222144a23765bf6df.jpg,train,glass2224,63c0edeb5305e211235ca6d320cbb1def756d2170550f0084a96b106fc70bf95,416,416,3
train,glass2263_jpg.rf.e5d925717b7744237ff145ef16f6ab5c.jpg,train,glass2263,8339caf32cabb8b90f29df665689fbe9e764853fb3649f545ed45242a3192cdc,416,416,1
train,glass2280_jpg.rf.0c136fc1e6c24612cfb7582899c99ff3.jpg,train,glass2280,157860763905c8caf2b20e2efa30ecbf9dc02d5985d264d8a414dc9fc7d96c93,416,416,1
train,glass2284_jpg.rf.8eec5ae8a97822ac97a213be50aebd1c.jpg,train,glass2284,e50e319794ab6387e33201f45288e8dcff8bb2ea1c7b5bae4b8401ce1684dcf5,416,416,1
train,glass2288_jpg.rf.c981a6cd0ce531a5988ddc6ef2614ca1.jpg,train,glass2288,fc7587b033deaa87805cac372ca48e8be8e733a6dfaf9a2fcbd39e90581c605d,416,416,1
train,glass2292_jpg.rf.8b888fb39d65298c7f9e2089240ace34.jpg,train,glass2292,536a268aa36fdd9a9cefac32be962f80f99f725eb628cfd020700ad0bfe82759,416,416,1
train,glass2295_jpg.rf.9b76c2291b53453936e1c255c6ee1a03.jpg,train,glass2295,00aaf7b9b7e8226f66ecbd2552042b2107ddff21f6709dff0b0a40ce76f64246,416,416,1
train,glass2313_jpg.rf.92c746e35b515ae46180a4793893d0de.jpg,train,glass2313,32d56213ed2535ecb7033f9adf04f56aea349a8e67343fc71b1c7b239f5f7e49,416,416,1
train,glass2335_jpg.rf.97fe6896a7bc0b5f6dc86bb0d7d98108.jpg,train,glass2335,4b38480a94024ef6eeb451d6bb5ea958a72296e3aae4d7bb3f28e6da5cf37597,416,416,1
train,glass2336_jpg.rf.36d8d0d9e36e05599e74ffc6ee2e9eb3.jpg,train,glass2336,e47bc913b084e0736640adc456bf406596a5537d6d3bb37f633b0601cbad7677,416,416,8
test,glass2347_jpg.rf.3ce77d9eb7cc2fd0a3b048b09d61c2f0.jpg,train,glass2347,14d914d8272617f86bb5c624e6cd9edfbf5acc44b7a413e01feb7d7f60daad92,416,416,1
train,glass2358_jpg.rf.54e9573221d8cd84a06e7086f802b038.jpg,train,glass2358,61c8e840dca326021b4d1b228732214dc8ad1f745d9cc032e7b4dc6e7f359f0f,416,416,3
train,glass2369_jpg.rf.8969bfe167bdb7ae3d2dab8009d63c85.jpg,train,glass2369,75f1b6a58b09a10dc2d6c503daf4ef66212073205802cbc83d5f653631aee15e,416,416,6
train,glass2378_jpg.rf.137d1db0beb551e4ace31cba85416543.jpg,train,glass2378,acce9384d81bd3db38eaab7e62e802bf0ae24c35f49b08f58193fa390f9e4cb3,416,416,1
train,glass2384_jpg.rf.4ba6ac3e553b33213bb30df4a7882851.jpg,train,glass2384,8a5a49c1db96097e27ae0f345a2a43e3247f8528f45b9807469b6f4a5d6c504f,416,416,8
train,glass2387_jpg.rf.e2efebf0c5ee555f3e02b89737b7199d.jpg,train,glass2387,46ff83c2121aff0f624924916bc3d5eff3ace4d84d1e6e714ad04bc9be223f80,416,416,6
train,glass2390_jpg.rf.70afb06ec8bae66315a2921fd42c9ba4.jpg,train,glass2390,53aaf8ebbf44b56ab18c3e59ce491b7d8040f955d5eb9965a577027f271f3b7a,416,416,1
train,glass2393_jpg.rf.9572a0534fd997085e5e9bc4b85b113c.jpg,train,glass2393,ceee227c4c59fc08a2a3b92a7981713c8627cc53d793bfd52b516c4094bdcde3,416,416,4
train,glass2396_jpg.rf.3511c6cfd67e9ecdb63bd08d5bb88f3d.jpg,train,glass2396,3801623c15f137a45feb05549e1de33e80fc2166e5be4d28462e71dbacaa763c,416,416,1
train,glass2401_jpg.rf.fc0166707f1a8c378a6a9dd8537e6cb3.jpg,train,glass2401,89242b867c63dbc509f87bf2bb0635fce11d982b357d7d4ba02fa7e2dc4a0d87,416,416,4
train,glass2409_jpg.rf.bf7e3ee2b8a548cf7b384d48e2f17867.jpg,train,glass2409,803a450ff6793d1d767870e999d7e95fe6f71df925b68abc266e0a03b90278b1,416,416,2
train,glass240_jpg.rf.c51041bf985383d4c42308bcb978373d.jpg,train,glass240,41723279d094c369331e47e3aade4f7d1e3ebc7f0e50a321a6f160e9fae38c4d,416,416,1
val,glass2417_jpg.rf.1f7a3ee49b546ce385b7d7b412d4444d.jpg,train,glass2417,5582b5ef3b0068cb0f90628de51aa5f2908df59be512adc18e808cc3a3bb8cce,416,416,2
train,glass2418_jpg.rf.b5505ef9c1091bd061273eae010b1415.jpg,train,glass2418,ab55c8bde42a0691dc5075110d4d50bf09d63db9180ed35dd2eaad646098f755,416,416,3
test,glass2421_jpg.rf.3ac01d04caa4a01aa7d35dd6127a409d.jpg,train,glass2421,046ac8bd2298b406614eae8f4c8dcbd6e9736e74912fc86ac71fbd84ed0026af,416,416,1
train,glass2422_jpg.rf.fedb7fdfe7836ffee18c94d96fd9ec32.jpg,train,glass2422,fa026db94939e6f413c2144570b21fc6cb3941b28f4f452d674312422eac95d4,416,416,6
train,glass2423_jpg.rf.4fe8ae650dbc1bc7033dd701449b35b7.jpg,train,glass2423,2ec1d6f9dee3121e974a74ac0910530e68b633b0b5c14c97418c036dfa058a61,416,416,2
test,glass2424_jpg.rf.5c7ed5b2bc1c275187894e36640b3483.jpg,train,glass2424,40179cd59cc48ec1a7654fa34d295171519f7670d12dba8346fa563276ec0113,416,416,2
train,glass2427_jpg.rf.4308f7eebff7f9b781d38ac186cccd78.jpg,train,glass2427,c19f89c9e1118af8901c0fc124907c2647ec09ca76616011e221e98f61e6fbd4,416,416,2
train,glass2429_jpg.rf.94e5f536fa0d4de47d592f2edacb4599.jpg,train,glass2429,00b687b4a2c55a1151434ec89c6aa03c0ad55cc744822d2e3192ef32c0a2dfbe,416,416,1
test,glass2431_jpg.rf.7aedaede2ee213818d7288a46482a911.jpg,train,glass2431,d29f0828c116160fa21209c41b594baaabf51171700bdb28340f14ddfb3777e5,416,416,1
train,glass2444_jpg.rf.99687021c832651f993d3413e4ce7fcb.jpg,train,glass2444,8ada3d67d795a513338b0f16d24f5dbfec6f5882b3f7a4996440e67caeb5f476,416,416,1
train,glass2447_jpg.rf.9c44184e3e0aee95866d1d1dce7f94c1.jpg,train,glass2447,5f3c9256f0cc97fc6b02330e416cfd9fe178ef5485e56816f30c6a68a0b793ba,416,416,1
val,glass2450_jpg.rf.ede13652c98e777430a353fff51b03ea.jpg,train,glass2450,a95fd47c27e1baafe29d158fb6fcb488968101928f59f637e3ade9a2b74a2d1a,416,416,1
val,glass2454_jpg.rf.39d1aff1b6afd9de1726f9e9eb9b8515.jpg,train,glass2454,5fb4bd93ba16b1e8308ac2c4fbe236df3445c472d5f41a643c7239b857899743,416,416,1
train,glass2473_jpg.rf.c2786c273a2701260c9089b93d14bf99.jpg,train,glass2473,302d983cb60ff5d98accc06820a54bff12808f0cedd96f4dd425582214ab7491,416,416,1
test,glass2474_jpg.rf.05ed43996ddc5f86b7c95398916088fb.jpg,train,glass2474,994b8f4bcfcce133f55ff1b6ae83b16d8a988a7990f8f401e6324c3b4ffd3a77,416,416,2
test,glass2493_jpg.rf.75a19118384832076db040fe373c7d13.jpg,train,glass2493,d455bc58dd9a276eb3d79aa95b9cd4fc9315b7fea7a3f09077dc10db5d2441d2,416,416,4
test,glass2530_jpg.rf.151c8adfd04defdf469e8ebb16e14df0.jpg,train,glass2530,20533af57cc1ea2a120ddb1c7d53dce2705df49d7716203679f5e99cf89083bc,416,416,2
train,glass2535_jpg.rf.7cf8ec6a9ad96c35c7e51be61b221556.jpg,train,glass2535,78c3ddbf235af0717480a2408c91d8874df7fe0afd07dfe59cc76dd8b50d3fc5,416,416,1
train,glass2540_jpg.rf.1111ccef161737d011dac9be903d4272.jpg,train,glass2540,ba6f2b2071e9c824a116d35ddc808b7151e8e70ee5115a769a58df9e5472b69f,416,416,3
test,glass2543_jpg.rf.6acd1a8ded8c551587bad05ebafe3c60.jpg,train,glass2543,cc591506c06d8fb25eda0e30188eddeaa18ff40b5d1aaf3d81bd3bb0d6aed470,416,416,4
train,glass2557_jpg.rf.a371d2afeb25196cb2d19d46d4c2624d.jpg,train,glass2557,9ea2b2d9e35c0b686884e2dc59361dbc6143822c6800305744ad994abaf0e9d4,416,416,6
val,glass2560_jpg.rf.6a54c8730c43048751096678e5cdcb27.jpg,train,glass2560,57820687e6fa70d7479fb7a2472e1ba58fb8d928c72ad82474b0a2c624522512,416,416,1
train,glass2564_jpg.rf.efd7a091e51d4e08ae3c13dcb86f118e.jpg,train,glass2564,dd083213fe500b9700fcbe7b07dd8e10287af85dd842821c86743950da57ccb4,416,416,2
train,glass2567_jpg.rf.06c2077cb3ba7b498e057df14b46703e.jpg,train,glass2567,aa80df68e3df0571db8f0278517d5be5199b619575ccc339f1ded6319258644a,416,416,1
train,glass2568_jpg.rf.352a646557c93a4870a99e52d85f81ea.jpg,train,glass2568,f8d78c5d89e62bb630056f8e9bee6b15325706626dbb8fb4c2c3e9e15e7f6fef,416,416,1
train,glass2570_jpg.rf.70aa48385c058a4794bfff1771b0b51b.jpg,train,glass2570,cb0f08b2061f2c4c98514fc79d35490578d4febda8be54a30282abfa03575a30,416,416,6
train,glass2572_jpg.rf.7e791d7d48ad7513b437b042eecb3933.jpg,train,glass2572,cdcc7b4f3f5c3971a20648bd3687643642b9013deb30a8242be33e4a1599c111,416,416,3
train,glass2576_jpg.rf.d4e272a6b2bb4acc505f7e65cf214bf3.jpg,train,glass2576,7788ccec822ff8ccd4ad36d5963c526d6d71c0e69e3c540c166fb536f9f084ec,416,416,1
train,glass2579_jpg.rf.21c0bd8d7756ef8736363dc2641d1264.jpg,train,glass2579,b378655bf919782410c5c220576a17919a3477d1442ec28f8327b8426198971a,416,416,1
train,glass257_jpg.rf.8dfa71816b333764b900afbf41c7f3f6.jpg,train,glass257,8ea65a20a38e5006bd9fc66bfa44e425e03173722da88181077094486b874962,416,416,1
train,glass2580_jpg.rf.16bacfbfdabbb367175896108428719a.jpg,train,glass2580,4e2db1f22d2b38685102714689ad9b7fbac68b542aa3b044e1d7ce75fb415754,416,416,1
train,glass2582_jpg.rf.dfafd3e20d64ebba0705687cd53e571b.jpg,train,glass2582,38d421276831f5393e8c05b5f0c9c9a286f2f21c06721f8c4817f3b84c63fcd5,416,416,4
train,glass2583_jpg.rf.da03a6995b75e333a41e159930b0119d.jpg,train,glass2583,79a1b2ab821ca52f01f3f404b4fd5494f177769d3cfe027b0c6df69c4318d3a4,416,416,1
train,glass2585_jpg.rf.eb9e8f17c91aaa7b13623093beac0ddc.jpg,train,glass2585,c2f52d74fb36764d00741f4bd5ea1bb38cce78665eb75a167824fbd98e5dc92a,416,416,2
test,glass25_jpg.rf.89c7b74246c00542e5efcb6cac0f823b.jpg,train,glass25,3c5a8acb6c8acb56d5d03da2f63ee1a18a5fa95e17ac20653e606acc75efed7f,416,416,2
train,glass2671_jpg.rf.cd8a9f5bfb55b286ebb2ea643e98d287.jpg,train,glass2671,bcc8c8559f193db710c61e6da0ddccfcd0225a5e3426bd7a095189d4a308373a,416,416,1
val,glass2689_jpg.rf.cea087d5340afbd299ed5691d7d50bdd.jpg,train,glass2689,864ab1f7ed4993d7155d4933dc9ba93eaf5a1715a4a42d27daab7b7a60c5a2fd,416,416,1
train,glass268_jpg.rf.52ecb1f42532c14292c0af174c7dd780.jpg,train,glass268,5eb040d70ac202225febee38876d25fbe88168135f969518b6172f3964371bb9,416,416,1
train,glass2699_jpg.rf.49d745987f4719786bd6352850268bb4.jpg,train,glass2699,20d523e0f1bf3eb0656ee14560e15ab88625891a950eccb84b27820827af3ae2,416,416,1
train,glass2715_jpg.rf.4888c454a8322155c736f83fcb706959.jpg,train,glass2715,c1d21fb477bd199a49c243cdd93f9852733c2c1578c852fd69c9f612071a2cd5,416,416,1
train,glass271_jpg.rf.5862ac56569898522a74e6bd0ae54487.jpg,train,glass271,49324b85fd1c91160029845202b7cfd72b8ead8880c7f18c7bae82dc9d2342c4,416,416,1
train,glass2729_jpg.rf.d84f499f43189a415379500de3ef44bf.jpg,train,glass2729,04a9e52486294087db14c5dcb500030d4230cf333a774ae07cc8479e302cce10,416,416,5
train,glass2745_jpg.rf.48645e2907bb5ecfcf6f80f86264c1e4.jpg,train,glass2745,832377432a046f4adb8c9897e453b5dbe2483d5a183e083d249c2beb86e918d0,416,416,7
val,glass274_jpg.rf.aac63acb08ed50cb6c4653b74fec7975.jpg,train,glass274,473424cac9a5f4a1cf1d1d083ab418ce850d0d788695082b2177407e7c2dc74c,416,416,1
train,glass2752_jpg.rf.86af0ab6f71f9e36564bb184da145ce0.jpg,train,glass2752,db279cc175aea650203dcde6ebd50ad1e9e07266595bfe2a6daa1a94bd18d826,416,416,3
train,glass2759_jpg.rf.32122f6256e11e7acb222aa2efac92d7.jpg,train,glass2759,3dbf511ca6429ac699fb0e503f63e1f688ea9da55edcd3e4458505a6dd6fa47e,416,416,5
test,glass2761_jpg.rf.205e47b711da29246ac89d3f368f7e1d.jpg,train,glass2761,e6b722ba566add04f8276b3e615f51f06c2990435960efd1e06e30d0b3516ee0,416,416,6
train,glass2763_jpg.rf.5bdb336a0df046a43fcd8210566ccfeb.jpg,train,glass2763,68e98c4b625f63f88d537136eebaac1cf3143e10119f1cd005f4486599830fa2,416,416,1
train,glass2775_jpg.rf.9d1e5804d0059aa33c0c6836c2655a86.jpg,train,glass2775,a3264c2d9d0f354cafba1cf3f4f4a9495c227416da2ce62821982041925ab1ea,416,416,4
train,glass2777_jpg.rf.bae199381018b2479b225c0507299700.jpg,train,glass2777,9793b578e67d44a40ed144d9549ab5cb42188aeb0021504444e34664cdb03238,416,416,1
train,glass278_jpg.rf.89b65718eaf3ae90d3b1c08a83942175.jpg,train,glass278,db2870a3f073d02c6d5f130aaada534a6b3194992c4d9613b4594cbfa2fcfdac,416,416,1
train,glass27_jpg.rf.9c83d4748efd4055b92af83e935f897c.jpg,train,glass27,a9df5ad413c91e9ebaeb87b1e9f1f35578f96ee97015044724e06e51160b54cb,416,416,4
val,glass2814_jpg.rf.6dae482f89a7f7c46b3f26ffe638886b.jpg,train,glass2814,f54335f492dd30d1e41f51541a0a8c5e724b38cb924e85e3ab33b104b164e037,416,416,1
train,glass2819_jpg.rf.42cc180bb41cc3132526c1f6e29d15a5.jpg,train,glass2819,46bd2ab0ed4cc42e84a2263da9d87de4f4d58d32b269b3c39865fc474f0a1bc4,416,416,1
val,glass2827_jpg.rf.228d5c6cf6a9660a8b913b035d749251.jpg,train,glass2827,96ce06855e73ced2b86d9f9c120999896bbcd30e3a87817f887bd78b7e8e2724,416,416,1
train,glass282_jpg.rf.87e70e45e82135ae87cdae1972c6ab4a.jpg,train,glass282,16d33d2bed4005d56a41e6df704c57d4c47f944261ef07623088a40dbeda1014,416,416,1
train,glass2836_jpg.rf.8bcc5ba5cae8e542043915d0683cbaa2.jpg,train,glass2836,6ad873121add870c74fb6e97ed9b08764bb5567c1cbfb56e7524e630491c289b,416,416,6
train,glass2839_jpg.rf.e5b57bf72107b779629315c76df63060.jpg,train,glass2839,276214392624c2fd2deec315a2391783ee7c1a260899d0b09a89eda881d49829,416,416,3
train,glass2844_jpg.rf.33ee7979364d21ba6774a0c58024ce91.jpg,train,glass2844,ca7bd34f2616bec501e7afa252123fac5a8684e36830fd3b425e5233b827f691,416,416,2
test,glass284_jpg.rf.f420570deacbc2a4950c3c8a2d5fd762.jpg,train,glass284,a0bc753a1de65ecf8a4852a1f2771cc73b107947a29e43acf6e966c323d3b5ba,416,416,1
train,glass2850_jpg.rf.d1e4272089f0a3618cfc7166814b6064.jpg,train,glass2850,aefba945813a11b360c3be390b1cd0d414305d261850833dd173f22978283058,416,416,1
train,glass2868_jpg.rf.6ec598dcc12152aba9849f4f24755c6e.jpg,train,glass2868,107907bdd8138ebfd2fed0811620a9ce15ec841b19e5ab89aae790d2221e0112,416,416,7
val,glass286_jpg.rf.0a4d61ce3c9ca6960e8465d52bfdc74d.jpg,train,glass286,bdaa293c0b1484c9c084d2bb524a1dfa01765817829fa9a79dcaa39a75ed6fd9,416,416,1
test,glass2870_jpg.rf.b8634c829eb1b1f6b50fedc7a9c56957.jpg,train,glass2870,b3bfb8423a00c5e39d630f7dffa5f36a865a1f1be16b670a27b8a1c7868f60d2,416,416,1
train,glass2876_jpg.rf.bb3653dbc66d7cc96fbe1a3bff6a44dc.jpg,train,glass2876,a5f2139d0c42b711624070013c25ad06d53774aad5b76a6f5e827127948e7fc4,416,416,1
test,glass2884_jpg.rf.f2b206d21419a773fe6cc8f0ca403c50.jpg,train,glass2884,720a266054eab6f7c01358a4fedd73f62b778e15fd243196b0811c74a358331b,416,416,1
train,glass288_jpg.rf.7cf335095139732e5adfc6f732b5cdb3.jpg,train,glass288,3c734ff0981915bff33f694cd5c586ff582179c06f35ff6ea1a12bee9b0b654a,416,416,1
val,glass2893_jpg.rf.1a5ff8f58f37123b5fedc17c95a6a92e.jpg,train,glass2893,44c86433affd6553036066fe4c03b791abc510bdd07349da7800d37247dd6299,416,416,3
train,glass289_jpg.rf.045bde8c949d2fdf130ef8a614ee7cb9.jpg,train,glass289,8c5cf58eecbe70361104ded4daa8f78ab1cbedd06b57fb3440cf4a5ce1b07dad,416,416,5
train,glass290_jpg.rf.0f20083434d531d0a7a001d787580359.jpg,train,glass290,6efe056e099980452ea7972418c67096c2d8091e762167cfa7826fa0628de761,416,416,1
test,glass2910_jpg.rf.8b0251db6c3bb57ff9a82a21f568c1d0.jpg,train,glass2910,64d3ea1b2c59b5ca939e1872a76611d1f58e43e7612cece6ba217a112f9d8fdd,416,416,2
test,glass2911_jpg.rf.f774629f36313f69830f05ca833d8875.jpg,train,glass2911,2359f9638b88c0e12c8427731857b6e127e4cbf8458828edf102e5f808ada1b2,416,416,1
test,glass2916_jpg.rf.c6c3aff3d92f168da63bd7c7ab27ccd0.jpg,train,glass2916,f47e8786eee9541a662cea95a15664e909aec64bf9299c9e86df07d5f2d197f9,416,416,1
train,glass2921_jpg.rf.429e2a722f82529ed9f6c224135065df.jpg,train,glass2921,558c8350ae8acabcbc49ae82b5aa16bd4026d2f022d97f46544ea314243758b8,416,416,4
train,glass2924_jpg.rf.d4b97e42aca26a1cba9aed0cd595b7b5.jpg,train,glass2924,a63f14fc6181f6523805a11b1ed723a1ceedb25e7d151798ae7fbd091c34274a,416,416,1
val,glass292_jpg.rf.8a2fbe32a3a8a462184bc8993c66db34.jpg,train,glass292,4c428b06529fd6c614a3d42538efdf0bd37026e63c968068aba9e6215e088b3b,416,416,1
train,glass2935_jpg.rf.c2a6b10dd33d2d754af595a0af48acb0.jpg,train,glass2935,4e6a243413d18546eacb81b33672b21b243f46eb5738f6e7cbb174cb85cbb294,416,416,1
train,glass2949_jpg.rf.1c9fd3b5a903c255a7033348f7bbc0b6.jpg,train,glass2949,13c0e7c00de64325a8962a459f70bec0d39f8a49a95d644d02e5a9bd02bbd001,416,416,4
train,glass295_jpg.rf.d095860f7b9e26aca0c1052ad89aa7bd.jpg,train,glass295,db442ad30f7311d372b145f74dbe69b9fef5a7a877c29bddcc67b5e7bb7d3cb1,416,416,3
train,glass2967_jpg.rf.94551cb9bae911d8216486a328e2b305.jpg,train,glass2967,4aa36004667ca36d43365ecbea8a0fd299ee38657cbc9155cf5ba993e529745c,416,416,1
train,glass296_jpg.rf.777dc22686d3bfe99ae29ad99ee74140.jpg,train,glass296,ca77e53273e8b221c9e9934093dcf032cec1bbc4a1fea907bb093b5715af9d64,416,416,1
train,glass2976_jpg.rf.8c7535a5cba8fd9fe5054c74c3fdd62d.jpg,train,glass2976,0aa6fb85d2d4bd98ec4928a378d6a88729b4adfca254f3f313ddc3ee66516d43,416,416,7
train,glass297_jpg.rf.6e64f80faaf61612da8d7a6271ff8852.jpg,train,glass297,86c00cec164065838f1dd7909dd251ee6f3a228550cf0ea8b97ad92252945ca4,416,416,6
train,glass2984_jpg.rf.9ac28cb6a7ac7ff835f8af500df86b62.jpg,train,glass2984,c0ce615cd66a0007e5baec9cdc37be91d7936cd78853dc397293daf57a1bd44f,416,416,13
train,glass2987_jpg.rf.e9d4060983fb1da0710e36b7207d44e4.jpg,train,glass2987,4a98d882f0d77cb19533ed53d5acd2daa93f9293d4c1f72484d61d554e8b56bd,416,416,3
train,glass2988_jpg.rf.cee77f528fd01487e639d78c1322a200.jpg,train,glass2988,3c9cecfde48e576da40a403ce44e69d0b7b1e385301b4f08ab1ad70ea2d4cccb,416,416,1
val,glass2989_jpg.rf.ab66ab775227b84b8da8400e01776b5d.jpg,train,glass2989,1b121e209b1e83d1d38ce3afbff9e68403c743f87bcad2e669ba78d5b2031c7c,416,416,1
train,glass298_jpg.rf.c3e40ff3b0fe674dc64f135ce34f3f84.jpg,train,glass298,b4d65a15213fbc1ede7dbb280e56eace3efb052c8915a2efd030903aceb4c3fe,416,416,3
val,glass299_jpg.rf.f3e60f1a58eee5d52ca9a8db5f1d016a.jpg,train,glass299,2c96f24745e40b5921442e3a4616031fad59bb668aa14652418582c065b4e427,416,416,1
test,glass29_jpg.rf.22d540463c2587bea8f6a9acebed65ff.jpg,train,glass29,44e52a25589e10b9d32f9b4bf347cd20a4e869a66801bdd1cc399c604b9d6047,416,416,1
val,glass2_jpg.rf.83d640e675fb24424cce4fd5888dea7e.jpg,train,glass2,df10c1a485dcc0d7ba9c6f14fd31730c077238b0ee6ea0777ce05e721ccdbdfc,416,416,4
train,glass3005_jpg.rf.bc89269550655a868b5048e423ed1aff.jpg,train,glass3005,ec8d9606f2973a7b6093c1e1f26261fd89f148a1b29d615bfa57509d76b6a390,416,416,1
train,glass300_jpg.rf.98eb64af9f0372f887a4febe753e4a01.jpg,train,glass300,b84b9378e175a446ddfa4456d6930ecac7021142abcab2b52d47284de904cd98,416,416,1
test,glass3036_jpg.rf.bf4830ebdac4164198cdf5f317dbddcd.jpg,train,glass3036,95b8974771396886372ab018d7aa3baede1b9c50a9978415787aa8af8ceabc29,416,416,1
train,glass3038_jpg.rf.0cd2e5b06ae9a1551e87e7f0685fe237.jpg,train,glass3038,52548cd5ef58b10c37edf4d7a38ada59dba6b97621c77624f3612aeabcfd0f1d,416,416,1
train,glass303_jpg.rf.411d87d683d230d075144359db7d0e7c.jpg,train,glass303,967bffce55531d061ba6d96c884e26156a44594158cab5586735a48ca41fc663,416,416,1
test,glass3049_jpg.rf.55433b5fd2d6b0eae1cf9c6eb9921b17.jpg,train,glass3049,f404957ea551f318e7f263ae079a5e04f9035da17d766cd2cb83a6ce7350bcca,416,416,1
train,glass304_jpg.rf.88aee84476c15eed93f03604fff453ed.jpg,train,glass304,16d401354b60abb33fbe601951705eaf42807e7c389bcbcd19323747df0aa943,416,416,1
train,glass3063_jpg.rf.c50969c043d64748df903b670562e247.jpg,train,glass3063,7d18765ae1d893ec4e6c6287caf1dd99e27c4f3d553d07e8858c100912869cdd,416,416,2
train,glass3064_jpg.rf.241bcea03f6936f7f1da283d1bb974d6.jpg,train,glass3064,acfd39a9c5562e1c78b24a4173b703fdffe4ad444ed54ca14eecde6f223a3fb5,416,416,2
train,glass3067_jpg.rf.6ec6cbee547f34422aeeb49b9a5debcf.jpg,train,glass3067,601150da77c01e53bdba25886a060d0a30eb092e2787d5450dc0ed37faa83ec5,416,416,2
train,glass3077_jpg.rf.5816248ca3358550a7653c2fadf718ef.jpg,train,glass3077,121721a61de6af9f864607f741abe0a01706efd5534ffa0711b6241d3fcb0b1f,416,416,1
train,glass3080_jpg.rf.eafd66906b93de74eb557a14c04d366f.jpg,train,glass3080,020244b1971e315fc2071dd905e869baa88018a20c7c86a9c869880a62142b8e,416,416,3
train,glass3084_jpg.rf.5c5def1be3f7247ff6c2d4b9c84f941c.jpg,train,glass3084,9449254855abab4ca4f31f5bea92cc151d076b62501fcacf7494f12b599bda93,416,416,2
train,glass308_jpg.rf.af00cb3c529ea6706f925533e87d98ad.jpg,train,glass308,7c8fc7381ccd0193dcdc6da80aa33162fc4bc16da3c19e309fbc1df08f8c1b43,416,416,1
train,glass309_jpg.rf.306f492ddf20977fd859ee029bb07195.jpg,train,glass309,1405892b13144136c8dc4d1afb939b188b1ac7c7036a7df50e81dfbcd6c760d7,416,416,2
test,glass310_jpg.rf.4954dcc9bae040b343b6bf2a5165c73e.jpg,train,glass310,5bff682bfb3fca6d87b1d0927011bef5d23cfce61fa67b195fda590750a9aadb,416,416,1
train,glass3115_jpg.rf.256974a8bbc4418f04f6377e6a2edb85.jpg,train,glass3115,4d0b859fd088300aa029c9c59520c087c4526d0e86f7d9038ab318d9398e505c,416,416,1
train,glass3119_jpg.rf.b1fadba53ad7878d5e6cee169da65c20.jpg,train,glass3119,7357eb970834b1c09c144e80884ac3063ff3b4d22ed62e91452291d5231bb437,416,416,1
val,glass3124_jpg.rf.49e14e8546abe23f69c38f9366dcb89f.jpg,train,glass3124,fa3f41a587ca9221d6f64927a3d745b22156ad372fe69867b2b97ef1e2782627,416,416,1
train,glass3125_jpg.rf.2ede95c1d70e297b4fe0170c360cee56.jpg,train,glass3125,6045dc3614bfd13852d18f2a9cf0d4f97c5d1f508f9012ff904859607931298d,416,416,1
val,glass3127_jpg.rf.403625524a2efd5250c84c09624d5fad.jpg,train,glass3127,cd62413054ad20551faf7feb5a2cb217c7c4ccff9d266a0fc7de43c8f8cad3b0,416,416,1
train,glass3130_jpg.rf.7a5d3efa7ec00ceb45eacffeceb53a78.jpg,train,glass3130,8a1fc8f633749e332d1f22d4710be957608f266802a9ad4701c3ecf0d68a6243,416,416,1
val,glass3132_jpg.rf.3a53ffa9c62f9a500b260fb748ce73b8.jpg,train,glass3132,1b55c3fdc2ab7895a48cae4674d72b58e0579890a96f85ec6577dd10329a4681,416,416,1
train,glass3135_jpg.rf.092e30410ee49068e65c320932b6bb68.jpg,train,glass3135,05aa87a7d9fdef1c062911b93d9e25f79602b16a4e57781592fe27790eeba0a9,416,416,2
train,glass3141_jpg.rf.8448a7e6c4389c07508037ae6d92646c.jpg,train,glass3141,01174fae4969d8e0721bd5bdc218f2cf7c461093b234fd761a6a4038d3e6609a,416,416,1
test,glass315_jpg.rf.49a2401732ab1e362aab95e544522b3c.jpg,train,glass315,562941d23697abf9bd6d087fa73199b613533c602bff795a0d4b0e60542dde54,416,416,1
train,glass321_jpg.rf.3e5822eff03151ef6fb5580480adb905.jpg,train,glass321,4ce79065c4ee080c73ea20ada98c89c0f7750b5dc81b812fba900ae1163e7a2a,416,416,1
train,glass326_jpg.rf.fdfd818131d90065e691d4e4907a4819.jpg,train,glass326,aff58d382d11e6da61279254da294dd608fa8c206512ac211e9c56254a89570c,416,416,1
train,glass327_jpg.rf.314d181576315d5cd0004914e6fe2300.jpg,train,glass327,071d27250b099959985abb45001f3dac5ddf17e374e5e2e1dd640f3f3bf4c0b4,416,416,5
train,glass328_jpg.rf.100cd1c36ad26f1c8f2b7f83c87b16bf.jpg,train,glass328,3a6db179db7e81e7c2d0cbbb3144238a06a26040580cb95e53eadf5865d98195,416,416,5
test,glass329_jpg.rf.6ae746f4973601466d05534f27d0d14c.jpg,train,glass329,9922fb26a6a399a8626d4274ee8167a22664ba3a89af540a2631455017105f23,416,416,1
train,glass32_jpg.rf.ce34a418c4bf7dadb44bd4d642fdc270.jpg,train,glass32,ce410754d7c8191734fa2bfa0369eaf635a0ec112300358c2ed9521e4b84e31e,416,416,1
train,glass330_jpg.rf.af169f3d58d7b2c3739b03906a4f7055.jpg,train,glass330,63e7dbabce14bb3eea8432891b0b8475926ace3899f8a2f5edeb92dfe8f1293f,416,416,7
train,glass332_jpg.rf.2c59842bbe8c0b79c886c22db02af9c8.jpg,train,glass332,3fd4841cc1f4a5719c33f0b46f8c5661a35a9e2836982732902892154780e795,416,416,1
val,glass333_jpg.rf.74e2bf80a951689465f876f5f8aa937c.jpg,train,glass333,654c1421ad8c9e91e87187705aa84a9084fb3e59965cf76821ac555c8561de4b,416,416,1
val,glass334_jpg.rf.a4bc333bb725ddccdfac65d5eeeac496.jpg,train,glass334,0f96dbfdd578cbfc5b18d481a45d4e390a03764d6ad1d9caa97545f0cac1bfd5,416,416,1
train,glass335_jpg.rf.d8e64334af21ab7f2273b31dc3390610.jpg,train,glass335,2029ba9ec92efac6d71dbc74d1d778339397b4ec38b72e48fe587e60406960ec,416,416,1
train,glass341_jpg.rf.c5eaba9ba8bebf91adac0875fbbdf623.jpg,train,glass341,bf58055f251cbe7f570c999347af5334cdb8232f52ccde5f8199a2a644c9b833,416,416,4
train,glass342_jpg.rf.1c4bb84e9da10a3c27758f9f1184f76c.jpg,train,glass342,1265e96d7f9fb12d2aeaa424a34bc5c59f3f0b63fa5712591fa9f0844dc16ffb,416,416,2
test,glass343_jpg.rf.e7468c577af4bff47d40053c50d55fb8.jpg,train,glass343,e977e46983e02048d4f66540d690df1d896e63587e461329a5490f209e2ac874,416,416,1
val,glass348_jpg.rf.d792447a628ef3daa0f1f093baaeed43.jpg,train,glass348,38a37b805bdbe8d3f5a438d4d347bc6137cd347c327fc86d643093ba7ef5b5bd,416,416,1
train,glass349_jpg.rf.454d232e3533af2fb785a703cc314f08.jpg,train,glass349,d198ad1ffbb8b49bef6808d509cfc919b9d608f6e83b26f204777baa64ea8e98,416,416,7
train,glass350_jpg.rf.6aa7c898a815af7d255ab28004eec27d.jpg,train,glass350,605daa9bce4630a6525798e7878f63cc55f37141864a2c62ee33c90d01ba2fe6,416,416,1
train,glass351_jpg.rf.91af0c5dae7a84b364426aae3d18ee19.jpg,train,glass351,d4eaee788dc4d5ffe169fb56011f10f85fca00f9b87af8d45d5481a2f4e8c687,416,416,1
train,glass353_jpg.rf.73c571a253136cbd0516d18cf6696bc7.jpg,train,glass353,d59da81e522c8163ed51797b30f1d6eca5ade7db0324c5ef3519838cd6975fc7,416,416,3
train,glass354_jpg.rf.e24694449bcd4b23bad66d31b59cf097.jpg,train,glass354,6a6bf6921bedc4495e007e07624792cea083d41e036b39f728f693880a31875a,416,416,1
train,glass357_jpg.rf.93ac68ddb6f905c387ffcadc810b54b0.jpg,train,glass357,13e4d20c4dc66dd5912145c85b521e5583571b55f5127fb3268682aaa344dac8,416,416,1
test,glass360_jpg.rf.35f9bfb5314127b23f0ec92611f56461.jpg,train,glass360,42c95d3421b9798287344f3950c305c2043f3b4536ac2deb4ceb812e2ed84e54,416,416,1
test,glass362_jpg.rf.0e1efec95dfdbd46420056239015c856.jpg,train,glass362,800f7e1c76b17a01b8b8e8c45ee65d51dd0633ac4305c760f639ff60c6fb583d,416,416,1
train,glass365_jpg.rf.11e68c61c0d0641bc1a72d35911c550e.jpg,train,glass365,c6a33a399b7ef00599c973717b3c9b8ce4b7cc5e652d85ebb254aec193ff1618,416,416,1
test,glass368_jpg.rf.aa5d5f7236993072ea5c317c69870206.jpg,train,glass368,3e75d2a27b53a053e971a84ef101112aa07e3180023d913d2ddd2020793eff4b,416,416,1
train,glass371_jpg.rf.c388114f7671eb9c37f5f9e521ef487f.jpg,train,glass371,81fb82a10f911c20e1cca7108b03c566a521046640dc81aeefd3ed7bdc767029,416,416,1
train,glass372_jpg.rf.d02d75a291bf2d8c5070302c2660800a.jpg,train,glass372,df68b66e7abdfc22ec5ad0987a26363943d8c4ffdedf3d8078c3ec5cc9890382,416,416,1
train,glass373_jpg.rf.4d423bd83b83ef2a848275cb2a31f401.jpg,train,glass373,5d01ac7eed3ad91d4fee4b5fb878e6531fcd8f5d5d90a11e81bfab3f3ed69d3d,416,416,1
train,glass374_jpg.rf.fddfc7f17981ce9d83bd0403391d5ca8.jpg,train,glass374,2ea205ec677fef25919f2aa467345547ae363fa9dbefa1551ed20df91051f6e9,416,416,1
train,glass375_jpg.rf.9ed3d9652d359b250b38ad986b8e64a2.jpg,train,glass375,8f210ea2c90241b5888420c63f3d7fff9743a6303245d7976168c0b1b576b895,416,416,1
train,glass379_jpg.rf.aa58c7e1a89a8a898d8f34d2f0b438c0.jpg,train,glass379,31a341af5b8364c3a5e90ca2e360ef3c2e75ed068508f59e81996273b6f53c78,416,416,4
train,glass381_jpg.rf.343abc0f726dafd141408ee2b165598a.jpg,train,glass381,1da1d9b420ca5c2b88b7c446a9118a2b2ba4fec04e29d72e42fd875ae575f6b6,416,416,1
train,glass385_jpg.rf.b16c90496d7c961be7597a6258e0daa8.jpg,train,glass385,b0573a50fb3e6531a2b5f9b021f25b58a4f754dcf1bf83d7e6de3e59509a3079,416,416,3
train,glass389_jpg.rf.8928d5a9637ac75850e5f6bcfb9079de.jpg,train,glass389,7b41cf9dafbdcfc0df5037f44f860d4d905d1fc064bb4bb180775db92bfebec4,416,416,1
test,glass390_jpg.rf.1e682dcf0c6d52eee34533b4bd8d461d.jpg,train,glass390,889f4ae9f58c9d6d073de793b07a874ad3f24a1331fa574070f7a2b89c08ab6f,416,416,1
train,glass391_jpg.rf.c646215311a411dda34230356bb5f5cb.jpg,train,glass391,7188a3e4c2409815a7a4943b85178617cfbc81f92f2a15ed72b5cb3171d151cd,416,416,2
train,glass393_jpg.rf.cc5595c4a8799e9cf3bba296ac2ee9b4.jpg,train,glass393,aacbb19dbd8a30026ebf5cff9f54ad28235c883ce2141f118a7b93ab29e1a64e,416,416,1
test,glass395_jpg.rf.0ac4466342e22bacf2871f7ca3edb31a.jpg,train,glass395,6fc45e31e122369f5609e2e069fc03e45ecfac0f02097800e7ea87872f309e19,416,416,1
test,glass398_jpg.rf.5713c948932b2fc4b587b33eced279a0.jpg,train,glass398,e5d5685e5a4f7dd615bfcc5e4e103c63b16b32e922f00001c81dddedbf901927,416,416,3
test,glass400_jpg.rf.537fe68e3084ef00caa6ca7eacf0215e.jpg,train,glass400,0d41f5007721e2889f55de122996e207e81566c98855070c70931f6a7406f2e8,416,416,4
train,glass404_jpg.rf.dc3d4ec94f265f2f52965eccad28938c.jpg,train,glass404,9f1b855c12d43a16943065f46d269975e370434f9ac0443542670063495a0955,416,416,4
train,glass405_jpg.rf.24f6048ea2f9670ff6b5ea47fd78a9d3.jpg,train,glass405,081abf4d4f59297ffe8e38290f74aeac478a4c698b90ebe2b96a939854c8e7ad,416,416,1
train,glass406_jpg.rf.a7a65df08b398a2705112689d3481cec.jpg,train,glass406,87f719769b6e877ee9c05c2e4a9b27fb21167bacf8562bfdd87581287f5526c9,416,416,1
train,glass407_jpg.rf.f2720ace1256054f4e41009ddb8db1b0.jpg,train,glass407,38fa5d96675216af6c2a546894a5753c79c4a2c0bd9fff55c2243af84267bc9b,416,416,4
train,glass408_jpg.rf.a920a50c1dc9e6c2c40f003cb164bdf2.jpg,train,glass408,334a202e45af22683ad0c414f764bac84abe26ca5f15fb91b8368a923c7cf486,416,416,1
train,glass409_jpg.rf.da9625f7a947510f02655dd2d2fe0043.jpg,train,glass409,72f6db37059c6be509a6097705c0f51c708ef60667fc8514645ab8ffd155e8e7,416,416,12
train,glass411_jpg.rf.a1554124b8bca22173e20440163b9fa2.jpg,train,glass411,9023f0c8ca455f2dfcb8d88d224a9c50128ffa41b1c14c88fc0c4794c97052f1,416,416,1
train,glass412_jpg.rf.453ba802817a9bb86f2ebbd3146a5a68.jpg,train,glass412,7d76e42d1a69339b3b6f74c195a89fe63ed3361fcaefc80c2efeda4d650c8755,416,416,1
train,glass414_jpg.rf.2ce42177803e6fd56882d3fea9e256c5.jpg,train,glass414,3b484d2a823f0d305344757bfe590a14f5656914c4e542685fa15656c35c2841,416,416,1
train,glass415_jpg.rf.958259116371d03d85eb80e228f2a9f0.jpg,train,glass415,84c8e8694a7230536f7d06723e39f67a516bb53365af93a2bcd2de82de6dd199,416,416,2
train,glass417_jpg.rf.f5e6fc6345e9dede4540d3d13f79b7ff.jpg,train,glass417,3bc8a2b8675331b4546240d068c70226847ae812908c1c2d06de1c96dc5cce38,416,416,3
train,glass418_jpg.rf.e828696fe12760d54f699066c7e28308.jpg,train,glass418,ed9169d5fc7992a82f325def2d8085e07a05c5f24e43ec10493a33fb225b1bd4,416,416,6
train,glass419_jpg.rf.dd7bf5fcd275698927688a00ac80aff5.jpg,train,glass419,e7e3ca5dd05622dbef0e021f558936be2327e2bb7e1a30464d54625dff71aa80,416,416,5
train,glass420_jpg.rf.06e0c02cb10e845567480d1b4e06387a.jpg,train,glass420,5a142c57ae7c2315f62ebd9328e86e3022ff8f431e9bdd8273617f08412bab34,416,416,1
train,glass424_jpg.rf.3636f30f52805cfee956c13e54237ce8.jpg,train,glass424,ffebfe9446346183281f1d6a79d9c91705dda5615eae215ec35526003e866c86,416,416,1
train,glass425_jpg.rf.4db08832b479c6207c143071e555ee4d.jpg,train,glass425,7e758b90c4c0d529965b53c3cc37328287bb8811873ada30d055c7478dce737a,416,416,1
test,glass426_jpg.rf.3d4fed2a48ab65c76dfe894921b06427.jpg,train,glass426,c489fbb3629078f410a8e2972efb9002e2d29ac54eb547538bb2b71bbffa1a5f,416,416,2
train,glass428_jpg.rf.77ae2fb077a61cceec8c64cfada69c22.jpg,train,glass428,f3b6baa918b4f15e70e403c900d5198b4e52e92b3dab485a013aad87d2f74b14,416,416,1
train,glass429_jpg.rf.84b40167fdc57cc8e6ccfd46fc5c514d.jpg,train,glass429,a978fb32598ac33bd21342d9b2bd10cc0fb12f811132e415e530deb8aaf81f87,416,416,5
train,glass432_jpg.rf.881bcb73d854b2aece5c7dfde6af542c.jpg,train,glass432,4335fd27b5bcdbc74ed4f7c124b2d86bd3a5d5f1c6386ec1b3eac1c0a4874af4,416,416,1
test,glass435_jpg.rf.b409886102054683f346f1301ae4e6cb.jpg,train,glass435,8875f86c59518ab7dab51292d723543fda3be1503702b4d5c01b8bbf6ac3a636,416,416,1
train,glass437_jpg.rf.6a1b7338bb23eba6d2495c43f0480308.jpg,train,glass437,6ad705c231d8e4f146d9f74b05ce92b828fe01d83d9e1abf612c55788e8f7758,416,416,1
train,glass446_jpg.rf.4dfc858b54b24e2c6496b4e0d2b890e3.jpg,train,glass446,7d0d9e5fdf9b10a02547af3f4dbf0c1d81406e65ae51ccf665a1942ffbcd4641,416,416,1
train,glass450_jpg.rf.8d735dae0ebfc0a92373a21f7ff7c7a7.jpg,train,glass450,4904b542871d96dd517e93a5da5a92a234c34e87f3125bf4ae4651b420f7df30,416,416,1
train,glass453_jpg.rf.c66ed55c8447b2dc775a1dbcab9aeab4.jpg,train,glass453,7aa39e3ed59c02988be5d366fae140261afcde53798756ab4460f23b0b34c974,416,416,2
train,glass455_jpg.rf.d9fb5f1efe5a282cd2cf9a63f5de35e5.jpg,train,glass455,1ec7a1b2e9aec682bea126011fe17b926f0165c892c84d07451bef3b9cf9690c,416,416,2
train,glass45_jpg.rf.91af6dcc135c8a183903c04f108e82b2.jpg,train,glass45,113f313ab3a2d770dbc73f05ba4475cc432cf6740b0600e7e85fbaef357e8504,416,416,1
train,glass462_jpg.rf.2932daa2a027f6484b31849e56e3444c.jpg,train,glass462,f41f70e3b159e49be885f43929b693f98d99d732ff5b06d222cda7eb8cb8b6b5,416,416,1
train,glass463_jpg.rf.af8a4587e61779fd3080ee1b31bcaeca.jpg,train,glass463,d3dd0bea7f7750397c333fd840ae23848bfdfbe8cc048833b7b648cdebdbc883,416,416,1
val,glass464_jpg.rf.11b1e60de2086cd22835d33a7e8e4fb1.jpg,train,glass464,89d075e59255aedf6fc8a7cda1c3c2f5499edaa868b501590109764722360acc,416,416,1
train,glass468_jpg.rf.3025782b53bdb5ff3440be9b47f87c51.jpg,train,glass468,98b5a61c4a2895e0e286a9ed209b9e18f60f2da5ac950d148e38b5e7f506680d,416,416,6
train,glass473_jpg.rf.0fbe4cce14ce121501c179ade6537a04.jpg,train,glass473,ce87d821bc0d1249536c1f1771a05c460fe45546915e2d074aa61f97fd994b88,416,416,1
train,glass474_jpg.rf.9af8cb602ba0b695ff873086ae920cd5.jpg,train,glass474,de4a7545545875dea3bc6495b3a54ea54ad7d3bb79e3c6c7d0679199be2d09ae,416,416,3
train,glass477_jpg.rf.6cd7db6fa210bfe552bff61f29e8d6e0.jpg,train,glass477,4f7c89639c10dc8be0e12f3c3a287e17b9f18e9a50320e3f9d8f5aa60aa63bd2,416,416,1
train,glass478_jpg.rf.506903fe2a63a1caca491296b52a94c3.jpg,train,glass478,94d270bec1e7b6d1adcaab5c5d03bc9ab9861674a4dae0a65dc34640b63d07fa,416,416,1
test,glass483_jpg.rf.ffe904c9773ac81d35ee09c0e72b6ab4.jpg,train,glass483,fae4b44be51a1473c65774a9202866506beab48b6482c9dc8bf9fb05aed2a2a9,416,416,4
train,glass489_jpg.rf.6b4eea1175f8199f79ad17b2e66459e5.jpg,train,glass489,151ceace8a6d371f6c755a1892f69b755c889cc904508fb7e8883357bc21cf25,416,416,1
train,glass490_jpg.rf.22e3c9913ba282f19bba92edb588b17e.jpg,train,glass490,5002718e88a60799258afc5c911ca94e271f0a01059881780af3241760456ca0,416,416,3
train,glass492_jpg.rf.811980d3982a37703597d612717568b9.jpg,train,glass492,4da54fe8c2eeb9960d1447350893f1c93ae1016daa4698d93c84d3ddc8b6256d,416,416,1
train,glass499_jpg.rf.0a49b44ab1e0ef9fca0ea027b611d2ef.jpg,train,glass499,40645cdd00d20d748f2a23e280cfc9e611c58af9f308f51e2b1b6e3045ab1b22,416,416,1
train,glass49_jpg.rf.c079de154e7710bf1f3befe36d3745df.jpg,train,glass49,6ec0d36f5d6eba5ced623713966a7749687136a1124919c7575f2ecba5ef026d,416,416,1
train,glass506_jpg.rf.11e14d50feb2bad1bda63c9e631d315c.jpg,train,glass506,802c8f4d4712b890bb3440f4e7498b1ea48524eb6c8487ffa699e210ea59d324,416,416,3
train,glass508_jpg.rf.2df9e406b4fb91afe58f1f9b7e37abca.jpg,train,glass508,a9d7f785e0bfca612133050455f2ccc8a44ad4188c3c47b069c2f46d640b4a02,416,416,1
train,glass512_jpg.rf.844c60f25f0386587af3983e6317e0b1.jpg,train,glass512,2dfa72b3c48581c709b62982970f34961e533b1d86ed202abbf3339048283d62,416,416,1
train,glass515_jpg.rf.6be0ab7f7a024e22c909d2eaf7f84de3.jpg,train,glass515,aa789e538cb638d6c3b4751489853079fb17b98e38babc2723ef1adedd1bfc72,416,416,1
test,glass517_jpg.rf.3d35e3ba0649b39e326c6bfc1134016a.jpg,train,glass517,e36ea99ac56157080cba67cec56c57d688c6ceb52081d548438557cd9b82cbfa,416,416,1
train,glass523_jpg.rf.72ea9c47600528eb2d56edd002bb3000.jpg,train,glass523,10ae7f6bea352cafd9425f6d2e4b5dfafdbc36df1584ba6117cd52c6489899e7,416,416,5
train,glass525_jpg.rf.365a165325cb130c407ffcc62c7085cc.jpg,train,glass525,25468734435ea94a26b6f6e3b66307460f16a3a70c76004761bc52bde617a31c,416,416,1
train,glass526_jpg.rf.954d2a09c1b637baa0cc272e24445ce4.jpg,train,glass526,7126b35bf1f305ed20723bb6e3de505f992cb259562f1600815bde7feea93585,416,416,4
train,glass528_jpg.rf.92dbaf13fa46ae09f67b7019b9df8cff.jpg,train,glass528,0f1ef4bff55dbf46d5fcae5087d6cd67aa98db9ff730f00b590efcec94830ebf,416,416,1
train,glass52_jpg.rf.0233a74b91fdfdeb3ae1693f3cffe785.jpg,train,glass52,333a62d24d1f9963286b48ba3c45cf7b59cc8571b926e38636950c50f7f804ed,416,416,1
train,glass530_jpg.rf.f65d3646aefba11d6f5b227b0fb5a6d6.jpg,train,glass530,50390d4c46759f514b5b86036a644c91240938ac13faa97e17932e0990710b0e,416,416,6
val,glass534_jpg.rf.cca2397297cede852747513487aaf72d.jpg,train,glass534,6dea4c5fa26a7ee46b85a0f8a62305f0fc4f6d39e530b99b32bb57c6778c8074,416,416,1
train,glass537_jpg.rf.84ef7ecc38f861d75dc3e21ba6f11ed9.jpg,train,glass537,6326050f775b1dd47adeba9d0bab76cda93bb15e58fcb7827f22ac9a7a73f003,416,416,1
val,glass540_jpg.rf.434ef499fd872fed1463eac024f98a24.jpg,train,glass540,1095dd406553c904c88dafdab6cf9087b0d962be97ba65317c3942656091a9c7,416,416,1
test,glass542_jpg.rf.09e31982ccdab810c1db641dacab3536.jpg,train,glass542,4a6537c469ce7e82e21f8e92426b29b505b4facb1b4fb95faad0acdb70104934,416,416,4
train,glass543_jpg.rf.299d3f2945af7230199c9ce60c33c7af.jpg,train,glass543,9963a68115c48fd0bc554e398ae8fa62b3ec02335571ac22a0f5008514285122,416,416,4
train,glass545_jpg.rf.06a60d578ab25321fcc90533cbb1b458.jpg,train,glass545,3b3cc49c6c98f000d5c2c789e6b930ca3cba0bcb19d1809c52e875240fa44cd7,416,416,1
train,glass548_jpg.rf.cef8cb9f38aa5e5fd74efdcf7706a373.jpg,train,glass548,e55906ff14e7ad2c367c97b29ce228694edd94b6ef0155d0957aab1cabee50ff,416,416,3
train,glass54_jpg.rf.1e69822bc9e53e409dc0bf4e82f6a603.jpg,train,glass54,7f86acedbbe63d3064b30f8c70f6e537e1f6a10265168ddbc337c99956753941,416,416,1
train,glass551_jpg.rf.836ac52bb67ecd39713e53b2ece3a316.jpg,train,glass551,06987dba4db1970e3ed134b89aebecf5e9384099c382ab5b5d6ca6ee13ab5715,416,416,1
train,glass554_jpg.rf.9c298aa57f011b569f8d1237a7335f9b.jpg,train,glass554,cbd24c62c20a4a2962569078384ed0204e232ca27279e1c4b4d6f09b0a7b46e7,416,416,1
train,glass555_jpg.rf.152e4ba6bc7e16b59c5ff062cde0e3ce.jpg,train,glass555,a44f1dfece4c1bb2be9097791056f68e2f0fbb5822d4989ab9e6fbbc9a50c365,416,416,1
train,glass558_jpg.rf.1c36698271721459d383bbb5448b4384.jpg,train,glass558,df1b2b76d479105a184df4fa216facf3c7fa88102fec0af261ea5c16538eed18,416,416,5
val,glass561_jpg.rf.9ffc547cc3f65ef9a22a6b8425acc548.jpg,train,glass561,69b3400fef88e2961afbfea850c49173abf705f91e2e3b92c768db41829b7a16,416,416,1
train,glass562_jpg.rf.76556e62eff46171ed0708c0ee663260.jpg,train,glass562,caf59e89172207ae3db626a1da1b152e2bd674456931f14190c23aea244f0eb7,416,416,1
train,glass564_jpg.rf.2e83b872464ed869387f297ad37d0935.jpg,train,glass564,db2485dd712797d2cc4271d2641f669dfb520f79d5362c8fa4342f89f1029398,416,416,4
train,glass569_jpg.rf.26d9577590045d26333b7c45fb769eec.jpg,train,glass569,8ed8a77cfe9a83ef51f760c2e4017f7231f4617c2e385be9b6d4fc7807c1ae08,416,416,1
train,glass570_jpg.rf.aedfaed33e7099c9f314e27dfa993efc.jpg,train,glass570,05eba4ca9fc925879946d8a7de7869369659d6f465c5ce277655ae4ed4b75da2,416,416,3
train,glass572_jpg.rf.4f03ba8072b23d5ca2559f5c581aa119.jpg,train,glass572,7d1e15468b63f717ae90ac3ad75d49dacf04084d8ea8068494ce9202c824dfc1,416,416,3
train,glass576_jpg.rf.eabfd98da23cdc0f33ca2c5d7983f141.jpg,train,glass576,978a4a08ff0910db689ddfbd8dfa3e86ab4d00cc6232666248cecd6a3ec922db,416,416,1
train,glass577_jpg.rf.3e0224ba94c0fcfcb075a7d0e915c5d6.jpg,train,glass577,bb81a2dd9914759819f03d07fe7c8e8aecc7fb4205b40b6e5e7729cc7e688ecf,416,416,9
train,glass582_jpg.rf.3163ed714345e9c15b5d52500f31dfea.jpg,train,glass582,d6317fa317d7a7c801af163f51f794b15b518e328307fce245d688ab9427e2f9,416,416,6
train,glass583_jpg.rf.a4998b3ff7e51cfa83b6d750d1fe0887.jpg,train,glass583,b1cdcc9bce7dc107f17d5756912f7cd7582f35a92dad09ad495a24a267ae0f33,416,416,6
train,glass585_jpg.rf.d6a192619e6f02bd9695ab356c7e85c5.jpg,train,glass585,0cf71b1be5453512391364a62828909dc75979ed01a4d019c19b13f7f4ac4403,416,416,1
train,glass586_jpg.rf.8988f7b88523c04d4b5f7290fe57dc40.jpg,train,glass586,a4b60edc7853c0ca7e3bb8a5a1c2f21f0c0538ec370ca9d66aa7f08e8a0c7ce2,416,416,2
train,glass592_jpg.rf.b846497df833c276a6ef887196ca5062.jpg,train,glass592,45c929c40835ce9b5da7cbf40d78d7a9ca66ddd774d1a3f3e8777ca8d075b39a,416,416,1
train,glass597_jpg.rf.9b028566fd6db892a359fd9a751aee4b.jpg,train,glass597,754d62399e41c0af03b0c0a74f26934ddcf52e5fbfe51a8562d19d77305754cc,416,416,1
train,glass599_jpg.rf.aa11563cf98e73d52e53c6e71daa9508.jpg,train,glass599,3014a4328e3e901f9cf654f98f9e4e0dadb5236fd1984f195d129a41708859bf,416,416,3
train,glass59_jpg.rf.dfcda0724130aab6cedc5df33793164d.jpg,train,glass59,0e0e5d797e4835a4803c02b7153cdfae12d559afe9041ae8ed0692ea9c893f2f,416,416,3
train,glass600_jpg.rf.f87c332c22b0141932d80669d8e29929.jpg,train,glass600,f3447cccc290d0e0bc5745ca6888968e5c6abab68686402e67bfad146f464c59,416,416,1
train,glass603_jpg.rf.2d975d494c2f25d63491b02c77f43615.jpg,train,glass603,746a7cee24d989e9e47561b7867d9e6f85ac3d89d80b8664a6e35ae972bd3629,416,416,1
train,glass604_jpg.rf.b120827edc1c6e5ae0ab432c97b97e92.jpg,train,glass604,47c7dd1fba4fd2d30e508f62c53979ae569a25f9b1074dba365bf0ca90a84297,416,416,3
train,glass608_jpg.rf.be122c37ff5423dd6a4b5898e7132f73.jpg,train,glass608,d1820748001bcec273132901517092f4fed8204d4663fab3bffecabc7b2c0ba2,416,416,1
val,glass609_jpg.rf.47138b417f73b983d1d78b8df99b923c.jpg,train,glass609,ed1920031b5a5969377a8c59ba502fe6513cb1dcfde82f2bdebd6829ccf569ea,416,416,4
train,glass611_jpg.rf.ea8a8ffd08876325713110de2354d799.jpg,train,glass611,e5c73c2f661bcb7a4e68241c4e5af062335112ebac6527d950d6e6b03e097011,416,416,3
test,glass612_jpg.rf.a98641add53d05e4c3f4147db95dba00.jpg,train,glass612,ab4fbd331458ec39ded4fcaa83b2daae1924f54d18114e9a247698af6907cce1,416,416,1
train,glass615_jpg.rf.d299642068b6ccdce965da0cd495d161.jpg,train,glass615,1cef15764afd2d3aa9501253e343d6c0fbba2864830c840a7b0ddac9d5428bdd,416,416,1
train,glass617_jpg.rf.163700c73b1598b43db7c13707c373a1.jpg,train,glass617,80359273e94685178882567d656b117960d7dcb483684d3b0efd065ffa1af90c,416,416,8
train,glass618_jpg.rf.dea61414765ccc73d9abf0391e3f04ce.jpg,train,glass618,fd07341d07d1971c34a592debd281fd232a9049d1c3d5b0026ad99dad91d73bf,416,416,4
train,glass625_jpg.rf.a283df6d6d80af76eff68510351b08ba.jpg,train,glass625,2e0905820593ad6d396ce3dafb831062330538c867bc8eb12b83f85051c13ab3,416,416,2
train,glass626_jpg.rf.9e3e206166ddc34ee5a99727ebff47c6.jpg,train,glass626,d140a3515530c95b731e2273de8a67170d5f4606c96c649b8689e6bd04d1880b,416,416,12
train,glass629_jpg.rf.28220e7c7fa61cd85b8b2292750d0824.jpg,train,glass629,e4cf75290849b0c43953a6ff64b6f1130a8d193ebe57bdee42a1125289c9275a,416,416,3
train,glass632_jpg.rf.7248ce37b2ce0ce21384e925bba3f46e.jpg,train,glass632,cf284968eb19ede4a7fd84eacb1f619e26f6b31ba7e2830209fd708ad606da90,416,416,2
train,glass633_jpg.rf.482b3debc18a011817ca039238be999e.jpg,train,glass633,f171d541b046eede9485756278f3462cce98b263ac7bf01f685440b00dc23139,416,416,2
train,glass637_jpg.rf.76f6bebf16f94b33ccfaa9ad54b85107.jpg,train,glass637,e584bb8ddd1082a4290648026f1d9db9055fa08e53e55ceb97b70bf78a53564a,416,416,1
test,glass638_jpg.rf.ea40857a07d283207957efa429a736f4.jpg,train,glass638,79a4d248aaf5b2ac7acfe531902cf9b27cb203799b10c4d2879b548e35813db0,416,416,2
train,glass642_jpg.rf.4e7542f92f8e66e037ff6c2c06533e1e.jpg,train,glass642,7d02f68218f0f6a6ce65f7600327bf5110021663f0956a78ccbe5d1e4935b37b,416,416,8
train,glass643_jpg.rf.e254ebd24c67d5e8b5aa516ca5494960.jpg,train,glass643,9d4b7c6c93b818ebb70181324805539bc4416f394db2cc5ff1f250007e8f157e,416,416,8
train,glass644_jpg.rf.4ab181179dde706e1155bc359c9b9cc2.jpg,train,glass644,082dee727c3511d6d160f0c4569fc43339d550750fe246ba3a5ef866b3b60976,416,416,2
train,glass649_jpg.rf.b5cb368d110291dbe3fbbf2125cb7824.jpg,train,glass649,b45ead3cf8730d90aff665aca261f2eea383870e4cc61e6d9af22283fbf1fc61,416,416,1
train,glass654_jpg.rf.6f73292810352efb6f44104ea5f0d750.jpg,train,glass654,69e4dbd8a5f26addd52368908201bf58f0a324ab0695a12249d7d3f6c468f2ae,416,416,1
train,glass658_jpg.rf.316bdcf6895f9a575bda9c9e9fbfcb44.jpg,train,glass658,e1b3dc366a83aff3c3f06eb7d12531199297b4cf4f9dcfd56714eca901ec41ea,416,416,6
train,glass659_jpg.rf.461e8aacc75d80de85f085507c3cc348.jpg,train,glass659,5008e2c3d447f70eaf2d1b46c995e33f3d22d1b621424cd5ae61379753032dc9,416,416,2
train,glass660_jpg.rf.916c17e67186c933d69ec568a77f4652.jpg,train,glass660,3909d408d42c281e3af203131024ac14e03c8566d1862c36dffc60c74304ae56,416,416,3
train,glass661_jpg.rf.ea82e18f65054e899add406f98b3141a.jpg,train,glass661,0c8ae1b529f2db93ec12be2c4560a645b5ee2e74760e23794587e9c5725d813b,416,416,1
val,glass663_jpg.rf.6bf0243b718dca22e9f8f7cc057de140.jpg,train,glass663,9d988bd009f2930e6e7b7e2b358adac55ab6ecfbafabbb84fcd7106f6a3d71ee,416,416,3
train,glass672_jpg.rf.e84ebff474d8eeb932c6707e74be1059.jpg,train,glass672,f4a803bb0864467884f2512043125d66f587f43599bf55f2d96d9d7f239c943a,416,416,1
train,glass673_jpg.rf.b406e57d3c112dadab4c3fdbbeb3c441.jpg,train,glass673,953ca556452b898a32169bdedfdca93640eb99b19d54585bdea9b51006e29015,416,416,1
train,glass674_jpg.rf.9e4780d9ee8158f63e606c744332a9f4.jpg,train,glass674,25ce374f725dab47eb30450ef9762964ae8cfe36fb21afc93e5e51c0076d4afa,416,416,2
train,glass675_jpg.rf.81b949d13fdbade321dac9e230b4aa1c.jpg,train,glass675,3e520ace6cc4a94368c5096928e6ba8e12e5e82a926bc4aa393a18b515139c62,416,416,1
train,glass678_jpg.rf.871cdf25bfa31dd3e998189d0f82ab1b.jpg,train,glass678,aee190dbb3b369d27ea49d45bdf5a094734ea0c700e58576c3d33f258fd22302,416,416,1
train,glass679_jpg.rf.bcedc5db0cd57dc089c2ae520147c292.jpg,train,glass679,a243da54761b5b0f4f7c5fc507a07bdf91092fb1339432ab8f54eefba73f0776,416,416,9
train,glass681_jpg.rf.657642215446be9c8fe00da0d2c7cb57.jpg,train,glass681,eaad29122f2291bbd3c7f95db6679bcad4b33da555cf257c240de4586a7cafa0,416,416,2
train,glass682_jpg.rf.27f37f871485d2eba7e5ff8b1a5a3fa8.jpg,train,glass682,1df83295922ac46a8fc19e0cbd7c94e9655e5c08d3173ba9f7a201c98f3d3743,416,416,2
train,glass684_jpg.rf.b37c0612a86177b02e94f0daa19698ce.jpg,train,glass684,39a8f6f42c7a8da9f60a2eab1a64353bdaa64408820fdf331efe4cbce0f7258f,416,416,3
train,glass690_jpg.rf.0f15979ae57e2c8d5d32dacb494f69a2.jpg,train,glass690,f31241f71f9edf1c7e993ff680bb9a0391f787bd6e393ee54171613c9b6aa16e,416,416,6
train,glass692_jpg.rf.309b08395cbf937421714b0ed7f9b5f0.jpg,train,glass692,348cad2a7d8cc902fc6b18de9f402e6dd435e9429f43bf38b66862669722c31e,416,416,1
train,glass693_jpg.rf.5f5a210a2ce3b51fde175e9818e6313d.jpg,train,glass693,141f280bef401d218f254aa92659383dce27ab12b917032c408bf8d259084da2,416,416,1
train,glass694_jpg.rf.38c17afc2d4f77e01b4036ab923494d7.jpg,train,glass694,e3356cb63e2c685d95cd482c28e137ab556e0073e65be9d3b04b7d7e3b877db3,416,416,1
train,glass695_jpg.rf.ba7e904a4a4686ef3b539cd08f6bc39b.jpg,train,glass695,0efa8e2f10392227c0630dcaa41053c75fddca3e40743c1d44913f166b20ece5,416,416,2
train,glass700_jpg.rf.3cd54cac56adac499c22a45c134a71bc.jpg,train,glass700,c98508d0d6992d5422621c5a7c5a9013bf74bf44893c9374b599fc3abd77bbfd,416,416,2
test,glass706_jpg.rf.4885ad159bb0838fac11782c5504ea4e.jpg,train,glass706,bf9385a8cfffd105e84faebcd7edacaa012a8691f3bc1edd60d9260a28aa0b39,416,416,1
train,glass710_jpg.rf.8b92f0e65cdd9120078ea4f6742f3e01.jpg,train,glass710,da578d638cfa481a85c7d34ec6e3524e4239ea260070a970c76c2524ed21c056,416,416,2
train,glass711_jpg.rf.622fb6d2615de76ab84e89613dba7584.jpg,train,glass711,57e985c2f8d12b583ba80e17a0eef2b71544e0af7fed5c8915a04b130e6a7704,416,416,1
train,glass712_jpg.rf.d868d1c518e9886e733565bf585e3a64.jpg,train,glass712,3044a1656d378528197fbbd8de7d348f7f193fcd8dc513832153ab6b25df4c35,416,416,2
train,glass713_jpg.rf.27525257dea49e6197814dc92fbad66e.jpg,train,glass713,40db81cadc46510fa314bb2e0a51d707a84272e3fce761f2b57429afe239dff6,416,416,5
train,glass715_jpg.rf.880d85c056c6049c6c0668d730534891.jpg,train,glass715,8e4829a0e09e4b046cfe410938546850142098e4bd3bca7136515bf9b3bdfdce,416,416,4
train,glass717_jpg.rf.52bc261be2905d63b3edfff3b83a6614.jpg,train,glass717,e1e849bd0602d06bf29bbd6c4b9464820a02d87ec4737bcffc323b7f87d6077f,416,416,6
test,glass719_jpg.rf.db7a085c18d6b9bb0539ecfc226323f0.jpg,train,glass719,6a78b1c0136e43a5356eedc18f6d5dd363006f841a633b02cc9b1f49b6369acc,416,416,12
val,glass720_jpg.rf.8848635971f282ead9f38359aea104a0.jpg,train,glass720,d9a4b71b6a164b711934dee410f69973377b0b71e6dc481ffe7e988ccf76f8c6,416,416,1
train,glass721_jpg.rf.f80ca62063515a4313320bbd3376d45e.jpg,train,glass721,e94c53f57e5c29a2830c70353537cceb5ab5dff9b080204119a243bca87a43bb,416,416,4
train,glass722_jpg.rf.1b97eca18b374e90ec43fe9d11940ab2.jpg,train,glass722,143136303d29a93a4422ef67b665289bdcb0c7306b195ab94a1a70b0c61a7dc1,416,416,1
train,glass725_jpg.rf.2c93140dc6a2eb00367e0b2e0009151f.jpg,train,glass725,fad2daca9f5fb17aa001fe94ad73211a8802a24481f424d09a87b8e3ae427ccc,416,416,1
train,glass729_jpg.rf.5fd8913e6c2a77f3a762cc445abf7f72.jpg,train,glass729,6f9af72dcc65905300cf1bad2ab6dd87da4437dcafd7fa50a979c02519b25052,416,416,1
train,glass732_jpg.rf.389aae221e7a0bdb7ef934b33ba4c719.jpg,train,glass732,f96a6b0cac8b0004c25b951c1a41bdca3b75bc4d74f831ec5c39d985d157dec8,416,416,3
train,glass736_jpg.rf.307c431c4356c93eb21064b1c4fcd915.jpg,train,glass736,25bb9309ed16714812d2dc4a89e46c3bd94ccc4671fdcf49c070729f1eb94b22,416,416,16
train,glass740_jpg.rf.573bb8a2bcc7cb206519318f93cb241d.jpg,train,glass740,6cbd0ce4be37c14e6afeb7ba943b27d2a2f5162ef2f2cdbc6f8a4c232e7a1098,416,416,3
train,glass741_jpg.rf.59a416dfbb4aae5dbd5c7ebd3f5720bd.jpg,train,glass741,d8aea72467ee9fbe5132835dfb15c2ce2a68619b480dcb1b251a730816532df0,416,416,1
val,glass743_jpg.rf.5159039225bfd225949ecdefce60b3b4.jpg,train,glass743,babd796393034592aeb394b6a3d615a842f427cbaddc640a0aa937b858d4ee88,416,416,6
val,glass751_jpg.rf.260fa2573086fedef3fd494546a53b6e.jpg,train,glass751,bce594aa1c51b555a5ac39c453582f4ddb0816e22cc636d77da717a27f68cba5,416,416,3
train,glass754_jpg.rf.6358aa81b04b10edc7dd16f198a8c400.jpg,train,glass754,b3f727d0a1b3960db2a46dc990383ff12cdcd5093206c0692b34e05a3bf579b6,416,416,1
val,glass755_jpg.rf.3227b436758c860cd87913c8a2130ec6.jpg,train,glass755,851d6b6124d2723b293fdb12c2873921944382ac99f12203ca2d23bdd6c25777,416,416,1
train,glass760_jpg.rf.abccf207c329b23dd3bc9421ac9ca9e4.jpg,train,glass760,2ef2727483971b2cb899a4d12c3af49e1eefba00bb5aad68a25f728ae79ba706,416,416,3
train,glass761_jpg.rf.08af49f3788d536c448121f689d7a901.jpg,train,glass761,719d41367965ae65167656e4f50f7abec2c2b38639dfedf037e30465a433d90e,416,416,2
train,glass764_jpg.rf.83f50c8f4c1948a00b301e98b98ad920.jpg,train,glass764,5298764aa0768e5bcc1592125c62d1dfe6405466324409269059d66fc8797bcc,416,416,1
train,glass765_jpg.rf.864d26567f5e63f56e9c8450427580ce.jpg,train,glass765,b806c625147f42d552e809dc1392af3a766b34183fef2fc0275321bcfdeb4f8f,416,416,1
train,glass769_jpg.rf.e300ab4ecce379113058f1bc5c054a0b.jpg,train,glass769,e1d5310b5bbb4eca45bd2804c26a11cc7fe252f65ad3c931600bb26a680de5dc,416,416,3
train,glass772_jpg.rf.d87378c5c7e8d180d4710a4da2aba3f7.jpg,train,glass772,9f5ffcaf6b36b65f684d499e9661ce4b80bc32a2d2828b61d722e471d4366811,416,416,1
train,glass775_jpg.rf.1e77999341ad0f7fce9b6de778f3166b.jpg,train,glass775,8ec22a84886c8cf7fac94cc5a4f356246aa51d84666eab9b69a7c17058d5c45d,416,416,6
train,glass781_jpg.rf.7b75dba6c30445a174c5e4ece4a25dd7.jpg,train,glass781,812581ee147e655adc2f41bfd62e05fe90f3e7cf5cdc8c9773e060cec417bca0,416,416,18
train,glass782_jpg.rf.bc80d3f2acb34d22262cff9510320bd8.jpg,train,glass782,9e9d10601f996f2e37c0e09ad1e179e79ff3de6b03517f83e53fe24dee9b25ae,416,416,1
train,glass783_jpg.rf.078134579699b7d1020a26eded7a114a.jpg,train,glass783,8159e57dcf7ae149c4ee83afa4270cb4cc5c771573a553b9049b2cf590252ad3,416,416,3
val,glass786_jpg.rf.97b79948940ce37a2afb0db260d6f153.jpg,train,glass786,4cde931deebf4fe9af681660cfe3d42f044cf126ce7ccdedf742fb0b82d59a92,416,416,1
train,glass795_jpg.rf.e546506e41d8456fc82cb94ae53c7c97.jpg,train,glass795,605a4c0927e0cbc34bcc9879eeeb0a2bbefbced90edb530dfe7ea2a39ad69c40,416,416,3
train,glass798_jpg.rf.affff41d7e2b32cf6af76be66f505e1a.jpg,train,glass798,dd9ad44c4db03cfa1f0afaa73bafbea5557f946e4f1c0f3d3f2733b1ba3aedb5,416,416,1
train,glass806_jpg.rf.e4a9ce09be9cbe3a139507fdd73ac928.jpg,train,glass806,c823e17c4be22baccfc2eb08920109c33b0281db79da35554522ced43f64fa09,416,416,4
test,glass809_jpg.rf.e59e98647031f48f90af43d14899390b.jpg,train,glass809,363460c54a6d2952fa250b880bd57a7408efb55642870f28fa79b0a98dedcb20,416,416,1
train,glass811_jpg.rf.280950c762c93cd855922dbafc6862e6.jpg,train,glass811,24c21cb4417ff8d5869e016abf184bb4378ad9a958b4b3d48cd47f4f680f6804,416,416,6
train,glass814_jpg.rf.98d8dfaedc88ead1a94bceeb28d6af6f.jpg,train,glass814,469af43588105fc73ec6829bf3fe2e031fa27080e3fbe93bec71a318de43f5dd,416,416,4
train,glass815_jpg.rf.962c2fc90d863cdf182f54581dd4e05d.jpg,train,glass815,408168a9753d0f4eb18e55f78b98a13299dcd19f3153cb0fb0091177a316f10f,416,416,23
train,glass820_jpg.rf.91b389b6d68486f8d78cfe43c7e8d390.jpg,train,glass820,8d555c8b0f6d44968cf4cfc1eb128b7b14bfe7bf8fc4673422a84b992cacab9a,416,416,1
val,glass821_jpg.rf.ece7c0004b32a9281b69e8e22693adde.jpg,train,glass821,1fa20ab9bb406074c17336a9ffb0cef8919e4cc270bf099342df42af7188b1d8,416,416,2
train,glass822_jpg.rf.c2299011770c5e334a58e618e1d695eb.jpg,train,glass822,3bbd5ec36a6a7af29b97ffda9a7fea78bdb475f84179c9d1dcfc343233ff5406,416,416,10
train,glass829_jpg.rf.3399e9489faf986f36f1bde2c357048e.jpg,train,glass829,a6798e68882cb355c73679290b9211c0aa4631739ece0254679b8884d9ecddb0,416,416,4
val,glass833_jpg.rf.fee78529742388cff97e2c566bb9b9c5.jpg,train,glass833,72cc85981601530c397dd7cfe60d739c74407285297a7587fee9950b85efb776,416,416,6
train,glass836_jpg.rf.0de3e129d2acb0501b2cba4b62d1541e.jpg,train,glass836,1017472ced70242f814d0575501d59c28a92f9ef84112f07b60cdc0e32f47ede,416,416,4
train,glass83_jpg.rf.dce0e495297a6572167da02862656378.jpg,train,glass83,6fed587d2021ea9e9734cfd394e0dc0bfe0c2823f63d4a0412223e59c328b704,416,416,1
train,glass842_jpg.rf.c601eb3c11342aea2b096855c152ee42.jpg,train,glass842,306e1846be7ba5cdc5bcd8b14e5a9e0d658050567769f61c6c20dcb7455be08b,416,416,8
train,glass846_jpg.rf.0e69dbf5accf5d73ed7b3950d17d24b8.jpg,train,glass846,1e067baeb07c16ac5e3e398cf7450473f1352bc26b551cfffb53aa2962ce1e54,416,416,1
train,glass848_jpg.rf.ff4ffb6b6a90a06cda3e1f091c057b57.jpg,train,glass848,f70deae45827d2247302971dfaa7817358cc94702a69eb7812c82277cac4f483,416,416,8
train,glass854_jpg.rf.7fc3e51da86497dbaba95d6bae2f61ff.jpg,train,glass854,32074ed881d18dc6d9ea5a98e0570f3bc1dc1b25997315e3d7434a2ebeefff04,416,416,2
train,glass85_jpg.rf.7440d8db1b0e0506b401470691705a09.jpg,train,glass85,c0d5a6931d99866b5dc6d2580b57e2b2d87e789add90a4d6ed465f3809a7cac2,416,416,2
train,glass861_jpg.rf.8431645cb74caadc421747007478aa01.jpg,train,glass861,928dafcfe1fd425ccdf2b21fe8dd9381652866ad280477da06956876ac1e5f0b,416,416,6
train,glass863_jpg.rf.a4e35435521642530106c8289bd6671b.jpg,train,glass863,ef70ecdc4449303a0e0dfe95e8fb996ebc99a8b91e30b23096081d7d6f9c2922,416,416,1
test,glass864_jpg.rf.49aac5c3600367b1756c2ff7575e60f1.jpg,train,glass864,25fe42e62f1d5818689a15a9ce2cea81d8b17b32b1f8b6bc578d8d8167145a03,416,416,3
val,glass865_jpg.rf.e2881c5a9d0136224d68eaf7976d4be6.jpg,train,glass865,ab21cd5f9d58e863e48ad3a3e8e31d48f02c527a8cf93ee8a658630b1a996e7b,416,416,1
train,glass866_jpg.rf.5dc8ae27eafd2e1fe321c14d1296d3e2.jpg,train,glass866,aef94eb2380957daa81ccf308fdd9e429de5109e5a04396124e80dce1d0b44fa,416,416,11
train,glass870_jpg.rf.927d054959582507a483eb407abccaec.jpg,train,glass870,40493e205e882da5a95fce153ca0006cc84edafb22d50ff4623a90bc774024d1,416,416,4
train,glass871_jpg.rf.d4a0e929d451f02ba0fad4e06b4479d5.jpg,train,glass871,d52d05d87d65ca505e7bf253e6aca84b47512e05e4d2610cfb876188b2d4fa64,416,416,2
val,glass876_jpg.rf.bd22313343845b9f13ac2d818538a99b.jpg,train,glass876,eff8ed59738399c241acdfe0d03eaf3b8cbbdbb303462b46ceca83aba3988fba,416,416,1
val,glass883_jpg.rf.05a726d5d60b1873fd2105994e05068f.jpg,train,glass883,287efc769d9f2e67572670a33e204c0c414c0ab4c7c5169236c7b977e4eafa50,416,416,4
train,glass884_jpg.rf.fd701355a190b819b064499b6ee75b19.jpg,train,glass884,da83a2804a724a6263ebbc57448bded35a99a94a50ba22bf971876aa06279c78,416,416,1
train,glass889_jpg.rf.dbb9cd44755b38c89f707fa376dae08d.jpg,train,glass889,d723ee21c465fb4060d23e0b4a7f73b03bcc32c296da77a4e2381a0530f9fc62,416,416,4
train,glass892_jpg.rf.d96a021a042d471bc55c924273b257de.jpg,train,glass892,14d298a5cad488cee7dd7b7083cb81827568b1b6f5e508d088115e4ac13ec810,416,416,2
train,glass895_jpg.rf.18e7354e07850cfd542c1800db5c4b53.jpg,train,glass895,1ab285de30d4980a91bbcdf1747677f92e203daa649c3ae65b19e3ff6bc0e9fa,416,416,1
test,glass897_jpg.rf.7f795d00e3648fac4955d71009f8308a.jpg,train,glass897,76207bad55db64773ba3945821a43284b9cc49f96f2a138d8441fa7387db8271,416,416,2
train,glass901_jpg.rf.01c2951fc1eda53c4370d18708e4afcb.jpg,train,glass901,e542abc3b02b2a511537060526f437b92d2ff8d2707b0278dc56a2ade556b1bc,416,416,3
train,glass904_jpg.rf.8d4f4f20f7fe7a00462907f48df8cb8d.jpg,train,glass904,adf0535965d2ef0cbe3221d72876a3b4dd0a4043d53c8a1957744d976170e669,416,416,3
train,glass906_jpg.rf.ea8f8f3037c39367339f0960da020d68.jpg,train,glass906,511abc70e6b3ac0836e9a802f5d2d53a13571bf9b8e09856d191aad1d7a1f429,416,416,1
test,glass907_jpg.rf.69f7a9dbeb10e9dc6f715312ffebf4ed.jpg,train,glass907,b3fd5d8813d993a8f787a267ffb96534d148b628f02b8d48866ae0f839c000e2,416,416,1
train,glass911_jpg.rf.1dd3001591b438869afad494f372a252.jpg,train,glass911,ae14bfed983bd2ed36f314c9a64fff4b334c8b0d1c403bcf0f85be2ed7f9724c,416,416,5
test,glass91_jpg.rf.fcedca58135402a41b7dd5d75b1c78ea.jpg,train,glass91,049e3260bb3ee4561413affda17dc12df626a10df1a2913814d035277a5278bc,416,416,1
train,glass920_jpg.rf.2f9a639fbdbb96f0f368008f2b7dd639.jpg,train,glass920,136a703af09b4329e07174c62d4780aafb777e9158ea274e608e054c96c52cf3,416,416,11
train,glass924_jpg.rf.392cc9302b4976e465133fcd99773d48.jpg,train,glass924,c5fc5b09901c012c9a723f9a37944544fd8f0d42f9e608b203da49dd75c63266,416,416,2
test,glass926_jpg.rf.7f1d53125dc2aae0f318647ccda6c0d4.jpg,train,glass926,f7670bb5638f0ab54221e19fde4b6466994f758baf1b583e249576b91982acf0,416,416,1
train,glass934_jpg.rf.bcffac91079a315ed34c0d18f5f9a7f7.jpg,train,glass934,e45602c6e99ed069dc1fcb68916da2fe9abbb317bab5ac298cc605fd2762533a,416,416,2
test,glass937_jpg.rf.4871cb6911094172db787b89c161aae6.jpg,train,glass937,b5075bf16b6ed9ee78c92d2523291cfedd59b0c0b1118142f66a66746909b09d,416,416,6
train,glass942_jpg.rf.9215ec39653275c469b09e5b4b0e5619.jpg,train,glass942,073c7877875bd6add2b02fa06a319252844838dffc10f11cd7fa1459bfc65da5,416,416,6
train,glass943_jpg.rf.6bd5704a35ab4ac2c41a755f6ab946c3.jpg,train,glass943,e0458745756aad94563319f0ac49abd428d7ee5dce74c34f93140ddc23958b6f,416,416,6
train,glass945_jpg.rf.78143325f343648570f474cc7e9f0765.jpg,train,glass945,ec36d6cff8e83351a797e2705cb64049b3860f91d6531918d82e24f14648329f,416,416,2
train,glass951_jpg.rf.f323c66b5c8ca8467150f8ef9186dabf.jpg,train,glass951,747af92fe063a943bce5093805a32fbd98668e69695d76180da44d9b82fd16e5,416,416,5
train,glass953_jpg.rf.cbf5a31935ce38ac780c81c571d3abc9.jpg,train,glass953,844e7f3cbd98e839bf84943c36ebc52a462471302f9ea06baf858e01bed73d55,416,416,2
train,glass955_jpg.rf.d725c20d411490150d3f52393cd8771d.jpg,train,glass955,4275e5af8c3a395f1a80bb2ace1ce52c93ad0ba87b0a050cae1aec5ca483463d,416,416,5
train,glass958_jpg.rf.cb098798d8621023acb51e457c7236cc.jpg,train,glass958,c50f163349549571e3974ff142d7288a4fd47f99fb486c2e41fded12622c70b3,416,416,3
train,glass960_jpg.rf.11b2d3fbeb6029abfa73c3cf2303f7fc.jpg,train,glass960,02a0e4028805711f0e3fe82ac433b977ae061380c48eda46aea0bc1091bac21a,416,416,1
train,glass961_jpg.rf.804ac5d2c43190125a53a5c1e1767e9c.jpg,train,glass961,7953583a10c1b1371460e239158f7a96fc2b03315cef6d63de800b9b134aaf3f,416,416,1
test,glass96_jpg.rf.99d1266b09139ad40fdde7e3f575ed19.jpg,train,glass96,51b54ed498a3dd72e7c9fd26c1a4c0da266f56f94721174901b52ad8435c8779,416,416,1
train,glass98_jpg.rf.0eec18b910ea39eb477169b2624a1e07.jpg,train,glass98,a1967e25b23e11728732f37713559c74301a5754ed32121a10196bdaf2e20284,416,416,1
train,metal1001_jpg.rf.15885ca873fee1e27bcf7e83a0d2ad0a.jpg,train,metal1001,18bc7723f9166368a733d0d3d544dd8f3561567d26907d0e6d8a20f17679c0ae,416,416,1
train,metal1002_jpg.rf.b17e87c0868b2cff0a416f97cbeceb66.jpg,train,metal1002,ccbc2022b2c0f0b117327a6290268b031cec2a7fa7723cd606e4a9978fc66cec,416,416,1
train,metal1003_jpeg.rf.48c070ba87ba3c17fc97effb6adf36e4.jpg,train,metal1003,a6b10d19e8959795097e8abadc5e6f3bf2436365e4e8f845d1c7d986b9be01cf,416,416,1
train,metal1004_jpg.rf.bb6c9f443d16e19af33e05a9d2e6d9f9.jpg,train,metal1004,354a5bcdedab21d274f038a400f8c78a6c49ec7828669ede3e29aa25f4392f81,416,416,2
train,metal1006_jpg.rf.8931497fa35844fb372000c79fcdadc0.jpg,train,metal1006,a3a6c9580e965e142bc3b8ec858cd957f141784fddca65be70a748dff36437ee,416,416,1
train,metal1007_jpg.rf.14196a7b6dad9b12d2d03df1b07524eb.jpg,train,metal1007,cf647c6414a0f965d938c02f296e5f5258ab4851d8fa5fec4ae88976536c6e2e,416,416,1
test,metal1008_jpg.rf.43dabfaf97b770ef0ba5eaeec85b55f9.jpg,train,metal1008,92e31252366218a4694586afb897c3da0bb70d2459a26b0896ee3518c01e3dfe,416,416,1
train,metal1009_jpg.rf.d9b380e37c963c4526ff63e523c29af9.jpg,train,metal1009,82655130743859e2b87041347abd8463020de746ad2140e4971889df6fbe7632,416,416,1
test,metal1010_jpg.rf.02a1b82c091505ff0f3ea432f1c47279.jpg,train,metal1010,568fd8e11b7c2fa9f6e0bb780f6154eae5aa10676ae1714ae54c48fd456391b0,416,416,2
train,metal1011_jpg.rf.8f364682c2d1e3cf342d074aeb7f1bfe.jpg,train,metal1011,d44c010eb667dad60dbb6fefe8b49fb8272f7e1bd294273395ec0aaa4b4088bc,416,416,9
train,metal1012_jpg.rf.06ae8fcb77751573345f5345d6c3e59a.jpg,train,metal1012,a1c2b4a74688877179718070d3c5dc7da541ae4f672494d76cc8c0431d7981d3,416,416,2
train,metal1013_jpg.rf.b4c9e543f42bafdafba197e057ececd6.jpg,train,metal1013,45f8cc2c69290c115191a7db0c1a1a8d340aa5cdb4dfa7dfd8aff9923cc50df1,416,416,2
train,metal1015_jpg.rf.05d1ad5a8e185f9cf30da53a3a50b35f.jpg,train,metal1015,c129e12789ef7c170a5ada2cf7e454ceaef3b7317de64f153e1b758a80fadfc4,416,416,1
train,metal1018_jpg.rf.7cdee226456c88091a84520143e227a2.jpg,train,metal1018,61575263c84f84c18833e4a3fe6ef674267d4b100be8bdda6cf1c97b5234e328,416,416,1
test,metal1019_jpg.rf.525850152e9ee20035dde1a900942a14.jpg,train,metal1019,36c7818a282a20db66ffde46731045e0cfaefd527e1e227ff0a28e96e1138b39,416,416,1
train,metal101_jpg.rf.74d9df53c346867af9e160a339cce655.jpg,train,metal101,3aacf128b120d93963d2c1bddac85f994b81309efeba2b7afce5b85f4ac5457b,416,416,2
train,metal1020_jpg.rf.b39a27c5c17e4f7285dad8fe4871094e.jpg,train,metal1020,0f4f033788f5e23291f74def5d360f35671ccff3ec4fe99c3a3ca9f5f3453901,416,416,1
train,metal1022_jpg.rf.983a0e7890f79608e0b35fde6dc1c974.jpg,train,metal1022,2c7f729d6b134bed83f0b077735859ccb45f4d4bc6639642f4e8028345e97a44,416,416,3
train,metal1023_jpg.rf.a2a82453d6903d3902ebb7baf4a4f4b1.jpg,train,metal1023,550b11d72d1b6ff4c5da9126118f52105b125f11551bb5e5a539f83e75c3d3a6,416,416,1
val,metal1024_jpg.rf.e01750c3e01fc86f5c83a2683f369060.jpg,train,metal1024,308d4ad2a472d370a0ec27c244d4b345057df35e6ff075ceeac931d698065530,416,416,3
train,metal1025_jpeg.rf.eae32e50db53dbd29d483fb92c443dbf.jpg,train,metal1025,f926a320207102b409eae487ffaa14739eace06fd0aa2d5c855fbf1089850291,416,416,1
val,metal1026_jpg.rf.1102ef00c7be38a55cdf3eefd22debe1.jpg,train,metal1026,7d6b839925e4305d8764e3d724b8569f5253ff797da4cde29f386d11c463cd02,416,416,1
train,metal1029_jpg.rf.3a72f51c8dda685c0bafc06c305871a8.jpg,train,metal1029,2a805eeb517d4f8c69bc41992adb2ae6f5e63cf853596f1fb1457e3851c85a50,416,416,1
train,metal102_jpg.rf.4970c2cc3ba45ecbc359d00a6dbfec23.jpg,train,metal102,24d757574dd74b37b3b323dbb5a35f38b7af04068a1fdaf92e7f06da3e585b2e,416,416,1
train,metal1030_jpg.rf.aa874e9482463ff344e9f0806e2a81b4.jpg,train,metal1030,62fcf4a4f1653da792de423eec54b179fffea7457e2f9692d3211bf24d5ce8af,416,416,2
test,metal1031_jpg.rf.204f0e0cd77565191f45e061f28e14c1.jpg,train,metal1031,2f9a06cc922ccd483461188d6f14ad1c2e824b8427a091fb0948e9812167fc42,416,416,9
val,metal1034_jpg.rf.0be94f8ca801b4ee923a162be0bd7705.jpg,train,metal1034,a7426ca75ab274cef55010f835784e04b3b70bbbe4294f708dc39b5c48679ce1,416,416,1
train,metal1035_jpg.rf.b0b65e1f11a4ae724819550e32efec41.jpg,train,metal1035,ac34bea0c6d337f90359b6f16b314b7a88990666647277939e196b8e7f42558c,416,416,4
train,metal1036_jpeg.rf.ab3442550e0cd32f1851e11d636d390e.jpg,train,metal1036,5b162f5091770495cfdca8b6679943d8ad5bec1f14964e9f3f5de813db90c8b9,416,416,1
train,metal1037_jpeg.rf.91eee1a7944c67ce2cf3fb8ed0ca4189.jpg,train,metal1037,3d840f286e7a89c796aedc2da594ccb4865d6494f0482fe464a3e2653e4e414c,416,416,1
train,metal1038_jpg.rf.7687bc964f7b69e070c4a2cb2ed4c982.jpg,train,metal1038,37e700ffbdd026f702074fc2a0eb6e5ec7f612d2219cf70643607f292048a435,416,416,1
train,metal1039_jpg.rf.601b1833ef8b226d24dc2cb44f6cf626.jpg,train,metal1039,c8a64ae79f1526d05726501a61bd6cfc7342c57c42379a20b02f2d0765e299b4,416,416,1
train,metal1041_jpg.rf.c35c44694d7c4cb4e01206accd2a5546.jpg,train,metal1041,36db90d8791f4fcfb325ceb977e02a8cf5dcb6aa5968423a70b22ce66016c990,416,416,1
train,metal1042_jpg.rf.38a13f92dedc2b4fcf7d48cf90fb0013.jpg,train,metal1042,12a3bc35fa4e7119916e22737814e84fb24058c499bb9eecda6aa6999a98d401,416,416,1
train,metal1044_jpg.rf.83b5c7d91b16e11b0ff2cad0ebd34960.jpg,train,metal1044,09484c5c6f45727a5794c6df96b8c209195b905d186aa7631fde55154228ce59,416,416,4
train,metal1045_jpg.rf.6ddb4d5b690b3cdce25c7c1e5a663410.jpg,train,metal1045,6dbc7d6448cba156d3e5e82e9b59cdd58815a153742c0e56653174c1b49c4298,416,416,1
train,metal1046_jpg.rf.62f9bf9e3c8acc6dc04419a39b0b66e2.jpg,train,metal1046,678f5a7a1c5fdefffc48b2fb002b7f60da5cb0123591f1c89136a17f2a6bb95b,416,416,1
train,metal1047_jpg.rf.c3c64b44c2cfc99818c4e652f39141e2.jpg,train,metal1047,a2ea7f1222f881fe9663fc71c692f33d97cf931ef4e59bc2835e1aa16e8529f9,416,416,2
train,metal1048_jpeg.rf.396d1745d087b45340929a0e74c5ab12.jpg,train,metal1048,b03c361096f795da1f488e0181d57241f29949c31bdadd21b811044084f2cc72,416,416,5
train,metal1049_jpg.rf.24c3f090b96006bbf32c10c1dce46e39.jpg,train,metal1049,cb37f5907f8e09eaad99861734479b784954dca5481a29f2f1b1007348d02592,416,416,1
train,metal1050_jpg.rf.2bfcd2f457d39e26e583ec59aa026a19.jpg,train,metal1050,513cf4071f926c3857db19da519e9853f7b82218be0a775bd774eb3d84d188a2,416,416,1
train,metal1051_jpg.rf.270480729d5dcf8cc498b9523036fd7b.jpg,train,metal1051,de07099ee6b905cc9ba272b2bf79a16d31fa37fcfe63b27987457ceaa8af3066,416,416,1
train,metal1052_jpg.rf.cb67fb60577aec452c8161f14fd59ffd.jpg,train,metal1052,0a9ec1d35b43ff9d3ac10df4b62b509016e4dda69dd1f6b4dcfa14ab620f2294,416,416,1
train,metal1056_jpg.rf.f4d9ebdce9be543ec8fe61cf6ba07308.jpg,train,metal1056,4e7943c908033645aa4c16a1f8405397120b870c4c35e7e058c9e89d365739f0,416,416,2
train,metal1057_jpg.rf.dc50abcddc87b35be287dcf06e648346.jpg,train,metal1057,2f9ac06a0b82662ce3a9bf62e332458d23460ee0928d9a5ed4aa0bb7032ba102,416,416,1
train,metal1058_jpg.rf.39dd499b0f4cf5ad4cc9c64e5e89b41f.jpg,train,metal1058,d64a2f8b3b17f9c4abeb670a824cbc4411f9f1edab6a2e6817a3f92c6c76f492,416,416,1
train,metal1059_jpeg.rf.289063450058a9187b82487a6ba0320a.jpg,train,metal1059,3c79ff1a9b2096bc78e7e9278ef2e8d4a6bafca8e67922d3e6e8a5c208ba195e,416,416,1
train,metal105_jpg.rf.c8e0926c05a59e45ab2e75ed16e0816e.jpg,train,metal105,5cdc8df7507c974d8ace1711d3eeac23ee316bf3233d57c45f0ddc97c3d7a2ca,416,416,25
train,metal1060_jpg.rf.de68b68b9cc3f9308c5fdc35cd93afad.jpg,train,metal1060,7cc6b700c23958a150e4291838358364805e9bbb44464a5ac29a4ce9daf05e39,416,416,4
train,metal1061_jpg.rf.5780684763e8754564c94f447db4d795.jpg,train,metal1061,5127966db185dfe194d0631b78d1fb33942623a10f91f1b7848844d6b73d92ba,416,416,1
train,metal1062_jpg.rf.9dff198e8e840adcf0a1f0ae512d659a.jpg,train,metal1062,2171b8fd43072fc4fdf129b73a369ae1ee18e3a64c29cdf33ca6e69c5566ad0c,416,416,1
test,metal1063_jpg.rf.a3f7d3d798852fba92823679451fcd0e.jpg,train,metal1063,4c895dbe5d095332f657a1283bd545acb2fe7db6b0536866a8f87b40ed9a40b6,416,416,1
val,metal1064_jpg.rf.2a383c45de34ffc86f3299be03249ef6.jpg,train,metal1064,0b9e7a32217c261d70f750558c643a6528820af0e71b99e579d41aaf71ae17e0,416,416,1
train,metal1065_jpg.rf.f3f02ac370d48e9eb1673bd339abae6f.jpg,train,metal1065,2e067e5a3846a319f421f07fe92a0e306520575046d690f639c25d7bca6e88db,416,416,1
train,metal1066_jpg.rf.c3909737b7e8b2f13cbd1579fe4dc0eb.jpg,train,metal1066,d1e5b1d6df190ee7aa72ac1d3fa7323714495fd1c99a3fa763fc8f5ea16f3dae,416,416,1
test,metal1067_jpg.rf.c421c1595b8d840a4b2359e71b8b0b1f.jpg,train,metal1067,aafdc05160a02d69fa6790db1ca76beb4d86181e06b863d956a96c9cc1e74c1b,416,416,1
train,metal1069_jpg.rf.792878b3a15d53c94cd6900324a9a30c.jpg,train,metal1069,7bd608c4da03aab25d5e8a7ae32f87199236641d94320e7c58079d674cc915a2,416,416,1
train,metal106_jpg.rf.d85b14ae188e40bf1b39221286efccc4.jpg,train,metal106,7f4e289d100a952f7305a99fdf61cab5dd27f6200ff02c24cd08d486a7e8caa4,416,416,6
train,metal1070_jpeg.rf.6acc8b519215355dccc4d7ac5acdc319.jpg,train,metal1070,64863944af167ad5f2d89ab767eee032c5a998dbb45e7a4a84f75428a846f24c,416,416,3
train,metal1074_jpg.rf.d0381ab45ab1d8c04769916e07d2ad5b.jpg,train,metal1074,f47e6be542bb6853aeebc828337f3981688c9806d324662a9c9c3501f2f9d1d4,416,416,1
train,metal1075_jpg.rf.c44692d209ee01b0c397cd7d2891da7d.jpg,train,metal1075,83a5e8a13bdd925ae632e99e0e2197a4e045dbdcaf02685469bf694bbe3cdbb7,416,416,1
train,metal1076_jpg.rf.599e43d32ccc913f31f7a35cafcbde8d.jpg,train,metal1076,7698892ab15a33d57622084f5cd0774a643fd834e78854de1d109d0248f63c70,416,416,1
train,metal1077_jpg.rf.f2a818be1b794fa7e2d657010805103b.jpg,train,metal1077,d3b71bc98043799ccb3ec959e296160c7613e42053ba9b76fe7fa4805f782e47,416,416,1
val,metal1078_jpg.rf.74920a3f503285aa162064bf2f24a92b.jpg,train,metal1078,562f41953ed70004c636e02e6628cbca02fbf6729cd74417cb00eb4b32d987e7,416,416,1
train,metal1079_jpg.rf.9c804254d476361a3cdb90efcf786b52.jpg,train,metal1079,bafff1c4a1bb9ce864099968afd8162281ede3b9928ec6cbade038812d6b26fc,416,416,1
train,metal1080_jpg.rf.ecf74ff6fe0b3371ab4e7697101bb93d.jpg,train,metal1080,dd1130f229c11dc13eb554e2548c54357c7e010da12e71a1ef4942172d8ca466,416,416,1
train,metal1081_jpeg.rf.32037c63441bc6e4bc730bc25e2653a4.jpg,train,metal1081,a9edc3ea8dd3b22438882f2920199f846d7c09a09ebbdfea70c3d684a3a9a2f9,416,416,1
train,metal1082_jpg.rf.f9330deca32fe6e1a62ea693fed2a375.jpg,train,metal1082,7f48885831833b9e74b12248cf36c9bae0235e0ff599e7a25d975d89c49b60c3,416,416,1
train,metal1084_jpg.rf.caa98a24c92b6dd298978616b9f34615.jpg,train,metal1084,d471faf22a3b5de91c122cada04660b6d3c730f208fb8c1848dba94af93af4e8,416,416,1
train,metal1085_jpg.rf.a120134b870d2c55795329b5fe9e8b23.jpg,train,metal1085,1b41bafb9eef2a5861cc68f902cb14730938c7cab07a6739ae075cc39fea2fd4,416,416,1
train,metal1086_jpg.rf.9907cf4c3ca169e36df2d6951798f007.jpg,train,metal1086,4fdef9094f7c6edfc3531b9dc38a8256f4a823e3c3f66d7c91488a3ce3ee63ed,416,416,1
train,metal1088_jpg.rf.06bc089b2501f007f93161f4afc43d37.jpg,train,metal1088,624e570ad028c4d1f6bcec9e50df702bc06e00b6cff77a396bc00e4139216f3d,416,416,1
train,metal1089_jpg.rf.a44b35f1011fd7f829e49e715140e7ae.jpg,train,metal1089,c0d39c793cfa226fe79cbfb66664473cd7ff93a005e24760e810ae2edc879e6f,416,416,1
test,metal108_jpg.rf.c6a268bb75aaba46ecc9c6fb26f79db4.jpg,train,metal108,a390ef331d1986cb22804c17176c090a817611a7cbc2c0bb01650da4e22ac266,416,416,1
val,metal1091_jpg.rf.66dc0ddef07c0fd3c7e0c8ad909a1e56.jpg,train,metal1091,9e2212b27aa1b69f41a1b05ea27817ea4c65bbd403364456b8a8a7d8dd195784,416,416,1
train,metal1092_jpeg.rf.44a73367c66bc7758aa496450dbdd0dd.jpg,train,metal1092,4ea31f5f86d40b96f14e32c66dba4b788a3aa6d21a42ae0063ef3b8adaad55e7,416,416,1
test,metal1093_jpg.rf.381bed6c2b199c9226e9b7c1bfe743e3.jpg,train,metal1093,a0223128fd535a0dbb2e69aa6e4b678cbb6a6a4dae3abe41496b5867bc1a6308,416,416,1
train,metal1094_jpg.rf.1a6fd584a31b696d35b22eec6219d214.jpg,train,metal1094,6394c177c361ec2f02c0ec6c2d10108d8f58c51db43dce55d5493d9cbc3a8019,416,416,1
train,metal1095_jpg.rf.1c10d4eb0970cbb3483b9a5d5fa48963.jpg,train,metal1095,143c7fcefaeb9ebfd46f49abcc6805024a280e895eae2f79116ac1d0db840a44,416,416,1
val,metal1096_jpg.rf.1e044b7ad140734eaa67122308a042f0.jpg,train,metal1096,7978fc4c5975f89ded3d657e0f77186adb4875371187cc7ce87b6f118b53cb31,416,416,1
train,metal1097_jpg.rf.48125a1ce1ff944460b83de20a2b144b.jpg,train,metal1097,3db6068bfe3ee55c7c19b6cada3820f3934089b0c98200f34869f6d0269f19ec,416,416,1
train,metal1099_jpg.rf.a0c9b2b838666a2ed1235750855a7300.jpg,train,metal1099,c6d393893887bff52fd8eb3b8af55d8403ae93bd084a4b808353f60294fd7e76,416,416,1
train,metal10_jpg.rf.babe9f850d946ebff9fae32b1beae5f3.jpg,train,metal10,cdd9237cc67623b9cfc8b8a4d21315240af32b31256c189292981332056a80bb,416,416,2
train,metal1100_jpg.rf.eb50749802005e3d02f621e708bfc1db.jpg,train,metal1100,7bb34018409d0cb7ea616a52a013a1524c62ea93c69ecf87fcc301df21bc6fe0,416,416,1
train,metal1101_jpg.rf.fb38f32d722f3bd2d7ff3ec89b0f1edd.jpg,train,metal1101,ed299841d7283055cd962b640a6abae29a6964ffb5ef6e408093e8cc511a368b,416,416,1
test,metal1105_jpg.rf.5ad63c467e651f211255676b687f6e25.jpg,train,metal1105,f983e13c94ebf0ddac31545c087137131b47a31298819df8cec811222681e488,416,416,1
train,metal1106_jpg.rf.90bc6edd3a22489bc49bc258c40c079e.jpg,train,metal1106,482f0b739c04a0a2db88e60c5e65db09f5d7f5ac53d358a8f3f77b5eb358c00e,416,416,1
train,metal1108_jpg.rf.7675cbd84f858299abbd70c04795dc19.jpg,train,metal1108,0ed01b127b9081ed276c36aa0d113a73374c6ea7eca9f9fb9de9067cb8a57b57,416,416,1
train,metal110_jpg.rf.93bcc568d9daf5e817e38001f4648b60.jpg,train,metal110,bb2be714052b059a01b607e6e394ddcc39f93ff3334f72518400cc645a3c6df7,416,416,2
train,metal1111_jpg.rf.1c16c63cb2e72456ddb42d5d5fb4f559.jpg,train,metal1111,62b4a0163fcc5d87bef4d337a4eb3bacffdb72201c25bd0855aae621a68d31cb,416,416,2
train,metal1113_jpg.rf.8eb4c72b117a6aea3191914308bd5518.jpg,train,metal1113,357cf978f3bbf921ddccfef4d997c1a09046779a5bb6220400814c286f83afd1,416,416,1
train,metal1114_jpeg.rf.9cdc745cc05cc1c260bac0697ce2361b.jpg,train,metal1114,ad37d13d9189f9663b3b0e1d5e9d25181d2d94469dd48f3e8a2c812d8be609b8,416,416,6
train,metal1117_jpg.rf.d0e2832ec99826bfdbb159ef4579b577.jpg,train,metal1117,89b1d311f5503dfd5dd315bc1fd1cb3392971cd684fa16b33a5b893654e4d8f1,416,416,1
test,metal1119_jpg.rf.d558ff5c516bc19d4395cff4453f1b5b.jpg,train,metal1119,642c358b3a2592a577f7e19c4821cf05e0ac8606a509f65e2e3bdc12b796b863,416,416,1
train,metal111_jpg.rf.476ecfa143acfc0eaf6294ac98d20dcd.jpg,train,metal111,7367b24d73113afa330f6ec7339d7fa3a2151ec29f066539304654e3c8a40180,416,416,3
train,metal1121_jpg.rf.a2f0ddfd3a5dfe8c9598a0aef4dcd2ef.jpg,train,metal1121,61602762e0a3d5e78a5d382e44e0283203169453c8a24cec446d48da7fb3396c,416,416,1
val,metal1122_jpg.rf.b9cb5d3d4cdb9b1fe4f3bdc13feb5d24.jpg,train,metal1122,a63c83b1860b2912d0e2595189fbde56d56ed0a5b2017134d388e62f9e6e46fa,416,416,2
train,metal1123_jpg.rf.1f03fd32e64b0487a8eb069e22a5c8ce.jpg,train,metal1123,59abb61b8757663e2eba844a147e5a5fce25bd0f1177876a5d7de95d0a3fb73c,416,416,1
train,metal1125_jpeg.rf.bb7c9293e022f5e659fbe3c1a0adde1b.jpg,train,metal1125,e6e77dbfd4e26515a463ed2ff739d65f98cf6a20fe88acbdbc8778054f00d50a,416,416,1
train,metal1126_jpg.rf.c13fb9f52d1f8e79e37c0d02380eafe4.jpg,train,metal1126,1e39d8b860b4657bd95f34ded318bcdc7b2b9864c6f23c189b376f0c2bf98590,416,416,1
train,metal1128_jpg.rf.bf6e352211dfb86bccbf551974a11543.jpg,train,metal1128,981b85d77fe857f7dc2cd723987c0f0121fcbad07502949dce72be5def7018a8,416,416,1
train,metal1129_jpg.rf.beb924e37f61927049872a7cca45ffc6.jpg,train,metal1129,7115e3b9002dc1c147c98b5859c745f577243b0eb03d760a1f622f4e5bf2c35f,416,416,1
train,metal112_jpg.rf.1ed8516ce85574bbc590b3f28b7db27f.jpg,train,metal112,15d6e49e6558b9e4a1b6cd300eb9203cce771ecdbb2b505c0fc6538c58626494,416,416,6
train,metal1130_jpg.rf.82d702cb70a309bf14f5bb68dc1752b0.jpg,train,metal1130,bc447b911365575675a2914663113dc33b562b35d8f3239893bff09941fcf005,416,416,1
train,metal1131_jpg.rf.e34af53977f817d8c9ff30f8fc0405ea.jpg,train,metal1131,44a8d96dc7b9ddc24c6efb654ac1f91051a72c4f0832d7d755e56500f014de27,416,416,1
train,metal1134_jpg.rf.dd7c0fdeee2ba48d96bb2d2509e40cc3.jpg,train,metal1134,a87fc12d68aaab17384d40536fd47af25ec3e09d48e7f1dbc250022907cfd1bf,416,416,6
train,metal1135_jpg.rf.9c9eb55be0f317ad210676f1dc68f535.jpg,train,metal1135,c545c49906761d72d44e32aa6f8a570d98b149c07f162af794339bf691859e4c,416,416,1
train,metal1136_jpeg.rf.bde032cfabf7651641a12ff1d57938cb.jpg,train,metal1136,c5535c6fecbe56aafc4035e4250d26b1e3ad10f693be2b0d54b9c6870c8a29ff,416,416,1
train,metal1137_jpg.rf.d3728197276a97ac0d5a2b6fdc7d84e0.jpg,train,metal1137,875a7e66bb7c6396dea6118756d7ebfdaf9d7f53b39f998e385fb86a33c8a165,416,416,1
test,metal1139_jpg.rf.b2d410bba738158cbeceaef07adc5d65.jpg,train,metal1139,d51d30452b984cf5d165944d579e2ea7919ac127943b9189f4d2e4acdea2e555,416,416,1
train,metal113_jpeg.rf.5c7edc349dba1b51d8cfebcf3740890a.jpg,train,metal113,1528e4681139ab0edaaaa9fb5c7e302d32e86c1155fdaa91aae2ca4d547c13b4,416,416,1
train,metal1140_jpg.rf.77ec4594ac53bad1938297f06ff5058e.jpg,train,metal1140,7cb80c86cdf0aa15239ce09a84f948407e05deecd5dad83d69b6040783f2da31,416,416,1
train,metal1141_jpg.rf.be63e5f4686f89cc27b80e339e805bf6.jpg,train,metal1141,a00454a22c3d00983d0270db85eff65f6d9c88ba736114221895c052ed6b986c,416,416,3
train,metal1142_jpg.rf.864905349fad83ec8b289835848d39c9.jpg,train,metal1142,d8bb2ea53a3f3bc1a35576e2d730edf548a7525b5920dbc9d4f31d0775d7124e,416,416,1
train,metal1143_jpg.rf.4891e98998be7e341b91d8fb6322a25d.jpg,train,metal1143,6bed420df2190ad1491b5584a6c04a30b3da0c30dd5363082d9f16bbd6a547d7,416,416,2
train,metal1144_jpg.rf.ad6a5fca49511805db1c9af76e010c5e.jpg,train,metal1144,3e69c73bdb5e86155268e212ae0f0dee3a20c5b391569d1bebbc1b762d15a2aa,416,416,13
train,metal1145_jpg.rf.2ed16b3c725958e17626cbb8979a5521.jpg,train,metal1145,237052d7a86fc2a2f9b90f1d4979ff9a689e55b9986cca3012a833185261365a,416,416,1
train,metal1146_jpg.rf.157f4053bf65cfd468ebc33d69687e11.jpg,train,metal1146,cbdf21a03a874c1111cb515a1ddc72e150f4a00b62b908b0a32eec8abb6b45ba,416,416,1
test,metal1148_jpeg.rf.ce2967fd6a82b6251c53ccc1b9e4196f.jpg,train,metal1148,9f82cf94e01bd0ccb877ab03f8c961a4ac83c557962f2815778b418957d73a50,416,416,1
train,metal114_jpg.rf.8bf60d73400ee7905d0b5da5ccb2fddc.jpg,train,metal114,d0eedbc316c9773d488b2b32b29e559efd76c47244329990e1fdc47f4b2eb7ac,416,416,1
train,metal1151_jpg.rf.02bdea506ccd255a8a3fc088e1d1bb63.jpg,train,metal1151,5a225e65cb7ec407c2c32a2423c382f36299150a19805698bfad7a0fff1bc37e,416,416,18
val,metal1156_jpg.rf.11e6936b9f782a9eac2ac044dabab216.jpg,train,metal1156,4aebebc5729829f3fd3e854813dad5da6b822fb0afd232016f1f7771a132b308,416,416,2
train,metal1157_jpg.rf.3541126ad810ad80f777fce95ee5ea1d.jpg,train,metal1157,27b1a60f0fa81be15915e4f38a203c26381995864836ff92f84a847a10f1d93e,416,416,3
train,metal1158_jpg.rf.253040fe4d4ec2768d98c1e69445140d.jpg,train,metal1158,f406ac263e66ccbb1856c0afa29db0a64671b7d6ce24419ec21a3e311bec17fd,416,416,1
train,metal1159_jpeg.rf.7894282a3aeea809bf93935c06b13de3.jpg,train,metal1159,8bc5e715c73cc76dc169f055d7bc557dc40ce22dc84a721ee49471116fca5527,416,416,1
train,metal115_jpg.rf.69e011cff441c2c691f930d79bd4d160.jpg,train,metal115,699ba8255c8dfa8485ef87551aab72eb273e3300504af2dc4d0f07cf7faa2ff3,416,416,2
test,metal1161_jpg.rf.c024a7ae0358df335a17d6722aab0d00.jpg,train,metal1161,974ebfe32681a6672ce2d1f363c4aad98e1eab3595d5e57d27ee3b0f9b083851,416,416,1
val,metal1162_jpg.rf.bf3fdd923445ebfecbe362e7f858e809.jpg,train,metal1162,c0d9325d59e5e396c5e2f4843756c2380bc9e3335a8e68561550b5b9a5913943,416,416,2
train,metal1163_jpg.rf.71d9f49211cb86be6970ef891e697040.jpg,train,metal1163,2f9de44c62dc4ed2513184251dc2d696a3f453b54304376d46c8759bcbec4cde,416,416,1
train,metal1164_jpg.rf.ba155fe3c091a3d4d46679a915c56b2b.jpg,train,metal1164,85785f131ba8ee70b5b062ae604019cbc3d6e061f2ceadcfaea022d410fd7efc,416,416,1
train,metal1166_jpg.rf.206d295572d00d812aa8df05dfc54525.jpg,train,metal1166,4284fc04aeb930c45c3c19a20ec3855b33bd79fb364e98be3f24c031a1fdca1a,416,416,1
train,metal1167_jpg.rf.6522a6ea8cb04d6992e5e974dc2b1e08.jpg,train,metal1167,57a356e79fd82c6a781058dd11a81c61983070580e52d0bcfd8b3c948d6818e4,416,416,1
train,metal1168_jpg.rf.b8a0d6d316daf333cbc5b101b372da25.jpg,train,metal1168,daeae5137ab7048342487850fa70fa2ccbf66966d7d550595cc7c5cb55fc74c9,416,416,2
train,metal1169_jpg.rf.e393b48c8ebb061aaa586b19114dfd30.jpg,train,metal1169,4496062ffc713b193669625cf3b6fadb0e5d393ea2e4b4806539debfa339b4c2,416,416,1
train,metal116_jpg.rf.03a9bac2372b3a89c7570f48b70ad762.jpg,train,metal116,8230bfbd6750531bd954cd7f6dceefa321f403cb4dbbcc4aa5a8d213a4f9970f,416,416,7
train,metal1170_jpeg.rf.73731f2ab325d1f28b416599efd0f276.jpg,train,metal1170,b69247b6d199175a2f4d556c68dacfd05a90877db008b6f63603ef96541489e3,416,416,1
train,metal1171_jpg.rf.007399c44d96656d2de7e70bcbc48b6b.jpg,train,metal1171,b7ae940ba6208464bcca70e4f679e064c3775e654cea88019513b2f1f6ffa2d6,416,416,1
train,metal1173_jpg.rf.7c0abd2e110c25d7d66cb22988a8f6ca.jpg,train,metal1173,6faabe1c7d6beb3191b715a2da047a070b93bac5d89389030f5d9d4c3b9c9f5e,416,416,3
train,metal1174_jpg.rf.2b7eb8b2acd9686249636b8e9d123849.jpg,train,metal1174,474d7073bca9d1ff67f00d787f387283d3b316b11e5c5ad6395dcaf475dc2285,416,416,3
val,metal1175_jpg.rf.579eba0ffff46dae53212f9aad706a0e.jpg,train,metal1175,c1c2a2a3419985cfa9be7d675d2b14eeabc0b484690fcc6c65c035ea1dc08566,416,416,4
train,metal1176_jpg.rf.55c84e2393c176e4f526c282e0c7f699.jpg,train,metal1176,6b70cadbc266e7ebfcd9854dfb6d7075b34623b85cbc0d221a554eed71b54e5f,416,416,1
train,metal1177_jpg.rf.e75aeb91f82bd5971d6281e4bdec84dc.jpg,train,metal1177,924ea6a7f03fada804cacb64ffb195af12fe5eba440fa3e295a33be2ce72bd30,416,416,5
train,metal1178_jpg.rf.df6db6b120d98cf3c4b8be13d943c92a.jpg,train,metal1178,94c6f82b9ff328ae182f5542ea0de7e8529c17db4da0f48e7ccb7f8f4a5453e9,416,416,5
test,metal1179_jpg.rf.1480049fed8d2f7bb86acad9a590f68f.jpg,train,metal1179,890fd3d7c1ec1987c2eb0593fc40b1b4382bfecafbfe450e0711a4a5d09bfefe,416,416,3
train,metal117_jpg.rf.18db3c17d20bb663160552dff5b17732.jpg,train,metal117,485e03a6a0a6bce1f44bec570435dfcea75e4b68bbd14b66d26842b18c23a3fb,416,416,3
train,metal1180_jpg.rf.914635ddae52cf7f9ff36c3831670a9d.jpg,train,metal1180,d5dfa80294a6643fe46d4381b91c203e5f1757d6da6d171c0ce021be5ed83c57,416,416,5
train,metal1182_jpg.rf.a22b7f6838a74bd5756ac9588b440ff5.jpg,train,metal1182,ce34d54d986cf15931d8add8a21bcc71a81ebb16d6c8a86ff95ca415cd89a2c3,416,416,1
train,metal1185_jpg.rf.c6742c25c4cfab1fd17e4000e8a2970a.jpg,train,metal1185,4f988b4141bfa5c9bfb9e53a5c9dace499a8f8552d261f9fdafdcc07fa433098,416,416,1
test,metal1186_jpg.rf.ea7dbf28ffdb049b568408450075caf4.jpg,train,metal1186,be59524f1fac86ef8ca0e0795db495883a9e5d71497978c08a22facf2ceeba62,416,416,1
train,metal1187_jpg.rf.f3c524f6a68233afc79a54b3bb59fd3f.jpg,train,metal1187,3fb95a2fe46e41d1f305326ddb3ba0b24d5f311e83bf97e0687e7bdd43ef0555,416,416,1
train,metal118_jpg.rf.5c357b70c2ef898ab8113a833754b4a8.jpg,train,metal118,adb63de8e538817617a88be9d48f5329423a6bccb2e531080d0a9795b0e349f9,416,416,13
train,metal1192_jpg.rf.42d573a8d36d48d5b63a325d790a205d.jpg,train,metal1192,6aad657c3ebc233c9a50c8d5bd3284728b2f1b910777d701c4a90cc13599d72f,416,416,1
train,metal1193_jpg.rf.6c1e5c202e6656bb7ea43e9cfd125826.jpg,train,metal1193,423ef2ca74aeb384ec333414104e3d2695885065a19c861c83218485373b955d,416,416,1
train,metal1194_jpg.rf.da9dbfbe0e9cc43ae77ed100d45623ed.jpg,train,metal1194,837019e441f40e48ddf8cb1b15f0d9b2ca9df68cd4428391f13f157c7c480a90,416,416,2
train,metal1195_jpg.rf.5e38e478e039d8b07852d000ea54a7ab.jpg,train,metal1195,efd266523eb388f6a8539dcca868e5928d7fb75d868361c0d0d253b5e79eccd1,416,416,1
val,metal1196_jpg.rf.4a905a6e7bb7604eeb5352e76f4f2d5a.jpg,train,metal1196,7cc8d7e28049d686a4101ab65c3a7b490b12fef12ea5e23d096e6ab602c02c00,416,416,1
train,metal1198_jpg.rf.76e38553fcecaea6e9a692cd8fe77f8f.jpg,train,metal1198,ec2c61a68cf7da4c5ec70830cd481f1e5345287d35b606e38e30d4a46d38b1dc,416,416,2
train,metal119_jpg.rf.42a3bd1f4c5dbbfa4e384d1c552908c6.jpg,train,metal119,f5229e9d1898a86c79e706969d2c5aabb7f4bff33c347dd4690c850e7a4cb899,416,416,2
train,metal11_jpg.rf.db36ea4fa8d24421763a915f50e18399.jpg,train,metal11,9d0066993edd578215877c92824550f4b80d5f40da39b8d501b02039265d19cc,416,416,1
train,metal1201_jpg.rf.86bd1cafe612d6e446692d0b05315373.jpg,train,metal1201,2ad25a54554c938475c5c3b9a429e6563988ae8a3cf3adc3a48fad75ae2616b5,416,416,4
train,metal1205_jpg.rf.709fe140e6197b98cb734328ebe28a94.jpg,train,metal1205,eec4452a056090350a4b238ba48b384f81bc008e63493057f91de6820b880d54,416,416,1
train,metal1206_jpg.rf.44d379476b8676f5770b5ad149bb1eb5.jpg,train,metal1206,6372f361db74f092d81f05a7cacccdf04fa177e2edc43596eb432a9ad82d8a58,416,416,1
train,metal1208_jpg.rf.cd72ce4c16e9ede0eb3f086187f6f328.jpg,train,metal1208,1b0b64fc34da11fc9a28b3fe08216a8baab9c88ff261dd4aae27afe7fecccb24,416,416,1
train,metal120_jpg.rf.fa56a5ab4c668868d53208d5a27e1cec.jpg,train,metal120,4d5357c76dcb8537be4a178863d34c0fff24137c4cdefbb0819b4c063e549e73,416,416,4
test,metal1211_jpg.rf.aac3984190df3221d22d1e6c4ed8ae68.jpg,train,metal1211,42f3c4f85184c50d99c8e9f7e09575d1ce49625a77824b4b8239327f9b59b1ae,416,416,1
train,metal1212_jpg.rf.76e5128e93a4e15fc0fba71467510dd3.jpg,train,metal1212,0b0882e50968eea8163e7d1676d6bf70a7d3eb217f58d83760fb192c8d20aaf1,416,416,2
train,metal1213_jpg.rf.398a936c5091228513b072575687d916.jpg,train,metal1213,b423f9b5a0cebac5ab3c86b4c2a6d7fa87ad8e5762ed385568c494262dcca252,416,416,1
train,metal1214_jpg.rf.dbb4bfb6db81af31122c0e978191102d.jpg,train,metal1214,cc6cdc542c1bd63720539d7192e8efffaedefa63be059b71e444f9a4ebb3bced,416,416,15
val,metal1215_jpg.rf.81a8572652dc6bee1725eefd7b4b6725.jpg,train,metal1215,b62cb2813ef3152566c8be58b5dca230f03491b846500af49958a99b08e57896,416,416,1
train,metal1216_jpg.rf.b228a466506d90b78daed5878d1c2590.jpg,train,metal1216,46f7b38a891a21453365c2b189d4c5a2e2c7ae4b327bd0aebe440baeaa6b61ff,416,416,3
train,metal1217_jpg.rf.30cfad651464c3bade3e425eb4c2ad8c.jpg,train,metal1217,93e5257a7edac2c202734a49e5dddf9f3064f163050ce8c86f1890eb08dd18d4,416,416,1
test,metal1218_jpg.rf.c68be92cf2f1f1c563eda3261c38eb94.jpg,train,metal1218,b9e41e6cc15a846dcc72da1d992d1690aee71bb6c669298c98348d211b522530,416,416,2
train,metal1219_jpg.rf.c88a402df3895bd3d5d1183ab59a9631.jpg,train,metal1219,9cc993fb0c086af4365263bfb0b94df06f310c22051eb4ea2523525cbebbeea9,416,416,2
train,metal121_jpg.rf.eb12be2f203de9230b5874ec58cd9c21.jpg,train,metal121,1d6de339dddd60439487affb4474cc3045265e25c2a45c017cc391e44a79c28f,416,416,3
train,metal1222_jpg.rf.7ff5e7476aaabdb85f0260ff5ae96bac.jpg,train,metal1222,759cb994f67fdb77e76cbc588bbd5e8a5d3e9c53125990a3baf3ae9086f7f660,416,416,6
test,metal1223_jpg.rf.df70a7e510848a51d03d41582aeeadd2.jpg,train,metal1223,d853a3ce093dedc35e295568843b7b025ea50ca054fde8abcdbc00b9f6f1f57c,416,416,3
train,metal1225_jpg.rf.83d0733585b14b58cdbaf221a24852cf.jpg,train,metal1225,b91602a2149f33004d058074742b24a215f895973e15b5e29cbeded50bb84113,416,416,1
train,metal1227_jpg.rf.540dd03190362715036aafb3155b19ba.jpg,train,metal1227,e9a8387525bd2ea37eb47e99ef29e912fd0d2b78ce772d4f446d43f8c4e40215,416,416,1
train,metal1228_jpg.rf.e3015d0a68cb4d73f720ee59a1df55ae.jpg,train,metal1228,39fc043c8ae0e5a43d81ec67ff3adeadb46ea2247b1a32da28ffe53eba959429,416,416,1
test,metal1229_jpg.rf.c5543ea80a5d982d96cbe283f6387921.jpg,train,metal1229,ac41f44d90aac9cc38e434e7e958a5c6a5925ee673acf9a8329c07263a25d533,416,416,10
train,metal1230_jpg.rf.6f93eb72350997c9d601407e43980a27.jpg,train,metal1230,713e237b655d10402261123d4030284f44fe5367202681dd89daecfb4b9b9a56,416,416,1
train,metal1231_jpg.rf.717a347d7afc3b4c958e4e7a3a677743.jpg,train,metal1231,6c5787e76550057e03c4f01a715c887886eb6d42056dde42d225491d9e2d550a,416,416,1
train,metal1232_jpg.rf.15398cd40b857d9716360d518ee8b105.jpg,train,metal1232,a9565a904ce4108fae153b201380cd5553205a4e0a3b5a58ed273a76fb1078c1,416,416,2
train,metal1233_jpg.rf.d7338cae375aa71b9f38095cc54af4de.jpg,train,metal1233,b2eb3b80841f06733a0efae015f1467335b4c6107e788e372108422bd4129357,416,416,1
train,metal1234_jpg.rf.86758d7c975ce86f22f1ffa38eba50df.jpg,train,metal1234,139ff62e236baff672859356e621f0b102b68900901cbe58fd1b9a33102b0f9d,416,416,2
train,metal1235_jpg.rf.1ade415c57cb2c44a47e6af99bdf464c.jpg,train,metal1235,f75a49ff49d72ade9774205863e5aaa8037e055144fac863a22954cf7c970d7a,416,416,1
train,metal1237_jpg.rf.a95aba1e85011305d845bca1d50905e6.jpg,train,metal1237,e03f09ae899a9a844028f13d91a9cb0f0bfbae5fee63798e685fc61f8551c0c7,416,416,3
train,metal1238_jpg.rf.90b001fe27e1525158b9eca4b3bdcd46.jpg,train,metal1238,e9100a446a505e5eef276af3bc40c46513c03e9cb542620fecf54b7ba4e72504,416,416,3
train,metal1239_jpg.rf.92058ecc16b889ae4cab1e6ebeaf54e7.jpg,train,metal1239,a64d60033aea96ce2ca6576b004d3acc53d3d967cbe3b4134ac13c2f8d0c69f9,416,416,1
train,metal123_jpg.rf.b81e09fef48a87a8f8817b099f4f9f10.jpg,train,metal123,a23875b21e06bdbc90b706fafe10891c898633879599c6d04b5dfecce7d1916d,416,416,1
train,metal1240_jpg.rf.30f10617763d48a11124eb57b92dd34a.jpg,train,metal1240,2c7cd88b227ce1bb9c212c5a7b39a66ba367f22c996d5791b3e9c4f45312ebdb,416,416,1
val,metal1241_jpg.rf.f7c8cd9f51a813be3861ed6aae4405bf.jpg,train,metal1241,09390bfed5c62e3c78f0d36ff10f26208cec8a63864e18fb6b2a226cd0ee2542,416,416,1
train,metal1242_jpg.rf.4861629afa82d900ef933f0ab3ca23e5.jpg,train,metal1242,bd71383298cc463c2bf1f26ce7647669a9379efe82af0d6ad48d70ff8f82523d,416,416,2
train,metal1243_jpg.rf.b8d2dd6da5f547bcb74dbc38462f5f9c.jpg,train,metal1243,9b6954bc86301d02e44a7ebd8af51400798bd6e1964006d776b4755a969fe246,416,416,2
val,metal1245_jpg.rf.6b92e51965e1f75249f8d7b7ce4d4063.jpg,train,metal1245,1c0f63b53a9199d44c8c8c06e2c95a80e4e90f304fd3a54609267e02febd9c72,416,416,1
train,metal1246_jpg.rf.7340126a359250cb1c2498960e26c87e.jpg,train,metal1246,fff4ee9b551c211bde1e91d01ac5c56776b428687f743a7b9554c26ce32abc72,416,416,1
train,metal1248_jpg.rf.cfaad88a6475b4922d168825c4bef39c.jpg,train,metal1248,9371220ea697b07e37d1cda5e53037f92a3162eecc7485927c8a479be00c31f8,416,416,6
train,metal1252_jpg.rf.b8d9fc31e215ade3431c3a9e9188fa3f.jpg,train,metal1252,61afa02d128eaeddf652b0a4e1532fca7327e8d276aa9c0c832501f2f6a6424e,416,416,1
train,metal1254_jpg.rf.c4da4f671eb0cc82942321486efe2d7a.jpg,train,metal1254,2476e88d23662a8dbe8f6d441058d8d9e74046db4e1e57bad2feea31b659f3a8,416,416,1
train,metal1255_jpg.rf.0c671c0431480f25b03b2c326d587622.jpg,train,metal1255,b5f718417f78570e49aac5166bf335ed473a8042a9e0748104d6381e1ceb5052,416,416,2
train,metal1257_jpg.rf.9981b29d32249e1563596e857e3d1479.jpg,train,metal1257,4d56766f185f48a192936e169fa40225b6494b44aba2767fa96d16982fb6c76f,416,416,1
train,metal127_jpg.rf.27ad0324fb1d246af25651edd01205d7.jpg,train,metal127,776f187eaa9e12d3e9d8f9694aa92ee5ab802bf0c5319e8412cd68ec4c41d3c7,416,416,6
train,metal128_jpg.rf.f71c960f5bafb42938e4ed9c195ace4d.jpg,train,metal128,ebc481ef28e9022144e7e7dfba22446c3486f3f89e08ef4c21df325f4bae7849,416,416,1
train,metal12_jpg.rf.4a24d19c59ad3209067bebb5aac28ce4.jpg,train,metal12,e5d50d1d042da520d102cca4d74bfe46989ba0ffb23c36645117367fedaf6a20,416,416,1
train,metal130_jpg.rf.73d67bacfdac9a760673df110d3d6ea6.jpg,train,metal130,33d1f6bba18d401b72a388de76db08f25c9106b885143f0ebdb9951ce9bcb5fc,416,416,25
train,metal132_jpg.rf.e3aea57775bf8ba301e54e8a513c532d.jpg,train,metal132,94eeac9a1bedecdcfacb7bae198ad1c48ea6e902d6ac900fcf3d3e9f9c7296c8,416,416,3
val,metal133_jpg.rf.556bcff6a05e431500cb14ae888c6a3f.jpg,train,metal133,67f02c63ed546d8357645a2239807a9d7b6a349afbd6da520b18f2d5c532cc96,416,416,1
train,metal135_jpg.rf.9d3adab3da6f6998a6cb25be2af2350b.jpg,train,metal135,ee2041eed0a603300b68b1ff1134854ac9b86ae1c23adae5e76bf4c0451dc1ac,416,416,6
train,metal137_jpg.rf.9520fa0358e848511c4f1c69bf4e2d34.jpg,train,metal137,0120dcdc9732298b420a557a0b0b909a8bb49914219f3147e27b41c7fbda954a,416,416,2
val,metal13_jpg.rf.bc7a6d400f0230517f931b783c8784da.jpg,train,metal13,0de0b82d97ac3a02e6a5e590347d4a230bf990fb0456a7ad3a21b583b0360c46,416,416,1
train,metal140_jpg.rf.9ff4a35bbbfd335c16ffe53fc39036d0.jpg,train,metal140,890972b6cd1d2ebefe10c0e73b126e9cca27ddc99928b69a8cf1f8623ba905ba,416,416,3
val,metal141_jpg.rf.f763959d8f92bc8a07a2868ce4160d9a.jpg,train,metal141,e2a0366fc44d1abc0eee35b3c747f8a5a8739715b3211f06357a39f5c2cc58dd,416,416,12
train,metal142_jpg.rf.b56784840f63ff5da26bbe3c4b1ccb5b.jpg,train,metal142,dc8577916a3ceb7663cd86e7cc051bfe1160c16333cdba2844760f8511a94617,416,416,2
val,metal143_jpg.rf.2691c6a7eb2eeab52b0a75aed51f1739.jpg,train,metal143,77fee4cc001504ac30d1fc7799765a741e0c96ab0ec94da89738454dcb7d08d1,416,416,3
val,metal145_jpg.rf.07cee5d1686b3d0e36f8f247852d7416.jpg,train,metal145,a4480146c663b56d570ada9e4c965e82f932da45b7e2e6fe304c62cd2b571f5d,416,416,9
train,metal146_jpg.rf.df9d2694690d75549862106b1cec81cb.jpg,train,metal146,04905d618f5868f221e37693a62339adddac788d7457fd1b9858173d2d7186fe,416,416,2
train,metal147_jpg.rf.8668be547e9a76da952f57ad835c5ed9.jpg,train,metal147,ed77b95af44a3b4d25287133f09fdffa1a64c654e62b1fd5cfc972197a14a0fc,416,416,1
train,metal149_jpg.rf.193334275be69850b7d47b55c30ccd52.jpg,train,metal149,d7e623ef14eab06c94078a2a55428ace7633198704aef617efa9372065563b7f,416,416,1
test,metal14_jpg.rf.35e2bb8157252e72dae8a2da4edc0f34.jpg,train,metal14,df5e9ddc5b6b1863d4c1e1523b1d49bd9e8cd89de888a04f238df102c7705821,416,416,1
train,metal150_jpg.rf.f39f2b72c379cd177d8c6c977db89f8e.jpg,train,metal150,2d289f9be31caca6c95c91b8ceae95d22cd9603810aa46d65899627defb0e079,416,416,3
train,metal151_jpg.rf.0a5efb3ea5e49bcd535e1eeb37d760d2.jpg,train,metal151,c94794c60a2d836bb0fd1ac8b1584ea982b1cd466162c06273dcc2df464cc981,416,416,5
train,metal155_jpg.rf.6a7662380733323f7d21606a62e4ea9b.jpg,train,metal155,ff710f94895d15cd1a992929b7c1d171b86ac1ad00c42e4c334c2232ff347ce8,416,416,9
train,metal156_jpg.rf.65dd2a939c409f930f78d4ead77e29da.jpg,train,metal156,8f6ed3e6783ebc188ad7cd43032ed57eadab81101909e262b912559d32cac16e,416,416,10
train,metal157_jpg.rf.a5df7b7999737b26148c4db2b45de0d4.jpg,train,metal157,1b0cb6b168654d2b7b18a3caed366b982ed3a87d7ff8b1542ecb04825b40cf20,416,416,3
train,metal158_jpg.rf.b780349f97db7fae9f1b35e4e232619c.jpg,train,metal158,650593e9060d9e0c688d833f37a74ae0ce918d791d02b00d8acaccfa18f8247c,416,416,1
train,metal159_jpg.rf.bf20dcd8373338ff905411fd5517e39c.jpg,train,metal159,8e45001d3323bb4375e3fa9207792a192b8ff8741c19373436df567954b41188,416,416,1
train,metal15_jpg.rf.d8fa7929ec6e60c33eeac9a39e40492e.jpg,train,metal15,aedf1f62f106d510d9dec9a7e8adcd84181d01d87aa3989780212352bf8f0f35,416,416,4
train,metal160_jpg.rf.6b8bac7995d65ad463a7c717ab848c1e.jpg,train,metal160,939f2297eb923d92b48eaca0244ed2103db574ce7d383611bd25e1cb7f3210e3,416,416,12
train,metal162_jpg.rf.a968dfd96b7805cde743e73dbc5bc76b.jpg,train,metal162,4f23e1700446c03d3b7ace71890249521e7f33e18a1852806206f0fbc088f245,416,416,9
train,metal163_jpg.rf.f25653edde9beaf8f951f0b59d7c4825.jpg,train,metal163,47c165a061fa6afb67797b7e3555d85def3a995dc19fd50f627138c9043c8c79,416,416,4
train,metal164_jpg.rf.d8a1c622a4824234000bb94eaf1edfdf.jpg,train,metal164,ace1c05ebdda021f7ff89bbca5e010a5fba17582f580c6b9c342abfd7b1f3163,416,416,5
train,metal165_jpg.rf.1b9ff99418f7e487aa142060d9e759c4.jpg,train,metal165,128e50e85af1ed840299271fbcb5a37aecc40c3ecfa39c5057ebf28b17984065,416,416,1
train,metal167_jpg.rf.4586dfda223f29d5883e8450ca5d7460.jpg,train,metal167,fd4c4e68a37a140a38ff6b14be2dd5e9dbc6f3fe6ccc5d2b45a0959dafac1fb4,416,416,5
train,metal168_jpg.rf.9b79cd71e7783c39a9d3f37826db7e0d.jpg,train,metal168,eeb9c52022917d3b4e0107fc30c7a1cb1a23b40ecee54dbd2ccf4f4d8ba4aee2,416,416,4
train,metal169_jpg.rf.db964b8aa1163f6af4806a668b57a105.jpg,train,metal169,94647cf0c5c7fed022254982971b9cc1612d8cc28cfcc67680cbbaa07ebe55ae,416,416,1
train,metal170_jpg.rf.4c02a00c2ba0ce02ccbfc6be6adc42b7.jpg,train,metal170,e954b08394af2eb2791d35ee7dc2fc4e69d3f19b8c3d16a2f8884ee01d0c9852,416,416,5
train,metal171_jpg.rf.6a98b11f6a1e46f2b7440029f7aaff75.jpg,train,metal171,0df3588daaa0dac79eddef1431b6a79b27a44afe262de4dc8b53ca2556aedcab,416,416,3
train,metal172_jpg.rf.2910cc0d4975a90fdbb6ddd061b251e1.jpg,train,metal172,93875a66daa8f18f8561a66ea4ffaa540fdbf25ceac36b71c128a253b8051f9e,416,416,7
train,metal173_jpg.rf.ff1491c36e5467144b3d7db6d65a476e.jpg,train,metal173,0090968daee1fd2b7590f1237740951fb3109336f74a228c3fd981e7392d3da1,416,416,4
train,metal174_jpg.rf.a1a37ac743e80e11f185b8339131c3f4.jpg,train,metal174,d76dc811383bc33ae6ba2279cc53e1494257a6b5c09941bf9e1c0014ab606172,416,416,9
train,metal177_jpg.rf.de70d972cf605e15358b51ff87bd828a.jpg,train,metal177,bf20bcbcf98cc7b4cd08a9d015b648f5a2ad035cf6a55038fb23f298d97c7b62,416,416,1
train,metal178_jpg.rf.311848c936bf9432523001d10d6e128e.jpg,train,metal178,2cc6173f4fc2f2cb3e8ac09697c19b22821990b592cd5b6bfd6a03cfd843e7ea,416,416,6
test,metal179_jpg.rf.05da8269934742b7ffb213571e85b624.jpg,train,metal179,780fa9f422a780642b47aebb72c74b7f408e2ac89ae29953b5276ca2613667fd,416,416,8
train,metal17_jpg.rf.b63c2b72045d0adbd6acd82398eb5852.jpg,train,metal17,8763a62c6512d9c44721513639b75c0259289129cac486664da15c684a0c51cf,416,416,1
train,metal180_jpg.rf.fcfd8892dd9480b150556d1045525eaa.jpg,train,metal180,f9916af63be8e1b107ea34ed159e82befc6a6fd3859c9d6100d73ed36ffa1e32,416,416,1
train,metal181_jpg.rf.0419449fdfcf5a17c871b59d80c80afc.jpg,train,metal181,124d0cef00bc7d6f439f4e345e9cceb216425db09a5e20f6c5e432d111eef694,416,416,9
train,metal182_jpg.rf.a3e1a96dbcb2b2dcdfbee430b05cbc6f.jpg,train,metal182,6ebf7f1aae5952983b4bde784b32e46fe2880427552a761159e940c879c80452,416,416,9
train,metal183_jpg.rf.817d61d04a1060c79d0c7997e566b927.jpg,train,metal183,00b60c6f658ef819ec835052b534344b9514da9f874e926e00b4b33025739aa6,416,416,4
train,metal184_jpg.rf.b8ccec7d1736b4d06ed99e63bb394bde.jpg,train,metal184,1a1f9cc208d29223419c3c3a7c015f7c25a0341e57b5d290b25485b6a1e49dbc,416,416,5
train,metal185_jpg.rf.10f894f360ac651980747beafaf2918d.jpg,train,metal185,aaf7e3dd89b558651a2b0d335df4cd9684fdecd8bc2e380b88473a65cc0dbfec,416,416,3
train,metal187_jpg.rf.6ac8621c22f3c038a9f14c745b21627c.jpg,train,metal187,5386a878c0dbfcd7b050c87e6bd785d81c101cd955e7526e3dab46127eb7974e,416,416,3
train,metal188_jpg.rf.be828c7b32ab595f1f86c9df71cdb93d.jpg,train,metal188,2c46edc802fc5653a85872861b8cba3c261110c3223b8039fd8abf6dc3b863ca,416,416,2
train,metal189_jpg.rf.c087f210c0b5f77f838bec3084a4dd84.jpg,train,metal189,380804ceb5a91ac5c4b0afef6e8bd893c6759ba60ca8dc62da27c16428983f6c,416,416,4
train,metal18_jpg.rf.f13dd86735edfc49051b353bbd5441b8.jpg,train,metal18,8d9e40c3d99e85bee9656735699f480144929f66a837e3f9f4f433afe8186f4e,416,416,2
train,metal193_jpg.rf.cf8e2c3315b9d5a712421fa7784f3740.jpg,train,metal193,83a2c2d97f97ee81a98ceb85dc807519f127d937fc91fde8dacf57d1efd1bc0a,416,416,5
train,metal194_jpg.rf.c3d9fbf25963fe0f7a595f6499075ae2.jpg,train,metal194,41eac6fe91550d1f007d9adcf22f2884514776d83420c06390e2fc2e5ace24d6,416,416,17
test,metal195_jpg.rf.4d4ffd2ccd8afd0e612c4fb15311ddff.jpg,train,metal195,9f4aa9c5f1b5c0467fc733d15d72a017160c16575eb147a54618c49cfba29c28,416,416,17
val,metal196_jpg.rf.1a30f6f6251bb5a82cd34efcc1eaa81e.jpg,train,metal196,75da64b11f952e2ebc305535f7e899574c3fcd9d5f5cbc1a77da4596ddd30311,416,416,5
train,metal197_jpg.rf.0ac31ae71845a79d99168de2b9db49d5.jpg,train,metal197,320b42d038eba00a77be03c03a27b577aa76755423748a8c9134087aadf5bc75,416,416,1
train,metal198_jpg.rf.0e02273aed419818254e43e8cd715eca.jpg,train,metal198,80e2a549761b2b24caa948190dc4dd3b72305dee186cf8dc820dff8330f2ddd0,416,416,2
test,metal199_jpg.rf.5c27d11840fe44ffd2ab5ec40f2478e8.jpg,train,metal199,eb9f2412677ddfeeb06db1d613b9293dbd51675f3a7f782eb6b86afc630204ba,416,416,1
train,metal19_jpg.rf.02e094639fa841b10feb5812f3ba2a1b.jpg,train,metal19,989b4790f9f9618d215d0dc35e6780a313d4a328a6ddc86d2a580d3ddc415660,416,416,2
train,metal1_jpeg.rf.57e63f183cf8fcf4680b7fd15a94a873.jpg,train,metal1,395f856d6d0d4e09d178295f8cbc137dcf06cce0e5b1590d2bd98e2cfef079bc,416,416,1
val,metal200_jpg.rf.2d31edc07605998954a65ea22ff442cc.jpg,train,metal200,741e209b1c2a31dbfd0d4d32ea4fa2d0f62416bce46e375e48935afa08faa358,416,416,17
train,metal202_jpg.rf.e729d8634891fbb7fd914a41f3040af7.jpg,train,metal202,82591ade175447fbc4e2ef35eb9ffd0cbaf1a6c950a3fe88b87c54a27d246b93,416,416,3
test,metal203_jpg.rf.6f235c54c040f3aaf22371d4413e25da.jpg,train,metal203,191f22379c8ba29a46ede7e85489a806795ba1adfd7ae09fa9f050fe13bb3e44,416,416,3
train,metal204_jpg.rf.c24c2bc1bca89f2ff94a1b3dac8054db.jpg,train,metal204,04d255124a54bdf1d24a5e5388ef4a16cdcc0b97adab00495592145d055d558b,416,416,10
train,metal205_jpg.rf.ad66b0f7c576b662e9684fac1c68958e.jpg,train,metal205,5e60a5fab9d1d063281e40e5a60a4690e15e5f1a3929de93b856159995a9a110,416,416,1
train,metal206_jpg.rf.fa5b39c3d93b86e8d78eaa8b81e0d754.jpg,train,metal206,6a144f2c6e9b582fd135216c27e07fd81f70ed6cd0fae2ad3fa5daf8bf740f0d,416,416,12
train,metal207_jpg.rf.85ae5c4153c09d0bbe7ef06d4d40d021.jpg,train,metal207,af692eb45b55541167fab8020aed79e52f8f314ebdd7a7bb816a75854a6fba1d,416,416,1
test,metal208_jpg.rf.b9f0e8160c5733300c84beeb70cc3708.jpg,train,metal208,8a18ef31164c3cbf4d732d46034df29c8990530cc72527d3e0f0a40902020c48,416,416,1
train,metal209_jpg.rf.b1f6b41e06aae8b92b77e844ceae30fe.jpg,train,metal209,b1c3c9cf255fccc3554187818c17e492d98d568e06f6da1a15975635c5984fd6,416,416,1
train,metal20_jpg.rf.406eaf8ab1208f3075f9c74d2aa1d652.jpg,train,metal20,ef3994b1bbefe299d629f3e1d88eca36cae0f7f500f7475bfaa3bc34e6774e99,416,416,13
train,metal210_jpg.rf.12dc9c2ea8ed6fa15e4816853cddf0e8.jpg,train,metal210,d5c3759dc50e01390452abe065c215171890b16daf76e63fba53a03559476711,416,416,2
train,metal212_jpg.rf.302ef5de54019f54c7a36d52552cb4e3.jpg,train,metal212,6b83a307d4ed8203605f4bb540170d9cedbd5ef15532a67dc17a66619c430cf4,416,416,4
test,metal213_jpg.rf.20361e124784bfba939ec009025029dc.jpg,train,metal213,904c1058e89a81bc58135ade189f7531b423d1f59aca10cbe17087b8da7cb3f4,416,416,2
val,metal214_jpg.rf.3592a7e496427a46d673f87bdb4f9064.jpg,train,metal214,b1dd4a740d658777271117aed70ec555c190d960e27d965079d4559af776d369,416,416,2
train,metal215_jpg.rf.a40879ea95b88f67e3a9b616edbf8f4c.jpg,train,metal215,4c7b678f0db5051391587418c60defbc53414d53e4d6ed736f99ea8d2eb8fb28,416,416,2
train,metal217_jpg.rf.d656e3937b466a84835503d51abbd18a.jpg,train,metal217,9f924e66f8fda7b5908637520ab89f9211caa6effa0b5f92635f0682602d24a7,416,416,3
train,metal218_jpg.rf.8ba68a8b4499a04eabfd7c466772f24f.jpg,train,metal218,321318df2eef929feb6450a2f0c6fd5bfbf77c2442f400d6b11cc57195c4f730,416,416,1
train,metal219_jpg.rf.e9aeb5458bbd288ab0be3791a35125f9.jpg,train,metal219,579d534187c414449a72899ffb2e9884ce3a5bd582a0d8c6798d8ad858700b48,416,416,3
train,metal221_jpg.rf.c3313b9ae383f2d0f24619d0a8dfaa07.jpg,train,metal221,ae58ae704c19e40a7877369ce0ea8eca26e772d10b93af702ad8119ec6ca0229,416,416,1
train,metal222_jpg.rf.4f956015928d887f67d100abe776635b.jpg,train,metal222,daa37d075828b045d407a2666c5ae366cfacf6313bbc51ede589c636991d8b2b,416,416,3
train,metal224_jpeg.rf.c9c00dc27583424974a1b3fe4f0e9997.jpg,train,metal224,34cf7eb357dacaed987d9c33afb76dfde7626ec88bcf21a1ae4e1bb2bdd58b7d,416,416,1
train,metal225_jpg.rf.110a4a3c865d327ca6185b42101877fe.jpg,train,metal225,b3aa2f9c85655c6c55ed261f45a3c706331449a4d52c0112c3297320710849dd,416,416,2
train,metal226_jpg.rf.e9917f53b3b5b48388e9adeef54fc065.jpg,train,metal226,121a65a84f4da601a263ad93cca020cea2b64ea55c86cefa4b3c200e94bff6f8,416,416,3
train,metal227_jpg.rf.23e8e9177a5454078431572cc28e9f3c.jpg,train,metal227,c1224f1081a8e22c6f7fb518edd0b7f02e3268e8c318523253f8cc9517148619,416,416,2
train,metal228_jpg.rf.dc7f2acf2223ca2a1488d26812971768.jpg,train,metal228,20f4e1b455003b94bf526ac6b57950e5bd64fb7ba7ddb6d86a8156698e51bfd2,416,416,4
train,metal22_jpg.rf.84d3b71125fb6b678d366d81db7e8112.jpg,train,metal22,271ea42e0b8faf25f58a8930bff7003136dded7cf76afe6b9000d95d40c7432c,416,416,1
train,metal230_jpg.rf.ea1d27589547f192ca8bd350495fadab.jpg,train,metal230,fa8dd9478afc7a12bf3b43a77339fd5ed9a4c954e83180940678f75150982a1b,416,416,3
train,metal231_jpg.rf.ad65dee98347ccdbf2d3e1e247880fdf.jpg,train,metal231,63962c05ba4df8838e82a9d62b5a97eb1338ed5f5c0e6926d2fa134ab5ebac0a,416,416,4
train,metal235_jpg.rf.7c24f5139179f93a6f811342ed7872e7.jpg,train,metal235,2cf89b6693b882852e52b7524bc95f9a8a3f985814ebd9e78924a921de5c193f,416,416,2
train,metal238_jpg.rf.1a1b2938d8a290a5efa66b9395fd4fc1.jpg,train,metal238,17b163b7325c76cc116b25f26b47e398173580bea268cb7aa509824d95cc0921,416,416,18
train,metal23_jpg.rf.a8982b96a82e98e056050639b93a550f.jpg,train,metal23,ca8bb94fe716a44d1a54755e11c53ce33ec933fd38bd680d4cf60654857c6be6,416,416,6
train,metal240_jpg.rf.63f54e0cfbcc4112137d57fa7ce4ff8f.jpg,train,metal240,143a97713e3416be2610edc8c27d27541f3548245c85d2e86eb509a11c30e390,416,416,6
train,metal241_jpg.rf.c7b7c089aba44b9660517b10ebe80e9d.jpg,train,metal241,2cb9a696adaaa76a84cf50752b79c80f3153379478bf8fddf7d227c3536641fc,416,416,3
test,metal243_jpg.rf.41a7f49b42ae5395d52736feaa22f2d9.jpg,train,metal243,a8fb98c8db0878e2949cc43b7273ebbc0be44057e24bba9f6f5ab6c30a0f6ecf,416,416,1
train,metal244_jpg.rf.ce41f6f70b71cea49a391335397150a4.jpg,train,metal244,047b9586b6d628da9a3cb96b4cd858b2d8857bdd40c1d4a95f32b8af5cab553f,416,416,6
train,metal245_jpg.rf.124cecf1ff6a80e192cbfa449bae30fd.jpg,train,metal245,a0ae8c10021e0131e1b6d21100d1d48b2b8fba4208be0ac7ae6ccda93bf1978b,416,416,2
train,metal247_jpg.rf.942e2b8ddc9b31895342bd20ac52b382.jpg,train,metal247,5d2c348d51d375f9c9caf46706736a99deae5ed3bc3b50ee476950e3467d506f,416,416,1
train,metal248_jpg.rf.999b6460cd0fe86335b037dbe41f1ad1.jpg,train,metal248,2be2c0f599e9cb85eccfe5cf59b28811b51924ad78115a1a6b3df5a41e4ad2c8,416,416,7
train,metal249_jpg.rf.33021bbfa58856f9d65ce83fe21e8a2e.jpg,train,metal249,1690c59f356049b56edec6096f1d877d8ad4b6e1bd4237c1a4ba03f4f4ae864f,416,416,2
train,metal24_jpg.rf.6e5f431c4d7db4266c5f6a8de27ceb1a.jpg,train,metal24,891301c7fbdb4cc086916cec9d40abe1fc8ac7797c3aa4ace79b680497e564a3,416,416,3
train,metal250_jpg.rf.70cb36584f20bf5003522d15d9612cc2.jpg,train,metal250,14543983d5c43818bdf74b0ad464254d818b76030838556b148149b116d14aee,416,416,1
val,metal251_jpg.rf.57167702f61ea1b1b61c6eea3da2c5cf.jpg,train,metal251,9fa2b173a92cfa67fdf7e4c8c2448660dad5e7342d3bb4c7982ffed731f37057,416,416,17
test,metal252_jpg.rf.5ae8e5197ab4e3d3af83f115120372cb.jpg,train,metal252,52f5083333464d285ac17cf36eb7090aa83a5fe661d96c687e948fdd720a0508,416,416,14
train,metal253_jpg.rf.884b47f148db94746f87dff4ddb57f89.jpg,train,metal253,a4fec57ba8a509fd4f358889f2d9e035c29956e3458f9b5290c7e0b6535a3d98,416,416,5
train,metal254_jpg.rf.cc2709b9de1c435d9f30ec03a7862e0e.jpg,train,metal254,25e620d063ac77d2319647106b3b08eed7170a8c490bb9636db22a60062180e1,416,416,10
train,metal256_jpg.rf.ab3a9965064b1d66b6f8ac82cb06816f.jpg,train,metal256,c08f5d7f1d8d0fdf18d9d32ac7df3400e2ada80b5673db9e4df0fc815279760b,416,416,2
train,metal257_jpg.rf.f3d004cfcbad21f53c006e8390178736.jpg,train,metal257,dfdc6c30091f57ecbe7c525b1cea6a8e6483c38ed16737f54cca30d6e5d6c975,416,416,5
test,metal258_jpg.rf.bae32878aa190f9843d710fd040fd060.jpg,train,metal258,d3df4f7850270bd9c48155c28ba87aad9711d2edcafcd88e89385159fe969d81,416,416,2
train,metal260_jpg.rf.cf6abba82798a70ba3c8f206ed924056.jpg,train,metal260,e285b545c77162475d9fd2159d42708b752cfb8f700650783a396ed4dbe3a89f,416,416,7
test,metal262_jpg.rf.909487c4956d82d5606940b7cdda9266.jpg,train,metal262,63b8872273747a7f689d50a80738ab6295e548066ac788a83fcb7da313d9160f,416,416,1
train,metal265_jpg.rf.9ab089eded1ea772fe56baa3a1b32167.jpg,train,metal265,b40c7a46052cadf6dbe96ae43c8494dc7f849adaa8aa9c09988b7b576451332b,416,416,1
train,metal266_jpg.rf.54d1d715c3df71e4f0e0877dba76f33d.jpg,train,metal266,5fdff9ead3f500f0737228fe52e36ffad91e087447207e73aea473bdf1c738d1,416,416,3
train,metal269_jpg.rf.5049ad579e1036912cd1422604e87e5d.jpg,train,metal269,295ef171c308ab638e562cc813ba35b1b09e265111452925d23fe8ce29385dfd,416,416,1
train,metal26_jpg.rf.ab59ddfce2b205d33d9d7d14a5b66bd5.jpg,train,metal26,b8282732f10b02e5d03dda7a92fbcc7869fd23d12a54791b8ace36e959bd1a3c,416,416,6
train,metal270_jpg.rf.056d824ab3ced751cc14d7f6a6604f56.jpg,train,metal270,287c681a9587c6ede0e23fd3f95e798af81d5ed30f508b6c5644796aa670eeba,416,416,2
train,metal271_jpg.rf.2ca637ae3ae1571c0d758001efddee65.jpg,train,metal271,4d8380984f54d153cd80b44711638eb27059437280d75db374eaeb10e64f7edb,416,416,3
train,metal272_jpg.rf.df6b4f18d46ee85c33046d1cb2f125cb.jpg,train,metal272,a1fb104be9e1e9856cd879470c867bf0aa20107cc3d556d6ae2ba5c0295052d2,416,416,4
test,metal274_jpg.rf.4a3af8cb552cd87beb90859b7f98585c.jpg,train,metal274,cd248700002b2acfce274c30563df818aae324014acd1754e3dd378b8c463131,416,416,3
train,metal275_jpg.rf.626420ebc0f55e9a67f0f8c103f45289.jpg,train,metal275,b6a2f9f1bca5f0a08348521aafe829ea913a572860187a075c705d7e1c34c98c,416,416,3
train,metal276_jpg.rf.572c5f01367b79fedcb059b907aacbaf.jpg,train,metal276,64862eb1c763b59249a393dd409b4655d439c834f54369654d0f8e2b274e2185,416,416,6
train,metal277_jpg.rf.10cc3c7ea065b60e0411dd4ce815fb1c.jpg,train,metal277,37d943a6f9e666ebf1dad9a1b434b96fc57d16e5dc8ea5d0989a1177b3e59424,416,416,2
train,metal278_jpg.rf.e364a5caf2cf2b7b52f8bb1e29781f5e.jpg,train,metal278,3f9679d2cea81c6ee6f650ae19aabeb35b19123228d5dba604f033841230b92b,416,416,6
train,metal27_jpg.rf.61cb2d7b655aa449c9846d415394ecdf.jpg,train,metal27,6a5aab5649cf1cd99a519f3931bae4bdca2bc1f90beab0ec4876f5dcfaa925de,416,416,2
train,metal281_jpg.rf.4f3ab8389a1c2e5aebc5e7b1b8bc16fb.jpg,train,metal281,2c2bafca2c82c6bda5d50766a2d3247a419d057aabd77fdc419320f2a61cd75d,416,416,1
train,metal282_jpg.rf.eb34446c831daa785c4a9b9c158990fd.jpg,train,metal282,e7132ebe550ada785000d17dd5e3147c9baac267281fa30289d84f80512c9593,416,416,4
train,metal284_jpg.rf.dba1210fb5d647418a6ca228be444626.jpg,train,metal284,6d3e9362befc30842e15da466f7c187d501a0ece086111a3687b819e98474d00,416,416,2
train,metal285_jpg.rf.1326fbe71ff67fcaa0ae7e1e9d8a60ab.jpg,train,metal285,e3381010d087247ba7f5abfeb68631068766304509081dcc6eb9fb35633ba284,416,416,1
train,metal286_jpg.rf.3860a4f40e2a05cdbd1c7b8ef789c1af.jpg,train,metal286,8360564a69aafb1028b948b7a206a1b1b854296c01cb6a964823ea2bcfe9a8f6,416,416,6
train,metal288_jpg.rf.0755b5775f2ea97ae07dc5b46256fca0.jpg,train,metal288,42faf9d78038063f47ca11246dfa7206312c24a8bf82755d746ea4a02674fc0c,416,416,2
train,metal28_jpg.rf.fb06d3b3bbf7b9b28588932797211d83.jpg,train,metal28,9ec76a36b26726adf6987366a4f1e92dc8a6a6bc47f6f2ac578c5357b733a021,416,416,3
train,metal290_jpg.rf.6685036d4a8930ce706cfb7705ef10b5.jpg,train,metal290,be5dbd7cca8ba5db913e4f36c0c3e38aacae1fcee63530d4600876b823d63319,416,416,1
test,metal291_jpg.rf.be23e260b98ec78bc7add1fe3cad16fd.jpg,train,metal291,aac1bd2897aa9ed505f0664528583f20e7f85ccb1cd61afcb4b71387c6d2c4e5,416,416,2
val,metal293_jpeg.rf.e20e75fa36cabdce1c96ecfdd6420913.jpg,train,metal293,008897fa992be2b05c8b4daaa877ad707604576af797007f796931723a3ae264,416,416,1
train,metal294_jpg.rf.b7cc506c54fd1ee1290bc78d8fa961f6.jpg,train,metal294,cdb371310703aba532dea037f2627de603b3c1e735729b8bb2b17eb4d7016239,416,416,1
train,metal2_jpeg.rf.22833d6cec8a9f3fd54174d039548692.jpg,train,metal2,438fcecc1c55e3d0e793c386a6261a4b80727dfb812536acacb2fa1493cd7b57,416,416,1
val,metal300_jpg.rf.5ee38f888e8c8499be3c4b37bdeb6627.jpg,train,metal300,1e90fe91a5d1a26fe676605a5ef846297925a7c13d15648ce68f2f726766c2bd,416,416,1
train,metal303_jpg.rf.41e309486f5b69db6ab366dca2dbe1b5.jpg,train,metal303,9961d29d9996dcb11372ef239e35fbc62deed6bc04a075b68ab53509743a9c19,416,416,1
train,metal304_jpeg.rf.11c6271d636ad80f43ce22284ef521d0.jpg,train,metal304,aeca3def7430c2d11b3bc8fa0287daa46d7b12df370394288a2bb6d8c61fe86f,416,416,1
train,metal305_jpg.rf.76f025986fe9994d5420de804923c854.jpg,train,metal305,bec148b897b1bcea4529a7b51019cfdff10fb32f2c8ca5ecbe1f830236d2293d,416,416,1
train,metal306_jpg.rf.f9e9173316cc0086dedf30242fa9ba59.jpg,train,metal306,d9aed37060dbb7401709cf1fe18136a9dfe75d769a78551f49957a63defe38c9,416,416,1
train,metal307_jpg.rf.564f3da871252062ea9664f0de489c9e.jpg,train,metal307,bd57195ba021b7c2e9255633d9fd5483ea0d8dd4adecf4778a2532a52724c452,416,416,1
val,metal308_jpg.rf.921ab700a7247d7b4e2bce295f27c682.jpg,train,metal308,a047e61e59b0fbf9107e2d815d5b3d70b528b0bad79f9514699cac351f38012d,416,416,1
train,metal30_jpg.rf.bb68bd1b3a709624b04d664e7ff564bc.jpg,train,metal30,e25dee7d50b6493b965992cc2127d8569a1a7b4f34d77c0154b700e48a8571f1,416,416,2
train,metal311_jpg.rf.bbf7d457e90a68ec788ec3115848a5d2.jpg,train,metal311,a87983bdd909ce2e3b47809d7554181443f48c100d4c5aa6aee4f31d273cf85d,416,416,1
train,metal312_jpg.rf.bdea4f7607ec8d3d207e0d5982cdba59.jpg,train,metal312,2ae099fb63311a69384cf08fc963faee80b3d99e8df7fe0c6458f0912fff6734,416,416,1
val,metal314_jpg.rf.c36f1a5c461168722463b073a844966f.jpg,train,metal314,4e81fbf50558fe3ce546de3b2817e37a3fcbffba300e6ade16293c8b9f49dbb2,416,416,1
train,metal316_jpg.rf.30c4daf79aef1de5ee0da52b34f58710.jpg,train,metal316,94a18ceb7290c6877152bd5069eb63a188d6a8222b009ae2dd19371cadb8896c,416,416,1
train,metal317_jpg.rf.1e420d56150462425cf1268455d45c22.jpg,train,metal317,dcad8fe40b5492ab94fea75a2c219d3ee61de9fd9bd30be38f28aa08246350b8,416,416,1
train,metal318_jpg.rf.8cc08b52da4b7cc6a352c8f5a6b0637c.jpg,train,metal318,21c2987ab7794b6fc11cb3c35d1ca310910e4173a1650aadfd66895f09279e41,416,416,1
train,metal319_jpg.rf.52fdb30df3b3b425e09fe2bbeebf847d.jpg,train,metal319,8184d2cab0437adeb81da7f540f0353b15d9ed6e75cd75abea658a8dcbfce5ef,416,416,1
val,metal31_jpg.rf.b5d60b8c344a43475560285dbe29b077.jpg,train,metal31,de75ca79954b1c0d32baf2c439bca5e81c67a2f4ca2887409dbabc2aead3afe5,416,416,3
train,metal320_jpg.rf.32fbbc7ed212de6a4d95e2787dae3733.jpg,train,metal320,4246d625427f122aace12f9552c1cebc5eb2bcd9608414e17341603bfd01f012,416,416,1
train,metal321_jpg.rf.802889604609a4a19f0fcd34e814fe78.jpg,train,metal321,ba80f3cee844d669f69fa257990f190e7844a53b7694bb1b62482ea672983335,416,416,1
train,metal322_jpg.rf.eb918240b39f344eab5cc1ac135276f1.jpg,train,metal322,bd6555e9256f11143709476b9f192bed58447d9320b9d72e60c88e808317dfde,416,416,1
train,metal324_jpg.rf.b4d937070bbf7c2a8f0377b433ae0786.jpg,train,metal324,9bd33d4d4072b0d0879de20d7dd65abb7f4295ba53ba56febb18d268457d0f2f,416,416,1
test,metal325_jpg.rf.9398f8c53ae7fb633f5852e218c13245.jpg,train,metal325,f43022be3c955b9f5bdaec97eee247a1bf5cc9a5d72ef5bdc192476ac4d8ccfd,416,416,1
train,metal326_jpeg.rf.d84bd34d4c966a9bbdbbeabcb126d3e9.jpg,train,metal326,6a438c28f039c4b85de6b28a799773850e03d0c80f0bd08b183f72088cd49552,416,416,1
train,metal329_jpg.rf.b1b0420f9524f01bf7379ec7e463126e.jpg,train,metal329,70e0581d2f4f93592de6acf6dbcbd43b22c5a34473d8c0ac839162653596c626,416,416,1
test,metal330_jpg.rf.18aec116e60f6518ec8637e6ed76aa3d.jpg,train,metal330,0e855ab8edc95b72a540ef62e4974f4e974c062a7620f0d1a12f305881230689,416,416,1
train,metal331_jpg.rf.627989f6c041ec8b48d01ec913b0f4c2.jpg,train,metal331,623fe48bacdf8c2330c7dceda6d77ee7f35d204d096682ac0a165a83f55686f2,416,416,1
train,metal332_jpg.rf.c6b508c08802c90e5750b26bedced732.jpg,train,metal332,ca6eeac2f26ffa4222591564cbe4ccedc7a3f99959b7c2b26488dd42e0552c0f,416,416,1
train,metal333_jpg.rf.823890afe3ebd8fff1d4662f9d0666d8.jpg,train,metal333,b6a8f4964757e525f598c40eb2443ccb3d49aab9fe43a7183ab54e8bf30a6df9,416,416,1
train,metal335_jpg.rf.1f76c00ba2e087ce9a07d93764a93c53.jpg,train,metal335,12e1724078eb0692bced57dfa105e1a3775a45b3403c8b70fefd84e56e9ba039,416,416,1
train,metal336_jpg.rf.e7f8f1c0cddae93476d8c91bca425c8b.jpg,train,metal336,34ed4a03c3333c7e48ba95ad8ac70e42e3421048af087365677d19d4efa4c711,416,416,1
train,metal337_jpeg.rf.d9bc4c25caaf0c32a4a0cc2eda658355.jpg,train,metal337,9c05768d045d9c7a8b29dae657d30a7f457cf673442bd0253660977af3204d67,416,416,1
train,metal33_jpg.rf.3f77198d93c677ffd2a461c4d86b63a8.jpg,train,metal33,b54651f31cb6e81956b5112ba94e8f8e7569c7a38a1e1651df0e145714c5c9c1,416,416,1
train,metal340_jpg.rf.e227ddc29609742c6df0538e2ce6fd1a.jpg,train,metal340,8357635e63e716007144a9d62724d7d3c07cc1e61123d707b77cfd5508dcd7b8,416,416,1
train,metal341_jpg.rf.5abb8151d675b167a58b8d032e114d79.jpg,train,metal341,8dce93e1329780b847b65b34370119e9347d6611393315be1e71f86cd19536a5,416,416,1
train,metal342_jpg.rf.fd092d054e624b66b651ed4ec4d396af.jpg,train,metal342,7cb4c66266db06210fcef0943e5cea1f6ff405a6fae692c5d57cc9aea50c7007,416,416,1
train,metal343_jpg.rf.e1bb5af8e81a37f2818c54398d290c1c.jpg,train,metal343,309625ac73f98620432de7729f121861661d3944f2128a0b1d2455b0177ebd10,416,416,1
val,metal345_jpg.rf.aab2a79e1566b0735986c17a91da21cf.jpg,train,metal345,b45b561cbe47250a54d1d301c3bb59e51ababc7eef2612abc3838ad741be10d3,416,416,1
val,metal346_jpg.rf.fd5a659656e881c30795183289089994.jpg,train,metal346,d46b2c01e6ecbaf57fb950a469e775cacf3d5c71bfa8c453a1546157d4ef865f,416,416,1
train,metal347_jpg.rf.db1d6407a55f0327e08c0371050d80ff.jpg,train,metal347,3980db06e39efc18ec8c4c39e82668b4a44621d4d8128041390d450a51e11fe9,416,416,1
train,metal348_jpeg.rf.2f4209da0f63fe87537ab17dd753079c.jpg,train,metal348,380937e6de8ccca3bc88471ff31e8125f3fe1bd8126fef72c1469bd05d8dd388,416,416,2
train,metal34_jpg.rf.f3ef9a103f3b7fbf68c24df12f041632.jpg,train,metal34,fb34e5175fed1a744bf1914994e2879a7285f7f26f41ab4ea4cfb26c6e3acbe4,416,416,3
train,metal350_jpg.rf.b7b4b6002cb4f390c7fce230b7a7f955.jpg,train,metal350,27ad0696867ea88e561d6f21cdb1786e4d0227efdbe1baac625e201f74174db5,416,416,1
train,metal352_jpg.rf.fdb9e3e96644b603e7deb9c28aa68d66.jpg,train,metal352,a43491bcefbc8313f20b232771cd3ffcf6331064c7374292d768245bb8b07f5e,416,416,1
train,metal354_jpg.rf.09e631404a68818bd804229b2ef5178e.jpg,train,metal354,36e2025975786a0a22fc97915c40054c2ffee0e8b1cbfc1930f71bbd9367ba39,416,416,1
train,metal355_jpg.rf.4210e3b83df42564e56971ca701ecda7.jpg,train,metal355,a3e25f0edc5b00728a3276a79e25ba5a06aee2e5b55058f90117bd08d421b066,416,416,1
train,metal357_jpg.rf.0296f5781bf588f1bc3d980c6c0d6fcd.jpg,train,metal357,21b7a3b885588751146c477c2da57f0b397b185bd6202c78136b646e32edd224,416,416,1
val,metal358_jpg.rf.e1bcf2c92d746d3824bb9fb8f426992d.jpg,train,metal358,0761f9e582d7f6ebdceb5b68f2c975af560afc08446df00e4f3fe0cdb235487a,416,416,1
train,metal359_jpeg.rf.ea9008b40b5b1e25f7d30f123472967f.jpg,train,metal359,5ff2fe257691bbab505649deb4f87a4d15328e629824e9106a82e1d17ad1cc42,416,416,1
train,metal35_jpg.rf.030f2e27e34b7ffb9ee3c59e2f8e96e2.jpg,train,metal35,dade732e328f2038a5a87a866904ed71a6693614cb7fcb1110621e0ef91ac58d,416,416,8
train,metal360_jpg.rf.39d9dc98f085af4688c147a79b45ad40.jpg,train,metal360,5a0438692ddaa7d1f413413750f7b87083d43999bcbb1ecfb426d92db3b933e2,416,416,1
test,metal362_jpg.rf.fe70765da899f8c86a98bf5b0430bf97.jpg,train,metal362,dd12fb8497a97d1bf5770df823b5bf8adb17575cfb75647141c67250e3bfda8f,416,416,1
test,metal363_jpg.rf.33545a3cbf6b7f0d8c419cabf2833881.jpg,train,metal363,af22c3dc0845aad8d4d2584c5ba67f7d479804bde76366b1189bd9e02a775f03,416,416,1
train,metal364_jpg.rf.bb317408ec90896ca92aa26ea4f00c02.jpg,train,metal364,635aa02d77bb977652ecf4fc566b19477022f59a1b5c8d780f89c5da42130912,416,416,1
train,metal365_jpg.rf.d02a66d1dce5d59339928300d0a6356d.jpg,train,metal365,deb2f0ac3afd178fdfc5976338322b987996c818235aebebcae1b9e14852d2fb,416,416,1
train,metal366_jpg.rf.c4fa3eea57e60797c374e6d2ebd6363d.jpg,train,metal366,67a937b69f35127b1cf316384414b33c2e4b9069aec0fc971913db78b4b3843e,416,416,1
test,metal367_jpg.rf.d5eec2372422f3a549b847625cefbca1.jpg,train,metal367,a6f98a06c0dd8c4fa2e0e2e56b4ed2afea71afb7a39f12e72548ee25e9d0d7a1,416,416,1
val,metal368_jpg.rf.a7c48eeae98a69df3ee04a6ebe5f4b68.jpg,train,metal368,a89c77930b13bc42107f214ab90b89ab2c83aa8bec2fa087e75c222cd891afbb,416,416,1
train,metal369_jpg.rf.24546ed028a9012f50ea3308a14a3c2c.jpg,train,metal369,8836f00ae556c8858fd4b060c15068aff9434ab1e4da00546c52c655636e6748,416,416,1
train,metal36_jpg.rf.0926e30fe4a0e5eb121ca3aea0c53a6f.jpg,train,metal36,4337707ba03b9e10605388c1de90e7784603f153517d808a6757a76553da519c,416,416,1
train,metal370_jpeg.rf.fb9a73e5d5889fd62db496365ac7add9.jpg,train,metal370,af3cfd125923b931c083ba9dbe4200d1a1375da5fde47a593ca31397ae232a4c,416,416,1
train,metal371_jpeg.rf.080412fd1ca3a4da37ddbefd8e7e6ab4.jpg,train,metal371,0081131a0dbfb12bbd1fd094f0b5e94a6a1c4e6778c6f19d9d62a8215172ee5e,416,416,1
train,metal374_jpg.rf.298126407e809ecacc9498aa2aee3ca7.jpg,train,metal374,942451b057ad393a6e8910d0361dc888e1e6fae8584fd8c981c5975a107201f6,416,416,1
train,metal376_jpg.rf.6e6be0dfd5bfc16a6da1c528159a3c57.jpg,train,metal376,7871c4c4c7692d5fa153cc4a457b76dd6820867a937c3388e0f553c73683addc,416,416,1
train,metal377_jpg.rf.038c031fdd0a8732b3ea41efe1af68df.jpg,train,metal377,5982180b95ee134a0a265107ab12ad943e27d6fec18f7ea17a4d0593f2f68958,416,416,1
train,metal378_jpg.rf.9dc0067a7dbd2c5deaa2970d5372accc.jpg,train,metal378,3a1fbcd7a64e3ca53736d9f2d4419a78e394fbf176c663c5c4a8d1e5b8a4876c,416,416,1
train,metal379_jpg.rf.267abba03a4c7195a30654859ee96a96.jpg,train,metal379,b429a50a678e68aacf1b3f691053d6516c3a5dd8d29b24f830480ae30498e23d,416,416,1
train,metal37_jpg.rf.2100fd7adf3372d38816247b37b9ed31.jpg,train,metal37,bad4cb7512b31aae1ebc7f3c26f740a3d55ac66a33f66c6312705e61839197bd,416,416,6
train,metal380_jpg.rf.b62f73fea16ec6f87ac23969fc41095d.jpg,train,metal380,5e645303bee164719c1181c06305785eeb9d2a0b13eba41e4b374b65ae91385a,416,416,1
train,metal381_jpg.rf.90ec663838538de3148be439ecee4c63.jpg,train,metal381,471a6c844a5653383be6005b0cce69e9571fb1c5ba3f3f21567601ee704e8b0f,416,416,1
train,metal382_jpeg.rf.b6bd30034c4c71e15a45f3f5006f046d.jpg,train,metal382,4c0e25515b310758c2acaa59fba102389625c955c74189e7d573f0b789aa99bf,416,416,1
train,metal383_jpg.rf.dd429689d34de9bdc9af4672094492cc.jpg,train,metal383,96be484e990b9467adca367202553f0573ad9a14fc9feb1b840b8ea27f32e1f6,416,416,1
test,metal385_jpg.rf.ae4071c653ece4a06bd100560c939c26.jpg,train,metal385,364b1e99ea1064d9a3230a850ce38e8e826483850be12c94250c42617b1d8d69,416,416,1
train,metal386_jpg.rf.c77becc60fbb7b522b57f5ab00d48eda.jpg,train,metal386,14783f1da57e65ea29812014313073883274579ce2018e86b6b889415c598496,416,416,1
val,metal387_jpg.rf.418ae0f7dfa813a16b23098ffe3ee72a.jpg,train,metal387,5b0ff89f7095e668cabf66cf7b47924c640c1d3d85b621a1f505396767300bf7,416,416,1
test,metal388_jpg.rf.1f48f909d496759c765100a6bc9128ba.jpg,train,metal388,6a9d8c17252e37d598acafb18628f9a0c92225da3721f35a667e5623f2f44b41,416,416,1
train,metal38_jpg.rf.5fb7dbe85c4babe3abab4bcb34906183.jpg,train,metal38,c04bb8bdf4199a284754371fcbb94d58048e930f98094bfb42afdc72af58943c,416,416,5
test,metal390_jpg.rf.c84ac4a1eeedbb629c3f29ed1b36f219.jpg,train,metal390,8bc6710d8fe4fc6e3e0084580d188f903bfa98e652f50bbc634d736f134e63ae,416,416,1
train,metal392_jpg.rf.dc33093e8e7098ab17230d873ce9f954.jpg,train,metal392,cac0dfb513dd43baf6f15aa35e246e61bc65b1803141062e07f008694bf920c1,416,416,3
train,metal395_jpg.rf.35024ab26779463e2a1bf0c703172710.jpg,train,metal395,c8b8467ce8ce50cc42c533564cd5748cc9c4c2c539bd360b87cf73a8293c2c81,416,416,1
train,metal396_jpg.rf.e47b82eda85102342871a56af4dabffd.jpg,train,metal396,7f048a4f44bf09b969ca0c32190ec90f3f3fcfac42dd9a5459121300074e14bf,416,416,1
train,metal397_jpg.rf.5a7185c31cb00ce567c861b8e033c00c.jpg,train,metal397,da5ebbf4a2a056677d1052b5f76a4729295e159e2330d6c1beca7ffe80b5bb05,416,416,1
train,metal398_jpg.rf.aaef9432412158a7919686250b652e28.jpg,train,metal398,66cd849b63577d477230392d818e2a082c6882378bd1248901130d136b1580ae,416,416,1
train,metal399_jpg.rf.d68e89eb17d111172909b698b0152806.jpg,train,metal399,be837407865a0dc93d52a69ceec1e68fe04fece9a667e15f4740def77de53c62,416,416,1
train,metal3_jpg.rf.f172120116b87c5859ded8a59912cd73.jpg,train,metal3,5a4dd389e02ed0184148bf4c3bee86c9d2976a563093fa6736b0b762610bffc8,416,416,1
train,metal400_jpg.rf.e3a015deec71a44fad0bb6fc53fe4ee1.jpg,train,metal400,3360752faa75cb891cede642bf7a18b75281120d803c0b4a8d49ec62a6020ae0,416,416,1
test,metal401_jpg.rf.5e03b019d61c8eae79a79ecb906a5834.jpg,train,metal401,aef407c3df3615c53ff360d31a5f26fdbc107c7e1eb347189d2ef499ba8012c6,416,416,1
train,metal403_jpg.rf.39a67f9051f729b403dbdb912ce8235e.jpg,train,metal403,fd9843dada8770fbc57ea99e258057e14f6b0d7fd9d6860a29f0ad35f01c551e,416,416,1
train,metal405_jpg.rf.3790971cb2afcc03acfce209d795b5b0.jpg,train,metal405,37b462692e56565dd5dd405f72accecf5777d69040afc9fd557e4e52c78fdbd4,416,416,1
train,metal406_jpg.rf.d2d5a41fa26eecece2857d9d848a15cb.jpg,train,metal406,55f90f5dc4c211a961e4929752b0fb22d6ea770b6cae9e1cf60d7f5faf1cdc23,416,416,1
train,metal407_jpg.rf.11009ebbcffcc882e4273cbe3eababf8.jpg,train,metal407,d903ef2f4ec09383c45cd3f56d521f61411eb0596273c2849449c948a6d8154f,416,416,1
train,metal409_jpg.rf.4fe36391364c016ad7c2c25fc3c9a0e5.jpg,train,metal409,e31aae3e5c66abd2843d56b05bcddc8bf04102c7500b0916c2abbdaf88c80261,416,416,1
train,metal40_jpg.rf.2c7b66e40adcef3b141a228f5b35a240.jpg,train,metal40,c697fd016d9347b07e99a4a95fe74e32b3b578751d8546938b4d0f716900e199,416,416,17
train,metal410_jpg.rf.e01917170cb2040c222e2968cd025d3f.jpg,train,metal410,2488fec7ac4938fb80c4248a345e29bad3d19195aac6a7e4aab0a87e54bac7b5,416,416,1
train,metal412_jpg.rf.2148d6df297cad4912877c8174383fc5.jpg,train,metal412,242acac63a103d75557ecffc9f54316eefe34210645493f9818a2084792a3d03,416,416,1
train,metal413_jpg.rf.243c757a789b793e5277ac1299e42c3c.jpg,train,metal413,f3e1232a1743dd1012996874227fa71c1d34f39e404e7b953155033a46a03dd8,416,416,1
train,metal415_jpeg.rf.a59d7f554cd4b14e26853e66089cab67.jpg,train,metal415,6375607b59cca14f80ad0f544eb7f8d971c79cf88e68c0e4d8c1d8555500bdab,416,416,4
train,metal416_jpg.rf.1f1868ab6b6f25094b4f84f74f455d5d.jpg,train,metal416,e9b4c7756ac7ddf51d969c798ac490a76e0042d08b98bcb7b1e5f2cd77d2143c,416,416,1
train,metal417_jpg.rf.482d529a8b398372a7b81f880ea31323.jpg,train,metal417,250b813fd952808c53b038feb2f594650b3081b10452cb11931b9b5eede14be9,416,416,1
train,metal418_jpg.rf.3c55cdadc64ed31d2186b680393bb44c.jpg,train,metal418,2c948c9b443b3d70b8b41f6efb83bbf170570683a84a9fd36774e6983c1efe4e,416,416,1
train,metal420_jpg.rf.b53909a6bb21e9451e3fb7355d938127.jpg,train,metal420,6520750effd078540f74ac5b2df185484aa64e23169cb24185a94179ca755984,416,416,1
train,metal422_jpg.rf.013a9aa677d3731a39807a9226e1f43a.jpg,train,metal422,5737a4c6a13653458df23ee9c08fcaea4487a872c57c709f936b678e7a556a85,416,416,1
train,metal423_jpg.rf.05fa25cbcbe57c648bffc98ffac5cfbf.jpg,train,metal423,c6c18270a92eebe240c0e49885a0be1228b821c259f25bec20e0cb4123706487,416,416,2
train,metal425_jpg.rf.1b708aaf2524dd45ccade672626c671b.jpg,train,metal425,7735a8b4a795c346330fb6d75c60b696a46de74af9c21b0f904fb26083aed4e2,416,416,1
train,metal426_jpeg.rf.aea1e2ff5d4e2d07337d5d45faee8577.jpg,train,metal426,ab76fe41ddf9da4cae4bc638157b78be0f2b94ae99ccf08c7632c2c271e8191f,416,416,11
test,metal429_jpg.rf.21409ce4e2014609fd1a236912d47a69.jpg,train,metal429,d698b49b8c0ede507c315697c83750923371e57f0d6941189d2940b38bbbd19f,416,416,1
train,metal42_jpg.rf.09e7de37d1883b459e2022b291b391c2.jpg,train,metal42,ddc0c618a17f6ff56991a444c09c30c511b24ef2cd01a77459a37cc8ca8767aa,416,416,3
train,metal430_jpg.rf.f10801c6da38272361532e05acfb1aae.jpg,train,metal430,0b4eef46de299487cfa78a2a96ab76c11fc0be6b6239c2f2316bcda40ef79e34,416,416,1
train,metal432_jpg.rf.9e400661ef7e986505ae636632ef9f3a.jpg,train,metal432,d1826c2d95678d8b81837c245a2ffd02bf44308fe9d69b771812d0ff980c00c5,416,416,1
train,metal433_jpg.rf.cc420a12f4909e3318dfc0032591ee1d.jpg,train,metal433,4d2d0e39baff4cb1108af38889871a44d204961e0aa1b0c657371a525c81bf57,416,416,1
test,metal434_jpg.rf.a0aec403a956effe461cef126ed8b6a3.jpg,train,metal434,612cdc1793cd2f309a2638a3a381c369a98a426e4d3ac37a1a7889abe7f421cb,416,416,1
test,metal435_jpg.rf.11013962f967153402962f1d8d75fc74.jpg,train,metal435,7e38df1c55490c1aa368aeb1715553bf95645176463e8767ab106b422cbae688,416,416,1
train,metal436_jpg.rf.b832961b67df9ef68783f53677183474.jpg,train,metal436,0ed83737fe07a15b5609679d293bae879d894b134bc3ce6aafa3ad2c637bcc5c,416,416,1
train,metal437_jpeg.rf.cdcc9e09d0f46528b5fac3988fe4e15a.jpg,train,metal437,a0b1054fe2f1b5c331d2ddf2409c88a45f5593b4b70b97e9d337ac769577b6d9,416,416,9
train,metal43_jpg.rf.77928c8325b207b9650c9eeb46ed8182.jpg,train,metal43,7eb8d08684450b04df1fabd4bf6b29fa06f177ae4665aa43244ca83edb65aabd,416,416,2
test,metal440_jpg.rf.ca90123d2e0d1ccbca37afb74239d91d.jpg,train,metal440,41d2e5f973c6a6abc8e434a0eeaf58b76142a3743faad94536241b7424926d27,416,416,1
train,metal441_jpg.rf.cfce7ca735c0f8df5583582162402b51.jpg,train,metal441,c7b0dd8c2e63c96e9a31500b7feb023ef68f17008e7af71fcd428780f8b2878c,416,416,1
train,metal442_jpg.rf.78f191c8cd8f31f3c2749d125c43e9ac.jpg,train,metal442,dd9bf6992da59c8c4af03a23b11756fa5fba29b671c1900cd29122dc2baa274d,416,416,1
test,metal444_jpg.rf.53953d76fc8596a5cdef48b71c820a4f.jpg,train,metal444,14c2082c58930be0f20d1f426c508cf9314a897bb4077ce0a8bf8244fa8edba1,416,416,1
train,metal445_jpg.rf.1e237697ce8cd63835cdd67491343a8a.jpg,train,metal445,95e88980856834caef1218b26ddcde79b457b80a4c1a07cf9ee19279a155f3e4,416,416,1
train,metal446_jpg.rf.2a402994d8ca8999fbe94fd02f4abc0f.jpg,train,metal446,81f4fd5a795502723b4259d037ad8243bdaf2a8df72964ade8e4b3dab88a0919,416,416,1
train,metal447_jpg.rf.77f43d7c08fd67916bbe4fa829108860.jpg,train,metal447,be45da651c4b5671131fac72de40af078062264c8324a994d1866fc5483477d4,416,416,1
train,metal44_jpg.rf.1b5e4669f0364d82c37b1f511580705c.jpg,train,metal44,f4ab6c9c0b3f238b4ecefd5dc0dfa1d722fab485ee17d72aba512762024fbfd5,416,416,5
train,metal452_jpg.rf.934657e59cb47b30629a60bebd83d291.jpg,train,metal452,82fe45dd9e3189a1c639bd5e99ee95205890104e59233e307cfb86e60c69bd9f,416,416,1
train,metal454_jpg.rf.2e5ca0aba4e66874d2c39542805779c8.jpg,train,metal454,587b7a0880072ee56cbf86e41cf8f0dc04e0bed5988f8a70423f7f585092754c,416,416,1
train,metal455_jpg.rf.8ce462333fa198cd2e73c4226d165d58.jpg,train,metal455,a868d756590b92ceae4a55107cb5ecc1417ed2dbc6fe6681c96e354bfb19e48a,416,416,1
val,metal457_jpg.rf.3884b5bd08f8ab8ca624023136307217.jpg,train,metal457,569bdf3e98461f7fc12d17fcdf242233ddb74b4c307bec2b310257fe51a88f90,416,416,1
train,metal460_jpg.rf.8a923557615cf264bdf65e43af65e7b8.jpg,train,metal460,cd437d63ecc1af615d6f5d8527748d396b3c4040c9148009697ee1f9ac85469c,416,416,1
train,metal462_jpg.rf.2bebc96656121b14c93012c5287abdee.jpg,train,metal462,ec641e5a3f27a3048526af1347cce7c9e8e8d5260f0148864ae7272d7f24ec48,416,416,1
test,metal463_jpg.rf.7ae6922b5cb757ecfcc84cd80ccb7219.jpg,train,metal463,e0e1ce6bc882e4afce6a912f15bfb039cfa320bba8770f05ce3fdf542384b2fe,416,416,1
train,metal466_jpg.rf.297b7e984a91af4f3753d4c18f81af11.jpg,train,metal466,3c83fc3514d4c054eb005c0a5e65a2654848d3a560edaab9622fb2b5df5c10d6,416,416,1
train,metal468_jpg.rf.17a535e9e6df3eb98f7d26f40a37f231.jpg,train,metal468,e291d9af59b282bae5450a1de1d228a43405e7c114beacc569ff438e0972366a,416,416,1
val,metal469_jpg.rf.9ba82de7315f861531bb0581ef11e3d5.jpg,train,metal469,cba4076933e6484c0dab4e1d43643c15891ac070ee878eadabeee16b65258dfd,416,416,1
val,metal46_jpg.rf.ebe7b54aa4700f37bdd15b0cdb501c51.jpg,train,metal46,6d26b1f7bdf298b140971cc033033828c098492beea978adabf2bea2aeb74a18,416,416,12
train,metal471_jpg.rf.d5510f8244175ca993233e9583a21537.jpg,train,metal471,637342adaed0613806a9dcaa431f1c7dc04f252d0db2131d1809bf58ed02b1bb,416,416,1
train,metal472_jpg.rf.7ee53ccbbed984748021fa8ea5acba24.jpg,train,metal472,05f775ea2238f8bd80566523cb166b03c8643f96756c510dc9551d44aa8ece79,416,416,1
test,metal474_jpg.rf.ca67311ef611b80f7d2a91ff09543802.jpg,train,metal474,92a1067dc4626bef64a117a9bc2c642c1ab984d2a5396b9baec43fc966bbfa9b,416,416,2
train,metal475_jpg.rf.09c2887e0bf068455a6a2e6422ddc207.jpg,train,metal475,5242980a99994a85cac052f41bdb9669b7cea6b6e1027871343150b6cc1af01f,416,416,1
train,metal476_jpg.rf.15678b4dbed101f4d925e44024684dc0.jpg,train,metal476,c2c23b224866a75a0d5fb50850d40d422fd23aec7609a3626a54283685fa371a,416,416,1
train,metal477_jpg.rf.6e2a47192fd40efdca77e9b892275a00.jpg,train,metal477,57ee42daff6de8a14f728e43e53f36cf634fba39807d803da55db75ec4c460e9,416,416,1
train,metal478_jpg.rf.e3413e990f5e96d7b19d77ef4cdf470f.jpg,train,metal478,51aff68437302fc83d05201bae5b85430096b7e74e1c5e02d164966a01f3550b,416,416,1
train,metal47_jpg.rf.0919f56c5f1c8fd037c5b1b68d8e0150.jpg,train,metal47,723553bf6b23cb6a01fa1c14bf34a364aca888c134eb90dce3063a8e3ff2343f,416,416,1
test,metal480_jpg.rf.91734a7dfb90cbb24346c96ee1a2af65.jpg,train,metal480,e70889a9dbf4b05128a003fd72bafcbb7fcdd7a46a809e848714eb5ec198fccc,416,416,1
train,metal481_jpeg.rf.af3f31d9220abf0b0fdd79497b8183bb.jpg,train,metal481,8a1f639a2626f001fce19c56db082281c5368f600c35a05a902df31bac9a1765,416,416,1
train,metal482_jpeg.rf.beace72c6225d6a95bdb0e1617994451.jpg,train,metal482,41556b2d5fcd1b0081ab20b40fc034c3eb3f54c0d0e76487eaf35bd55a82ad67,416,416,4
train,metal485_jpg.rf.858713cfbaa9ed3e43d026b4443f90a6.jpg,train,metal485,784bc5604d0b03d1fae0617519e46e358387c097c5e00a216cb71281cd488033,416,416,1
train,metal486_jpg.rf.1f6199f6540cd7e5c85d898de1021d77.jpg,train,metal486,bab2bd0e44e198566976863ace01ee855ed7d21ed66557b494d4de2e82d366a8,416,416,1
train,metal488_jpg.rf.3de56da8ca8d01321a41fc85e038b2cb.jpg,train,metal488,4d90af47e1aa3c732b260fa1783a048cd5fd3e6db01368dbcfa64d591b2ea32c,416,416,1
train,metal489_jpg.rf.a88489867c8487db3ab09da7ef9d7b48.jpg,train,metal489,b5f7929811a871199a5559a22ed73391574969a89abbf04c9629cb26fbc9652a,416,416,1
train,metal48_jpg.rf.356612ee9aef9f1f61fce62658a0c5f3.jpg,train,metal48,5e271fb2deb7ba56c9bb0cdb173182d5ab7a17e8cdd845994ee103fa16b598c3,416,416,13
train,metal491_jpg.rf.a4cead2a8a8137dc5c6b4417c47c1143.jpg,train,metal491,e48de2d3d59568f9abc5810d72aabf4e06a2fcac08f88d835f373f7fce741b59,416,416,1
test,metal492_jpg.rf.59bc9407bc1379730ff5cc5876a0e6b7.jpg,train,metal492,c659770224cdc72e0b31251b64376774345cfde46c5d16bc0590adcb1c43d2a9,416,416,1
train,metal493_jpeg.rf.ea2382936797541b8f7584fc1b254652.jpg,train,metal493,d1fcdda4df88e5619095990df8c6a202b3bb8a8989e022bf2951ed45a1e47f0e,416,416,2
train,metal494_jpg.rf.8897467cac3d050f75f5c5c0e3274229.jpg,train,metal494,649dd15c3234cb402336cf838c658865b7d194a9effeba5d3bbc7de5290f3b0d,416,416,1
train,metal495_jpg.rf.7da6a1c8552d258daea69ba509156f36.jpg,train,metal495,16a9dfad137bf1437f5f11fd28afb8deafa9260c88e2dd3cba923e2412467a99,416,416,1
train,metal496_jpg.rf.3915134fbd59cc2574830382bed995c6.jpg,train,metal496,35c832369a17448e816e6150cd4be952d7b883645958b6d2969d829b6e20875d,416,416,1
train,metal497_jpg.rf.5d114d0e1f0a8f57d7347856c13513c2.jpg,train,metal497,fa21d2763427963083856dffbbd4a972ba55e2ae84294c776fa957fffc1226f7,416,416,1
test,metal498_jpg.rf.50dad873ebe3f5e0872a27cfcf5abeab.jpg,train,metal498,cd970f5558bc9feac8f3b4f74798ceb3e8c56b969e133ffff8768d5a69ad0875,416,416,1
val,metal499_jpg.rf.bd5d1fa0daaf26d6965c7761cd8a9109.jpg,train,metal499,573d44043da8271d59bb49a64cb269ec72b4f33edd23061be4e0cbbc4f907e44,416,416,1
train,metal49_jpg.rf.b4085da6e9ebb1e0b68a3ce897fcd7b1.jpg,train,metal49,5a1297e29a89ec2f53173daba7e3eacffda4f027b766f5f6fed20791d1aa3822,416,416,8
train,metal502_jpg.rf.4e17c8746bd83859196e4225545bed8f.jpg,train,metal502,28675391c2253e5bc9f66fc191cca498f1bbeb7a04dbf02f6c16c0d55d2f2db2,416,416,1
train,metal503_jpg.rf.c787f81c73de481b5e9ce121ecc12300.jpg,train,metal503,3ed451c9849e8a0aa1fc50e621f0dbad860df24ade7de60ffbf8508b9891f093,416,416,1
train,metal505_jpg.rf.29f67032d19e1a9619f9a0fd447c40e9.jpg,train,metal505,1c44a857532c96580b00189c990015ce57541e53a467bed453af611ec39c8d91,416,416,1
val,metal507_jpg.rf.7b8042d1fe2fc9239d3158bfa2f5b943.jpg,train,metal507,595669486f4a7bad80a6168de0a83d3b42eed203b8ca508fac84ca6f1a975f1f,416,416,1
train,metal508_jpg.rf.ec717652434fbb10fbfa41717fed0752.jpg,train,metal508,5c8d3ef2e59d62aa2a0fa5c103103c43e9304a034dde93ca735a2387f7efb46c,416,416,1
val,metal509_jpg.rf.5265d82b4bccf78b6f569ad088989273.jpg,train,metal509,d74c73ee6dda53439cd3285e961c7a47e69549e9ea6c533136f067d994a43618,416,416,1
train,metal50_jpg.rf.33c61f83b78d38d21c6d82c1f632f35a.jpg,train,metal50,b848edb8b98ed9860d175fad4629f0126d88550d4597bb67af3d1be4c83b8046,416,416,6
train,metal510_jpg.rf.e18319b62f7de96a60df125f946a09f3.jpg,train,metal510,fd4ed30978cedfe4f43db59da986c0c4de9d64fc1e9be71e226133cdd1f4b933,416,416,1
train,metal513_jpg.rf.2bf99e088530cc17815756f3717565ad.jpg,train,metal513,14ddb43b5e869dbe329f505a0dc274b5e9a958ce0dd0ed8f7f09407f03da3f32,416,416,1
train,metal515_jpeg.rf.10f4cf4f1a84ef3b7890c7990f2816aa.jpg,train,metal515,80923d68e7ba1f2a0638c09a0e3571e6796d9459bb5785fdba565bf05addee7a,416,416,2
train,metal517_jpg.rf.bdcdae2dd2e871fc589cffdee7e6154f.jpg,train,metal517,7fa24a12d6e169d8ef872d4721dacf4bea4aba2bd6b823909a9ce8f25362ba5f,416,416,1
train,metal519_jpg.rf.090fdf39e4e6353ad2dd4000f5d9ed85.jpg,train,metal519,7729a3f93236c6a4e7eaf6d86a1b899cf4d0d0200e216edf654794645ef45992,416,416,1
train,metal51_jpg.rf.3017f56db47436452008202b7c4e808e.jpg,train,metal51,df273a5276509cb8cac5dc5097e3eda59b49cd28a12ddba4f71f6eb5f566207a,416,416,11
train,metal520_jpg.rf.9429198f98fb8fe392373542df6354ca.jpg,train,metal520,aaa945d8487c068f99dae333d00062bd7409ccea359dc48aeb4dfc33e9d14192,416,416,1
train,metal521_jpg.rf.b57f386d7eea1c881c9f089eab4c06bf.jpg,train,metal521,a8eb2f558dd12a1cf7417eedf1584e7870d335f3c366203c65245ca4bbb75495,416,416,1
train,metal522_jpg.rf.3cf26edcda5625c1b05ac1e58db11b65.jpg,train,metal522,c2934dbbd85938295fffaf7a5595b8abfacb58b5a919015875b307b5433bdb27,416,416,1
train,metal523_jpg.rf.95c53f226c0c1eae5c6996acdcf4a239.jpg,train,metal523,56849df621e1a3c07989c24815814fc7f7f50c3567644c46fb2cc799f146fa9d,416,416,1
train,metal524_jpg.rf.50ebcdc3d9423bb9d719b6da2b0c3342.jpg,train,metal524,fd9f6eb0e03f7cf02eb7c2dac2ae4e285cf1ebe3d90bb508924249e3978f63ab,416,416,1
train,metal525_jpg.rf.3c80eb4564dccafa578ed4c60938c518.jpg,train,metal525,a0f079f0878ea6d45e9ac47a17bac2da59d0988af169d11237c8a5a7ed279560,416,416,1
train,metal526_jpeg.rf.5c1a27897e1d1c25855626c710c124f7.jpg,train,metal526,57b298b78d7cf6c697768324142ee71ba21cc3b61049355d0653a591744ba110,416,416,116
val,metal527_jpg.rf.611e619c614575cd9a3738b1357001ca.jpg,train,metal527,886f0dee0f8434eac53c6f45d50dae7230ce85b051377271cc3ff049811210f4,416,416,1
train,metal52_jpg.rf.824d559f800c348514a6b7120f5af015.jpg,train,metal52,bfafb428111ebefec0f8c4a09c45969503251a20d1b45105b4f68ed7affb3ccf,416,416,6
train,metal530_jpg.rf.f79e31ef4ac09b4d150c8e9826e2e8c7.jpg,train,metal530,2374746e8f7563f5c432838878f7620ef969262f2618d3b732643a1c0db88997,416,416,1
train,metal531_jpg.rf.391ebfdcd383b4134bddaffce2716304.jpg,train,metal531,28072c74f3b5425d1c24d4bc95c90e69662106905c49920750328b3bb68f8ee3,416,416,1
train,metal532_jpg.rf.432483f934943ede4160ebbac31cab66.jpg,train,metal532,5fd58066c21439f4e0008b23b025427a5bd9c5e18d439b1a106893838210a146,416,416,1
train,metal533_jpg.rf.406f989423e2cf0450954b618a19c48f.jpg,train,metal533,5c1dd53d679c003d20ab67230b298f38eace286c9c85e38d4a11cca98b05e5d9,416,416,1
train,metal538_jpg.rf.8ebfd7e8464ab097fbbd67a39d78147b.jpg,train,metal538,d90bf71db98bfb500ac946c790663fe820eda9497ef28997af993c7778a4f767,416,416,1
test,metal539_jpg.rf.35976266f09d260911b4a0435ef3afb8.jpg,train,metal539,1f37c817eca15a235a2afa80afa4f340c7c7549d7ab7ddcd1959ef5e90071107,416,416,1
train,metal53_jpg.rf.52f3bbc27cf421ce2163c64504fae109.jpg,train,metal53,5fae81ab31c471af19a32a05721b36b0d382e653aa1d7033db69637c57624daf,416,416,2
train,metal540_jpg.rf.6c3e8afaae14d9573137e44100490e47.jpg,train,metal540,cf769eaf626013c6a86cacdc20526b8c564c2c14cb59849497ae87ab09818774,416,416,1
train,metal542_jpg.rf.fe83dd387d546fe16916305106216744.jpg,train,metal542,d23351cbedd8f823b8c6d4ecc5017e2b1897ec0ea6e0e71e7d428a6e7a9b6655,416,416,1
test,metal544_jpg.rf.069bb3a933ed00d455a6a19ebf3028ad.jpg,train,metal544,fa2e6b8b956553ffd06696c35562091171720acd1323eb0a0291f3527b3f45e6,416,416,1
train,metal545_jpg.rf.462ee60baf7ac788e3a7debce871d882.jpg,train,metal545,d16b3c05fe4be42090ab4b938be672b5870633bc608db1a6387476786bd03db4,416,416,1
train,metal547_jpg.rf.01a626bc3ad555161c5900d760e4aac8.jpg,train,metal547,f074636337db965341d0ebaaa0f2e5383141d50c1474d7e8c597050d5ce79bd9,416,416,1
train,metal548_jpeg.rf.748e3e9e7ffd2fdbc9186607e4d5879e.jpg,train,metal548,ee579ae5c51dcbd912e7247bb67edcbe78f56d6f4261211ddb785c6be970ca2a,416,416,3
val,metal549_jpg.rf.e101d0b010296a44e7b4b93f6c8dfc37.jpg,train,metal549,f5f1f3563d1b9d46091c78ed32f8240ad8ba4b8a817c312515d3c47b3fde9765,416,416,1
test,metal550_jpg.rf.c5b0b840ca39a28027dff235d8da609c.jpg,train,metal550,888ffedfebe276cf377c228cb8586fd3260e816ba396fa8a369c5112e2d9c415,416,416,1
train,metal551_jpg.rf.dc59eb97554756cb6f6a4f7c692c3d65.jpg,train,metal551,45c2c58cbb98b8058d6b2bb16576b5a19b8182209b3ab7d14e18faae90053f37,416,416,1
train,metal552_jpg.rf.a8987d6c313f13d548c4d9d4f61daa72.jpg,train,metal552,18bf62eefcdb99055f07c9b33e3612d0b7149363ef323fc0ca4992ae490800d0,416,416,1
train,metal553_jpg.rf.d01ebe51599b180a1d259014e9b9c7d2.jpg,train,metal553,9ba34938d9551a1f3f542b366e67107b73aaa90e8093f79dd1f97454ae0c9f89,416,416,1
train,metal554_jpg.rf.b6c6250bac451dbad71741ed9835f452.jpg,train,metal554,0547f2a337d8e64ac6aa8001d70b2f861bab19c6c0b7f3d49740071e952b54b5,416,416,1
train,metal556_jpg.rf.679e0b61a7387c37bc8b0c544c7c0892.jpg,train,metal556,ab1a8a271e012771d91e5d74bbeaa24730732a5bb277cf1ee4d2a3ef139c9d34,416,416,7
train,metal557_jpg.rf.413194cbd671535a2654eb37ce57df62.jpg,train,metal557,35b44f33ea6c00e4b580ebf06ebb82d8185873dfd0e3764f3c5a579a632373f8,416,416,1
train,metal558_jpg.rf.8c4c7696c4024d885e459b7b7fae2686.jpg,train,metal558,c02d2212933f4d1044b0beba3910ef4a20c16cf6fb838cc3ca4c493f66259c21,416,416,1
train,metal55_jpg.rf.2b350a70b0559fafccc64850ae5eb414.jpg,train,metal55,70f4c9109f11c774b2a776549a5a4a2bdd5c639cef17aa083cfca64dda16c189,416,416,3
val,metal560_jpg.rf.0d498d3642a6044a882cd8d5e52cec43.jpg,train,metal560,799e2f4463b28f615e6e9ba0a497854d2300729ba0a82cc4beeb2ed569c45091,416,416,1
train,metal562_jpg.rf.7fd8749fa487c91a37dbeb9fa70a4dc4.jpg,train,metal562,500805c301cf63105c5dc036c9bd8519acf2173f953a820f5bdebed72871674f,416,416,1
train,metal563_jpg.rf.431033d0613fdf819289e209f347358b.jpg,train,metal563,03141aaba553ff6e767124e6f72f39e2cf6219f4828d9d45b6e1590f7b7de588,416,416,1
train,metal564_jpg.rf.c2037f7225b300670e46e7273b452266.jpg,train,metal564,8d9e721cb4396016c6a567b9c344918d42e25c71271298571b78a5b3c5a60f6e,416,416,1
test,metal565_jpg.rf.b02478438e006c2683cb0d627c90357b.jpg,train,metal565,3732038f38d203e00fa22cb71e104945c4e06da2e3d160584589729d7bfb7641,416,416,1
train,metal566_jpg.rf.b4ab9e5d9c129872fb1755370505ba3b.jpg,train,metal566,bad07cb1ca03aa4be19c5a25b393e794148b6d6bfeb9134483eca9e0748831b7,416,416,1
train,metal567_jpg.rf.8242a73253542ef9a7b5ddc2e957e3df.jpg,train,metal567,edce59f3db3d7ab850fa4aeeb0a50275c57bfc80ee41ede393d5685431b56e2a,416,416,1
train,metal568_jpg.rf.580c1f2a055a6cc396dc6bcaf99a36ae.jpg,train,metal568,f7884fa744bf4c39e258c9562e1a9a0a93123151da75086d2c65f085dd3a3b65,416,416,1
train,metal569_jpg.rf.1fe5a51c626a2fc6283bc9fdfa14d6ef.jpg,train,metal569,a5d51edfffa6eba6e92bc7ce987f412bad873a77efcced586b8909cc1591f55d,416,416,2
train,metal56_jpg.rf.abca1b78857aeee84718f59b44e928fd.jpg,train,metal56,3b59da284bd5b2819d5865c90acdee4a19e1557fe553c24aa195e12761d2a839,416,416,2
val,metal572_jpg.rf.209e90bbacefbfd7482d1a401098d27c.jpg,train,metal572,af6435e8e3bf08e73915d31cc45894afdc185b78150505f4795f481afe2bed49,416,416,1
val,metal573_jpg.rf.6196af9c005fecdbd2f8374b6a84f904.jpg,train,metal573,7b39d528283c41b84f8fb443210699604f61e0c705ff478fe31530d3bb2a8efb,416,416,1
test,metal576_jpg.rf.9f0f01b154c8801f8156a42b3486586c.jpg,train,metal576,b54884b89c954d013d18a5b094f0144ebd75849bab31fe36d84512ba5ba09330,416,416,2
train,metal578_jpg.rf.09b3564972bb066b203a2d36ce7f7237.jpg,train,metal578,d81e20706ab437842e3ae895732c259b2d823250ccb960d02544f9eef004c5e7,416,416,2
train,metal579_jpg.rf.bdb7d973bd6d8f809b91b0d11b098e04.jpg,train,metal579,b21cef3fb065aa5c124b632d387af955e37a0312ac58e2c970b54ffca9af3c13,416,416,1
train,metal57_jpg.rf.62521c6426f70ab60b6b9ec0654395e0.jpg,train,metal57,f7bc37b3c08208deeddff4b9178dbbde0d4ceea66efa7d0f424965a53e870e05,416,416,1
train,metal580_jpg.rf.292a93479cc2d471cdb34ade2c6610af.jpg,train,metal580,c25625b81252808857b020f501c77049fcd2f9feda33f0a4c582e71a4dae95f2,416,416,1
test,metal581_jpeg.rf.9e750c85b99f8c1d26b9fcbca51522d5.jpg,train,metal581,f54e187bc90ca700b780d581118c5243c330ce60894488d352a8480da380c99a,416,416,18
val,metal583_jpg.rf.cee19f5b17ffcd9b9630c1f86c90b2f0.jpg,train,metal583,43f81533a1429f3908b64f8ea664429d7a27259f29c8a7d1e71d1b707d4e7007,416,416,1
train,metal584_jpg.rf.a741479039747472a3739274d1aec9b1.jpg,train,metal584,65173ad8b6419e13ba2a5a39961ea7883209b83d93bbaf6d7427a810c89f64b7,416,416,1
train,metal586_jpg.rf.decd28f5e52a22f59798b3e7d22835c2.jpg,train,metal586,d78b9d02aac5d77e8a21176ca9ca5f97d5deadc443d3d8620210a49e7eaba32d,416,416,1
test,metal587_jpg.rf.a7816ada0e7415edb2089bdbc2eacb80.jpg,train,metal587,2a6ae3f6db8830a4f1cf49e481227c2e4d58876d28da13909b5cdb46536f8229,416,416,1
train,metal588_jpg.rf.852a4eda0f89a3070d32425f22e3cec4.jpg,train,metal588,304267c4aaa768f02bd019b645222cad418c81bef571e80d8a67ec11b0eb18aa,416,416,1
train,metal58_jpg.rf.10d8e0643b1bf7fff8029946f94579e4.jpg,train,metal58,e5b852ca4cd4f39fbb0197b716224e5a141f3f2adf3a0d08e21139125418960a,416,416,1
train,metal590_jpg.rf.54c677215c664d0bb8c7f23a61be4e67.jpg,train,metal590,069e9b3c25267c7d3b0b75f7833b958df2337cbf3d993b96a14b3775f3c5957b,416,416,1
train,metal591_jpg.rf.8f5a77aa7142582361434ea7b8d7432d.jpg,train,metal591,ef7e3b4089b081f867c2eb4331acaed41208771e8a24500fda9cbd41620e1da8,416,416,1
train,metal592_jpeg.rf.c9a29625031b2845c2d09c1105688c28.jpg,train,metal592,05357a2a70f518b9a3caf242e6c4224d242887014b387455473d788e8697655a,416,416,1
train,metal593_jpeg.rf.955490092e63163fc4605ec73a43b4b6.jpg,train,metal593,95ae1549c07ea1025154f405d922f43a7735f5d3adf998419bea8ef11eae6b99,416,416,2
train,metal595_jpg.rf.1e98a9713eb333f50ff386c166635371.jpg,train,metal595,51b2fe491f0569d1bfeb373070746d597e4d04a463adc8d07c203b470df3fdc8,416,416,1
val,metal596_jpg.rf.8a5addb245dcf204024de81607f70ffa.jpg,train,metal596,7c59bbcab9485124b7e8fc38f064b8ad672d850e80227646a46056bc9d6b6250,416,416,1
train,metal597_jpg.rf.8ca04ea2c88f910d9da92eaaad571ce6.jpg,train,metal597,aa322fb13b12e25abb50ea8b11541975e462261bfb8be616d7bfce8bd0be1c66,416,416,1
train,metal599_jpg.rf.8af7d5f72e35ae8d06cc777c385692d8.jpg,train,metal599,3aebd416512f897461126be47e445c2a82621f1edf31737406d922a3b99354c2,416,416,1
train,metal5_jpg.rf.cd361f563a227f6739f2589fefc6d725.jpg,train,metal5,61b2cb733c9954fb26d7a4fdfe23b26005a149abc716dde67749196945847303,416,416,2
train,metal600_jpg.rf.7be88019f70677d2d4c5164e2d0011d2.jpg,train,metal600,515cf12fd7887f4ecb2712c20ba40ef62e248cd79f4dd776019a410f1a4d7c8b,416,416,1
train,metal602_jpg.rf.acb26ba32d6e91c0442a94d254a0e934.jpg,train,metal602,245b54854f799fb53f2f2b227e49b4bbc78f7597e66d5e0cbff099289f117a32,416,416,1
test,metal603_jpg.rf.add809b32035227bbe86a7cc2adf91ea.jpg,train,metal603,49783b145447dd9d86ed91169183ac9d431f5cb8137874e5a629a4e139c01084,416,416,1
train,metal604_jpeg.rf.4df5b1529ed9c7f15df0a03b8c3944b0.jpg,train,metal604,ac158a32f46d16d42915669f7737f51148865e08c4a0e20d16692b21ef0cf9db,416,416,15
train,metal606_jpg.rf.af624c7132b528fc7f0013f61e6465af.jpg,train,metal606,ab11cc76cffbd2f3b715f10128f62b62aa28910aa34ef34afee3becf817609f6,416,416,1
train,metal608_jpg.rf.a92dd1e2b547264c4dbef5e3303d6bd4.jpg,train,metal608,5277a1d6e0b6e3d4f0ca90ad56f702c39f1301129114963682cd36ff7df8d39e,416,416,1
train,metal610_jpg.rf.8f14eb875cf731e24d6bde98dd4919f6.jpg,train,metal610,2d7e03e8208e3393408ca0083946afb38b1828426612bbb67d6bd7fb9ed2bd33,416,416,1
test,metal611_jpg.rf.6fee04b0c463cc15e807c963208b7798.jpg,train,metal611,a0f7754ee7e59e48f3771697844e096dcf3b53f489c7299c03983695ada0821c,416,416,1
test,metal612_jpg.rf.00e7548ca6c4dcfdcf06323dac0da486.jpg,train,metal612,74fa07a6d58cba1fddba086283ab5d6db6a68dd164bce060c802351d7321e1e3,416,416,1
val,metal613_jpg.rf.7a9450c5bb3657d78425bbe878be17c2.jpg,train,metal613,d73c2b790b832161043056e2be88c44826f46f86eb441f68c54b211699557dbe,416,416,1
train,metal614_jpg.rf.f8f334c486aa460d3b80c58b3dc5b81f.jpg,train,metal614,e91dffc4910ba0e05b28c4f71d0da2a43db040741b466012aa5308a0920d7580,416,416,1
train,metal616_jpg.rf.5f99e72462bbc13986ee83c21b75375a.jpg,train,metal616,2c08a6e3e4d898cd4f36ae39a1265985a790b681832b4da635ff5bec5e812cbd,416,416,1
train,metal617_jpg.rf.1963306dba09a69325c7f1d7cc4b5346.jpg,train,metal617,4035a50b1389016cdc7cc8d627565f8dc32777638d7ff696259593d7f86f6d24,416,416,1
train,metal618_jpg.rf.1c63cf073bda7c42b835050fa734b126.jpg,train,metal618,e959033b3fb73367a0366644527ce94af9d260853d718920cfbcf440721545fc,416,416,1
train,metal619_jpg.rf.7a0fabb59fd562879eb61d2d00d6f2e1.jpg,train,metal619,f4e26ec32c0eeba2679fd1db3eb9360b2dad16eff79602d7233921ed51d1fad2,416,416,1
train,metal621_jpg.rf.1a01b1fc4467171d7f2d467fcb5770a4.jpg,train,metal621,172e610fac05e7404574bb7bfdf0f0696f77c8b869b6ca87d3423917b2599db1,416,416,1
train,metal623_jpg.rf.0de5fa2202e76f7beea4bcf9fcccf19f.jpg,train,metal623,a35f09f82ff78bf4b0638e4fac7e5684ab6c349c72ff6d8b646bc762eb556873,416,416,1
train,metal624_jpg.rf.abfcb46c70f0b6a0005c5fc04357bb12.jpg,train,metal624,c3c43c272679dd76c5e4ba9755d97fdaf319a826520397a013c2b3128bdd7522,416,416,1
train,metal625_jpg.rf.d174840f340e78e498feb7e024e9c70b.jpg,train,metal625,1abc97664181e8ca047b1d1ddd26c62d7418f8c28f4b11483c7ca3fe1d4cd967,416,416,1
train,metal626_jpeg.rf.b672a20871f436f07a54659762868666.jpg,train,metal626,6dfbd29e72c7879e4b0661841cd61991794dc3cb81902d03409142583a82ebca,416,416,28
train,metal627_jpg.rf.22754fe89644bf92291f290b81d09df1.jpg,train,metal627,7d39a5fa46d882554b4d50a15d3f292f56975bcd4cfc9bb7728bc14de9e091f8,416,416,1
train,metal629_jpg.rf.8c7533c9379eba80d46fcf54986ffa0c.jpg,train,metal629,786adde761c5eb1f399b39ef7109ae0cdcee7273870b1aaecd644ab6adfb332c,416,416,1
train,metal62_jpg.rf.07b90a22d44b3f6d83d62613bedc09a5.jpg,train,metal62,d2f201b935673d26bd14380f1294ff0d20c551b0e58de12e29b7fb35baa5b542,416,416,5
train,metal630_jpg.rf.03ec95df286f02c8c069eef44e7af7bc.jpg,train,metal630,131ddd1f1d81f218961cb9b1f564ca47c3d4a9b4684dcc7828b7a85f46bb8da9,416,416,1
train,metal632_jpg.rf.293beb1ddf1ad5d1d5f899d1fdcb4903.jpg,train,metal632,2b3913c0a48f9d174b30aee23da6769088e8b53d4e476e13724b61931ef284e8,416,416,1
train,metal635_jpg.rf.f253f8b82ef6e3b4812631e9be48bbed.jpg,train,metal635,d2fc164eb7ec689018a4d64c65130c4bd34c5693abfc49913e376667ff705a19,416,416,1
train,metal636_jpg.rf.6d722c24306ee4067ea14181a89b0def.jpg,train,metal636,a995feaa251a16f7016a5ce19ed06782d95183d038e3204b8e6fabc2a94a5f3d,416,416,1
train,metal637_jpeg.rf.cda74371327c062bd90eeb837b7f0af3.jpg,train,metal637,ea5f0aeb96d78ffe9f214e254ad6462513382b3d66d8332197d822df92e361f7,416,416,2
train,metal638_jpg.rf.6e6b117b1aff33489aff953f5a101074.jpg,train,metal638,3719c6782386a7a45aaf1923f30f4cb3259f5c41b839b688738fd71aaa46b9c8,416,416,1
train,metal639_jpg.rf.5c214a582eb9cff0bf33900dea831b89.jpg,train,metal639,2c1e63fbcfd096ce325a52b04ffb6b82ad1bb5a4857f01ec6a9ed5a8170727a1,416,416,1
val,metal640_jpg.rf.16a5be1f857ba3a29d44eb8ea0e38e74.jpg,train,metal640,da4d42fefe05b4e7a1d9e2e6d0f5441dd220a00c595a43276a7d95aa54f07a0e,416,416,1
train,metal641_jpg.rf.e521f6a1c7477581ccaa01f5ba4be60f.jpg,train,metal641,a74b220b91c2f861d25a2c822f9938f120c249fe9fc6c2e07aa42a7333411bb0,416,416,1
train,metal642_jpg.rf.273b0b2a1c151e9a90deac26276cf9e7.jpg,train,metal642,506224a654e954c5153fae375d51a28ce1f02d953810b5b41d7e356aa76c8822,416,416,1
train,metal643_jpg.rf.b269112362f640da58400309775551e9.jpg,train,metal643,eda3c73cf941061bf2cc119c225af75d66ae6757c5bcce36a562a71711cde1b1,416,416,1
train,metal644_jpg.rf.688915e6820e14a711c84cc3809c53fc.jpg,train,metal644,669b65eedbec7d978367631285fe12c2d83d93ccabfa5bfa6c3ab5f66ad028ce,416,416,1
train,metal646_jpg.rf.b4cff0d03a72c198cffa06fd37435212.jpg,train,metal646,8bc916cab04026bbe2343b4adb54bad2e15dd2b13e808a124b43967ba838ca11,416,416,1
train,metal647_jpg.rf.a34ce553665c30760df1e1789135c12c.jpg,train,metal647,43f3e813fc006e8f8d29e25218a03ea369b1cf3a3ffb4083e1860f8a6c6c8e1d,416,416,1
train,metal648_jpeg.rf.80bf29f0b707405c588b224055782bf7.jpg,train,metal648,f629b7d258d0ed08a1dcc0324d38eca924b9d4f9a510b71c755413f25ee0eb63,416,416,5
test,metal649_jpg.rf.2f5f084e298aee0ae2b70437b6cd750d.jpg,train,metal649,b388e92b761e53b584d9d56fc8222f99debc61c0ae465e49a3cafb3d33119313,416,416,2
train,metal651_jpg.rf.b7c9de40381679ca612144d4f3e94580.jpg,train,metal651,32faaf7b00a1006c7922c739e6907c10477d9fab30efa4fa19bad357b77eae59,416,416,1
val,metal653_jpg.rf.485797bce06cb960f3da556d89ec5a4e.jpg,train,metal653,042bbb69cf42714aaacc40fe1565434061079e63603ec8fab7cdb6ac98ef922b,416,416,1
train,metal656_jpg.rf.fd270c63da3ac9c20ad71960374eaac8.jpg,train,metal656,0219159226864658b0c84c9ad312053bf8291421d8e1b4b41fc6c38cad630e04,416,416,1
train,metal658_jpg.rf.63041f6208f37529ae650d9d6651c2fd.jpg,train,metal658,3b9115a88a14da4299990b34a19a5cd10692f05f88c722c06eb3c331060964b1,416,416,1
train,metal659_jpeg.rf.4e92464826ba2c208711843654f81365.jpg,train,metal659,8c8ba6ac823d3bee52262787bc132f6a16553d8c41398b0ecb1d5fe8a6e3e106,416,416,12
train,metal660_jpg.rf.62e5ab1e95cfe1a79d599f71885f844b.jpg,train,metal660,2e43d049081f5aa8e16df4d45cb4ea5c84d6ae2f51a224ebbe797d3af57f4453,416,416,1
train,metal661_jpg.rf.f5960adc4edfee79aa2bfcd9e968ae49.jpg,train,metal661,08d035b4a7b865b628ddae7f7bbdebd29a238b3565f3b03edc40e72355c40f73,416,416,1
train,metal663_jpg.rf.a2707c8f35acba78f8d3f96272010be3.jpg,train,metal663,7c2a5806619536952eb8e29b1fb2273abc352bbf0ec00f56f99ae0e0eb5ee9db,416,416,1
train,metal664_jpg.rf.82a16167a10c2e9432cac68d3de54feb.jpg,train,metal664,11406daaf89499bb1799b70e1dff3d3b62b021f02acee64e38539de5ce20afa6,416,416,1
train,metal665_jpg.rf.e5d744e4fe469108290688fa4efe7a69.jpg,train,metal665,392791576e89a841a772211010b7252ae788e258a58551dd6f212105a3676585,416,416,2
test,metal668_jpg.rf.e574a41b014020f5c9366540030c2b01.jpg,train,metal668,11cee8269932f2002bfe4e4c08e49c28a8f2287e428d18daffae15e775f93291,416,416,1
train,metal669_jpg.rf.04da90fc7676152985de09ead55cb521.jpg,train,metal669,6d8741139125ce673ace0c5c5a099956ebb1b9d8368eb0e11be18d131f26cf75,416,416,1
train,metal670_jpeg.rf.7cb4617faa5980c19b0eb3ea85b18718.jpg,train,metal670,4f32eb1203b8214881f719d8def0e8beb0891573d6cbf4e6210f445ea8d76fff,416,416,2
val,metal671_jpg.rf.99dc9f38986cb277bbd31e54415b3a66.jpg,train,metal671,bbb54601083fb0d7bff857225f12c7cfad8ba6cd428c3167db2e73559c4914be,416,416,2
train,metal672_jpg.rf.8e41ed74a9ce321c462016a32133fe7a.jpg,train,metal672,cf336cf6288ff72e1105cf3953066614bb8df2fdb088ba13b9893b436c0251a8,416,416,1
train,metal673_jpg.rf.a4bf224f5fffc68ec6fa5adb51af932d.jpg,train,metal673,c9f12465ad3ed1a41778849d6075d86adc7ae6c978e989b9393032d2fa8849ff,416,416,1
train,metal674_jpg.rf.be85916c9dacf828d1455a6dc487f283.jpg,train,metal674,c86d102ae29de2b2204b36b8af4ece10034d39dcc5115bad85be7f9940290dd5,416,416,1
train,metal675_jpg.rf.2a5326a31773bef663ad3a0f84ca26db.jpg,train,metal675,d5fd87308cf4c8b27fdde8d946a54f05ac840688edb1a29c63e65779e3b8c15e,416,416,1
train,metal676_jpg.rf.80ffa1f1c36de4ca72b046e3b8426304.jpg,train,metal676,b7dc9d73532b4e67ee24a86e446c953c2ef4a98fe6f42473f428c37891925638,416,416,1
train,metal677_jpg.rf.1c0d15baf41c90c9a4a783595d074d7a.jpg,train,metal677,36375017918818f758fd5c74a3ca40552535057dfac5f86aba912747c0f3115b,416,416,1
train,metal679_jpg.rf.36bb79c3090a82ecd97af690aca3a159.jpg,train,metal679,c3478a952e2e27d84f3955e33d588b71b9b9a10070e44976d16f4c802af85b4c,416,416,1
train,metal680_jpg.rf.46469865477198ecfaa38f1c1e523cba.jpg,train,metal680,91c2ab6333251431f10b73d0ceb155cf337c6242090140cc8560bdc9629b503f,416,416,1
train,metal681_jpeg.rf.2714935def0125aa1400104eddb94ef6.jpg,train,metal681,5bde2a25ece7f840913fd2f659ebe14e07d54a46a38ccc2b10c41b9f4236e737,416,416,1
train,metal683_jpg.rf.91599a0815ba6ee1e7188af1c6a3d026.jpg,train,metal683,9a8c1f2a8d1f3dd628d3d809b3e0e4dcfee4284c9b9eb9d59c4986064bda9b07,416,416,1
val,metal685_jpg.rf.3f9fa53b9b1f3f2cf01b9b771b1f6e90.jpg,train,metal685,1e897483c3f1a1860003e0cb9de58f8dd3f028f4cac5558fec895d8e520c66b8,416,416,1
train,metal687_jpg.rf.fd1b783d9433226643979d7a6311afc0.jpg,train,metal687,5d7722876e48d3306abd459f5bb74239e2ddae909cb8aaa8774c1bf30e732174,416,416,1
train,metal690_jpg.rf.0bca29219f4d9d37d8880b303e380e25.jpg,train,metal690,752a673edb15d54190a41ed7c18c5949d7041a67ff36097d47a17712b4944065,416,416,1
train,metal694_jpg.rf.3db26d7fcbf2bf9c96399cb0df945753.jpg,train,metal694,3f89308e2b817db4e0cea1db53866817983fc18e5a73e5686026a945f1c6fb56,416,416,1
train,metal696_jpg.rf.ddbf58e971b3fb9895993123c4a930dc.jpg,train,metal696,b9ea266bc336f67e9b6ff385711cae90197d295c4047672331cd39359d9d853f,416,416,3
val,metal698_jpg.rf.2880cbc93f3d9d0f1a7d8d654a2c7f0a.jpg,train,metal698,24f7674b852a35ec3b5239e03ad795f73cf57f8197fe0c275ca98a7b96437687,416,416,1
test,metal69_jpg.rf.798ed1955a40172a7de41afbdc9d798f.jpg,train,metal69,8ee5dc1c6fbe0f679d49db25d77d45374af8fb8052b9782e050b85a6081b088c,416,416,1
train,metal702_jpg.rf.89714e86b359a9c328ea52b4817bbe1d.jpg,train,metal702,117b7ed0201ddaff3df05df819b0e83c070c6aaf935528ae0ba9f561bb71648d,416,416,1
val,metal703_jpeg.rf.eb3705917e00ee132acf49c2be885598.jpg,train,metal703,5b577862ce08e9ddc7fea08a03880f2b5d511756aeb9d42026e7f618bc90a282,416,416,1
train,metal704_jpeg.rf.82dbe46768389dfd98cb096565b640e0.jpg,train,metal704,99a4b0a873a60485612a99b37e7de8946e8754a79a80ed55cf75cb9b9456f042,416,416,12
val,metal705_jpg.rf.62d1f407160ef9ecc42b3edf910bac06.jpg,train,metal705,4e66686e9376f662902e60969063d110a5845d9f0956fa71b1d239853e0aea8b,416,416,1
val,metal706_jpg.rf.a0ecbfd9dc02b120aa194bbdaa387441.jpg,train,metal706,1100e59bcd6c6702fe9da03af349a3d47abaa462b971c402c6840e4fe201e504,416,416,1
train,metal707_jpg.rf.0c40115bddc70e1fdcda7b97d3b22215.jpg,train,metal707,0c12b691cf992efd81158d1f22b92dc8e1b5eb5efb976d2a712da911382e9dec,416,416,1
train,metal709_jpg.rf.c2c0e4d656c8772735b0c5ed747805d8.jpg,train,metal709,46b931fda64b9f02bb2928ce99ca2c826b74e0d52d7bd61d34f3d531649070d1,416,416,1
train,metal70_jpg.rf.2898115eea6eeb847dccdca18ca97929.jpg,train,metal70,acbffd11c4df43b6184aa80fcc719bfe5cf096e0bdfb647c3711b5cf1dc9ebe2,416,416,3
train,metal710_jpg.rf.335b84caa16acca8a5c5bd089b7bedd5.jpg,train,metal710,6c5c3c05e1caf7becb217b57b635f41ec9d3dcaf722e448aea6108ff6a2a60af,416,416,1
train,metal711_jpg.rf.38f5f11fe702e3051e9b765938e4f336.jpg,train,metal711,45e4c47e012653e350ced586e880448d28eb75cc63d0fab06466ffc23102d27a,416,416,1
train,metal713_jpg.rf.32a21f91a09c718730c109205d40e25f.jpg,train,metal713,c55a7cc4776469600b47c0cc02dff2b56a0f643dd95ae2dd0693a49599939f59,416,416,1
train,metal717_jpg.rf.f8cbc27c7aa7991e1ebdce7dd7f93300.jpg,train,metal717,567b9ce6b889c4fdc6c2d885962e78e6569252776a7968a5b36d5b29bb8f2631,416,416,4
val,metal719_jpg.rf.b32ab7230af27992f533786c5fbbf207.jpg,train,metal719,df1e25d01aac52395118e70e465c4dad45d7d6e825eada3b7a96b13b616fd933,416,416,1
train,metal71_jpg.rf.bfd5e1f0cd33c317454463ebe11962ad.jpg,train,metal71,e38992db8142b49d0f79f3bc78e9ba7cbddc42380a2c77340207987557c77331,416,416,4
train,metal720_jpg.rf.0e531f7c3444ce8aa423b613485170d5.jpg,train,metal720,9ed8d41e55e6d9ab22dc25b231afcca9045d2b1372a50d1467e3d3388baef499,416,416,1
train,metal722_jpg.rf.99e88b9d83361150dad5204da2e60de7.jpg,train,metal722,03aed6e023352f247b0f7838e7846f7f7add1c476f6d0eaf7437de78a0e91510,416,416,1
val,metal727_jpg.rf.7735288905f8c2f2313271e593d12338.jpg,train,metal727,09bd6ca8f2e42e5dcf8066700b74779a143a7f62ce5ef4d30b21bd4f0df375e5,416,416,2
train,metal730_jpg.rf.3d2df5480adcd42fdf18239bdd15b1c3.jpg,train,metal730,4ac8d57f56e6449a0885db0aedfbf0d01e9f42d4a47bf9c17e465646e4c494f0,416,416,1
val,metal732_jpg.rf.150f857a618ed360f46e45f9443d288e.jpg,train,metal732,9c82656def8e54bdb183db625b879cdd5caaf13b096d2dc820b8c0e5a697a29f,416,416,8
train,metal734_jpg.rf.92b13af8a53d1e66df6c098713b64342.jpg,train,metal734,39ede39c723eff1bb31f89ae1e75ae6195ee379df1d4e2bb4c85cb4e13339e8c,416,416,1
train,metal735_jpg.rf.35130dbab89a6a11b118092c9cd805ca.jpg,train,metal735,18e7d777c4824fc584c00ab5cdc20f5ab09734cfeddaee429b02cb98acfb0cbc,416,416,1
train,metal737_jpeg.rf.1e247a78ca1c5d60d60825efe446dad8.jpg,train,metal737,5c191b0ccf421d7473e43461b517c043852d870b18ff8cf487a014f093e7e848,416,416,2
train,metal738_jpg.rf.287f135390b4ac8c8a82df65e125fbf2.jpg,train,metal738,9273dc524b7adf8da77cd0c6a399f3496fdf23bc1fa037623c3409ead60014c5,416,416,1
train,metal73_jpg.rf.706087b23b0016d79903eaa8ec628f23.jpg,train,metal73,3e3cab7c6d0d3bafe567b4e5b7cb0c4ecf6ed1107d0c9c9e2cac16022c01c722,416,416,5
train,metal742_jpg.rf.a0e6cf439ed7f9bae4b7c099dcb2f3dc.jpg,train,metal742,98e272d062d3c17d6f404fd1f4e2d6a10f2bfc7c13d3ea00b91eff837d76e1e2,416,416,2
train,metal743_jpg.rf.f74de93e4f7ac2c2c4d1c4a30c718c19.jpg,train,metal743,23afdcdc1b0a112570624dc42c2d949e42b8df25065f40e0f9c10bf94a154d53,416,416,1
train,metal744_jpg.rf.d9d5f05630e8ebf1614f6fba253a97e6.jpg,train,metal744,19af4e67b157578a05ff06bbbe6a11d2dcbea3bf2077f7ea49b940987dab9273,416,416,15
train,metal745_jpg.rf.561e76c54c8687f18c8f22b8e9423ecd.jpg,train,metal745,e2e4dae98897ba4932d9343f50dead354108aeb5f58dc2dec252c77dcd06ca2f,416,416,1
train,metal746_jpg.rf.1369c739631e2b62eae575b6844b86fd.jpg,train,metal746,7da70b2b7344f845ede12f26df32bdcaf5f0fc47aa4e42795ae54dffc59fc235,416,416,1
train,metal747_jpg.rf.e808009998a0cec51c130444a2aa4a2d.jpg,train,metal747,c545522bab12f30b5231a58a0d3160721823bd7d21fc3599b805ce0ebd03bead,416,416,1
train,metal748_jpeg.rf.238cefabf86dd271b172f8b84a028a72.jpg,train,metal748,76630d6a922b7958c821b8285e26b8dc5c95d6b5b14c3131b18fe7b6834f3b57,416,416,32
test,metal749_jpg.rf.2e73fa9214769d517e0e435e4e086d78.jpg,train,metal749,38f9465c771282933039c4bea210b8c1d93cbcc300e0409a7a394dc63f5f8d4b,416,416,1
train,metal74_jpg.rf.6349457c0bc14da63bd6f6ffd41154a6.jpg,train,metal74,0f3e4ea3e55fc404612a19acf01f131add05bb0feb1fa0aba70ef92a032687a1,416,416,10
train,metal750_jpg.rf.1e4ffe304fdec9036a00a273a3ef1fe3.jpg,train,metal750,bb5ca3ca198cb07405b9b80732efec7aeae34d5cfc6b3f7c67973ff8b9b57983,416,416,1
train,metal752_jpg.rf.27082b1cde79cb2231c1bded7b8e082d.jpg,train,metal752,b763da1555b7344845e0ffb84f5796bf23ff95ef0ebdfd2f2a6a3f7ea35d15a1,416,416,3
train,metal753_jpg.rf.fce115a530d454224bf79609704b5a2c.jpg,train,metal753,1363dd03b082bc78452748a037e313116ea5bf68efd83bff164b32128b2b2e69,416,416,2
train,metal754_jpg.rf.2360241ed5d6dcf2434b3dfd12153df7.jpg,train,metal754,0252c834fd4d361f9cd548d8a8d628109b8fec7e1986a60962defefaf2d92bb5,416,416,1
train,metal755_jpg.rf.b35bebd1d061e837ebd02ea26ef1bedb.jpg,train,metal755,217439d167242fe2b31d138dc687f6d778ca4910dbade36b63358156ccd29787,416,416,1
train,metal757_jpg.rf.1589030673ff5fb362995b449d322089.jpg,train,metal757,861442af08613ddcb37aa16a2c4ea58dd3229ea59a458591d74b17c392eefc49,416,416,2
train,metal758_jpg.rf.6a8e3b3bda302051f0ffda1ace6cc0a9.jpg,train,metal758,831c7b0aff3911109c9f26d399783082a52de46ca990b5a0bb0e910ac9e57dd0,416,416,1
train,metal759_jpeg.rf.f9d17f4551e448925bfef0d72e6bea4f.jpg,train,metal759,907310b84e92ca7664c6d98cc7eb94b7b7c46346f44b96648ad44e436dc27b1e,416,416,17
val,metal75_jpg.rf.b348f90702684cec6ea924d8504d85ef.jpg,train,metal75,716f4cd8ba2c9f83a55c3ae07145a1f632a2ed9a524d3f826f38b64f17eb0aa2,416,416,27
val,metal760_jpg.rf.067a58d94bac026f9b9140f093d14e56.jpg,train,metal760,7e707b43923588f762206fb4a2d810293ff6f1cbb381e901b0e724f8b43029a5,416,416,1
train,metal761_jpg.rf.81afdc82282bf23bad6380ee810ade27.jpg,train,metal761,c9a6cbe634fb0d6b8910086b12a4c1035cc34cb1e66d75a7cd9e7eba4a2cbccc,416,416,2
val,metal762_jpg.rf.d652578e3f40f2da011e6979a57d0299.jpg,train,metal762,9dfe59e72797e2cd6abd9120ba4a6b18e58e165c88786a2290993bb789946d41,416,416,1
train,metal763_jpg.rf.6e3c699cce13a367786cdb601c84db53.jpg,train,metal763,d7d91c493a2145d24cc59bf9a54c49cb1573dc17117de68658344b2c1834dd69,416,416,1
train,metal765_jpg.rf.7745ed49852bb5b4620404c988815bbf.jpg,train,metal765,0c0b1ada31e78cccd7b12a68a6c1eeb8b51336aac376f3013c4ced868f3379f6,416,416,2
train,metal766_jpg.rf.ee5895bbf7a0f6072c50e6be859d15c9.jpg,train,metal766,d4fee2833e9aa6b0e66e2df72650882c2db34010d0bf5fdc1370908e1df34958,416,416,3
val,metal767_jpg.rf.be1b343db9e9876f47304767750c06ab.jpg,train,metal767,16f1e0b4cd9d3dd062cc874ad2e4cc1bf6b41af5857cc0d1bd87d55969b5926a,416,416,12
val,metal768_jpg.rf.ae64ab9458a7f8f55305b0995d1ac6cc.jpg,train,metal768,21f3eb6dce7da59f0bb4670d4ef012351484a9b356c1199ccaf0ba894fcb8c26,416,416,2
train,metal769_jpg.rf.553e71c9a62771cc4cd561825cce2d8d.jpg,train,metal769,32213d744ca2795f8d70576954c005ed8f4acdc1771c0c71938aded89bdfe86a,416,416,1
train,metal76_jpg.rf.0956d8f7d0618d8986570f095875fdf2.jpg,train,metal76,4b03ac0ff470271f3a149760b3dec0f46fda0eee4367cd09f70694a4a3b9890d,416,416,1
train,metal771_jpg.rf.23b556f5b91080e14779946137afabf1.jpg,train,metal771,e3cfd27442f702dd18c7b48ac4547957770affaaad85edb1611812a392f464d9,416,416,1
test,metal773_jpg.rf.ac0f1705d815f8b75e74baad01acf210.jpg,train,metal773,9fcb6e74759e6e531ee03b042f0b2f1b07c323119ada2746365073868987c455,416,416,6
train,metal775_jpg.rf.2a05701fadc72af1ba922c65cab2dbd9.jpg,train,metal775,003e7f86703f3a2c638c1bfbac0fb05bcf0074a42dba375290f404c842e8dcaa,416,416,1
train,metal776_jpg.rf.1b01b7ce57470e29e93b12e98475e905.jpg,train,metal776,e28696e3ae07db1687ef423420f7309b3ad65710c1c90d79057eff064d6d5b79,416,416,7
test,metal778_jpg.rf.a33206ff97833b229fc282592a8f8149.jpg,train,metal778,217f72122280e35dd247a6098919217fb9c123a5253549a525671fa58811ca5e,416,416,11
test,metal779_jpg.rf.2c86269689f2f3577bb9e96739946125.jpg,train,metal779,a06bf7a2412c9c3d5acdd58ddfef89da65fbb35d99e213c18c7f7e180889b53c,416,416,3
val,metal77_jpg.rf.d772d4846685dd36d3c3f5755747d030.jpg,train,metal77,5bb2897837161bf5ba5e703f61150826c517fd177304197d108f7e7e0cddfc77,416,416,3
train,metal783_jpg.rf.05bdf892cdfd4d9c120428052bad916c.jpg,train,metal783,40672c0d52676451e9cdf119701f2b40032efcca3172a049fd941470959da2fd,416,416,1
val,metal785_jpg.rf.2ddb1c003859ec0e05ca976c45d4ed33.jpg,train,metal785,159c394abec4d25db056afbd40c2b736377c3f3e9cb6d466c13c3b59d82ac9c6,416,416,4
train,metal786_jpg.rf.26ab7908c1e6136827453e0846cbacab.jpg,train,metal786,1018b99f5fe6f6772197824b8886a97098c5ae87f60055c060d6bdb11a2974f4,416,416,2
train,metal787_jpg.rf.fb124211a98ba60241d953b4869ec59c.jpg,train,metal787,fb7f6e60783038b089d6826a438cc39d34726b6a5e392c1ae640ae4ae6dbb1b3,416,416,1
train,metal788_jpg.rf.345f4b02e13833a135031d2ec566f939.jpg,train,metal788,c11bacac3d5ad07aba7d0dfbfc7dd76669b0276a453fa5dbe694ae83c588a363,416,416,1
test,metal78_jpg.rf.e2910f6204717887cc43fd9fafc18cc2.jpg,train,metal78,756a56f7ea6499cad17a70136ded64c30e5d7487741f7fce2ba587ae9f69ade5,416,416,4
train,metal790_jpg.rf.2466ca03792bbb360c652ab899161fb5.jpg,train,metal790,898b6261cbaa4ccdeb4a270af92e12c25d4694067ca20d5499d1f517bd25238e,416,416,6
train,metal792_jpeg.rf.44f05138805c3329284c1d7806999b2f.jpg,train,metal792,f69eda9418fe5ad62087c402ed80de052d91ffb57d92b0a9645bfd21e8ccd591,416,416,10
train,metal793_jpg.rf.4dcc1cfee0e896d246902d9f176e8b77.jpg,train,metal793,d31cc382696852abfb908a529e22d158e1c2da2d67d5cf2623b43d6da667b7b0,416,416,5
val,metal794_jpg.rf.5c5fac3aeee3c9bdd8fca58e45f843d3.jpg,train,metal794,50686ca69d781ce5fafe8308b8e2a0cd1bc4b7a247909302c7c9cefea30580f4,416,416,1
train,metal795_jpg.rf.ebeb25b9babf7f48470b2444150f08f9.jpg,train,metal795,d9e84afb6bced4d1d8f2172757abe834bee527c364547484bf96e678f2331f07,416,416,1
val,metal796_jpg.rf.34f63e1a632d52feefbc4f0ee2e371b1.jpg,train,metal796,00eb520d9a49fc6a9582f38e1ee3368e2e7d5644390c45acd2af951646f8eb81,416,416,21
train,metal798_jpg.rf.a4d01c15902be8d8c6e13ea01518ac82.jpg,train,metal798,a934f3c9b2966fc8bade5955eb93b14670a2d132737cef93995fe0581bd7a0e8,416,416,2
train,metal799_jpg.rf.52e8deb31c9a50edd039989f5e6d4fe4.jpg,train,metal799,092a3bb1e1805b700b96c80d430f3f4194dbac0292e4f68d23fd644acdba071f,416,416,2
train,metal79_jpg.rf.be74b664e5cc7b3df0f9979a5ec30d6b.jpg,train,metal79,421161de81063b862faf610bff49e1da7a117886ed87bec9566e200e550d3268,416,416,4
train,metal802_jpg.rf.8089c1bf0214f10043526704848b4da4.jpg,train,metal802,9dd23fe7b763a45205ef76fdbc64e5b529a379967ea7d55336a06d860a9834ac,416,416,1
train,metal803_jpeg.rf.72c341148f6d9788b7427268e90259d3.jpg,train,metal803,78994a09318fc175c8f3a0b94d4db5f9c72be01fcb6294c0a8d8f7eaa72f9404,416,416,89
val,metal804_jpg.rf.aed1d7deab890f84808d5b60e0457794.jpg,train,metal804,eda20d369e0e7c339d26fe2cdf8a06a69db76a3e82debfe02a89eab17bcf85f3,416,416,6
train,metal805_jpg.rf.e3a6e246648732de56203223c298ee0b.jpg,train,metal805,b8a6252350c27211dadfe4f67d0de81a6527a7498fdf2b648970abcfb0a23dd5,416,416,1
test,metal807_jpg.rf.395d1747f1d3c5e4d3d13116ea4b82b7.jpg,train,metal807,ba11fda57d4c748a8800595f64ad47605d27a3032182d4b4a46441cbddc7f6d6,416,416,1
train,metal808_jpg.rf.67fb4d58fb826ab8f5f37ed42cd59661.jpg,train,metal808,6584a2794683645ffab0b81f32168d579008d5760c2d903db813c89b99bdf2cc,416,416,7
train,metal809_jpg.rf.795c82012c63eb4d68670c54a2711ed8.jpg,train,metal809,379dfc90e089567f941c92000e39d264556a8c60c6673df79b4c90e5643df94e,416,416,2
train,metal80_jpg.rf.d5984db342d865f41aea7be301f9f531.jpg,train,metal80,ddcb74d86fdf2fe8e362c0d1e27ce5219eb03c397b910baf3ea1df437ff437fc,416,416,1
train,metal811_jpg.rf.1e0bb7095eb69cd323bab77ebf13784a.jpg,train,metal811,0dcb1a82e281e32592ea0a5f433124c88670e28e521bc2aa9b32634cb391807a,416,416,7
train,metal813_jpg.rf.5b470d7745e1bf63b2aa0892b92baab4.jpg,train,metal813,e72c01a58df3fc580156217a38fe944f167f799459f104f663c5fe9c033a8eb9,416,416,1
train,metal814_jpeg.rf.6b432cb25d68af2b4ff08da07af8dfd9.jpg,train,metal814,8df0855a06a883d7d91a1c0ba771566e6f2e3b9a29e8e9823575d2968967b343,416,416,1
val,metal815_jpeg.rf.215f0906f8ff4e856911b18fb8672aaf.jpg,train,metal815,d11e3f0a28f3ac3dd127d44256612a48e8a4a8101086cd7216bf4391c457463c,416,416,10
train,metal816_jpg.rf.7fc0dca895d57e775d9364fc6636f19e.jpg,train,metal816,5bf1aeef22dc201ca2a7ac0ebf3107176c344147f6038cd2696f6ae8e9ad1ebd,416,416,1
train,metal819_jpg.rf.8a968503c4083c032330929587a71991.jpg,train,metal819,49485cf0d8bfb0cf465221f9ce4e1c2d2cf6e1cd0fe287ab9a4c17d0b9bc0afc,416,416,7
train,metal822_jpg.rf.5e8ce44e0a19ce14aa7c8820a7396963.jpg,train,metal822,edaa17f6bdb3b9fe1d0f9565801ed6844599428d024a2a4c97e8cad8843b73c4,416,416,2
train,metal823_jpg.rf.c8a5cd10e201437d400f7651d4268c61.jpg,train,metal823,7ad2bce20aea955b052269ec2f23b58c1eb7c033f36fa6fc9775dc8d958265ae,416,416,4
train,metal824_jpg.rf.d9a149f2634c2322a4dbc9a2d8df45ce.jpg,train,metal824,d590ed9c8290c14e9849cc98f0f0e18f4f2601f05c537a7b89fd661724e4a328,416,416,2
train,metal825_jpg.rf.817b47e687b60d2487f41b380a8a7b8b.jpg,train,metal825,4bccff572374f238aba7478c32bbf863b74294957debeff03c249af5874ff02e,416,416,5
train,metal827_jpg.rf.19c022f21181ead8c589c824183a3c64.jpg,train,metal827,4b92a79a40a3167c68ff746ed3fa31bad3f85e5d7309d082999331366d7196bd,416,416,4
train,metal828_jpg.rf.f6902a84f90bc37b8b92acc4ce805968.jpg,train,metal828,a8c165fb09aae6f3a48b5001fc3f2ed8467ffcb1720892ee01aa6939f46381b3,416,416,2
train,metal829_jpg.rf.71af2b59dda694018956d8e2cef8b5de.jpg,train,metal829,187eb8ecb9eb051a0f04490be759d1a21ce5529f0686d006aa1fa2cfb23eacce,416,416,1
train,metal831_jpg.rf.c8f869ea86bb5c5d273a9749a4e124ab.jpg,train,metal831,eaf985e3a6a6eae162e670f466c12ccce2fb44f4abcb1cb0e22c7ffdfb70f852,416,416,8
train,metal832_jpg.rf.7da590813da2859fd545f2e5eb3261ed.jpg,train,metal832,015b97445cff14aac31f41facc6b997bf9026a6cb593b684a0daee1d83688bff,416,416,1
train,metal833_jpg.rf.ccfd125889b2445ebe389e54b0e969e9.jpg,train,metal833,87492d195bcb604f29301adfec50668ce288cf37f152cd19217f44c395966d42,416,416,3
train,metal834_jpg.rf.6aaf1971af2cff81013a8e5101a14b20.jpg,train,metal834,c86001cb60087fe07990d7916911dfbde892f4b743c7b09f333d6d54aabab1f7,416,416,2
val,metal835_jpg.rf.0ab12ae0c173ca4a526a8d4aea90f9fe.jpg,train,metal835,12c851402638a7b2132c010ad74d14be556246ffbfb50a3fb03f60646c03faf7,416,416,8
train,metal836_jpg.rf.6b64573eae81d41c55312c5c5ad443d8.jpg,train,metal836,e3284b9a64028300c59eb9289a42cab7dce90d900d83ba19aac841cd59fb4e0c,416,416,1
train,metal837_jpeg.rf.5b992dd7cb12eb83a2bb949679d05524.jpg,train,metal837,ee9b9c984d57a43adee991c614ebe940fa3dd2b080ad314d66fd189f4136b5d4,416,416,4
train,metal838_jpg.rf.21a5f8cf74f59d047d604f398d39fca6.jpg,train,metal838,96c2e73d79eb9b853be125246793e92d3dc2046bd5d89f8f19daf206844a7d30,416,416,15
train,metal839_jpg.rf.bc4627d04662f84c985bf73a846a36de.jpg,train,metal839,5e572220b6e31229f30883a5237d52259993c7beb08bff14913995f631a3acd8,416,416,2
train,metal83_jpg.rf.7f8a84ac6154ddc761e8b2cfb6c25271.jpg,train,metal83,7a46adb18f37a1d50f40777115b9b915d37dbe5bcf7c2c134c1ed3b79053acba,416,416,1
test,metal840_jpg.rf.a039c75acd01162571dd320997438cdd.jpg,train,metal840,745d768cfe0156880dae8de49cefa219a5e6e326a45ddbea1be0fa43354d8b65,416,416,18
train,metal841_jpg.rf.ee65ec01de0d93a96d15c756e46763e0.jpg,train,metal841,68417653e8ac69b7e752fa4c0e864582def00071d00bbb687f2c15d0a10d131c,416,416,1
train,metal842_jpg.rf.30eca0a7d4810ff6c921c1282e409e35.jpg,train,metal842,f6705554b8c2fbc61f9f4c5b7ba2a9f9c54e741efa82f6897591c4c3f86ca7dc,416,416,20
train,metal844_jpg.rf.d3cc82f665054e06818c3ce90587748d.jpg,train,metal844,8fcebd4aa9180783b5e5b5e72b7b7b7d06af48a90175153a7713f6b04221fd3f,416,416,1
train,metal845_jpg.rf.b1ffcf39b507dfc7f085e417e79d61bb.jpg,train,metal845,8580b3184c5938cf07ac3da446f1c894c0a599eb9537805ee6f672d9bd1ed779,416,416,2
train,metal846_jpg.rf.a04f221194905e535a6bfbba6b87622a.jpg,train,metal846,33ebe572e5f7bf2224d3c3615c6c8b8abff295e4ef54ba7919faa47f6759113e,416,416,2
train,metal847_jpg.rf.63ca9ba4247e5b65e4dd96cd98d3fc5a.jpg,train,metal847,bc1bb3521ac477d013cabe1e5422f66ece5dc7735f721e476ce862372752ffeb,416,416,3
train,metal848_jpeg.rf.924de0ba9f5a40aaff3f5bead84a708f.jpg,train,metal848,514643d5382b28166283a2c19b0c67df494cba0dbdd96e2d32f2b519fa046e3f,416,416,36
val,metal850_jpg.rf.ece0cf18943224e292febea505ecdcc1.jpg,train,metal850,1edb70e7391631c5195201e1a0b17204d58e9d8d8da46a47b12037837c240b49,416,416,3
val,metal851_jpg.rf.12605f5f2137909dc9fa7aa58ff9fb4a.jpg,train,metal851,6ead32c0ea4ceac6c2b25763983f8afeb604f77f8f79766cec66bce981170737,416,416,6
train,metal853_jpg.rf.3deef0ca2d5b2f81ec5d1b4f42a5a3d9.jpg,train,metal853,38f78652d0ef54ae40bf8f0c845324db7d65a14fe22aab46430db2a7ffe6dec1,416,416,2
train,metal856_jpg.rf.8e64dfcbcbf91f2a658548730aa88fd1.jpg,train,metal856,ffc2c7b234e6495dec986f948bfa1f395aa5da5d9204f4425ed17c8582e00ce6,416,416,1
train,metal857_jpg.rf.8b4aa5e497b4301ddb3d35d9eb51c5cc.jpg,train,metal857,456276124f3f716e37e48c3e22b89412e6200ad54ca009bd57b104896a5a22d0,416,416,1
train,metal858_jpg.rf.14746c91b94b3e68f017fe01828eea6e.jpg,train,metal858,dad4397666a20d1f9b52bba0668a4185ee27747246e10a52235f4bac285079ef,416,416,3
train,metal85_jpg.rf.1cef74060db96b6b5fc7af0630dde4ed.jpg,train,metal85,be3ab6652002c126c74b6a312e847ab39dd02eb81657af7b43cc74989f6b8c5c,416,416,1
train,metal860_jpg.rf.4aa5d4d46342703b46091f41778bcffb.jpg,train,metal860,866fec7b23011ce9cf94153f454ea854e6135db91a4397bd05e24e018fbd95dc,416,416,3
train,metal861_jpg.rf.30a111b6e1bd9895b8152787f3731dea.jpg,train,metal861,589c625ece2e58140037369a83560048479e108bcba66778369b27e5066e0e5b,416,416,2
train,metal862_jpg.rf.e92a0562a83ec08afa181d96b348f1b9.jpg,train,metal862,d1ddebb408b8f70c6b827921dfa241eb78f801ad6fd10a6c4956bd1bca281c1e,416,416,1
train,metal864_jpg.rf.6642644770fc7293a7aee8e66e855b94.jpg,train,metal864,21c1e8a3ab9a46f148c777aeb111bc91e5e95683bd0facf747c6b80795fd41d5,416,416,3
train,metal865_jpg.rf.3aa28a1e14a1798d2895cb02e3301ae1.jpg,train,metal865,755e6361de08c1d7ff9b6ad7521b057bceedef40bb8d6ad4892e37e087da1cfc,416,416,14
train,metal866_jpg.rf.f7c6863ae05575f16243df1a9d4abfa4.jpg,train,metal866,75db0297356c56c8baf8e80c9a359d0de98f18736e961782d4753c5a76e34a40,416,416,22
train,metal868_jpg.rf.9fd65d9652a7e38c41b7aa6c970a5c55.jpg,train,metal868,12d4e26ffb002d5f4397e3373746132fcb60a79c598f7a0c366feb65d5ae2a67,416,416,1
test,metal869_jpg.rf.bc6071d9b9112faf4ed417b7e2fcfe3f.jpg,train,metal869,e873318c38ba6ba9e678a20b768d995e1398cc99c0dc98841af1a546a25d1786,416,416,1
train,metal870_jpeg.rf.d8087648a6585a65eb296203b77706ba.jpg,train,metal870,49911b0a71ec090b62d49055bf630eea6f2d1df5b115575e13ba90a8a0324330,416,416,8
train,metal871_jpg.rf.e2246406f450ff6cd478d5cef1a4a6a1.jpg,train,metal871,d1e12b318dbb40f5c06aaa05cd4586079fc8b6d4fb525f6d53f0636c3e8942ea,416,416,16
train,metal873_jpg.rf.d8f7e7652a804c392d46ff522394798d.jpg,train,metal873,2e1a7cdfa2379ecc20a6348f22c0b355aade43cdd160198696233848ea1f91d4,416,416,33
test,metal874_jpg.rf.b138cd5ab0da38f765cf8d2fb9c6d4c6.jpg,train,metal874,55f01f1fa19e87b98f5cc98c94db2ae3f56b8ad9ce687da945dffe65904eee46,416,416,15
train,metal876_jpg.rf.c1c787dcb3e8668a742433d2d0f08720.jpg,train,metal876,138421ec153df7c76f06a08064d175957a7e0644a05ca1e3d8f95bdaafaf3b3e,416,416,2
train,metal877_jpg.rf.b27c5e505a982698c6fde8934d513fc9.jpg,train,metal877,459a1002ac17403272e3749b5a77ca7fc293a837774235c3af2dc0af9d4d37a6,416,416,15
train,metal879_jpg.rf.52f5b7b1724e60b3ce33fd8f96bf19f9.jpg,train,metal879,d865deef4bf3b20de7b0cf10fe801bc273a134dd70606cffce02bb774c4a4918,416,416,8
train,metal87_jpg.rf.fb67a9cfd156d71910753c95ee20ea0e.jpg,train,metal87,9f70ccc5374555a1f1d4d8fa56a994434a2f9ee919853418a481bf8e263af024,416,416,15
train,metal881_jpeg.rf.df9a4a32e018fa43609a8cdb781b4a46.jpg,train,metal881,be5e7bc34a00b35647104616c8697eb91853efee61a9a60edb2c2e5085b731b1,416,416,28
train,metal882_jpg.rf.3b31e6f43bda42852c30210dd18a50c8.jpg,train,metal882,95044242bf30b0b3b791c35df08b8dd5c50182dd7e022a35dc6bc56189f06537,416,416,1
train,metal883_jpg.rf.bed73a899f7a9e66758c2645440b0cae.jpg,train,metal883,e0bf4f7da85e3818c97cde1cddce44aafe1dd50c58de4263ffbdc062cee594c5,416,416,1
train,metal884_jpg.rf.2d1b9ccb10847b179027c0d304726313.jpg,train,metal884,d90403af6d1df1e3db96d79485b25f864fc6aca7037abe7d9feeae423d17270c,416,416,12
train,metal885_jpg.rf.1143fc066382b5537a3bae01ca1bd4ac.jpg,train,metal885,daebbf6853af1a537cb157b8846f589829a04bf58bf71af7278ace8d5fa99261,416,416,5
train,metal886_jpg.rf.328a7bc3bd2ca6de7024cf43b0666c96.jpg,train,metal886,c3ec0b015f818305c31613f82b115f67feca5b7344632533adbffc70686466ca,416,416,3
val,metal888_jpg.rf.664bea955cc26f1a8803809e86cfed77.jpg,train,metal888,dd3fcdbad093f4b001d8410acf9182b638754dc8d994fba3de9c9c8ab4ca9a70,416,416,1
train,metal889_jpg.rf.1a79814b3e8506e669397f26e88c25b6.jpg,train,metal889,c7d1560a92c17c6cd7ce08069582a8525b295c826e7621b3360a5ce59f711c3b,416,416,3
val,metal890_jpg.rf.907b6abbbf40b1131289f7cee50e34df.jpg,train,metal890,ecc058d4a21ce7b13f461e084044e4cc1ece8bb50fb4be941f9d96e45dd33096,416,416,5
train,metal891_jpg.rf.105a14c38ee46ba8c477a9fec4b4a817.jpg,train,metal891,ea64336c2bb7794982a86a579bd56dc3cb5b997c9d08daae4583c3287e297163,416,416,17
train,metal892_jpeg.rf.17ce8a49d51bf86aa2882f67e332c11e.jpg,train,metal892,06aef815ca12df17c3d3bc4b66aab491b86f56172f194241021b9e7d9aa9cc28,416,416,6
train,metal893_jpg.rf.aaee15286d277f56a53baec00a2d6ee6.jpg,train,metal893,abc467b7f0f567dc9d2bdc74387dac07785424179ddf32fde14063558fa8cdd5,416,416,11
test,metal894_jpg.rf.240e41ba3ca62428102c3405cb5956c7.jpg,train,metal894,85baa71b40e1f4d6a9fd75c909c794827d6007cb7717dd3fa5e177f3a0ae32bd,416,416,1
test,metal896_jpg.rf.ca683921d8419bc024041665bf7e0750.jpg,train,metal896,4ac57dedec68fcd8ec3b7a1cfc1881045ac52375217f1cac45d192e8ff2484bc,416,416,1
train,metal897_jpg.rf.79f55fd7bcec09af08c23ee9fc07faaf.jpg,train,metal897,2e19c262acb0306675a560486ed1c355abee6ad77f891994818ff1f3e17ee277,416,416,2
train,metal898_jpg.rf.47854ee274e6a6fbef7efaef21452a46.jpg,train,metal898,35abdf9eb32e184b766614737b883659fadb9fd5f1d59776003fae359e3f30ea,416,416,10
test,metal899_jpg.rf.81130b29be64f56a096f97067b0245c1.jpg,train,metal899,a1bee5b846edcab31cd4830767bfbfddc1c0cfc4f3efc778afe53f16cb130a6e,416,416,5
train,metal89_jpg.rf.2e052371cb87e8b03fee73a8eabe1126.jpg,train,metal89,4dcce2c4fc259d8c326dda8e9c4a48738681aecb9f2b99c8df2047f203dd0d73,416,416,2
train,metal900_jpg.rf.9557eb5611cefe98e1655b29c8ffde4a.jpg,train,metal900,56a6374f517b2cd568f1b31feb9408522abb3ffc148faa82962c97a896187fdd,416,416,5
test,metal901_jpg.rf.a1723c2230df19335228e8c93e4c1db2.jpg,train,metal901,9b4e02509858e7314d91011689be66b71b0a6f1d5217cb1d498b14965b9287a6,416,416,15
train,metal903_jpeg.rf.fec53af2e9fb99e2ab7d77587a26c34e.jpg,train,metal903,21f1d4173adf62792a8ca010dc818ce3bf1fda1cb0e32aac3e7d2202279809ba,416,416,2
train,metal904_jpg.rf.690986048d49e3936e5bf478e3f0352e.jpg,train,metal904,1b2e66bd2d8af7eafa35562b1614212b32af9f988df9cc5603308ab11c2ec07f,416,416,2
train,metal905_jpg.rf.4d38107f4ed5b45eb983a2b333d0bb1a.jpg,train,metal905,f0348f97e92dcca5ca020e9994dc90ef3e7a08be8dcfb17b770d3cdc88761f1a,416,416,5
train,metal906_jpg.rf.5320ef2d91637fc47198f0fa14fa4621.jpg,train,metal906,8fe21226729477e763eb5fe3544323ec5153684c0d141f50beb93ec48ebfe977,416,416,1
train,metal907_jpg.rf.891876bde410b30b2ca47e9d719eb42f.jpg,train,metal907,1649d4a83ebe6bc6e4a35a12b1b6581336443883356f32f0585f8c8ee29b9c18,416,416,33
val,metal911_jpg.rf.6e3c2143538d678c74506d964fd4c2af.jpg,train,metal911,7726776b7536db6d796fcb0fbb287b397e8a80d4162448bd479247b078aa1f54,416,416,5
train,metal913_jpg.rf.d532954a5e6d684ece2e21a7c87f5689.jpg,train,metal913,5e3b5b8d93b572a326b8a97cdf4f16e65a52e280dc74a1ba476644ed5f9fe51b,416,416,3
val,metal914_jpeg.rf.5a30026e74225ef376355e80b9f3cdd7.jpg,train,metal914,d4ca5b47abca2dd04072b4b9ea1a7aa6e9925aadc868cff82415df356f408731,416,416,14
train,metal915_jpg.rf.afa9ea2c8ebed9c7ddc6828c5cb2c70a.jpg,train,metal915,feeff0f01f00fa03b5c13227b044648719a47143a55dc3bbafc1ad881b7336ea,416,416,4
train,metal917_jpg.rf.f724dd5a58373d80dd0e8ca157db2ae5.jpg,train,metal917,9b86558938d798cb2bdbb28e2d77fb573025a567b8228cace78f37543563e2eb,416,416,3
train,metal918_jpg.rf.aa8302ffa671dba1921ab9698c882be0.jpg,train,metal918,31bbffdd5ecfa6a3a641718c1a2f841d807f4d547922dceb2b2c11ccf7ef6c54,416,416,1
train,metal919_jpg.rf.0abb3454aeae0ad2f92f4d61758d37bc.jpg,train,metal919,2b868270d365fc714aa8683bc3c866562273780d9077edbd2a62e6f7dd2c26f8,416,416,8
val,metal91_jpg.rf.deb319370fbd8018c3d1013bbbac3eff.jpg,train,metal91,19b10a6d31acaa7c6da285d324f5588f727b1a77fbff808e895c9befa7b381d8,416,416,1
train,metal920_jpg.rf.df6251bc8ed9322ff342090f0003bca0.jpg,train,metal920,28e10046a58c224f178196154638c956a128695bf8d3a7d217864047a456a420,416,416,1
val,metal921_jpg.rf.e56e96d664ff011836511004a02e680f.jpg,train,metal921,cab6863f60d910e4e4814532e421ccdb4c67246511d2158c979a762537a62c18,416,416,6
train,metal922_jpg.rf.e2f5787752bc0466c9db6e9e632deb5c.jpg,train,metal922,f83b53080b9006086e6b80ad939dd608b76a559621c437a11aa0e2fe02c47fc4,416,416,1
train,metal923_jpg.rf.d60a10087b967f9a0b9e821615149540.jpg,train,metal923,e0a80a129b12abb0d8d3ffbddc465e093e7baea1d6f277a90d043f6c0fda57ad,416,416,5
train,metal924_jpg.rf.c445e3a2a49a925b03575cf5ab6b900c.jpg,train,metal924,bba704225b4670a7ff37ac2647e5201a17aaa39141f7b1be65d9c23f74f88f7e,416,416,26
train,metal925_jpeg.rf.07627530ef16976b7513ef46f36a8a3a.jpg,train,metal925,5d59a68856a909b434c507f16a6248d0f016b08d78cc2d519b174867dd983f67,416,416,1
val,metal926_jpeg.rf.a504f6911acc320e37a19b10e9f35bda.jpg,train,metal926,259807a5b2c822df075e1b4c634018125fb2ff2d75c9c22c324b482c97c708c2,416,416,12
train,metal928_jpg.rf.ebb191ae7780b5999b185958b468cb7f.jpg,train,metal928,4c9ea8f37324f5a766cd1d046254a6ac4189c4b9c72b85d8d0fcdbce248305b3,416,416,7
train,metal929_jpg.rf.826da8cd2cf52e4f141c238419d25f7c.jpg,train,metal929,1c8a8d297ff68589dfe6eb8c3c47692271d63083308f6d8b328af6a808a6658b,416,416,1
train,metal92_jpg.rf.ac3b61c9575cc9415c59512e5bf460a8.jpg,train,metal92,34cf144e14f8932e45bc15efeee3b2bb4ead135bcbb021217ce700d1c981aed3,416,416,16
train,metal930_jpg.rf.0d9970fc8fc44ac4c92b132d8d733835.jpg,train,metal930,06d0f4a2aa307892b961ce9514e8c1c6e29cc413a7621f0c84872eb08843228f,416,416,19
train,metal932_jpg.rf.9eb99e9fbc494cc3733358959c63d351.jpg,train,metal932,29a6edc6d3859218e012a856b9795cdbb684755cf919e5e91b42563cd21f2022,416,416,7
train,metal933_jpg.rf.12c0a6d87df4e420e44a9e17ea0d0bda.jpg,train,metal933,578e59404eefd356d7434fdd0bd9a793244b0d9fa731d69ba8aa2d79ca49aea2,416,416,1
train,metal934_jpg.rf.6331d40d712c2ae6dc81386979bb67b4.jpg,train,metal934,6319a2fae60d7f0dd79609ee85bfea9c091d0b4ad125dd3cf545cf5bc828b227,416,416,30
train,metal939_jpg.rf.bf4220961a2daf276c2a3a171c2f32d7.jpg,train,metal939,65e524b816f7d91ba806f0079696eeadfb742089038f988d36b005e8c2665ed8,416,416,1
train,metal940_jpg.rf.a800d29faeb4601c45fbb99c58856fb5.jpg,train,metal940,2f8fc91a13418f0f1b3ff17361573f45e74850418ba862968747b9054796b60a,416,416,4
train,metal942_jpg.rf.54e7aa2a2c808b38b3fb8c536477b8e5.jpg,train,metal942,7c949b697a618e7991349db947a717a7251ccde7e795d4f59bc98328125ca76e,416,416,2
train,metal943_jpg.rf.c84de8849ff4c1128fb427f82f5a71f5.jpg,train,metal943,812b2c8269f2b09726c92aa7941ef37906d339a0d42fda22e612e7611fa498c1,416,416,1
train,metal945_jpg.rf.506f3013098655a89d4a868f563d6c11.jpg,train,metal945,0e9dcc9ed1acc0bb0c89fc60d3ca4cf8f111544256b020deb0aa2b0ed0f75920,416,416,2
train,metal947_jpg.rf.5d65c6bd61de89f7ee1284b143c3fae7.jpg,train,metal947,2733140b6ae0b8f194b6efd65bfb167e9eb24806e956d84c1272a65a2dea038e,416,416,1
train,metal949_jpg.rf.251ca362ae97ef8aa87b28a5e29d2422.jpg,train,metal949,6cbb9fd3c4a5c2daf5ef31a96246c58a195ddfd0407a936b020f583ed02814bb,416,416,1
train,metal950_jpg.rf.ad5d7c6a20a943f824cb36003ecf7b6e.jpg,train,metal950,bb1516f47a66fe40aa64f6f5e8d644f52a7d76e267ff455d613f1cd222f7f9f5,416,416,10
train,metal951_jpg.rf.7a71191c3c8c5cdcb5bf0f95503d9044.jpg,train,metal951,a318ad1801cf1cfeb2a248675aeeebd8eacf9679123db6cad16288d453559682,416,416,2
train,metal954_jpg.rf.33ab1866db147a8a69626e1211c51456.jpg,train,metal954,f00bbcf0685b39b72eb7249071a4cc6d2fbc3dde7146f3ae328d22bbf87c0b21,416,416,1
val,metal955_jpg.rf.e3aa77dcaf81939893ee5d8768d9be8b.jpg,train,metal955,27715800b19482ccebd4a678eafb6e1af8dc9e4160a74350ed8ac4c747f08009,416,416,1
train,metal957_jpg.rf.87277642bd1bc0d313edc187afda432b.jpg,train,metal957,a57e490596bc89571ae63b2250d0468d8fc4bfb7828b10f3ca00cf77dd02bc3f,416,416,16
train,metal959_jpeg.rf.4bd99b18c02e72c263238f4074a223f7.jpg,train,metal959,b98cab3eab4d6117fd7751ea4742b39fc8de88e85a4a0a9313f9dda5a0c1ac21,416,416,1
train,metal961_jpg.rf.db42b8dfb0e6c010e8de9debaf72488c.jpg,train,metal961,e579f46f8fd63bac292eecdce28b2a9deda52ed430b4d001ecf5845fe3e74326,416,416,3
train,metal962_jpg.rf.6f9a08abc940c30e83aae9a5a806dbd7.jpg,train,metal962,670387670a7bf8604710e913af829cc15a7edb5b480c48f72b1e3bbfe0b4636e,416,416,5
train,metal963_jpg.rf.bd0155987cb9c8560f1a77fdee580e55.jpg,train,metal963,82cf6f7e060ea0bcf39617debc7d04c057912bceb6b4d7bb124a46e62d162035,416,416,1
train,metal964_jpg.rf.f7556570a1c6c6c0e1ff384f10d9d25e.jpg,train,metal964,395330fe964b9f5227bd655f350ea1b51f2d881f0ff474e396248e6b9e5b068d,416,416,1
train,metal965_jpg.rf.c4193f09daba77950dcb076ece27e5d9.jpg,train,metal965,4f1cb00e1511eb6fe55a7e557a970cd1b001db27a6168987388b663bff03733a,416,416,4
val,metal966_jpg.rf.efcfe4f1944ae3f19d4a713ebd69a4bb.jpg,train,metal966,4fd2e6835e209bc05f693b902eda4f11f9b140800c5f1a43e3c5bc0afad26e78,416,416,2
train,metal968_jpg.rf.2af31fbceb99d2dd6c9b02f434a6c10a.jpg,train,metal968,d7fd856cc1a3469a3c9db961b1c30a228342a20a5e55d8464e7473235e0e70aa,416,416,4
train,metal96_jpg.rf.2c64bbeb6a868240bcf02348b6619b95.jpg,train,metal96,74219d339e0fd0b5ef7998773bdda8b15be1ffae0a08012e2ffcc2b25dfb325b,416,416,3
train,metal970_jpeg.rf.3f4b650518c2f7d9d6e506c0ad6fa9ff.jpg,train,metal970,7ef4c285ebee40f307f51d76e83661a9d507af76046e6bf57626cd4c2b2b6237,416,416,1
test,metal971_jpg.rf.3b8c093f6c38d5bd8b504ae64307668c.jpg,train,metal971,307045752a6eb35544dd3e4815f352d852246487343320e1e52ddd71a256cdae,416,416,3
train,metal972_jpg.rf.bb2200d1a4b975f63c57dd8aa300f1ba.jpg,train,metal972,c52271f433996d639a5252899015bf2e92bb13be18a50055dd2ddd2341f8cd2d,416,416,14
train,metal974_jpg.rf.ea9137e87b89df329dd33cc67b72783c.jpg,train,metal974,35107a9ab76faf33b06d4e9aabef088598157b91f48afffebf2496b451706600,416,416,1
train,metal975_jpg.rf.cadbce1267d0c64b14e9a363d792f3ed.jpg,train,metal975,f2b8f982d1a0a24b15242e76a1261623c5a553688036603d263496eb1f262567,416,416,4
train,metal977_jpg.rf.d50e3db17667a871420a63268731b64c.jpg,train,metal977,d1803fcde8c2eddeedc06eed85fc5a253618f8bac0c416637041028f175f08f0,416,416,1
train,metal978_jpg.rf.7849bf507c7f2d7f42d712617d14aa99.jpg,train,metal978,2ae9488180412c59ad067d5123e709177e0262b357cef7c08fb1bcdb04191b7f,416,416,7
train,metal97_jpg.rf.21ecb8f06a85a6f482ac95e712e1ed34.jpg,train,metal97,950b5e285770451a79f77b894f60f990aff26c39cfe61d1c07404e63bd05fdb4,416,416,14
train,metal980_jpg.rf.356b794f2af98f73fe3d1d0a15906f8c.jpg,train,metal980,cd884dcdf4e3dc4e18a17a17cf23290052c29880039a024efaf6ec76c8edad84,416,416,9
train,metal981_jpeg.rf.0d11804ffd634811e40f7991e1d76705.jpg,train,metal981,8688e8a574e491de31efd2f9e0b3f43d65d641e58f6c35ade10900777de7b13b,416,416,1
train,metal983_jpg.rf.9da712f948984c1d116d0c3e41bf8ed4.jpg,train,metal983,c212e2f29f753b3a43b35adb800c1f4f40c13c3fbea4e29c9b33385f9fb0d84b,416,416,22
train,metal984_jpg.rf.e8518960f0e441c7a23ee62e484dc0f9.jpg,train,metal984,b1ddc9b88563a00e5c33fb74248cc10e99ee23ca369378ccd555a3765a07ba68,416,416,1
train,metal985_jpg.rf.884fa27c0336f6545170c2ac2f6ee7b0.jpg,train,metal985,4ec02b0a82bba899816cc8ef786c2c4af27deffd97d753f10f317fcb12c7a4f7,416,416,1
train,metal987_jpg.rf.9179479acb6d0cd509d8e4524f378f30.jpg,train,metal987,e30d82b1b8ac70c0188ec6b30d9e836dac536f4fad2738b2faed530428235abe,416,416,1
val,metal988_jpg.rf.ec67d0407d7154b8b7237ee65c7fc25e.jpg,train,metal988,6eba7ca57ba4216230a61847179003f7769d2d9f4d410ddf0a5d818caeaf11b3,416,416,4
train,metal989_jpg.rf.c189de2f262e91eebcc672afc3cd704e.jpg,train,metal989,0d6ee2d7490a8447b89e596b075967b8b81a8135c3d9858cc83187c65fa8d5cf,416,416,1
train,metal98_jpg.rf.aec76b89dbf1a70ab7dcb945ee57ed8a.jpg,train,metal98,583f601107e5d76d8274215e71858739a541fff7deb345c2419529a658653da7,416,416,7
train,metal990_jpg.rf.d783f4f36f4f240a45b33f45fe651777.jpg,train,metal990,476943ff10ca622145d9b46b416bb76cf9f56bf8740a6cd7cadc5ac1372e91a6,416,416,7
train,metal991_jpg.rf.0444bf0b35e92b6327d51baaf0eac68e.jpg,train,metal991,e9fac1ec806a4e936923a98b934cbfde495f6a474694ae4aab26ce522c67f2c7,416,416,1
train,metal992_jpeg.rf.218b2d5c1205062341d1f9721ce5d995.jpg,train,metal992,f3fbd3904820c2c2482bdebf7633c7e5e6f2a0a5496447a398b4b94eedfff885,416,416,1
train,metal994_jpg.rf.cc9958f59ddc0651c553c0fe5c08d5fa.jpg,train,metal994,5a920dfef6a78164ee751f912358cea52110f05cd694651b21720badc1e31a0f,416,416,5
train,metal995_jpg.rf.86f77e585faf21b2a7355651e4e5fb18.jpg,train,metal995,224016da028607c40077b9cf125ab5dda364e69d5b76f8ab345a1154452d6b3c,416,416,1
train,metal996_jpg.rf.d653a0fe4eeadbd9e53b4d04d2a169ab.jpg,train,metal996,349aa773f5fcc070bfb9c2251cc5f1c5770cf470717114b68716a81f907b709e,416,416,1
train,metal999_jpg.rf.c04b38adae90802c32304af2eded5c70.jpg,train,metal999,62fdddf822c401860297bf9431a0d39923405ae5f70c20a63dedc10d1dc30fad,416,416,4
train,metal99_jpg.rf.a6983811f65bc35f62992ee844ab9369.jpg,train,metal99,9d8fe6b4bfa7a39e113f2f51cd5a8e6be69b0d51e2c4f690ad4ece84898d9afb,416,416,5
train,paper1000_jpg.rf.ed707cdac21afc399c252257e5e21715.jpg,train,paper1000,49738b550e4d98b73197575c634a8bf98dbf2e70b2290e2a35d9777b46d7bb86,416,416,6
val,paper1001_jpg.rf.a7ad68a593f9545318eaf960612d71b9.jpg,train,paper1001,8f88fe0495a966f83a419f6bc68ee9a1e419985db89a757d15bcabebf2a144ff,416,416,1
train,paper1002_jpg.rf.49b76b30a9f8e7bd6ae5902bdb1fdad6.jpg,train,paper1002,d5c6e4f112ae1c25ac697ca083510a1de6fc36eb4dfd2fafa53cddc2efdaffc1,416,416,1
train,paper1003_jpg.rf.b2a673f5ac5920d2900878007b9cfd6f.jpg,train,paper1003,34092e2751379136fbe82f4634621f3918437e799e30c7224f5088765a1b7108,416,416,2
train,paper1004_jpg.rf.6c7eec3d7c187c9c07f2b74f27cc2dd5.jpg,train,paper1004,dedead77e6e65a58f076c8b1a218e54cbe4483f5b22d5d8c89c1c91fe1bc7833,416,416,1
train,paper1005_jpg.rf.31c04abaf373372d52061076ce4ced57.jpg,train,paper1005,9aa25d31a51c179db1e2e3e15a7c16e20d11aed1c6859853ec352816b12b339a,416,416,1
train,paper1006_jpg.rf.526dffd14d10ac405b92543141ea56b6.jpg,train,paper1006,f1986ddfc72d3b55a829ca3023b5afe3b25a10cbbe7fc43cd0307704ecc8e5f6,416,416,3
train,paper1007_jpg.rf.9c5e3274b72c94e2294fdb43bdfd50c2.jpg,train,paper1007,feac029d5de82ed8151c7bcea1a4f845e14e1886e468a27232ba5f992bad9573,416,416,1
test,paper1009_jpg.rf.34ca46307dfd229c7196789aec07df4c.jpg,train,paper1009,70e08303e17152188f177d5bcea6be01ce0955905f5eaa7ee39b9ff6495a9442,416,416,3
train,paper100_jpg.rf.265427d2d7cd359a1e8ca2e75c3912b3.jpg,train,paper100,a91b92c1551a3756bb6f057f5ef59fbc5bde538b504770a2b9864495322fd652,416,416,1
test,paper1011_jpg.rf.c6e93c4dcbf94cd8e55afe4e44e93462.jpg,train,paper1011,a5c353210732b8b6178a5aa3b0e3591e877da9d97db141b146903ea47e39ae81,416,416,1
train,paper1012_jpg.rf.bca5a34d6ebec171c4db6aab0b2e27b5.jpg,train,paper1012,14bc013141933b8090530b6429b1b329530287e52b7148f28dd15451240248df,416,416,1
train,paper1013_jpg.rf.3765fe0e38e92c71a6004d333119e0eb.jpg,train,paper1013,ab35ef0434ac347f357c53cdcd5bcc64fdaed63666e0f00a933206208b5a097a,416,416,5
train,paper1014_jpg.rf.be18622fcfa1375be289921e61af747f.jpg,train,paper1014,ba16fd9df810b0bbb28801ef88c66143a6b05b73d187d41a17347468d798f27c,416,416,1
train,paper1015_jpg.rf.5ed00a4bdbdd8a7fb16ef8fff0706c86.jpg,train,paper1015,bdc796735d5db535b08c5237419c9afe0318ca6196f84923d0c01d8d5b38386f,416,416,1
train,paper1017_jpg.rf.7500891711b108b0f3a6556625139174.jpg,train,paper1017,6ce3674de38a806720defb9284f412f3cab866554158ade41a00d869d1082041,416,416,5
test,paper1018_jpg.rf.dee435577c07beb0077fbe33d4bccf04.jpg,train,paper1018,9bffbb265ce4f478aa4125aca7f9ac6f713089fe8fa7bfd0a204eff2396c3878,416,416,6
train,paper1019_jpg.rf.220446b1dfe120bbe803468d2ac6f740.jpg,train,paper1019,8dd93c9c2e7be7323cea0a4b244c5fc94cfefd41e1fdfe2f625168a5471b2d16,416,416,1
train,paper101_jpg.rf.bbee9c0388fe60d66dda8754f707ff40.jpg,train,paper101,91bbf88eac6e5bf6a1a8861805c1ccca609f10430600ad6b3631ee567b07f756,416,416,1
val,paper1020_jpg.rf.92425db5967cf08fde14c3e9c97a9740.jpg,train,paper1020,988ea76cf7ab966dd305f1e4a1e7a991bc69ed1df23f4c9bbb2f8d55e1da499d,416,416,6
test,paper1021_jpg.rf.fe316055eb7812e64ba672a021dd151d.jpg,train,paper1021,45e818e8dfce891c600b7220905a430f04823e2bc0492d419c0979c524e57d74,416,416,1
train,paper1022_jpg.rf.8db3062642094161859584a19ba6f530.jpg,train,paper1022,ebe1a08200dcaa630d167147a3a014010b429a86afdb942d033f4a2016d42e84,416,416,9
train,paper1023_jpg.rf.9f2baaa0e0eee4fe1d3724a8484ce117.jpg,train,paper1023,92987b5514f1a2680816568b0c268ce098518c82a384f0bcb1c1bf98e90dddd5,416,416,1
train,paper1025_jpg.rf.6081505db67655fcd54d3a0da076c37a.jpg,train,paper1025,e08b8fe2f8dcd7c76e697fa7fb784e511c94b915871d599967853f2f7b9fd30e,416,416,5
train,paper1026_jpg.rf.23998708f9e52babc1c7b051a8020a9c.jpg,train,paper1026,789e3cd0d0558d5b3bcdebb9a3bc21666042a51e143da945d7028d3d5312be77,416,416,1
train,paper1028_jpg.rf.2beffa04982837dfa8992a1578537a7a.jpg,train,paper1028,f789966ae9e23796eeec87a36f67a07336d8f0dd9165ae66e6fb42762a14d625,416,416,14
train,paper1029_jpg.rf.84704a3a3b1e2540a4a474d09ec41d87.jpg,train,paper1029,2fda1aef9428b4c109c61945a277f28c80ffb6e895977d1c02bc240979459b00,416,416,2
train,paper102_jpeg.rf.6153db3f11b53ce482261798e89ce60b.jpg,train,paper102,f3854792d335916782fc0cfc19df02000bde387340af52c25d02ea06f1a88ee7,416,416,1
train,paper1031_jpg.rf.f4f73917746be515e01d0f45810a2c90.jpg,train,paper1031,26562ba901effa90a8ec244c1dd5b9124abddd384a781c09b668dadfde97052e,416,416,2
train,paper1033_jpg.rf.2e54adf2381936ba2b0dcf8faa74112a.jpg,train,paper1033,0d8a4a9e242a6a95065a4cb1ab782e85f6b58c4e893517ad60fba38bfa7ac5dc,416,416,5
train,paper1034_jpg.rf.33907ba18bec0019613fa2f57ada036a.jpg,train,paper1034,ab69edc5fb4d4364c232b6949db3aab5acadbddab799378953866e10fee9e2d7,416,416,1
train,paper1035_jpg.rf.f0ca581b6a3c555af8acf5636853da8c.jpg,train,paper1035,c445b64cbc9a91a7014653995496c7b8f608bceabb3b79fd0b1c38f95d97f80a,416,416,8
train,paper1036_jpg.rf.cd3e24db1cb1371c5349377c8e2ae9b1.jpg,train,paper1036,340ac77a93b8f7cd60dde420b4e93a87753140d3d93cd8b93a9299343790f264,416,416,1
train,paper1037_jpg.rf.d2a4cfaf3809e51757f76dafb3694daa.jpg,train,paper1037,494268eea323645911bba52988827a06caadac153b74b945584fabef9a391cc0,416,416,1
train,paper1038_jpg.rf.2665c40494a434ec5d889c5dd83964ee.jpg,train,paper1038,3ea6d8efe9c37dd66bff43590105d94367bf94386752c53cf8b4f6f65d8d0cde,416,416,7
train,paper1039_jpg.rf.20ebe3466f11e9110f5e090048a015e9.jpg,train,paper1039,f29230640974d07b0a589f536d51f3d4709a2ea9ee8c9751ad358139693ad4de,416,416,1
train,paper1040_jpg.rf.1cbfec8f4935b36074a117ce868c3319.jpg,train,paper1040,6e81bf4009e973bffcc14e3f4aed9bb14030d0f21b2a947635632e52eccd34a8,416,416,1
test,paper1042_jpg.rf.d045f3ab7ee5b9104d5c61eb2d03d814.jpg,train,paper1042,9ecf86377e42e8efec4e9fe97506f2262d62b34889818f3de5aa068fbddb9895,416,416,2
train,paper1044_jpg.rf.caf97a3e256452f1c89f5975fc64d739.jpg,train,paper1044,a541a670dacbda46217324de84b2929cf090f18b7fdb31c0df835814ffaf6a57,416,416,1
train,paper1045_jpg.rf.e8e518694939084c15f3d8c2d29cc23a.jpg,train,paper1045,8c790dacfb37c81ab2e1a41febefd916f1606570f04c06d6014d1c028afcc19f,416,416,2
test,paper1047_jpg.rf.ad479d67c995c6cdbe6c2c521f012a93.jpg,train,paper1047,a9faf1954c0206c22e7ca3bd5d7f33302ab78cce15e514ff1d3870e26bfb9426,416,416,1
train,paper1048_jpg.rf.63001be6a7a2b829f3fbe8257b280904.jpg,train,paper1048,252531a5e6aea157adebd027c88949a22a8c8d3ec34f827a445fb299b451747f,416,416,2
train,paper1049_jpg.rf.d3c716e1dce90045c4327c70ab64d210.jpg,train,paper1049,f58d4a4c2fdc7897c895e64ec898cea612fc668abf827e0043f461cf19d0def3,416,416,10
train,paper1050_jpg.rf.8d6599a3b79b81acaff746177082783a.jpg,train,paper1050,d79f53fec97274d44c17d9d9012426fe9d3d924f87fb28102358c045fa721b46,416,416,2
train,paper1051_jpg.rf.bcf2431615ee213873c49a9c02dab2c3.jpg,train,paper1051,e72e839d43f9108ae2353472fe445cd31517501f5ebe46122c9d36860ac720c0,416,416,5
train,paper1054_jpg.rf.9b87973d890526dfda95f25466a44367.jpg,train,paper1054,86c0b28fe7e7893648bc5e33bf5125068d1e7d1f5e8d9de60f34347b230f07b3,416,416,1
val,paper1055_jpg.rf.6bed23e4c9094135077071dbd6e8a24d.jpg,train,paper1055,67c2fb2cb6f5bcbf5e3e3cdb98415276508843c39455c7590d9817eb300f7ef2,416,416,1
val,paper1056_jpg.rf.141941e7f571c009a5a325ea76c9997a.jpg,train,paper1056,2c4f1cf531b4b03901decb48773259e79a0c2483de81bf00a98d8382d10a4337,416,416,14
train,paper1057_jpg.rf.ac63d871b61d22b8b3ef9dd8ebe870d0.jpg,train,paper1057,787a591278df66fb282acf130e3d4a4f84f0e1521c9037798024944f460542a8,416,416,2
train,paper1058_jpg.rf.6d68128e8e51b330cd104a6dd10b23a9.jpg,train,paper1058,ef027617fedadc0e983fda5faeada6c8d449e3d69d69e8d41ccc1ca4b0c34865,416,416,3
train,paper1059_jpg.rf.7261033e88738d3657ab8012507e5450.jpg,train,paper1059,17215c6c7a4de5ec833d38fa5ae15eb911d1e832a4c44c0913e3dfdc0f9104e6,416,416,1
train,paper1061_jpg.rf.ca87e769d659a9839ff75a65a8ef5d27.jpg,train,paper1061,16b8bb04d6071a64691778076e6f5a0f072425b202bff291e18849500eec69d0,416,416,6
train,paper1063_jpg.rf.5274779177d7cf8bddca207ed5b3eaa8.jpg,train,paper1063,c2000e6e31eac9acf329d8b06ded47c99273b0c2e9568486d94b5821326dabc3,416,416,1
train,paper1064_jpg.rf.9c31725d52ccaaba90281a49ee5b2967.jpg,train,paper1064,ba73bcf207e67a19e3e697f9d09cd8bd5f802762b2686adfcb3ed36c31cfbc38,416,416,1
train,paper1065_jpg.rf.66bfe1f2203d917baff43fc83d210280.jpg,train,paper1065,631f9e028a89932ef0778b6946a18f8284cd49eac891abbe1b399f54070bc197,416,416,1
test,paper1066_jpg.rf.729b8b43dce9ded617446e904dd0a4de.jpg,train,paper1066,41fc53f235f8d069d63846baf6a60edeb49728210ab84cdb4b6ca95adefb93cd,416,416,1
train,paper1067_jpg.rf.19816b399bb12990d73e81ea3e21d47d.jpg,train,paper1067,5dd8a23f9ae598aa62ba1ab77644a34b7046d0e005b71b3d0b0fc341215c7d2a,416,416,1
val,paper1069_jpg.rf.e610c2acbe49c7de4107aca3d4c07385.jpg,train,paper1069,70fc924c7fbb5188b4eb4eb1b5d2a6eeabfa77c23956c74a372ad353bc50320e,416,416,7
train,paper106_jpg.rf.5bdcd8fce5311a3a38a8ca27a44f3748.jpg,train,paper106,fd0f50c2bb54bdda52802cf345805f2c2fdaa5c325f7d0d89ac960bb858b22e8,416,416,1
val,paper1071_jpg.rf.087cb981fd53e66b57eca1ac13f0b3d2.jpg,train,paper1071,28f4b75e02ab116c4f2459579d48edc8291c6f2dcb3ee66ab94695cdb94c866a,416,416,1
train,paper1072_jpg.rf.1aa3b1f608e4a11b08b06ab3831c4657.jpg,train,paper1072,bbb12595a0f7701c10a959e995cb96512dee1b0c10d363bbd4262182734de27f,416,416,1
train,paper1073_jpg.rf.f9dfb1d3e845610311815ac23bf3f44a.jpg,train,paper1073,65bbea88d1cdb2799326ac2496189fba7029d2596700d787e460fbbf0e7f0b41,416,416,1
train,paper1074_jpg.rf.5b361e3abc23d70769b1c6ed6d4b2470.jpg,train,paper1074,517fb6eb77893ee45bb691ba8d73e5a78e80c875d30a9a4adf1fe10e2da059dc,416,416,2
val,paper1075_jpg.rf.bba8f15bd70ac0aa545cb095535a8aa9.jpg,train,paper1075,1c096a27afd2938c7726f0e9db6bd773df1c5e9959904d9be52902b17ed381d3,416,416,1
train,paper1076_jpg.rf.96e6b61243daa200f0147887a87bcd93.jpg,train,paper1076,f0eb4af36ee299c3204a87bdc9815e7b8c49f21bbb0ba7d45604fd90f4e15efe,416,416,1
train,paper1077_jpg.rf.abb3c2b42bb925c63dfd9ec87115454d.jpg,train,paper1077,0b51aae9f4deb19653c532b16570f0f81251c8bd91e1318fa93d7d147426394f,416,416,1
train,paper1078_jpg.rf.e2cc21ecac376f385460c0ab2a38b4d8.jpg,train,paper1078,de24b13565c2595f7e26a951d251062d2e6c8649c21f01d9f227528ffd800b49,416,416,1
val,paper107_jpg.rf.05ead6e0efbf86c55dd2ed086dbe78ee.jpg,train,paper107,68af547360ef06ad1770d97a343efcd62aaff28a082e2b7d488e8ab432e1adad,416,416,1
test,paper1080_jpg.rf.20a11f2af38195fc36b19230743a332b.jpg,train,paper1080,eb84bf392663725de2dec13cef2e61d1dd6037b100c6692449d3134357033280,416,416,1
train,paper1082_jpg.rf.74f21c55b5ababec5ce3e54f1329ba8a.jpg,train,paper1082,c4b6dd62f3c6689e8ad487af0fefd830653ba95e512c6d069aa212af27263f59,416,416,1
test,paper1085_jpg.rf.1cd0cdd719c051cd6a227ae8edc7f58e.jpg,train,paper1085,08a70d9adfdaaf5414feac6edf6379c1399012a2e5dad8db9b653caac7245e81,416,416,1
train,paper1088_jpg.rf.52afba648450fde4233e9b1133cbc7a2.jpg,train,paper1088,cb116ab40280022d005879c4e3cf8f396492d93dba85f98a59c4f477a9b6d941,416,416,1
val,paper1089_jpg.rf.299ef450fb09ac1354fa07483e63c308.jpg,train,paper1089,fd1398991cd91f3cf20d63665d9f8ec4881d73d93bd81a2578e9b6e7518cf4fb,416,416,2
val,paper1091_jpg.rf.dad2ef41628b2acb57cd9058d60fa56a.jpg,train,paper1091,c686c81856d818474d24a7978823e6dc93546da571a28be3dd490ddb6bc1c65d,416,416,2
train,paper1093_jpg.rf.a7d11418a21abf9a8f0fcf89e8d01444.jpg,train,paper1093,49f4d48f45c87a14ed4af2ea050ecc02e3223d50b89027a581b317445bf5a84c,416,416,1
train,paper1094_jpg.rf.83939cfd17e99a474f4fe3ad3ed4581c.jpg,train,paper1094,09d15f136c2d7b627d72dc31acb9c0d013e6f7d52c7fc3d896858e0569da31fd,416,416,1
test,paper1096_jpg.rf.e39463ffc73db1e23431aa19c467e705.jpg,train,paper1096,bf522386db485a0c4ea07e4781533c2d5f509003086ef27bee7d371538e73902,416,416,1
train,paper1098_jpg.rf.23f07335599b08ac25917537ad9c8e71.jpg,train,paper1098,2a48161b6c01c7b0db1a781563819394a57edaa4436cee1d938300c4276374f3,416,416,4
train,paper1099_jpg.rf.fea52df0bc17b2357f9f193a232ee506.jpg,train,paper1099,8605b193bbbf59de66288b72757ba53317ab45ef7422b442ae065a98e137126a,416,416,21
train,paper10_jpg.rf.a1ee7e6e16fdc232745c92a4f96b0b93.jpg,train,paper10,8a3499953d72954bacfb7f9da33aeb9923134b2bd938a16fbefa7159eaf10800,416,416,1
train,paper1100_jpg.rf.c0e5369fcee2c8a00bd794c5689b4647.jpg,train,paper1100,8c3a26b389db622a8d59e118ac779e71693f7ac44608f20f402a3ca54ad4cbd9,416,416,1
train,paper1101_jpg.rf.5b35470e380902919353f257df0b8a41.jpg,train,paper1101,24ae9ae01e774d5fe0619fbb8a2bbb252d071abc83eecd5a0bd9d86829628243,416,416,1
val,paper1102_jpg.rf.7bc86273cbf2bc513b1c74c8001f26ad.jpg,train,paper1102,aa1264107eda9c2482fa6e256b2bd4aa97f690e8f5b8ea6bd364c7af8ecedde2,416,416,1
train,paper1103_jpg.rf.79071b745407cbb4ebf57c8a245d5305.jpg,train,paper1103,4ecc64e451055397acac4ebe7f84c57c92a1f35570b9a673223ee8ab5ffd0632,416,416,2
train,paper1104_jpg.rf.1f3c8c2d363e01faa12641281e04f927.jpg,train,paper1104,d37f2cd0aefd24184ba8004f04912ac949e526820ef1c378950c92694ad45e61,416,416,11
train,paper1106_jpg.rf.b48e6734aad7fa6b9808433acd9bed21.jpg,train,paper1106,ab40399968e9226e77a4cf5a6ed4db438fce265d01b8b75295af896d57c8b0cc,416,416,1
train,paper1107_jpg.rf.a71050adeb7947744f32989dc546b737.jpg,train,paper1107,b558201aff120e17044ad6ddc8ff1f6679cb1c96d12c71d614c7eea71d23e2ad,416,416,2
train,paper1108_jpg.rf.6a62dc2beb27fa2b4e2662eb44fc68b7.jpg,train,paper1108,c8a9be3ddb8e21ed27c984931707bea1fd85496af09a1a223df7933a98df64a9,416,416,3
train,paper110_jpg.rf.401ba4c43f9673fbb0e29c5d4fc09d13.jpg,train,paper110,038471abf50c5d7b1ffb9b6432516397337c8c40174a559ea7335f27813814b3,416,416,1
test,paper1110_jpg.rf.a78b99a5e21c5f81d6fe68096f15980f.jpg,train,paper1110,d5ec7b083ebcbeb0cf8f2067a6d8337fb361a41458065a296f52c8a05d22f084,416,416,1
train,paper1111_jpg.rf.a0c63f6200f847355abfedd35f26e8a0.jpg,train,paper1111,7c3176ad1377d2b7fc2751ecb520af9414bd6abc33166bb9e35b1e8a0aa8e7b2,416,416,1
train,paper1112_jpg.rf.80f37ae51eddbded3c5d11917eb5b579.jpg,train,paper1112,37f868a87061a178dd05a41c1451235f5d7dd0d2594c723e83f463b872bd612d,416,416,1
train,paper1114_jpg.rf.e5589bbdc467f2b6a0995353f9eb8e46.jpg,train,paper1114,641f9819f62bf67fd95a9280a367b559652f9971ac8fd74c75e153821f41f48b,416,416,2
train,paper1115_jpg.rf.94e9636512384ebbd6d408197e671cc1.jpg,train,paper1115,76f543806033c5b447550ef10c65b3f3cee0740c3bc1596a1f413e8eccfd2da0,416,416,1
train,paper1116_jpg.rf.e5e13ca0dc8c00a1914f75d269e18e76.jpg,train,paper1116,696a3a89cd81002378f04eff3a7541df6f8549ae99c99e589a6858e3c14f8819,416,416,1
train,paper1118_jpg.rf.46c76cef78f99b8092f05a7029709cfe.jpg,train,paper1118,c5046e3724d743e661b8c2a59f35efef20a9f02d9b4615cb4166cb349c67b731,416,416,1
train,paper1119_jpg.rf.8ace1e0858f3fff4bf0d1d8637acd680.jpg,train,paper1119,75b6d48b18290da5cf964fae3c60a318eb28f33fbfbaa5998e9c9a8707929054,416,416,1
train,paper111_jpg.rf.159c429025acf3446a92019b00b666ef.jpg,train,paper111,68dd11044e0ff4042a45693cb53f425dbd4491521bd53f2e92d450ba23002af4,416,416,1
train,paper1120_jpg.rf.bc36bb98092131e2442f80c713cd8989.jpg,train,paper1120,d685036ade92acba4430a91e3055d43f0691a459801771da8d918a15bc77975d,416,416,1
val,paper1121_jpg.rf.dfa9c0efc9a20e82701f79dd5c7ae180.jpg,train,paper1121,c1dd0fb7897fec4b02e7182c62f85c1f4fae709e62969b5a805beccf5a6025d7,416,416,3
train,paper1122_jpg.rf.dec4d887568886df7c214ff15e8fde4b.jpg,train,paper1122,d7501ef063b83c675bbe6a4e6b4742c17edbd36d389f291d07add73683203c60,416,416,6
train,paper1123_jpg.rf.f5583fc4357e5645f7593a2d947990c0.jpg,train,paper1123,87b1c8d99738950bc3c54aba618795f48d6f6e6915f8628fbf1ea1e501ef9a83,416,416,4
train,paper1126_jpg.rf.83e1682fd69a31a4a4ee95cdce93dd21.jpg,train,paper1126,e5c35f740d51620c7049c76a9967b3c67fe2189a8afd19a43ebea3ad4065624d,416,416,5
train,paper1127_jpg.rf.3a6882225f2ac99b5a30e15293f9ed69.jpg,train,paper1127,bd6d31287bae6bd89002a6a78eab67401badc34a0ab75c36857c827d1629abd0,416,416,1
train,paper1129_jpg.rf.037724fe218dafc7efc35a26743dcd6d.jpg,train,paper1129,8fdd68d21f68abc2e858d02051337fe487336c38c9fb6b9f2dea7fd0498b5a72,416,416,1
train,paper112_jpg.rf.a9ee237a4256ba266dacbfb01f8375c3.jpg,train,paper112,7d44afd4628b78ea6c2629764455a6c212dca8b80a85b5648ccc152f01b5a876,416,416,1
train,paper1130_jpg.rf.5b68bee50f54e2f45213ea0ec9dd55a9.jpg,train,paper1130,10978efc5a15d1053039e5732fb3115b5b0a47d2afd1b237b408685f921dbcec,416,416,1
test,paper1131_jpg.rf.c50e3ac2a48fd3e1ad54fe2fbe43c945.jpg,train,paper1131,efeff7e5a80ec86b77c9b3d6459f1a87c9d035760ba39f38238e6b51a89ba8d8,416,416,3
train,paper1133_jpg.rf.17eb77292df15c622dae506f1c069480.jpg,train,paper1133,d83da61a174351b9bd41028331f642b246268d3432c98a2c0006f55146f1d44d,416,416,1
train,paper1135_jpg.rf.fe4a5a18adf1d57408f5441adf741ee5.jpg,train,paper1135,0009e0025478803c8a1bb544852c004f3b6b3a0e60c6ab4ca8d5a1df3edd4ebe,416,416,3
test,paper1137_jpg.rf.d05862c58dff3acd61987ed55e0d1f16.jpg,train,paper1137,1469b925f346392a3cdfe42100eaf157d48095341c2be9cac21b57cabdcab326,416,416,1
val,paper1139_jpg.rf.cca087298711d99c091f44d8b9aedc1d.jpg,train,paper1139,37b5cbf5ef67c88cd8271022c99caf5bb6e980e22c0f73a0cb8b6ae15a32de25,416,416,1
train,paper1140_jpg.rf.9fd5cc78a9edb762e9d141ecba5e52a8.jpg,train,paper1140,e1487234146fc86f7e94be51ef27cb9c55ebc4d713f0ae4644bf24ba61026954,416,416,2
train,paper1144_jpg.rf.f21ae2213d7d1027dbb97c01320d2e18.jpg,train,paper1144,73e84f65ed4c522b9e034ffc8a5fd56ef875f134458eedc227c0bc7b2a230f6e,416,416,1
val,paper1145_jpg.rf.24cdfe70c514b4f635deb0f4009bb9c3.jpg,train,paper1145,2ace8ba0954a96751ceac419fc450d705fb011969e0ffee2f874070a22d445da,416,416,2
val,paper1146_jpg.rf.6e4d14a8f6198823c1a9fea50e843855.jpg,train,paper1146,54f23d5b1fca2cbb0ea9bc2494bbe8d6c9da3e1fe78006ebfd3a3a6f5e3ecc95,416,416,1
train,paper1148_jpg.rf.465e133b0f867e3acb90f99d5add79a9.jpg,train,paper1148,3357a62a34589405e3db0119d019641efbed3ef46d474fa551db7c9745bf1f0f,416,416,4
train,paper1149_jpg.rf.456b37fe9a6dc9f98193fc5ef0e1bf2f.jpg,train,paper1149,894649088602578aaf8e583ac3cfc7fb598287b9b4b6e38208dd4a90c850a70f,416,416,14
train,paper114_jpg.rf.c5721e9e2652e8e5546e979ed456aec3.jpg,train,paper114,93da7ea4168ff79d87adaa74be13de29cf9de7db565a226d7d83a7d5145a0f75,416,416,1
test,paper1150_jpg.rf.7797a8afc638f9e7d1081b6d4315cfbb.jpg,train,paper1150,15539f53d5f3e2ac5e694f7c46f01e1082ee2894700cc1566de01f04302c5726,416,416,1
train,paper1151_jpg.rf.0c59289f68ad9ae530de88b4112174c7.jpg,train,paper1151,8bb43144b194d3f9668dcd32dbfa57351e7be16ceefa5966f650f6cae1d6e3e8,416,416,1
test,paper1153_jpg.rf.2e0f9e2895885223f8b8002e1118f40d.jpg,train,paper1153,1c8646f149685dd61a3eb72f6a69f9613bb85746ca6e312d49117319d110b209,416,416,1
train,paper1154_jpg.rf.fd59d4dea2d8e4c5c236cb53d9034677.jpg,train,paper1154,a16a962eeaa1525154b32cb3e82abd7b5ea08c07a604586bec572ab198fb488a,416,416,6
train,paper1156_jpg.rf.5d71b1df59082f381283e0480b9d86e9.jpg,train,paper1156,15d14b10855cfb544084bfb583b75de8bff06170e6992146027b7331fed82702,416,416,1
train,paper1157_jpg.rf.f64c176bc8c5585cd40c1ff0ee0a8921.jpg,train,paper1157,cf3eee75510652c3d484f066778ea0367255b2f852f6faed6e86ad7ef314011d,416,416,2
train,paper1159_jpg.rf.0c9791fe58621eabab2df8b055e7dfd2.jpg,train,paper1159,fc24afe225987f37aa52f05584d737616d86504ee07e8aced42ea87c6e472d89,416,416,2
train,paper115_jpg.rf.cfc76ca18dda57f4a7e5fa9797ea0b36.jpg,train,paper115,3dd2cc7485991e572cc6d8dd3ca3dc1bdd74abf8cd52618efa6686c3a5cc8a50,416,416,1
train,paper1161_jpg.rf.e39ae66c88847e3b293192f35d8ca3b7.jpg,train,paper1161,1f45392df6692d6b241775c0fc39b2e84f9be92004520b107c97f27d016fbe9b,416,416,1
train,paper1163_jpg.rf.d7ac2fa2aa750f252968dce37e30a5e2.jpg,train,paper1163,8c46e98f0f8cb3caf4f86a33754dd1f6655ad6c5b3f32eb0a1cf7c9432f5555c,416,416,1
train,paper1164_jpg.rf.6225a43bfe008fd6dbb71aba084dffbf.jpg,train,paper1164,a24e6c5b0b2b8081d50fc36cb07b92878d0fe571271a86093d4dfcfb2d0b929c,416,416,5
test,paper1167_jpg.rf.55a01cea7aca1565e0de91f832f2e90b.jpg,train,paper1167,92c0f02a3e65ee5fe1e9eeeee053c8471d8b23866f57f2d529dbce14f751654c,416,416,1
train,paper1168_jpg.rf.d8b7091439d12a52311334c4f1a585b5.jpg,train,paper1168,aa3bfa2bcb9922eeae88c685cbb51d9c6a676af52d29227219f293284912d3d7,416,416,1
train,paper116_jpg.rf.7cebdf01ab68db6ca6c749643ac1057d.jpg,train,paper116,8e902bc044dd1c8561a1435b890d755cca1b749aa7e720180041d4fe30a5ea09,416,416,1
test,paper1170_jpg.rf.289d7760cd5a314ed19d579190e8d2c5.jpg,train,paper1170,a9e02662ab70c4eb1d7a589f669f7ac0c314cbb7f42543c1abb5e2fa10e90e0d,416,416,1
val,paper1171_jpg.rf.d4860a1f00c21a132cd2fb48b6c1f4b0.jpg,train,paper1171,c41d50598a0b2b3b7342e5db42765a0cdbbec1747f89a516f410d188122608f2,416,416,1
train,paper1172_jpeg.rf.ad29406c57d48be67ca8f9f1a9a0a4f1.jpg,train,paper1172,4055eb86c743c11e55e506e95d9de3bee8c40ff096e818744adc2e6f0d9c5818,416,416,1
train,paper1173_jpg.rf.4d86050dc297798a1377899f530e99f3.jpg,train,paper1173,29d4a5389b5ffcf423d887b19909a6a698e73a79275928132d8635e643fbd0da,416,416,3
train,paper1174_jpg.rf.482d3389b117a5af7a4f1a9696701419.jpg,train,paper1174,fff18c856c26aebf31b55af2f796a3129852a9b55d0d94b54821bc7547c95147,416,416,5
train,paper1175_jpg.rf.18faf55a91e92836b1fe8fda8817cbf6.jpg,train,paper1175,d9d160f83b6f8358b6beedf9cbdddfe07f5aa407ddc016b67d48d89f971b234f,416,416,1
train,paper1177_jpg.rf.56414fa08cd114b053a1fa6107a2defb.jpg,train,paper1177,52833421f1fbdd615c4737ceaa74400d845e391f02960391cd36bfa67ff354b9,416,416,4
train,paper117_jpg.rf.50f3b393c5e42df2428abb5a3a7c8aed.jpg,train,paper117,61e3972e73014e3d6f2ae68d94dfd84855f639a3e9b82749031a04b974f173ab,416,416,1
train,paper1181_jpg.rf.b71218f096c96fcc8a44819d16a69da7.jpg,train,paper1181,8b7bc522f8361eab1e2b82325130d9a23a9250100c367d9674616e83ccfd8e01,416,416,33
train,paper1183_jpg.rf.5c5857185a76f754d5cefd71de033c52.jpg,train,paper1183,4874287aba5aa41ba6e7334d2d742c3f58d602a322a5c3b892d7b9c528d48443,416,416,7
train,paper1185_jpg.rf.74100e383b3123a37858a0233667b6d9.jpg,train,paper1185,e7a91501f26b5c5d2ea197aa4d69337cda438ef369522be21b5f6ff6d98bd45b,416,416,10
train,paper1186_jpg.rf.60ba846984db854221fa00237b649b56.jpg,train,paper1186,a653498235bc42112f33e9f908804f97deeafc656e441fd307e37ce9092133b5,416,416,5
train,paper1187_jpg.rf.d5ae769127125946091c3340a8f99d3d.jpg,train,paper1187,005d30289b94d6e55bbefdcfa512faca35bd48b7c3fd19216b749c7823aa8ff2,416,416,1
val,paper1188_jpg.rf.a92e735eddf5a44d824bb7f666909dda.jpg,train,paper1188,c52fa55d72e57b685c6a791fa4ab7d64baea3857e0d1d7e69f915d5736440c14,416,416,1
train,paper1190_jpg.rf.48f5a8df9c150fb6550be12d94354330.jpg,train,paper1190,2b6b87c62736b07bba428c7b696f1222f6615c005f404c93c5753e5442656751,416,416,4
train,paper1191_jpg.rf.222ca3fb54295e5c8af66f81afba4ca1.jpg,train,paper1191,27323fe929be6e2cfb6406fd311277bbc9fb8af7f140265f4aa6ee3d6f24581a,416,416,3
train,paper1193_jpg.rf.5d3707bf863cb902c7b1f7682e461b95.jpg,train,paper1193,7d642563bd2168ff190c913c483e82a65822050becbccfa2cc81cc299be25953,416,416,6
train,paper1194_jpg.rf.f7d10c5adb5ec50c6581475fe273809b.jpg,train,paper1194,bcc8c97e60d4e537316ef2463f077a42fcab5ce4b9f1b4e311d692258c121ca3,416,416,24
test,paper1196_jpg.rf.84ad5b76718a349b7df10891803ed580.jpg,train,paper1196,e82f66729a82c4c0cc8c34f46f17303a243cf61cd4c6a17516f4be1c512e7a0d,416,416,1
train,paper1197_jpg.rf.0daa90a04e549b39e650fe42ddbc615c.jpg,train,paper1197,3fea4d52dac2f85b1ca52584d900622795e488ee08dc480c774c950035db7402,416,416,1
val,paper1198_jpg.rf.0915f3dff6df4a52ef2760b060ece3ef.jpg,train,paper1198,99ebb607483f8635d6605ff9d60748b4059059e2100ca6c8ad6217b5b026f772,416,416,10
train,paper119_jpg.rf.6bce364205e5f2601cb67d6553f2af46.jpg,train,paper119,425063387e42cfbcf3f772db0e03036a930a48f8f7749c53f76796a980e9466b,416,416,1
train,paper11_jpg.rf.ea8df8c3b1c8cc7153ed41a914dd9e9a.jpg,train,paper11,98a5d7a217233062134ddbfbae02787e46f4c5f994e5d9ab01efc5c894546825,416,416,1
train,paper1200_jpg.rf.fe7888fff1adc9f5f0963a350b7d12d2.jpg,train,paper1200,c703f826962f01b51ffcd6adb9abff7a651e8184c1cfd59ad539dadbdd1698f0,416,416,3
val,paper1201_jpg.rf.6bcd066c4f57d13d72f5d28bca5dbaf7.jpg,train,paper1201,fb6aaa328b9c6413d6e22354e5fbbf40473b356968cab403d4f9aaf881d1c261,416,416,2
train,paper1202_jpg.rf.7363c8ffbbcaa24401f9029c4261bf34.jpg,train,paper1202,06cf1406ea85af7c4bc3bae3d47d04326a9ae5f69ea9298d6e227250667d57c2,416,416,5
train,paper1203_jpg.rf.8a0cdb4b081774ddf7b83ade1d49570d.jpg,train,paper1203,989bbe6dd769cffae76e4951d86c2380b491390ae0577c2b22b4fa5ff61ec81b,416,416,22
train,paper1204_jpg.rf.490dbbd5117b1fd459019a4da0ebdcdc.jpg,train,paper1204,ae4fc0084dfa942c00a73b36c39bcb3f389eeb94e06ce53e59b6cf05c91b24ba,416,416,4
train,paper1205_jpg.rf.2b59ddfed03f13a6bf94b63681ffb670.jpg,train,paper1205,eba9b37f86a48103c7f4c808a33ba81160a5191be4955fb54d116138fb79f8c0,416,416,5
train,paper1206_jpg.rf.4880e012cf1b97009babc2bcaa099db7.jpg,train,paper1206,3ba36197a613d357e720b75d9767548e02061ded95a373ae1b2e56a24e9064aa,416,416,10
train,paper1208_jpg.rf.e73e04588f554ac3942b794996b8b2fc.jpg,train,paper1208,908e79c9457dd72811abca71da428358b06cf47d9749ee8391ce8cf56b758093,416,416,3
val,paper1209_jpg.rf.deef7e27c54931a21eb58e5c77ed2e3a.jpg,train,paper1209,641bf49f008feb9499527e18f1ca80707d007be56de4ce17398f580f6ff8e474,416,416,2
train,paper120_jpg.rf.23d6d34c4b44db64073594e1925611e5.jpg,train,paper120,c194c563bf0ef48f571db53d40eb45807d6b1a800799c2528b29c3f09d63427d,416,416,1
train,paper1211_jpg.rf.072541ee74d176c1f7d58cc4f1913eea.jpg,train,paper1211,c67f4da4a4beb73d95fb6885d93e0d9d1718b4b5a9ed9bdfbd01da35c2932a0c,416,416,5
train,paper1212_jpg.rf.2414b3bd8d53515b96afdc70ff4a2e01.jpg,train,paper1212,74bc80c19034e9917b05b123f842fd641b4af4ed26adca0a6bb7e228cd35b251,416,416,1
train,paper1213_jpg.rf.45aa93731ae20a9cd67c25bed6ec3a69.jpg,train,paper1213,a5ab174d7ac0f7dd84ae48581235182f0ab768d60014fc769ac06d8227211fe5,416,416,1
train,paper1214_jpg.rf.cd78687b5d8f5902bd32b5cba371a762.jpg,train,paper1214,645bd9c29ff90ca5f59fc975da7768b8e77419dc6e28fa8e2eb8c13bd8cc19a7,416,416,7
train,paper1216_jpg.rf.023f7c3e9918baf5073869b35891bfbb.jpg,train,paper1216,6d60d723b76dba351b8987a98dbfd1275103941788c831d98408fc3bef4246ef,416,416,3
train,paper1218_jpg.rf.01589a51275a51b946323dacdc3b9198.jpg,train,paper1218,66b4b672e2f080925cbd4a3e81fad14463b44cdf2c968f78275575e7b99d11a1,416,416,2
train,paper1221_jpg.rf.25b1a730cb4e720d5df264e0bb30026e.jpg,train,paper1221,8f275a990c7ed7a262a087a531058b4f40a7150a9d38aadda9c7912dbec9bb43,416,416,34
val,paper1224_jpg.rf.1da715333e158bd87add2f103ef967cd.jpg,train,paper1224,2238a29fb09832edff564791d06a581060ab211cf87646c5f761d35005a7d6a9,416,416,3
train,paper1225_jpg.rf.be47ec012c53370f64b3c123ace2e111.jpg,train,paper1225,b7ce00563672fe4b6b5b04fcaca47f9f49e5234083f4aca9936514acd21df669,416,416,4
train,paper1226_jpg.rf.9748cc4aa04fd286b933e09c1b50f04e.jpg,train,paper1226,5d321c41edd8969b4dd9883655fe2336a7e17815f3697eb933c08e70a207cf1b,416,416,4
train,paper1227_jpg.rf.86183ac232c29fbc6e14f7cd2eff11ce.jpg,train,paper1227,5e907673c637025dc0a8e46b5ce9202a30cc20a00ca697cf38817fc2a47d0bce,416,416,1
train,paper122_jpg.rf.c625783071226e154814bc62e4fc93de.jpg,train,paper122,2cdb38831c49e885dc6ef05814126fa8b73e8eb5a657d8ea7bc1eb957381a6d4,416,416,1
train,paper1230_jpg.rf.29a95d9839e17dd1e4b822fbb360074e.jpg,train,paper1230,481e08b4633c2d6bae09cd6396a7b1f7550129f84df863a21918b6f94bb4fe5e,416,416,3
train,paper1231_jpg.rf.6daf9bd0468cabe2d039ab0e72146676.jpg,train,paper1231,a5d77c22efb9f8482e11d74972950407894ccc672be8e64f0e0e723f1050744f,416,416,5
train,paper1233_jpg.rf.28a8451d4caf8b84e33c0eabc6d2fed3.jpg,train,paper1233,5e648127a02af4b0932046bc298ddf12d31947c0e5fe59325db86dfb3b0d9682,416,416,4
train,paper1234_jpg.rf.cf7da2a16976b9609929aa2f80e587d8.jpg,train,paper1234,dc4418b64624b2135ef97a05850191a1b5dd4e7290935730db4fbe1294a38944,416,416,7
train,paper1235_jpg.rf.95d47ffd819294f0f29a4c41d156e9ef.jpg,train,paper1235,ad5e89c76119f9244eddccfda4bf83e100ae5b53be645f139935bdc65ed38cd1,416,416,8
train,paper1236_jpg.rf.fba8f6233b0113a5fcfaa13dfdd8e707.jpg,train,paper1236,8c65e55379582985fbb3052191aa9d5d0aead9751052f0baf587efcc60d0a6d4,416,416,3
train,paper1238_jpg.rf.1973077d15b8ee8372f608583ef6ce66.jpg,train,paper1238,aa940e5c54b91114c421ca2e9d8f86b239a57327c6e3f180d775dd8e14e77376,416,416,1
train,paper1239_jpg.rf.83ae1909fac6cfc0eaed762236672a3f.jpg,train,paper1239,8072984d0bb3b2a4533ebc279d33a56b7d2cf8513ae5c2740ff4f467a543ef00,416,416,1
train,paper123_jpg.rf.675d0f7b08751cc63a53dbe5a92aa8b2.jpg,train,paper123,8191fab7c7408911a149c86e328063afff08297c36ba09cc70c55c630eeae9ac,416,416,1
train,paper1240_jpg.rf.8c40776fecd76c7245a93f93e5ae5335.jpg,train,paper1240,445a4a8e525a84d78a915f6ebc45b55f5616fc2dddb145db3ce0eb675f032903,416,416,1
train,paper1243_jpg.rf.fc3f821ff83524645198ae2797d80c08.jpg,train,paper1243,2644440b82b9dd94d94ee3657c3253f1380b99c24ab35988e1172afe942dfc83,416,416,6
train,paper1244_jpg.rf.b0d30514f60a12f8cf7246d5a4847ada.jpg,train,paper1244,f10f5cac444dae8ae5bc171fecf08143f0512c2ed2588a3751eabe21a1f66e62,416,416,15
train,paper1246_jpg.rf.582d0aeadcc4618396fbaacc47feffbd.jpg,train,paper1246,7b956290c645cef679d8227550420efcd56c74af66d650fea221e2bef6cc8772,416,416,5
train,paper1247_jpg.rf.c4686c7c98369424cb2deaf7a29d1c7f.jpg,train,paper1247,39ba4da9f358860575b0acde0a6227c32393d8e4294d01b5d524dc46625cbfc1,416,416,6
train,paper1248_jpg.rf.452882e96424d5af799f2555f924ad07.jpg,train,paper1248,0a8be30217414c278168b2932e48ca7d3e13317b4fb74455ddee744bc74fde42,416,416,1
train,paper124_jpg.rf.69f0ab5e5669f94e1c6a83abce9ac857.jpg,train,paper124,41ed0f77d61a9c6ec9ca9c08cded8132dc88fff0ca36771d7bd0ff5f832d0700,416,416,1
train,paper1251_jpg.rf.c009ff232a740bd0142d393bc9eda392.jpg,train,paper1251,be9f6c5c3499de3e02ebde14fb4e0207ca0c54a8cf8d6b3edddea3b5d2937b57,416,416,11
test,paper1253_jpg.rf.d12d99efe50ea6022f5619cc785fd8d5.jpg,train,paper1253,2b3338fa1e04f01e21b94fa6a42c33011a95d1e419c6926f1dbe95ae8102bc46,416,416,3
train,paper1254_jpg.rf.f064daf9f418f983320c633f486e2261.jpg,train,paper1254,b8edf45eb9b4f92fae27a1187e8003a30dedc2fd94421fbc3ee226c986750353,416,416,12
train,paper1257_jpg.rf.f26ea1ffc2241221dc6fbbc86a05734c.jpg,train,paper1257,021a92de6cc07f82826e5f40845b34f243489b204a9b63d1a117c4821834a95c,416,416,1
train,paper125_jpg.rf.edefe33d318fca6be02e3816a153f035.jpg,train,paper125,565340c378a39d428e892db23603d3482a110ec6ff3431dbdc64a1e2e1d72576,416,416,1
test,paper1261_jpg.rf.941ee7067318d814cb2c85ab64574b40.jpg,train,paper1261,bcdededd02fc97a491569ba0862ef31960cd5e43e6ce13a12259fc247ee3272f,416,416,1
train,paper1263_jpg.rf.be6b50e7f955698323f0b27a256f9e3b.jpg,train,paper1263,cbe391fb4aa4db031aa288bb18c362b1687a860127682c65da8b7029579f9765,416,416,1
test,paper1267_jpg.rf.6775b30f92c8aed9da5341ea307da3f5.jpg,train,paper1267,4e3e00a009cdb9d135c31d7fd2d2df197848656e0ea0f6112ea73f992aa6acba,416,416,1
train,paper1269_jpg.rf.832cba45ed18a84ad572976ff48f08c4.jpg,train,paper1269,6e9d6dd33677f6ce6e179ba9db4bef53f692f29c74658344af1013834463d9e3,416,416,1
train,paper126_jpg.rf.228826518743f06a9d426bc03f75a3c5.jpg,train,paper126,74a116def279c926a7dae93de806cfcf64300768cc317bb75a238000209492ef,416,416,1
val,paper1270_jpg.rf.6684063df2e8f5e437987d13ba572dab.jpg,train,paper1270,5230a818d905ed520e14576c1242f0b0c7443953ab9400f3e997bb4d61c626d3,416,416,1
val,paper1271_jpg.rf.17c49449213e9a69ca69f40ed9fca035.jpg,train,paper1271,330ef7457d8453547df07f7a764bd105103135c24a0b85bdd1f491e1bf77cc78,416,416,6
train,paper1272_jpg.rf.06381dbefe7094e26419c8d376a4ebc5.jpg,train,paper1272,7542827c972ff113947725816cb94b5fa2153045a353c6e02c09bb5184115f06,416,416,1
train,paper1274_jpg.rf.e6ceb1c57d92ec8b45889d8ea0a0461f.jpg,train,paper1274,ab7fe66c2db3e76efa43f94a9bd9d7616354413297cc91d00e52ed2528bd3cc0,416,416,1
train,paper1275_jpg.rf.81a6a36a48f9f6c25b647d481dc3ccd9.jpg,train,paper1275,2808efc426044d33909dfd8d470d6f976cc97c4e87955192e4e65b0bd5b6c3c4,416,416,1
train,paper1276_jpg.rf.040427cda9cb91fbe1161a0bf0bf5294.jpg,train,paper1276,f8111693fb55eb120ce316cf333b29167cd0b616fe3fa616b177874f9edbf72b,416,416,2
train,paper1277_jpg.rf.b3de26f5c114b6c5605bf0e1e374f6eb.jpg,train,paper1277,27bf4470558da5658e8cf48b1cb4284d45d396a3b2b03b3ee37abd226fb4e376,416,416,1
train,paper1278_jpg.rf.1c909023027b2f7a642cc437adb63b67.jpg,train,paper1278,99f4449ddf620ade17c20db998ab0c28ff175f59e605658295dab49a88d4c56d,416,416,1
train,paper1279_jpg.rf.e6068b617c1819ccad4f5725b1fb8636.jpg,train,paper1279,ce396bbe17fd556e0806e08bc554b4e0f6400e816ed9a7a33cec0ca721475604,416,416,1
train,paper127_jpg.rf.7b41f5213a7e0ddd22afe69f49480e23.jpg,train,paper127,1967f4146f037b69098a71cce5e953135d529fdb64e635b4b209120a0fd9bdb5,416,416,1
train,paper1280_jpg.rf.aaf7c8925da70b582e482c00cad20c78.jpg,train,paper1280,5e5b73e0c1a8a6768802b677415d07d640e0a3696e40f5acbcce3caa4d4f5f86,416,416,1
test,paper1282_jpg.rf.c20219d7dc932c3588c5b3439833dfe3.jpg,train,paper1282,1608220fef2df23531aaebe8029b6a89f8d8f9be912a914190d3540c63648726,416,416,1
train,paper1283_jpg.rf.aa1d702caab9eaa6456bb26fc53d2367.jpg,train,paper1283,6f0edd20c1749a14f1ef0d4f80ad117befb2697dc7ee199790650ec134001f58,416,416,1
train,paper1284_jpg.rf.29791be35113860299bf93f57704ab31.jpg,train,paper1284,b5cf41541ef7857da44036a82ec541abae90e0d00d2eb903b2eee63866f51554,416,416,1
train,paper1285_jpg.rf.cc21a318aa82f856a3746ef7a930be7f.jpg,train,paper1285,366b201f04996af8a1852ffd0e68b87ed9c8f68ea337341ba235fa7c9547bbf1,416,416,1
train,paper1286_jpg.rf.69424fba9055f302e9ed42443e4d5fc6.jpg,train,paper1286,093fdd2500ac91759db2a9cb0182d4c600f7ca5e0707ec7853f95127f458b829,416,416,1
train,paper1287_jpg.rf.f49cecbb810a04fd9d10486c112059c0.jpg,train,paper1287,c58e8fa55b323127109b56663f1d0a3134b8e6748d19a1fa6bb48b9d9a8d4335,416,416,1
train,paper1288_jpg.rf.6afb2c5d03efac23647a2f87f3108d38.jpg,train,paper1288,169b48d823d294d09ebc426e6d6f42e0e7344c8c6f75fabfe36fb76e944f867d,416,416,1
train,paper1289_jpg.rf.04c184b78afc2b29e216af04e1504c87.jpg,train,paper1289,edf2dcea7e55a714e9babc4b23ad0f5a1b3dd2ab812f4630b34e3df494344eaf,416,416,1
train,paper128_jpg.rf.e5e29f6a67147fbe01ab338d9c1669c8.jpg,train,paper128,3f7953408dbda51d8f59e940d3dc5e2f7783bd24a8ed3134cebf655fd3126bf5,416,416,1
train,paper1291_jpg.rf.9d00764b3ab36c7d2ada457bc36fd93d.jpg,train,paper1291,a04485ffc5976d752c14e7f47a68629b46a784d02b6eab5a259b3b6fc2891c58,416,416,1
train,paper1292_jpg.rf.17158140fed3f940ba4d3f3fda5daa00.jpg,train,paper1292,701e69f14ec7dd11de397b2dabe1856ebb76134111f13f76249ce6ad646394d9,416,416,1
train,paper1293_jpg.rf.c2902911ac6a94b79978b09f21cd84ea.jpg,train,paper1293,e462081373d5a6921b53a198825fba5fb29b168a6611fe7242c8e58e37dd0e52,416,416,1
train,paper1294_jpg.rf.30fa8b15e55ea3d0ce456cbd81e6b423.jpg,train,paper1294,a259a32b37b29ccebaf62a0d4e26df4a3de11febfa5cb2e9a5c6f2589caccbf1,416,416,1
val,paper1296_jpg.rf.f1292eb34e20de3382015d576c68def3.jpg,train,paper1296,638d0c15b2a9109227daf3e9892e482a7f28c64d66f83ff537dde1639152ec39,416,416,1
train,paper1297_jpg.rf.e6b946a34b0a9bf54e9daa8dd4658b39.jpg,train,paper1297,50ef6b079b959fc3606aa22aa032eb32dcdaabf0a3ee343d6f1be282bc4a1a4b,416,416,1
train,paper129_jpg.rf.86621145f1ec6257ab006b8ce5c5f726.jpg,train,paper129,6115218aa5f70496bff63f5b7cd7dba385699fb037a09632970ab2d23f84c990,416,416,1
train,paper12_jpg.rf.f292d4be9d6cadb0352775769a127687.jpg,train,paper12,c2c99186c5563e697bb5f4494a3a24d4f33b40f2fc132858dc91324279362695,416,416,1
train,paper1300_jpg.rf.4d0d585bfae3c0e4cb4ec66f182f8c87.jpg,train,paper1300,6a08cbb59f35cb9458c21af179ec1a0f4dcd93fc4045f02f6fabf5011c4a6699,416,416,1
train,paper1301_jpg.rf.2313f5d597f166a11ef6a4d23fb7529d.jpg,train,paper1301,ec4243484252d48c70d18fb80028db780025cea41c09432cf624319d25e47a57,416,416,1
train,paper1302_jpg.rf.bba62e74dae8e8120d9f7955edd83c39.jpg,train,paper1302,fe33fc71921e0dd8ac306ed380813fab8c3c5f8ef708e2816e00e66edb3e1fab,416,416,1
train,paper1303_jpg.rf.f5bf08b0e1c608a7696b6b4d43f91967.jpg,train,paper1303,ae5ae0945c1ad5ae734bc7365f5b5591adf6c0279d59f51938b4d573b65bbc60,416,416,1
train,paper1305_jpg.rf.3d9f3ea24e973c870429496e06be9afb.jpg,train,paper1305,799e1d9a77581186b19f8111c86cc7647622f54102ea4d4874faaba428afb140,416,416,1
train,paper1306_jpg.rf.55e59ec14ede4252d2566aeaf7d0e68f.jpg,train,paper1306,1429d741e1031e3c1632a563f877b100401cf65e5651188381966b913aae14b2,416,416,1
train,paper1307_jpg.rf.d102cfee1a333696c0984880d127c955.jpg,train,paper1307,d39b3414aa0852757d7e29e670b304591417162cb90de06be4746d83ef3d61ee,416,416,1
train,paper1308_jpg.rf.44db90cbcc7b80acd1eaee562f455926.jpg,train,paper1308,c4e85bb66d0b4104a9b65d5c8d44d11e832ca61dcd6e8aca3efcf732b90cd044,416,416,1
train,paper1309_jpg.rf.21b670be0aa430cedc29742987a70660.jpg,train,paper1309,25c1a0ef79196accbe48198f27283ea90225cd0b730c7aaecbcdf107e241365d,416,416,1
train,paper130_jpg.rf.1f4c70aac56f319488df90b59e3e9420.jpg,train,paper130,543861767e9cccfb1a10682cb4c7f362a5ee65288e8e35f8b57cb076cafa7c05,416,416,1
train,paper1312_jpg.rf.9048661f7fc9234f04ea87539b3eb50f.jpg,train,paper1312,41830dcf7f68709dc105f0aa959d6dfd0023c113ccd25c835d3d6567fef9bad6,416,416,1
train,paper1315_jpg.rf.468f89432993af6a9b64bc229bfb12fb.jpg,train,paper1315,5f7a4e9abf106b56166c2223b568199731d25ac5b7726b0892e5f3ad73b02e95,416,416,1
val,paper1316_jpg.rf.4f2dd9407b2f77757076aacbae36ce76.jpg,train,paper1316,ac1f5c7a60a9e823a404af21b32d8571d03b21fde59258d7810ecb01a71ac938,416,416,1
val,paper1317_jpg.rf.348515cb234514bf890b1cb8a0e002e1.jpg,train,paper1317,1ff0b6c23d1d31ce4418f2fab38869a2acc14449a531bfc90b3c77d7d39900d7,416,416,3
train,paper1318_jpg.rf.6ac95934d4efa611fb0bf81a8d73bd42.jpg,train,paper1318,36682ec01367ac151a6d9edf001decbe98e1b1f8f3b842d9eb8826c0c2640006,416,416,1
train,paper1319_jpg.rf.dece732282f178ef06d25ad94beb9b77.jpg,train,paper1319,05fa9693793119aea5b96edb95b4596375484a96b486ecebdabfc5e5f8012f29,416,416,1
train,paper1321_jpg.rf.0bed3b6e20e5c3b0f393f10e0e4a1995.jpg,train,paper1321,5cd2c6d664b7fca05ffc8108f26bea5b6fa24aca67929de8c78d85d6c88072c1,416,416,1
train,paper1322_jpg.rf.810d677d0fccf21068dabba841d2b8b1.jpg,train,paper1322,ab065a256d098316c047a86b3e8892560ff87fdf971cc7a2914cf487c3a27182,416,416,1
train,paper1325_jpg.rf.3835520dfc7f1b3cf87aec20df42e8aa.jpg,train,paper1325,818ac7365a4e7d3401b61db4c39349172a94f0631fd677cdebb6f25d57dad0e2,416,416,1
train,paper1326_jpg.rf.7cdb7457d48c56bdb48a3025829354f5.jpg,train,paper1326,b2672974e4cac6ba43d4aacc036473c84586a04ba67752e165cd217f2b66d274,416,416,1
train,paper1327_jpg.rf.6827703b2f68c5c56df008b474f77971.jpg,train,paper1327,37f62aa8c0ac340652aaa5086d853e118812a8ce3ea0ce8353f5f15a5b34a9ee,416,416,1
train,paper1328_jpg.rf.491d0c117ede6fa6e75846410b0608aa.jpg,train,paper1328,eb5ccf6bc0d44ea48b9fd7e559a42b1a4fc8600d4900818754c8eb6c2b6c5ecc,416,416,1
train,paper1330_jpg.rf.c46c2297fa90a7a5e743382ad412d616.jpg,train,paper1330,253ef2e9a2a69e1489c100990575e8b83c060e8c78820b28591629cb12074686,416,416,1
train,paper1331_jpg.rf.07f979e50bd09823dba9ae57aa60de77.jpg,train,paper1331,828efb688a60af65d4deb23590e557393c89952e5375954138c335bf1a1cd9c9,416,416,1
train,paper1332_jpg.rf.8a195215763768545e0e708c26f67886.jpg,train,paper1332,5c88845965ab866503004150a5bce2e94a4f0e202c58284bd77fd60d0715f43e,416,416,1
train,paper1334_jpg.rf.f6e858b66ce8398fbcdb5b35156df646.jpg,train,paper1334,f8eb8227dfee6a83082af22ea934ff3a25e57445cfb09f604416b1c24154128d,416,416,1
train,paper1335_jpg.rf.83e200becf0af79063cc33d6b4298765.jpg,train,paper1335,9cdfbea48bc87b279fb64926e76bce86ae04ed2e3dad37f0bc10bf9b09be5d93,416,416,1
val,paper1337_jpg.rf.4a6ca9f65269e7977f42f03663b6d601.jpg,train,paper1337,990924e7fc9d115bc59cc62ede25e8fc7dc8a2822306dc39b6e7dad42125a72c,416,416,1
train,paper1338_jpg.rf.35fe4c1fdb13ed2c7f1939852a362325.jpg,train,paper1338,ed4d7c2ed1c2882ecf70e295c16c8f3b2b33d51b303c07c33553919466a65b5a,416,416,1
train,paper133_jpg.rf.30c6202274e9d088e5381bf088330541.jpg,train,paper133,83dce0ababf075ae4916c25d5e4eb5b6f547476a81a7e3c9b8abd6154f54040c,416,416,1
train,paper1340_jpg.rf.19ee1cf4daf36f8a2259a04785b85bfb.jpg,train,paper1340,8e89b53d1c9dd6f2ccbd4e9de2c88b50f8ddf087edbfb9eb488f1a7c3ef7aa7a,416,416,1
train,paper1341_jpg.rf.22a62e2d8a6a30b6b4eab58715a41164.jpg,train,paper1341,86af165a6c9f1ce68190965ff9e20322ce3c67c15d1b9efec9ede184fb0e7fe2,416,416,1
train,paper1343_jpg.rf.c2ad90593807a008d4f7f4ce1b7ed3f4.jpg,train,paper1343,1b06e1904496c8579ae46b68303586fd7396bd37fe1248862ada34cab267b38d,416,416,1
train,paper1344_jpg.rf.416ef2d98424f235dc92fda45bd0dfdc.jpg,train,paper1344,2a8c74c3d82d05d840ff0734c0e28cbc348fc81754765f3175fedbe7f575c719,416,416,5
train,paper1345_jpg.rf.8fcf1839c867358aa0a5f0fb0c3245cd.jpg,train,paper1345,b6e3ca2c7e46d3cacd1d302eead7a7994d8185bfb6ba090582005323e87a03df,416,416,1
train,paper1347_jpg.rf.724e69096c8546c96816e31c8d172324.jpg,train,paper1347,c9d7c05e499a4cf0308cabfae9f9748691a68eebda0e3af907c29d8460571148,416,416,3
train,paper1348_jpg.rf.0a4e95f11929c77f1da3abfd7e04ca9b.jpg,train,paper1348,a13d4d02d2d40d271b2b3bb521d8b08f3e650829e86c15a3a4d5ac0e24926bba,416,416,1
train,paper1349_jpg.rf.2c51de85537d6882236b90dfae251ab2.jpg,train,paper1349,30dcbeb883df69f088008e28ca1a5f7620fd70d9b7ae73b3839c75086919a419,416,416,1
train,paper134_jpg.rf.2c515a4a3fff106c659f460d6dd4cc9b.jpg,train,paper134,92a36bcfc792f04ee01affe1e1af98e802c7c2cf1c78b60e4e890e1dd8b9e6af,416,416,1
train,paper1350_jpg.rf.b14e71031f30992d0e1236c9c2735b9a.jpg,train,paper1350,3719e2c182518e993b08eba579b5713e0c54073c4fa0539f04c95ecc7ce7e32a,416,416,1
test,paper1353_jpg.rf.c6ff5e85bfa17cbaca06e1dd2cf296a0.jpg,train,paper1353,b5baadfad469761b7ff58146dcf93e4f12d3cf2ab22135f94ce3f41d58346873,416,416,1
train,paper1354_jpg.rf.4bb5e37c70dc3409a333e5d70cd192ad.jpg,train,paper1354,406d8fd44d844ec44589ec6f76f13b8160181157ca6bcaca04cf391dc9ed81b2,416,416,1
train,paper1355_jpg.rf.4ce9dcf147e521dd64f06069bd2cafd2.jpg,train,paper1355,0ff78ae10008a576517a21fb26d35dbb644fd5c37ab7539fcfbf6331f2c47aed,416,416,1
test,paper1356_jpg.rf.afcf6f30d6f5faf8145d5069b7f62539.jpg,train,paper1356,1c74696f671c4ea918c3b042f649ce3b27f28b2756148101092c9178ac9c938d,416,416,3
val,paper1357_jpg.rf.25f3ec8cef05986b06524e85734eaf2b.jpg,train,paper1357,bd34674d21460320a7911e7fdaa077e8e92acf6fc669b958001ca3c8cd7a5098,416,416,1
train,paper1358_jpg.rf.78767b03d566bb2e73a43d4448420e53.jpg,train,paper1358,8396dc56cbde19f7ce839ae155b7313b4dcaa93a518f6ffd3f18a74456658076,416,416,1
test,paper1359_jpg.rf.9ba6b0931e5e693b00a0c00ab5619570.jpg,train,paper1359,eedc61631ddc53f5b2e71c0e01c7bac6649149ee7a94bc90f9c957565b5eafdf,416,416,1
val,paper1361_jpg.rf.dfab69dc4c9c6d2dce23f54f27834aca.jpg,train,paper1361,281d044866a604a2c5b3215b0506624d8301235b4bcfa72af432af083f17fc7b,416,416,1
test,paper1363_jpg.rf.0d2d28bcad4edb3cec3e2c038c28a4c1.jpg,train,paper1363,761232180113114734a3886ae966ec5cc175d6bf453bbb5e1d5eaa6b6ea7691c,416,416,1
train,paper1364_jpg.rf.52930bf33717be7cce00bc685c7f5a72.jpg,train,paper1364,294dc6b54f33e74d8e4a9f04f6c80de1ef98893be71a9c2acfff93e90410d848,416,416,1
train,paper1365_jpg.rf.32c7f8de016444a7ff5f515413031cda.jpg,train,paper1365,0173724818fb324c5e017bd20362099f7973a2e96c9114a4cdd15ed22ce09708,416,416,1
train,paper1366_jpg.rf.ecd67b9c0a9bcd84bc7f1bb67e7552aa.jpg,train,paper1366,d6c82943e80d0d2b11dd45e89c51debccece6a3ba3047be4c1fe8173346b20d1,416,416,1
val,paper1368_jpg.rf.80f4e5785b633e50139c14198d30892f.jpg,train,paper1368,0f79fa0de9e02baf3e9433a9454cd7c8c05d4dbc0db005e5733b45a8898f2796,416,416,1
train,paper136_jpg.rf.bf515c2a06da26f709fe476b85fad3ea.jpg,train,paper136,3b1848abf402a48dfcd0caeb6b70e70c280b8fbf4fd3aff08a1cbd671971b0e5,416,416,1
train,paper1375_jpg.rf.66f40a0715e8aa619a935c6abcf70c15.jpg,train,paper1375,14093310c0eced3236d8ac3dbe5bbba8245c8bee175d224109b955242aadbee8,416,416,1
train,paper1376_jpg.rf.7b84b9e7a9b3d1865b6ca1af9d5c799e.jpg,train,paper1376,8dcbafa085a53f4489653699708f74934ddfe203f5d29619513395628dda7c9c,416,416,1
train,paper1378_jpg.rf.d6e8e52fe5e25cecbd3b3424ed8f9b66.jpg,train,paper1378,4690d7b4eb71f1999a9969b7f0578e810a7a6e324fa5c9004f05b58ca8f0bbf2,416,416,1
train,paper1379_jpg.rf.712dc3f9764821104cc9acf5fdfdf2fa.jpg,train,paper1379,6e9ecb8394c2ba682d64271752cb804cecfa24e240f40e759497a1d13e34ef81,416,416,1
train,paper1380_jpg.rf.cb1f8fd647d123f86718ef6ffb8cc59c.jpg,train,paper1380,7c08ec86538f1bd03a89292fc073c1a409721792d48e49138623fbb76cc63c4f,416,416,1
val,paper1382_jpg.rf.9affc9c3ea16a20238786feb2b08ef56.jpg,train,paper1382,d80032e8324fd47030364c1af51c50cd9477f247350c924ff6bfb201ca3be5e8,416,416,7
train,paper1383_jpg.rf.1e2ddae6b86c5ab68a9e91c7c23f88f6.jpg,train,paper1383,52d4bea40e2e8b226e844582a75db0e57e07da120d01b072505ab23661b1291f,416,416,1
train,paper1384_jpg.rf.874c7decfee8ed30057a6a8fd57126ab.jpg,train,paper1384,fed7a9405eb3177a3d2578d22b0452062363bcf1f08ea1d1b14451deaf6070f3,416,416,2
train,paper1385_jpg.rf.db3af460c5b6e2082d15befec5479079.jpg,train,paper1385,d8dcccd02d6437683fc02ed1f0a9f5cc01074fc4610bb35f4c79db492998fef0,416,416,1
train,paper1386_jpg.rf.dbd9b7699b2374545feb780221d2f6e9.jpg,train,paper1386,9030a7b2c9c371cacdd40c7424ab86837ddba7d2915f9f7f2e7d21d6d0638fce,416,416,1
train,paper1389_jpg.rf.fc6cad92f4c5f20ee5e5dd6b1151955f.jpg,train,paper1389,86313218ba237f31be271fe2ff251978ee6518a5876749bd5277eacf3c2ac675,416,416,1
test,paper138_jpg.rf.1b32765f16848dc81bc286cf438a21c9.jpg,train,paper138,fb3448b4794091c210336ab55fe1c63a2f38352f4103e4c0656dfb3336e1032e,416,416,1
train,paper1393_jpg.rf.dbd847ab3b530a01b2f470fb62cd9708.jpg,train,paper1393,41cf04ab9b77b4bfbb9fba915c3350e4ea60844c1144003989166283b3cbc2ec,416,416,1
train,paper1394_jpg.rf.673ff74efa2d6b016b54343b155888a5.jpg,train,paper1394,6324dfdbac2f412804149caa413b4286ec8e245a00a8de4f77b8d499e9c6cee8,416,416,1
train,paper1395_jpg.rf.09a90c2b7ebcc355732e13987c1c89f5.jpg,train,paper1395,3bed87d4be1d0ce3361ce0fadb056320bc8fd966451d5a4727ba44ade41ba721,416,416,1
train,paper1396_jpg.rf.9ba77dc14e2c83f6beb94bca074afe71.jpg,train,paper1396,d63f76696b66b5072653252b4509c4385bcb65b35d25daba4f665c8b0fcbca16,416,416,2
test,paper1397_jpg.rf.7bd3716c44559b5ded0939856354d87a.jpg,train,paper1397,d055c82bb7a0dd86a94e4b7187cbae6754490c4a66989fa01bed295137df388e,416,416,1
train,paper1398_jpg.rf.a0eeb495aa86b3023684ea4eb3a908a0.jpg,train,paper1398,0a95cb921b1a89c43500348de65c829234fc483a0bce346f767a5f5d56b891da,416,416,32
train,paper1399_jpg.rf.d23321618b259cffd9527634b5eb39cd.jpg,train,paper1399,0da47ae1bf83df3f360e836780c99da63e23e1a58cd94ee4b5c9009a35c27292,416,416,1
train,paper1401_jpg.rf.3923ec49c022094cf9eadb5116a5a45c.jpg,train,paper1401,42cacbecdab1fc20cd2a64fc849613a19a199f29afd6a0ee87df15e078a3945a,416,416,1
val,paper1403_jpg.rf.545d87b85b90c91c9665bcf4ad76816f.jpg,train,paper1403,8e6a9242c09cfacb0009def40d0cc7ecaa533e22c071266ca04db617c4554798,416,416,1
train,paper1404_jpg.rf.7eb3c07c0d617059c36d11777ab03fb8.jpg,train,paper1404,803e5303ae568f5807ebc83eea69c40af24e08d8f02ef163cb218622602a3181,416,416,1
train,paper1405_jpg.rf.6b9703cd918c1d19bca223205e5c8904.jpg,train,paper1405,2cd3e968c98ac0b370c865e5d631c58e669de0138800b6b8d5cf78227fc738da,416,416,1
val,paper1406_jpg.rf.fe1dd275993783dcaf9cd4441601d2a2.jpg,train,paper1406,3a06c62a5f9e5b67972bd972db6d989795a90814551ba96c6c5096c34a4c089b,416,416,3
val,paper1409_jpg.rf.aa7e47dd3afc774d5d8a1b01949d12b2.jpg,train,paper1409,e0218aab724568fb66d0178ac267baad38ba578a3d6d8893b70ca40e1153772d,416,416,1
train,paper140_jpg.rf.113e87273b65a2dcc6c7a3269e7c14a4.jpg,train,paper140,cfcc9a61c38e94a7f09863e1a55013b002a4467d9352a7e75d8221afb1975914,416,416,1
train,paper1410_jpg.rf.2fbac14c993c98a757f9ae73f720d8c5.jpg,train,paper1410,707ae531331d7eaeaa3f9544e88d70c9a17b3a6276c6885cc48effa4268514d5,416,416,1
train,paper1413_jpg.rf.f8123fc73e6b56706361f3d42b616a46.jpg,train,paper1413,371eed73d2e1fb490ad0373b006d0f2b686625df6a9fb037f86e51a6a3b83a68,416,416,1
train,paper1414_jpg.rf.6c5679d0ef74229379a162d9c484ba97.jpg,train,paper1414,6b2620cafe610848d8bc94237aa673f2adeac0b97ceeb114b69b9457c4e9dba8,416,416,1
val,paper1415_jpg.rf.bf6b4eb7303feffb6bb3ee5dfad531a7.jpg,train,paper1415,28efec26e87c89468b355e181a1b8f0aa12aec3a3f4015699ee4e75819b8aa33,416,416,1
train,paper1416_jpg.rf.fefd07434ae66fab07523e092cf3b8a6.jpg,train,paper1416,2d3e6c6994ee8fba32a210ee5a7de7c75f0efee40f0a75d00a62d21a36640e0b,416,416,1
train,paper1417_jpg.rf.cba1796fec48fcd7b2c3e42138a4210b.jpg,train,paper1417,938fd317d2a371373ada089d1455e159721f26501102ca1a10761f8d26899138,416,416,12
train,paper1418_jpg.rf.75a5f0332542bf7da296efc275a47e48.jpg,train,paper1418,de3ed958a1423b84b33ef08f9e3ddf0b8a227df512967f191dedcc07ba3ca500,416,416,1
train,paper141_jpg.rf.085b59722a7a57fbc8f7ec0325d3b6e8.jpg,train,paper141,423348ed5d107cd10c9b21d629b1f100ae5d514d0eca612665b83028a02b696c,416,416,1
train,paper1420_jpeg.rf.88eb48d4f0288b87bd05672ca96aa5f6.jpg,train,paper1420,f2b2a5e68ea090f8ec70f97de0d5602b7786e79f3a021d5a96c6de73c4dbbd75,416,416,1
test,paper1422_jpg.rf.ede2e69d223e180854a3ff4e9eb7e4f1.jpg,train,paper1422,4429be1ae5fd0166fa478c1c7ad088416d980e2cdc6cf636cb6924ceccd07e5b,416,416,3
train,paper1423_jpg.rf.e2ef0e9cdde4f3fde2b187feda281248.jpg,train,paper1423,125701b66a3cd11af480f9dea4f061f67ca08f690921a5396dc5d89ba60b6586,416,416,1
train,paper1425_jpg.rf.cbf0c93c09e6aefe456c284d0220d92b.jpg,train,paper1425,96a2ecd8a92cc6527a02904ddd7560a200924e11ee93153eb0e69e0f6c23b3e3,416,416,1
val,paper1428_jpg.rf.5a207c0f4859545b68e416f8a9a7cb08.jpg,train,paper1428,ab7755e24fffc4ce8c45a785661be17d9902ffa1a326dba23ee09734942907f7,416,416,1
train,paper1429_jpg.rf.71e952b2e7eaff989fe82d54a783882e.jpg,train,paper1429,b69e8f53d854191837ab44aa722b8a496a15f3fe295705d1be135f3b53dcd959,416,416,4
train,paper142_jpg.rf.46c3bfa1e0fb7f7afbacf68ca471dea1.jpg,train,paper142,04b0046b1cfa6a144a104aac666b374fecc1d466dfb7ed17a3a9f2c9b805adbb,416,416,1
train,paper1431_jpg.rf.99de2ccaff3a374e83025964bb2b25a9.jpg,train,paper1431,76aba2a1f598e26bcbe96cad172408386d9a2ec458bc91fc859d1bc4012a4add,416,416,1
train,paper1432_jpg.rf.5ef5d227606e82c94b12358dc9f34bc6.jpg,train,paper1432,76c37e92dc99b303f0e96421d34272794da72e225af783a7f314ea7191423a28,416,416,1
train,paper1433_jpg.rf.50bf96acdd39116447b13788121e1b75.jpg,train,paper1433,e8fb42ca7fc8d0e154b774a0bb7ef2c8f7519727732e24541fbd766160b9404f,416,416,1
train,paper1434_jpg.rf.026e64c97629dfdb6076fcfaa7984b10.jpg,train,paper1434,92af4ee9b58d5a2df909c8271008b29885d0aa934b77c467e93c20a0d010a067,416,416,1
train,paper1435_jpg.rf.0358f100afb0e2d76502767eaadf8a35.jpg,train,paper1435,5b41f57df249af423c34101406b31cc82581cf4562863f3e5661596f37ea266d,416,416,1
train,paper1436_jpg.rf.564bc2c7d2a558ca8f4015622f1e42f2.jpg,train,paper1436,7834581d587549e95738b8476da670f90a391bc45343c17065f3025608c94974,416,416,1
train,paper1438_jpg.rf.fe631c52f99d7f28940d24e67ddbb80b.jpg,train,paper1438,5558123aff7b5bcfe4df461c8343e4496d0aef9ed926ab1e77d038c592dcce90,416,416,1
train,paper1440_jpg.rf.2bc4b9c0a09348d3623e99d273387507.jpg,train,paper1440,600185eb2bccf3ef430490658ecf98c235db5c9e48198f06e7a922701083a9f1,416,416,1
train,paper1442_jpg.rf.41f7376084587aec75ea8b7d9312e77f.jpg,train,paper1442,adfb679b607b11d25940c7577b2331629691f298c03daaca330527182b472593,416,416,1
train,paper1443_jpg.rf.93885baf67fdb70490a9b63898258ac8.jpg,train,paper1443,47e1ce2d42686044f23daa315dd8cbe09355f5979ad3e01e341200f1a6b73598,416,416,1
train,paper1444_jpg.rf.8def73c02bc9fa819a8eb9cce545e3b0.jpg,train,paper1444,30fd155f3db55ac903fe99d76dd1b19794c0ed3a32c796b4c72931722c444d3d,416,416,1
train,paper1445_jpg.rf.d84e3ca6595861638a27fd790dc8c057.jpg,train,paper1445,796d5543db5e42896c345b8c9c58efb38dacaa8b2cc8c674e66122be9ee7aa75,416,416,1
train,paper1446_jpeg.rf.e99297f36ba7b8cf58eaad13911a049a.jpg,train,paper1446,8980b29cfa3b42700cf8745a20f25d5dd9f548a2d8e36f763f402b744416c3d3,416,416,1
train,paper1448_jpeg.rf.1510b75e3356a3284fda135ca2cd264b.jpg,train,paper1448,0d9aded0fcb27efb4c5f6645e399c1e0de3790dc8dc01f57d9e6c82ba017b8c9,416,416,1
train,paper1449_jpg.rf.0d06eee073348fc6fcb273fbdbdc10fb.jpg,train,paper1449,aaa8154f9575aab921b7aaaead5a19dea0c98e7891a7a88045a2fb41b9791e7e,416,416,1
train,paper144_jpg.rf.40e6ac2ced0d64f8e6a3117b85d86549.jpg,train,paper144,8eec4a361156c168b00f8733397c42e2c8fe31e92dd0df15e26d69e459343e4b,416,416,1
train,paper1451_jpeg.rf.b5150574e9404b771bda8cd01ceae186.jpg,train,paper1451,7ad12d0d8b65ba5c3794fb227c5ce9cf6e86c7f276b1879d54a9e01535931585,416,416,1
test,paper1452_jpeg.rf.eeaa5079d52b95c692871e19ec2ccd5e.jpg,train,paper1452,c4bf41f09c7b6802c6ad312b3b945fb1f87dbdc3e8c3bfc363d5d571f13f2031,416,416,1
val,paper1453_jpeg.rf.c8035a8508884ef3ea320e27c3f54be2.jpg,train,paper1453,8d3d5764c6a67f10fe3e1ddbe885fca9c5d78869327086380c8dbe6d88be2a2e,416,416,1
test,paper1456_jpeg.rf.a3c361b2da52b4425843b9ba5e0d0f79.jpg,train,paper1456,47acbb4b52f9423b814cbff2134b3fb6be30627e1ea762b5863b84ab5c921315,416,416,1
train,paper1459_jpeg.rf.42259a7d9769179e490e01b59bdaae79.jpg,train,paper1459,f82274a78224df76eaf3457276681bf8cab3eae7ae16506ae0954d4677b8305e,416,416,1
train,paper145_jpg.rf.4b3e370963930be83dec3793c702e517.jpg,train,paper145,c8b12185047eff12caa12c9b2ed8b136b7139a71fae1b37119708a967da4691c,416,416,1
test,paper1460_jpeg.rf.4eb0735c4cb607566bbd0786f094cc7a.jpg,train,paper1460,fcb93e690273dad89c3fd3ad5e0146618e1af1fb6f053db1aa0b9b8149c14a26,416,416,1
train,paper1464_jpeg.rf.fe644e2058a6d20d4c2364f48fe5e9e6.jpg,train,paper1464,969d1cba38a44bffd4cdf6fb1195086c0a70aa335f596202b3b29b58f2474fb4,416,416,4
train,paper1465_jpeg.rf.382bf718df44d6f67f001aecae0b0485.jpg,train,paper1465,0ad927759e80eca4f6019aeefd18ba7ffbf7894977001f75d045fe805d05e740,416,416,1
test,paper1466_jpeg.rf.681700a5af7d24ce5e3d91d907df953d.jpg,train,paper1466,012fa61448b837c57cf88746038de75f594558adc4d0db702c1917b73687b2a9,416,416,1
train,paper1467_jpeg.rf.b4c9eebd96623d425dc1a409a5591ada.jpg,train,paper1467,1c4dfe74ca99ee25c2d7833908a684ea7a470babfb853fd75bef9dd0fa911c9d,416,416,1
train,paper1468_jpeg.rf.2cdf77cd3067591fce704463c4424bca.jpg,train,paper1468,a77c21ab28cd484da4ecf393598459431c0f2121b0a5543e3b2f5cb025049567,416,416,1
train,paper1473_jpeg.rf.451487c2c56cace677e800ddc3ff6ff6.jpg,train,paper1473,cadf2e1139003e6de33d049370aa9e6b69679f8c3e64f0fa0df69bfcf3192dfe,416,416,1
train,paper1475_jpg.rf.617c3570d04d7635c06a0cc0e5f5dce9.jpg,train,paper1475,db395d9b545b28ae3abda96233eea221822ee9a4ea19453fd524e7b2d0c5c7c8,416,416,1
train,paper1476_jpeg.rf.2dc5639976a77ce3ffac2e3ff94e1a51.jpg,train,paper1476,16caac3ee0bd5400004f27834e853e249710072885a22de6238a6a476edcf298,416,416,1
test,paper1477_jpeg.rf.5da5bb098551455dbde5c5e43218a2a0.jpg,train,paper1477,007e0721ce5db2928e96d1e0e179d4ea5715e5abd4ace6ce579bf9f3fbdff4b8,416,416,1
train,paper1478_jpeg.rf.29e9585c5e0b5ee252fe8ab9da565827.jpg,train,paper1478,405cc22b79f9ce78401d5eb2071ab2de248d01cc6e94f50f09d432b63344318c,416,416,10
train,paper1479_jpeg.rf.276a1f2af22ec79b360b057964aea488.jpg,train,paper1479,201dcf150bcec66630bb97a382b3266502c1da52d573cd19f4f541e6fc9832b4,416,416,1
train,paper147_jpg.rf.afc6e9cb7d59dc845fc196ed48249f4c.jpg,train,paper147,f9e4b74fa5bb6f4111e215dac460c12b281aef3ac859a765cd22c93449de374f,416,416,1
train,paper1481_jpeg.rf.3f864973fb7c99b0e36f7fc51dce3b96.jpg,train,paper1481,51df98874f2e9010b3149c7d7904bc14af061a0a2baf5e841bc3867cce7d9c7f,416,416,1
test,paper1482_jpeg.rf.54b9eeaed89305a116d6809148e5c179.jpg,train,paper1482,93d1f613c923a86f750b49fcbff46f6d28137c0a72198a14532b8f334da541e7,416,416,1
train,paper1485_jpg.rf.8a9af5879ba7238776ec7545aa739898.jpg,train,paper1485,fe721eee582406fe63c5e5c13f17065e5f984264fb1706ab496473d8d844480a,416,416,5
train,paper1488_jpeg.rf.9345923feb0108640127fb9f5e105bb7.jpg,train,paper1488,79c0d9b51b8e0366bc41df22fceeb5b28c9fe81ab12cdf63ccc9ec8c7617ed07,416,416,1
train,paper1489_jpeg.rf.4a811849f2ba2b6bdb66f9914cd7b24d.jpg,train,paper1489,5e6b76e245b7cf482f60a21abc6a637c35b9a7cb04830baed3d494d7ca0b0ea3,416,416,1
train,paper148_jpg.rf.a977b474d9bead1e38e3c11e101db745.jpg,train,paper148,df60e5d9bd521c9443dc57b0091221740ae705eb830c5e5f8b300dffd50b78d8,416,416,1
train,paper1490_jpeg.rf.118c2663db655d9854f7b2c02cb4cb38.jpg,train,paper1490,26c16d7aaf57a53d7dfdaf638ef96462d3ab936a1ed4c91b1200afcdfb06e1fb,416,416,1
train,paper1493_jpeg.rf.b27123e172eff742c16630c6d155a642.jpg,train,paper1493,0f35e0f6812d7fb54b250552dc87748b676a1eb84e325b27a67eec8051b9120f,416,416,1
train,paper1495_jpeg.rf.6c79fef08f2826c3b86017968edb257c.jpg,train,paper1495,e2472432511ca1d7d04fcf08bc84655e10cb7c4e2496353d8af029346a554a87,416,416,1
val,paper1496_jpeg.rf.59ebb8f6d07efe590b97c2a1184c2c3f.jpg,train,paper1496,e0e6fd4c350df7a51da1dda6639e93ce0263dc9ebb29d01591df67d44b81b3de,416,416,1
train,paper1497_jpeg.rf.b2b4151ff459dc18c23dd7a32bd0ac5c.jpg,train,paper1497,1f069731a45aabd6b0ee74832e8e99ba7d39cac53a472135539a70d65d34283f,416,416,1
train,paper1498_jpeg.rf.9f4a8d84018ddbb9789a2025deb7eb04.jpg,train,paper1498,dc41d273bcd12a7e6b28fcbab4f6636fe4e815976d81a48070027035ce0477da,416,416,1
train,paper14_jpg.rf.9d80e5bc8bba520771aa0a33206e47c6.jpg,train,paper14,942b56100ee3bf441bf0b154c3acdbe25a84bbf7d34b24a431932b627783054f,416,416,1
train,paper1502_jpeg.rf.2a0fcfdd4961f5a91e8d9dddfe22790e.jpg,train,paper1502,9c5fa2449bfbf4fc2f213fc481acb649ea6d38186370c7c1895c5e5f9c3fa688,416,416,1
train,paper1504_jpeg.rf.b7f1a1de67f9795d5abb994c17f903f3.jpg,train,paper1504,750a00a021895789e3d095f197b52ad117f2361cf87c2167908f9dbb90a54bde,416,416,1
train,paper1505_jpeg.rf.b4a5e4c43bf8d455ae859f9b0e480bc4.jpg,train,paper1505,99357553471523de03f19867f8eff4f3c496fb005669830c8770b6fc2920f0d7,416,416,3
train,paper1506_jpeg.rf.da67f313b4fe9cb831223ce3c5ee4ddf.jpg,train,paper1506,30b00aac5a7a3ab2971b9d9085ef39d85fa6059f4670d5808d5fed76563d591f,416,416,1
train,paper1508_jpeg.rf.44edd22a38f4dce90244c711a4e4ebf3.jpg,train,paper1508,728e27968c0b303ceab05318485ab79cb9e4de125656b6c9176f5078835e1e55,416,416,2
train,paper150_jpg.rf.a1ac1953a5eb0b880cfa518d904a258b.jpg,train,paper150,1b726960e5ca319d2e04fe68c0968d034d14f65dfb6e9c8d87b8922fb5bd2a3d,416,416,1
train,paper1510_jpeg.rf.131aab3de82dad34faadffb0b5b17496.jpg,train,paper1510,882e230cfa7d402243b9bb8297154cfa7f736ee44498b147e4b3ae4bfcff94ab,416,416,1
test,paper1511_jpeg.rf.b20ef9aaf99c625128d544383a41c55d.jpg,train,paper1511,4fd4a80e7af2235c1603342e4712e3c6d8b105364a8d8ff2e85b735b8ed2e72d,416,416,1
val,paper1512_jpeg.rf.670162286931c64b351cb3e3ce25eddd.jpg,train,paper1512,7f90af8c496910638f3c54ac62cb54840a4b7e4501992387a64add9870e107b7,416,416,1
train,paper1513_jpeg.rf.cd89b03141c31d9db6ca245d92589836.jpg,train,paper1513,2b057e30682cf150974e930252180d58a2b6aef51f6bf428549aa1b5fe1c406b,416,416,13
train,paper1514_jpeg.rf.3a68ff0ce74d85a301f1ee39d661ee10.jpg,train,paper1514,9427da0e08cad115f1b7cf142a7c1c28ae775ab685fc14c2d23bc81a2ddbd0ce,416,416,1
train,paper1515_jpeg.rf.302c8556d556efcd82b6ee1a0f516a06.jpg,train,paper1515,611487b7f734e3693257a0776c7aaf0748e564a1f894c85cd890a9ad2c9273b5,416,416,1
train,paper1516_jpeg.rf.ab267fbc78b31aa378faf5acb21e25b4.jpg,train,paper1516,8415dbe71a2ea7acf93ccd774c254392fa1da859d8949c23bd084c7d264ad25a,416,416,1
val,paper1518_jpeg.rf.d5062ddd2a88ac2c14a3fd8354057a94.jpg,train,paper1518,fea233d18390594c3c25c0f49591a7ba55ceda218b4d169542bb86ff2c0efeaf,416,416,1
train,paper1519_jpeg.rf.77d138485cb629c64ffc18c221793c68.jpg,train,paper1519,92c1d091b1d2ffeceb80922ec907bbf1fb970adb1ef159923dc0b98075741fa5,416,416,1
train,paper151_jpg.rf.b2d5eb02481972534fd27af8dcd5f790.jpg,train,paper151,1afa4797f61e95c05f028a9baded2a7cd43d725ebaea9c15f14309b0a7ebbbcc,416,416,1
train,paper1520_jpeg.rf.b9b2903f3fb23e07df11fb247f292388.jpg,train,paper1520,92d6a8f456bb9a3cfc6d71eed13f29a505c3214009b700a8140277dc71e31f0e,416,416,1
train,paper1522_jpeg.rf.1a2310fbc36bdf386f67b7c14da9af74.jpg,train,paper1522,7f8bc0aa6113409fd61d56549ed69661d117c28711c7ac40a26840d6b1e41ec0,416,416,1
train,paper1523_jpeg.rf.db592af040b453978dc47473c6da178f.jpg,train,paper1523,2cd298feba651110029bfc8325bc8caef7ff81605c3aa1e6108df0cb29cc28d2,416,416,1
train,paper1525_jpeg.rf.f4c27eb8419f72933c53471dacb832ac.jpg,train,paper1525,d50db19410306676a81912a5a0c18f96495adea910198d13cfcf33feca463a82,416,416,1
train,paper1526_jpeg.rf.584e85d31fbf923fbd7585d650460f38.jpg,train,paper1526,22288786a7c2b82c4eb1982cf70c2aa47dc76d91227432926f92c4457efc9b7f,416,416,1
train,paper1527_jpeg.rf.8c6408bc5b6a445d54d8586250316f0e.jpg,train,paper1527,74e78508581f5f3d73a695995bf02cf8e4f9953fe85e7a9f191fd5a41cede234,416,416,27
train,paper152_jpg.rf.a487c0a27653cc7ea8272938a0c9a815.jpg,train,paper152,b4552bcb71ae59517592c9dc262ab4df9dade9d58216800652bc7f24a61dca17,416,416,1
train,paper1530_jpeg.rf.314a20dacd5eee315105bcced7e0fee4.jpg,train,paper1530,41c637239c07ea6f6949f7d98cb088a907f044e031538d5e22a4853250565e3b,416,416,1
train,paper1531_jpeg.rf.69e9c1ee60673d6c9cf92d6447d00017.jpg,train,paper1531,54574ad4189e401c29b02f00e3f3b8767ce7016153e51ad508176c19767fa79f,416,416,1
train,paper1533_jpeg.rf.532b039b58a06bdb44c04d08e5bf0d1c.jpg,train,paper1533,cd1fdded615e650879461d5cab827f07eeaa37399154524fd9fd3f257c3c6d27,416,416,1
train,paper1534_jpeg.rf.353af6c98ebfcd3986c08530e0113540.jpg,train,paper1534,b35584e86249fbc9f42d0710e863749374bf2ae80bbe01f4018214abadbe454e,416,416,26
train,paper1537_jpeg.rf.1f4db5f06bb9d7192fb96c776afd4599.jpg,train,paper1537,cae95005cff3200ff430bc064b8f86b4bd4f79e188a97028b63946e32f08a8db,416,416,1
val,paper1539_jpeg.rf.57270e339bbd32782a19bc76ce4f2ce7.jpg,train,paper1539,002ec7034f37f847b402924f526fdb7b72dd018a5381a6bed21f4ec7fea93cc7,416,416,1
train,paper153_jpg.rf.d753b9268350445d8190942f60611306.jpg,train,paper153,5964a9d96b402bed1e9b032b218a0c49936c539a26f9e7b58027306dca1cd3c8,416,416,1
train,paper1540_jpeg.rf.788abdbcc6142b3ea7e4e8c7cae0f993.jpg,train,paper1540,cc141f2fa465bac42719ba23b5efa9419ff06c0183c8e2a8e96ec4d6f863ec1e,416,416,1
train,paper1543_jpeg.rf.ebade2a01f91a1c0012d857de1ad241b.jpg,train,paper1543,47e89228ec2d256647c8a491241eca28717b57d573a438b83c8ea6011408c75c,416,416,1
train,paper1544_jpeg.rf.7b0abbbe27d3f5c510e5325b40108313.jpg,train,paper1544,2153651b7abf5c3ab6bd2fe6fe2ffb8ac0f510cb600157056b3e563e7a1c7cf1,416,416,1
train,paper1545_jpeg.rf.22d52fe9f84b7ec7be4a684cac9515cd.jpg,train,paper1545,0017b37c747197fc4c2213c2c57b6026ac67be54765b8f1d61d3e94a0a4bf833,416,416,1
val,paper1547_jpeg.rf.ab5938288e38bf64278893c4509f3631.jpg,train,paper1547,446bf4029065778146bb15eec84c60595d5926e37dc1479acb2843b1d536eb68,416,416,1
train,paper1548_jpeg.rf.a90d78c4a8048ce4cf150e61dbe9cf85.jpg,train,paper1548,1178b75c3b49d32ef2b4be7a3c4dc5713d2599b92756a93499d858501080a411,416,416,1
train,paper1550_jpeg.rf.ad38b5b8e65820f71854b9c2fec448ac.jpg,train,paper1550,1d2ea7dc94576626f8c96169f04775c21e34a1455a0a9357742da53dade4bea4,416,416,17
val,paper1551_jpeg.rf.b437f10bdf97950ee51b888341a173f1.jpg,train,paper1551,36df813d3d57fb5dcb574f26ce072c13eb28ab952b5ba13c266b1e22b378c8fd,416,416,1
train,paper1554_jpg.rf.4cd72f5ac0e5c9c152aead758b976cb4.jpg,train,paper1554,b45c15fc7c06a188b527e5376b78408909ce379a885fa82abc6abe499d7c6f94,416,416,1
test,paper1555_jpeg.rf.6c96bcf2b79010415a278391375a5dec.jpg,train,paper1555,8ede971c1e2ad0906bf2df88eabf1de851feca84d17bbe41206cace02547c16e,416,416,1
train,paper1556_jpeg.rf.30eb207695fb619d6503a58d55765fac.jpg,train,paper1556,ce305580687bea398d1185cb159536a32055cf4b4d2b4d9c01118c5e0c5400de,416,416,1
train,paper1557_jpeg.rf.928aca22684b12e9adc9120ee513d319.jpg,train,paper1557,dbbbc6265e2d90344fc61026c3837cfcf1721aa70d50ecae23a6ac97edc3e927,416,416,1
train,paper1558_jpeg.rf.e1af25f4b328248a0302f42a13684d8f.jpg,train,paper1558,037a0da0731a5dbf8b2c5d4a4418f6223b68fbe763b3b7cde1cbf7f9cce6ace1,416,416,1
train,paper1559_jpeg.rf.b5b151f99ad9d1fd77e4931a49654ccc.jpg,train,paper1559,fab7ebaaf84a1656b1a78822c0cf1a99ba5034af0860cfb7319304cfab4dcc3a,416,416,1
train,paper1560_jpeg.rf.7f09157fcfa72a9ac794dcb61a496880.jpg,train,paper1560,e8f2bfdfc89a49b00af6c64858d0d4136e56ced311824dddb3d0acfbd5e50432,416,416,11
train,paper1563_jpeg.rf.441b5623207baed63d7f44ca174d2900.jpg,train,paper1563,58f58b4fb9b3d510b2c5a2d4a9b18d68691708b52d69e428a4e90332a930a78c,416,416,1
train,paper1564_jpeg.rf.0a73c22808eb7acb9f447d8866a22c5d.jpg,train,paper1564,d936ac8d14a3d113d08a4621cfe96833c9d9ced410f7f257646b9a6d15aecc5a,416,416,1
train,paper1565_jpeg.rf.c01a02bf3a965fa0fb310eec464a21e1.jpg,train,paper1565,eb106d3a94c402de00fa0dd77d3beaafb83aa72e4fe8cfa6a1e2221f66f3b406,416,416,1
train,paper1566_jpeg.rf.2e0c28e1c185a7234cb03120bc10cf08.jpg,train,paper1566,5c0763acb9d94a1a86cd8ba48fe882b417a5a452791517713d5664940782f430,416,416,1
train,paper1568_jpeg.rf.337b0baa96e824393f74f54cfc96d56c.jpg,train,paper1568,6e47719d6d3c778e643a01e65dd31182e8d8eeb3295d8e85efdd1f5401dfdc23,416,416,1
train,paper1569_jpeg.rf.09320ab28d28db478fd5501335137129.jpg,train,paper1569,4028aeb789c64981d48fef71d10ccad232808fc720bf8789c7dde08d59fa41d3,416,416,1
train,paper156_jpg.rf.7d2af62b2934e1ee4bef51dfa4baa662.jpg,train,paper156,2523e591a700ef23067cc11991e4dc489ad0cd4060e30c77fd0338b7a6bf4eef,416,416,1
val,paper1570_jpeg.rf.6e458d65b23bfb6dbaa8dc1ce96a0fe6.jpg,train,paper1570,d9b034d240fc81a84613009c18b2b52f006a607419bb15247ce3167e9bf5e330,416,416,1
test,paper1571_jpg.rf.8548301ee9e95b5e4da862d79b5bdc82.jpg,train,paper1571,9304def1803da94e0f149dd1bfca47aec24dedcb14d3ac2fdf4ce1a072d86132,416,416,8
train,paper1573_jpeg.rf.586c26761023481d0ebf64f3bf9a2887.jpg,train,paper1573,74423972e6c305a46e5f99dd238bb9c04798c1df6805c7b19624c36090f43da6,416,416,1
train,paper1576_jpeg.rf.24b9281dd095330002f2a97d286b6700.jpg,train,paper1576,62d21ec7efb3455176f39af684905cee1d70d9d76b76871f6ed2c03f9e9f22ba,416,416,1
train,paper1577_jpeg.rf.231dbd2e171fa2cc700d9c53334aca61.jpg,train,paper1577,4db3398718d23c6e92ed43e10f13cd3012aa6a71f1d12220fc9ab6a7bb9366d6,416,416,1
train,paper1578_jpeg.rf.1e1e0c8fed59d2e2609b572b9d0c4d41.jpg,train,paper1578,f453afbd8c7caf9a82182c049c550542a7d8e206e386d4d16ef8e8148ab92934,416,416,1
train,paper1579_jpeg.rf.6f8a819e8cdf7b6bff9363dd7ce6ab02.jpg,train,paper1579,eace59a428f493b2cba12ac9a384f3bfea7a2f47cacff81a1e9ffda1a6ad230b,416,416,1
train,paper1580_jpeg.rf.50aec5c17c4d8986a2eef0786cc6e96c.jpg,train,paper1580,b663ca52d1e45ef74306fc5e65088ad2493b044e26eef37172884ec8019a071f,416,416,1
val,paper1582_jpeg.rf.5cc4d3826135a641d7fd92c65b6f1b5f.jpg,train,paper1582,66596475df0513ffcedac8907072d9199124021f43ef2b72f8ee2c9cd162223f,416,416,1
train,paper1583_jpeg.rf.708d1537d7fc3e2da5825c2851bccd6b.jpg,train,paper1583,c2baf0ae86dfd03606880583241bf61f792cc04ce53b53b5e44398f6028fbbaa,416,416,1
train,paper1585_jpeg.rf.f82f92c632ba7311674718836593970e.jpg,train,paper1585,a5f43c8159f3cc4ee553542f4eb4749b72d5e469b8485aedcd517d32ebba79e7,416,416,1
train,paper1587_jpeg.rf.56838b867a2b2183c35aeda627bc5e56.jpg,train,paper1587,01d5e929f78a4c4977f020d4a2c09caed689ef00eca21ad545b5c288ac4b44cf,416,416,1
train,paper1588_jpeg.rf.f1ffad0ffd378c79ebd7d680858af673.jpg,train,paper1588,75b7a804cd391cd0e115634a3ee2e55fb958d36d45b1ee0f922b8773f04a9898,416,416,1
train,paper1589_jpeg.rf.ae3d5de11a89a5d112c1b9c830853669.jpg,train,paper1589,f91e2063dd50178bb35f92bfe28177282fec0fe0f187c07fee3aa87bc80a8e92,416,416,7
train,paper158_jpg.rf.49437e30d1e0c2c0ba42ab3a37e73eee.jpg,train,paper158,c43d5be4e6086fa5f191c8bdfe1abdd404731ff743938efac46bf19740f63ca1,416,416,1
train,paper1590_jpg.rf.896531faff916bc90149e4cb24dca09d.jpg,train,paper1590,2f867a2b86dd16fadc39549caaa2a78598dd1a75f5ea95a2cc7e3dcfdfb0357f,416,416,4
train,paper1595_jpeg.rf.98afae6b4ae6899e7d29510baa29781a.jpg,train,paper1595,267a670423ff106e14cf060e7aacd3c2d6a5af9ea2b4ce593d117e6ae27cdb78,416,416,1
train,paper1596_jpeg.rf.4cba690f4186218211811a4aa2dc828d.jpg,train,paper1596,ab586a76ca3b7b3f23e5411df7bc2998e6a0c5be55fc534211e7a5a6a9956253,416,416,1
train,paper1598_jpeg.rf.0eee70ad37c02eaf4ff9d0c1c48f2d5d.jpg,train,paper1598,2ad400179d8e031c0372128cac166af8b4cdb30353aa59ef231c85023b479ecd,416,416,1
val,paper1599_jpg.rf.66e8929497a63260b359ba154b5a8e3f.jpg,train,paper1599,51e74a036f62102add6c41ebb190b709a0bfdb4fc0e494e9f16b4427870b215d,416,416,1
train,paper159_jpg.rf.3157d994c825d5f763f4f2b916e0d5bf.jpg,train,paper159,3e4b5a537120aad9451adf69edf6ffce171789f53eef243fb1ce84a91baa56fa,416,416,1
train,paper1601_jpeg.rf.2f69160d2524e76f6e96e744a2eb8c77.jpg,train,paper1601,4882081f146841a0249c11ff75b79ba108e12405dee2eeefcc7c8d946862a1d9,416,416,1
train,paper1602_jpeg.rf.03ba22b472a7b3e548132e1469834c8b.jpg,train,paper1602,bbb766a3ffd4b6e61eecb596c16c2267bbdf7aa3e9366f8abdf59d4a94ff0255,416,416,2
train,paper1603_jpeg.rf.b8b911f8b2984dcba063e55bb5551186.jpg,train,paper1603,1bc44e91c8430099b4bb36f0d5edd37b9a9347f9bebf683f7ebc5fa4dc7a5ab6,416,416,2
train,paper1604_jpeg.rf.682794cf89a824259647e69c0626d38c.jpg,train,paper1604,f3aa6142b716926ed56a0d64f60b93dfcaf3d43d5cea8378bab37ea89bcfb0ae,416,416,1
train,paper1605_jpeg.rf.3c56253b7c3b02bd7261e791b1392274.jpg,train,paper1605,62bfca745318b25539dded71dd3a9dd994a2bfb534279e431e6c2aa25b94ec9e,416,416,1
train,paper1606_jpeg.rf.26ea9031a502d7759750f7556c0c66f3.jpg,train,paper1606,0af03652eb5ff9b05dd2ec1922c01fdbfd22fe2da9391510e75d212cfe85a3a9,416,416,1
test,paper1607_jpeg.rf.b6c564eca09279aca1e71fcd49caf9d1.jpg,train,paper1607,efa0fc95d0b340f2a4756191f31808d830e30000a0ca3e569c5782b061ad4dc5,416,416,1
train,paper1611_jpeg.rf.6889cf81a19702cdc604cf8fe21019b0.jpg,train,paper1611,383e2d98397219dc610cf46bb1d39ed114c19ad23bd9ac6ad0325195413464e2,416,416,1
train,paper1613_jpeg.rf.e7fb75e791c7a9b738056f9dd2673c73.jpg,train,paper1613,3b7779f483e48d8b330fd7ae3c6963441f100211b21a774e7dc1e7cf9a358d7c,416,416,1
train,paper1614_jpeg.rf.53a6652090d50f18124d42c19f2b30b8.jpg,train,paper1614,4c4052cd24bcbb5e9e10ed3076b7d20e9a3cdbea7808f7eac4f98e55038d1b66,416,416,1
train,paper1616_jpeg.rf.b80548a600a1d39ccca5f212d366d060.jpg,train,paper1616,2512ed198e640c265071a28cd7bca27df0934812a4907ee428fa4cc0e3bb8fde,416,416,1
train,paper1617_jpeg.rf.6525e1749ad57b6744f23512cfccf808.jpg,train,paper1617,2422de888c1cdefc6d446ab023c0c2fe288873c97761db68dc57a33b092da352,416,416,1
train,paper1618_jpg.rf.6f3ebc40297ba62161955c590e1b1ae0.jpg,train,paper1618,8cae2adafab60d4ebfa8fd0dee7c818a323a664053cfc6c86a1bb061dc65ba67,416,416,1
train,paper1619_jpeg.rf.16292003de5428a6cab590892995123d.jpg,train,paper1619,ee1cb5a71dfcfae6649c4859032a750ebb4f926334e9c1e1d4d4c88317cb9804,416,416,1
train,paper161_jpg.rf.ae18bd8aa26edbe711ef16eebcfa31c4.jpg,train,paper161,15050d815c3f7f9f411932891c398c98ca5d06864a0786cffd1c5425161c1670,416,416,1
train,paper1620_jpeg.rf.fe5cdc8d6b8ec0b3dd545350352a3b2a.jpg,train,paper1620,1bb4dffc99639ce86f053236f9a3e46c4357857fbfe45b2c7c6cc7b8033a47b2,416,416,1
train,paper1621_jpeg.rf.ba8f8e01a87a901573a4170bd6d41606.jpg,train,paper1621,b4991e526ceaf1c26146b34dceb618bd17b442df13a8f40d2ed9928a1fbaf8a0,416,416,1
train,paper1622_jpeg.rf.a46f88216d4b38aa9bbca806c0b9f8d6.jpg,train,paper1622,601967128df53204f7cf7e6469314a28702e3e06fb82fb92411e1045c054ee6a,416,416,1
train,paper1623_jpeg.rf.b19aec2ef609d03168e983b20c0a1ae1.jpg,train,paper1623,bd1dafd85fdf6c2289fa9550c6094302b7486c1f88a27254afaab10a3324f499,416,416,1
train,paper1624_jpeg.rf.043063800fe3ebaccb5dcf0314c4da71.jpg,train,paper1624,939f657aafc70e6c939fe59ef02bdb0896636aaba2eb0a04a94ea75f0bb84280,416,416,5
train,paper1625_jpeg.rf.a1bd15bdfee16459835d2cdd6925b8ba.jpg,train,paper1625,21fda435958c8bf8400b2167920783fa6526c3e6a1cfab87a7ae424f2e2bffd4,416,416,1
train,paper1626_jpeg.rf.0934bf829d2e16ae64d1729543a8e483.jpg,train,paper1626,b526e53237e2bedf704cde6794ce1eaef851ede3c34ff39712d140d180ccf930,416,416,1
train,paper1630_jpeg.rf.32fbfca4a5b4f6777b7251b6fe9f2dfc.jpg,train,paper1630,ea0db26e45745806919b609f607f56434c4f297bb43133dce55fb50c54f82dd4,416,416,1
test,paper1631_jpeg.rf.2724ac937526fdf470313ea444d182b6.jpg,train,paper1631,1e21134f8ffeac031c44282815dfddf8f0c9ce20a45f0d5373452523001560bc,416,416,1
train,paper1632_jpeg.rf.81412a5513fc31844fe514f956d1070a.jpg,train,paper1632,128bd39cb627f0d186ae110201c077c0fecc074897489886e497120abd15854a,416,416,1
train,paper1636_jpg.rf.6e7cebea83d0782ff2484bc5160e2aed.jpg,train,paper1636,ce101ad3e46ec62ea0e327af229cb5f70d78074eac3bc9dd5bcf794a55bd6917,416,416,1
val,paper163_jpg.rf.feb607f79fd00c380338cba81c798c2a.jpg,train,paper163,197db4a82b3d24e43f4b0cdfb946e064aea49cce165d21a83a9787f3e5f903ea,416,416,3
train,paper1643_jpeg.rf.8688bf1e76f0530d172248b59c36e1ce.jpg,train,paper1643,bd1b853b9a26b6f1bda8fc3ce87bd4342abdd6109df3e3b67f95b99bab6ee933,416,416,1
train,paper1646_jpeg.rf.7775e5daa560bbb526907d1248c00ea9.jpg,train,paper1646,dd5c6fb59bedb8fe6aae22d10127555e2ed69ae252b5cd947cc6d573918d3a87,416,416,1
train,paper1647_jpeg.rf.d952eed444f3b8ccf1fadee20bacad4b.jpg,train,paper1647,29ec49c579ed57b1bcb8883ea4e0c87cef34ba86cfdc5967767032554d4cb803,416,416,1
train,paper164_jpg.rf.c88f4fb023cecbbdacd7e033aacc1c1a.jpg,train,paper164,13d82a13d6c644d9acabad2b7870f3052e981a736f4f42c638bacece9b7a54c4,416,416,1
train,paper1651_jpeg.rf.5cda20ffc5f44f63f9debc62a2fda727.jpg,train,paper1651,c08a252457cfe65ccd2d40af982da1baf7ca4e3931f48f0a11eca095f8de0a25,416,416,1
val,paper1652_jpeg.rf.aabb07064ca4a992e7148c5be26e22a6.jpg,train,paper1652,0d3bfdf49d7e48293314dd609b08423f3cdc24f89550b22c46d819e6a188501c,416,416,1
train,paper1655_jpeg.rf.fc28871a4da446b0f243a30b616b8bc8.jpg,train,paper1655,0e76298859163a1367cac7a874c51a1c493268fb4620d843a02fb38e4d7fbbe3,416,416,1
train,paper1656_jpeg.rf.27218e92b86b22f65feb9c7a482609dc.jpg,train,paper1656,76e0de65f3b5c2de69341a20314792c60caba763f31abb103f22aa32e00f2296,416,416,1
train,paper1658_jpeg.rf.b0b5dc83471cfef5bbbfc92281ea728d.jpg,train,paper1658,5b232bc9b56a236a387fea6149559cee6d54b376f884fce81558bd463f2e203d,416,416,1
train,paper1659_jpeg.rf.7ec4d3f7517c4a6655b08faa313b690a.jpg,train,paper1659,2a803cc9eec4e9b8fa32a48fdb0d6794a4519e915d2bc8bad9389633520fd21d,416,416,1
test,paper165_jpg.rf.313d38f37a337097a35fad468f70b37b.jpg,train,paper165,74faf2114e078a11693c12a27ca88477c9f064596dd1ea386b2044d757622ea5,416,416,1
train,paper1660_jpeg.rf.ab113a10f3729c384aa7afc6c34f1037.jpg,train,paper1660,50b721ac3c7910dbb5f0e849b3e2b9a55936876ff3edefbe4ebad476ff8114c6,416,416,3
train,paper1661_jpeg.rf.0b1512f4228353998c63e9c22d9707d5.jpg,train,paper1661,72caacb1368f1ef948ae9376b04f81a87cd208a2470cd4a44584c7e01f9dc13d,416,416,3
train,paper1663_jpeg.rf.19b00ea56574005589d9d3ca23cf95ff.jpg,train,paper1663,36df8395af785fb0375fe90b3bd6043d2e352608059cf999b907c0b7bec17209,416,416,1
train,paper1664_jpeg.rf.141adb52a7568177f28de95652a4b5f9.jpg,train,paper1664,5c4e1ac178bac113e0dc5b80f08f5a3c0010ffcd7def34d8a9bafa1c73f02695,416,416,1
train,paper1665_jpeg.rf.ba098436c95311842d561b5cb2ca0cbe.jpg,train,paper1665,9518928c8a4df72c196c709956803237011b88a870c73fdbac707adb6faf6c99,416,416,1
train,paper1666_jpeg.rf.03352df547f049618a4dac1e6d66d2b3.jpg,train,paper1666,26fa51758ca2633552c49e23a58e23890427d7fa94480f07e3b033e50321fbb3,416,416,1
test,paper1668_jpeg.rf.77775e6b4d35c00ed3c8c04984773a9c.jpg,train,paper1668,8924ed484404ab1a9b2b82165d0d78a2e1fa1c123195cc964ed2f9f8687e281c,416,416,1
train,paper1669_jpg.rf.085e4eb05a0e5e25d8d5238027001634.jpg,train,paper1669,b94910aa407f432ddefc71394b96abd8e871e0499591b24f6adef037dfe74e41,416,416,1
train,paper166_jpg.rf.c428ef839bd701753f828dfcaa3e231b.jpg,train,paper166,d30e962ac5b368a7212e96492e5ed1c8957789588974ce0ab0e72f3173401518,416,416,1
train,paper1670_jpeg.rf.367b489ad1992a75e617e2e38d2b8d0a.jpg,train,paper1670,324fe4c140a70dceb115d90ebf8a8d06002e083eed39c5edb50cd3879dc715b4,416,416,1
train,paper1671_jpeg.rf.1a71a83037d40daa15ab8a0909299a5d.jpg,train,paper1671,7a791380037cbb0f8fd347d7ac0e27a97e43d0314533d1c3724c05445a8f5be1,416,416,1
train,paper1673_jpeg.rf.7372be6e01aec253f61a7a668d39fda1.jpg,train,paper1673,beed36fce8789862480e1b8f88bd93910ccceb121a13b8bf6786462cdfe0fdcc,416,416,1
val,paper1675_jpeg.rf.e6f6694a6525d31cd01e255da051fd86.jpg,train,paper1675,f623f2aff71194253ee336fd0d7bb6db3ab7e5e42a8a37f024335e68bcd2efd8,416,416,6
train,paper1676_jpeg.rf.6891347c36fc2fd475f1c1e7c1b66efb.jpg,train,paper1676,336147e67ea9af100634ab690961faf613a7c82526258ce51271955fa3cc7995,416,416,1
train,paper1677_jpeg.rf.5128a500cbb1e230bd7eee688422485c.jpg,train,paper1677,093bcb69da7e01d6e9ab3a4652b4a4e6a3f91f6dd218dd2ffd684a4f3b30c0f5,416,416,1
train,paper1678_jpg.rf.0e84e0c73b2010b4fe32ca3a7c44dff8.jpg,train,paper1678,c96a209eec6789c49e8450f55fdce3b7ac26ba05c9859e43f1168b7a16d5d289,416,416,1
train,paper167_jpg.rf.edfd5bedaa133e81455ec47f3618ede3.jpg,train,paper167,e03362a500e41cf1d1a12c5a6b4fd7e21204215b0977ca2b2f962f47141ff0e5,416,416,1
train,paper1680_jpeg.rf.6fd92df8e489a9857e1cb1df6eb3cda3.jpg,train,paper1680,1aa49acdb130192ef1fa34205ec2f944f11ada94958e6ec4582ff0453438fe64,416,416,1
train,paper1681_jpeg.rf.306984c636bea2c20e4332cfdb168d14.jpg,train,paper1681,7ecc07f0c4835c9f2295e928c1a0fdac8ea7d1e48dad9b2f0dd550c5feac6bf2,416,416,1
train,paper1685_jpeg.rf.5d8acffba022ac7cfcd7ee643b0be2c1.jpg,train,paper1685,f75a4c0b925a673acdf61bf86929ff0b28da6a90a31a078dd3d1260ef82a7709,416,416,1
test,paper1686_jpeg.rf.1b7f9249f265f58412fac7d3f4b9eae8.jpg,train,paper1686,838f5f0aaed669f83dbaa5633b16d7a3589c60f86bb4f2844330e13c5514180a,416,416,1
test,paper1689_jpeg.rf.886cf9c829684abb0966005a02acbe9b.jpg,train,paper1689,5e4a83edb93b5e41839da833dad8f4d428cacf0916ac483f7952e56c89191427,416,416,1
train,paper168_jpg.rf.8f370c204954050023d4a307fbce0f3d.jpg,train,paper168,cea87ab0899166ab46a4913798aef2314fb7d51078fe5d9846d5970c0ee0c5c8,416,416,1
train,paper1693_jpeg.rf.564ec129a24b44bf7a4aecac02e21d12.jpg,train,paper1693,43f384a62a3cbc38a1f9bd828dd6e7f20527148431f1b5ae0392f9298881dff1,416,416,1
train,paper1694_jpeg.rf.e3cc70311f067d9e38cea8a8ad5b83dd.jpg,train,paper1694,c39ba77f08d52bf1355773c62bd1519d1f82d2c48a3a9cc769edbc50ce7a5950,416,416,1
train,paper1696_jpeg.rf.9acc852c51e6d80359ec78b31d56e6ed.jpg,train,paper1696,a1b58cad544ffe58368601cc68fc5d711872b6f9cbd25b36a7687441f1b5dcf0,416,416,1
train,paper1697_jpeg.rf.b199577cbd240b9eb1b04fd29936cb1d.jpg,train,paper1697,b3191a6fada58b806f6b9ae6e5b09676b18dfffd0033b3ffe788a439f69098bf,416,416,1
test,paper1698_jpeg.rf.8f9209f8db6c8217bb3a22c65cf69f9c.jpg,train,paper1698,64a13950d5880a8fe6fd347150e55a9c3a77934b247d0c30eb25f3671d732bf7,416,416,1
train,paper1699_jpeg.rf.78ece75c3fb56a5d3330c16e6b2163b1.jpg,train,paper1699,2f9b9807a23403d69563bf522a5fd6a4e10a08c798e4c2a6c585e3a04732440b,416,416,1
train,paper16_jpg.rf.09433250e92943aea86ca82e3261c857.jpg,train,paper16,eabdb924586d03ebcea478b801c87ee5003163421a74861f22f3f2b4bfcf0d58,416,416,1
train,paper1700_jpeg.rf.dddb9e90457b45e4994c3c989de53090.jpg,train,paper1700,9d32479886fb6821684c8b747992ba1953e4d0a9991542217e5c543dd74438d8,416,416,1
train,paper1701_jpeg.rf.91e0d314160b86e208dd9b7a977148c7.jpg,train,paper1701,61c38172aaa1b2ec85398cb9f3b34b704b1d2240cde45712a1b31721dfbc45b1,416,416,1
train,paper1704_jpeg.rf.e1bb151d538bd88f6d749d163808a32c.jpg,train,paper1704,d93b9556de6a099e386fa570f6514fcef3556e364d7fe4b7f42160edc0cf0cf8,416,416,1
train,paper1705_jpg.rf.30037f3575d97c61386dee42f1e69008.jpg,train,paper1705,b7eb7fecda4f983f97cc046292c02c735082535c8739d781a748654af9b64a2c,416,416,1
train,paper1707_jpeg.rf.8daa67a667dfc3590d808f2fe92180b3.jpg,train,paper1707,4cf38f32ff91a76bbaabb24a5cf2da11b131f383556fdb9cb4bacd759668651a,416,416,1
train,paper1708_jpeg.rf.76fab1628d6f7f37064a657be305b0a0.jpg,train,paper1708,472938d9f19620080f3f55df8e22640e61fb6f33506b8e221679273f5c365203,416,416,1
train,paper170_jpg.rf.ab66b29a7c28f8a7e303e176dbb5fb1f.jpg,train,paper170,b509bf8abec2428a7100138ee388c0e765b7d82902c669bf82ad250cfbd56660,416,416,1
train,paper1710_jpeg.rf.e93627224c26e2b08e33ee321cc44224.jpg,train,paper1710,eca4a7de45a97b37a107a79429a54bcbd9bee0eb3fcfbc7863309f8840b1a8c6,416,416,1
train,paper1711_jpeg.rf.3973ac8b7f848dfb31033088f497ddd3.jpg,train,paper1711,c98456bb2152eab9073c745028b019faf3007328306e6204a81f7736a137b9bb,416,416,1
train,paper1712_jpeg.rf.e194dd788ae79160eba4d31d0068c3ac.jpg,train,paper1712,50b0b35a7ca874e50ec70021f56ce4bd93409c8ef1e80e8a79a6e58985d17faf,416,416,1
train,paper1715_jpeg.rf.0ae7a7725b211ad830d2ff1dbbc22662.jpg,train,paper1715,54f735324aa971372794fa98091280ea38c8e0221aa1f396221837c8d951c000,416,416,1
train,paper1716_jpeg.rf.cf2ee2fc695167744dd7c980283ce8b2.jpg,train,paper1716,51e17b60be772ac8ea69d91246dc919d79e8b9f9bf43aec6a5c67c671047e422,416,416,1
train,paper1718_jpeg.rf.5718d9eaf6f298876fb9a32d74543964.jpg,train,paper1718,05c08b2f5db097f97d6315b93b96c28cb235843975399504909e76d7640e81d3,416,416,1
train,paper1720_jpeg.rf.26deca7ba12b73ee2364586813c40586.jpg,train,paper1720,6e9978743c20df805a8962573f5f094b1825a023df82665df65af4dd2c0b34d7,416,416,14
train,paper1721_jpeg.rf.406d8bd8d02ef91eecfa190f86e71767.jpg,train,paper1721,90a07134048d81f3721b40e4957d7188a702258f6fe0cf1e3129dfb19c5f8ad1,416,416,1
train,paper1722_jpeg.rf.bc17cfd05df755c8362fc390b1a7d14f.jpg,train,paper1722,1eaf046ab8f4630dd49b6c50cd7f8bfcfd2e76953284f652bb1fb59b7937768d,416,416,1
train,paper1725_jpg.rf.2af14c68f883e424b5adf92145291b23.jpg,train,paper1725,6732fddf09cf12b52ebfa4784300a6fdbe304e945e940d33433633541ad89527,416,416,1
test,paper1727_jpeg.rf.087370dad8340d4c731504e7a980a5ef.jpg,train,paper1727,f1977a72aa2cbc07421cfd7a9a20aac09ba4666c345991dc240c4652677b988a,416,416,1
train,paper1728_jpeg.rf.b119256f30bd9da648049de0777eb353.jpg,train,paper1728,0b542b905e51a502698108abc1d716c262068164c05097936111bb92301e285d,416,416,1
train,paper1729_jpeg.rf.579b6e310a034ed2eb15beeba3d6a7bc.jpg,train,paper1729,3f848a1261c54be9c473871b2673fcfc2408fd8c158a6576da28cfefe5f55fca,416,416,1
test,paper172_jpg.rf.05316596a728ae819d5fc294aadfc9f2.jpg,train,paper172,6919f3998aabaf6ee8c98539c8d3e3cc7c89c0a4d3cfdafe6d417d13628f1c9f,416,416,1
test,paper1731_jpeg.rf.c04102b4247337d6fd61d65c86445215.jpg,train,paper1731,627ef17326370abd2970287eaa677fad708868f87ff5c2e5833620309811648f,416,416,1
train,paper1733_jpeg.rf.c609146ee77455ee2de1ebda39e497f4.jpg,train,paper1733,99087ebeb5363b2351c24b0c0bd88b5c5652b1aeed09df16e5786dc44204286e,416,416,1
val,paper1734_jpeg.rf.70021302266c9578be23d9364b497c56.jpg,train,paper1734,ab43b3b51381c8b0872bf1f34b38c9b68e0264d06dd6173b364241a2e48b9e8e,416,416,1
train,paper1738_jpeg.rf.2ec1c881752449e8e92063a947a4556c.jpg,train,paper1738,34130828073be83c54b901d7b403982db06cda8f87974837350bda78588a83ab,416,416,1
train,paper1739_jpeg.rf.a1bf202312d8dfd43ddf062522eb780b.jpg,train,paper1739,82a406442e9e537a5860ca71bdd0ea615f0b451903710bcdb352ce4e7158938f,416,416,1
train,paper1740_jpeg.rf.5ebb3dc5b2d28a0b3c78e5d31392bebb.jpg,train,paper1740,8b6ffcef9eae4d9367eca90c0df427102998179eb8ebc843d4111ffe0b281192,416,416,19
train,paper1742_jpg.rf.e8028cfae3aecacebb3f948a7d038028.jpg,train,paper1742,e55dadad697f3019abe5e24963f068dfeabde6765f8dd5b1387e6e1dabf0cf74,416,416,1
val,paper1744_jpeg.rf.7e87489c1dd544c2656bab4be23c5c7a.jpg,train,paper1744,cb79de9252d691bf60be0e4b43ef0cf807d052fd414b163d9f85c53f1093c38f,416,416,1
train,paper1746_jpeg.rf.9e0ed849299d8c39a8c396e967d1b8fc.jpg,train,paper1746,00851357ef272dfb922597677ba1e7e88564e4a938bbd56d8d3c61f994dfb5e0,416,416,1
train,paper1747_jpeg.rf.35fcac32a37c7c7b674cc42bb3f65e5c.jpg,train,paper1747,1930447419470a49ed7f141644cb1cee8a83ba9429bab5f048e442fc8ec3918a,416,416,1
train,paper1748_jpeg.rf.b420972cc30775254b3736da03e2ab08.jpg,train,paper1748,373936f06201c3b0f2353e92a7bf56ca8bbb839be770db89f0ed94ab9a147645,416,416,4
train,paper1749_jpeg.rf.29d793ecbbffb5e90a49823c4c7a267b.jpg,train,paper1749,f07609808ac8535604672b066dd0f54db6c833e719d26e69cef989004c589a2a,416,416,1
train,paper1750_jpeg.rf.72ac80430fe98ed3d35b4722e40f5d54.jpg,train,paper1750,86595230cf9938de8d1aa0797a4c12bf121076f0fd6a08040508ff0a712e2d4e,416,416,1
train,paper1751_jpeg.rf.a0e0c701f70e8dc732cec9bbd8328d80.jpg,train,paper1751,881c1a17e10acdcc13b28eb7ef628fa040cce0609e6a0829b27f13bb4f79b164,416,416,7
val,paper1752_jpeg.rf.ed7b4682afb5ad95f0a5467fcf701178.jpg,train,paper1752,a61a0770d16414904ba13e06145e046181768dfad3238509483e5da4e0c314ff,416,416,1
train,paper1753_jpeg.rf.4ee5885c249e1c17a685ec311530ce81.jpg,train,paper1753,a1d0138b7a25f1a11b5bb7593764b48799ee20e0a5d29b8f35e23dcd78d3dd03,416,416,3
train,paper1755_jpeg.rf.282472f27455da0b955e30bab615be29.jpg,train,paper1755,d5585e431572d078b539c6b21d4998ba87f2afbe824e986f63759dd76219b149,416,416,1
train,paper1756_jpeg.rf.fcd9a1016c28c98cb55f3430ca6ee514.jpg,train,paper1756,e946513a90e66827cb97405f81419848f65d24a88b5f1c92f96aacb3d581e0fe,416,416,1
train,paper1758_jpeg.rf.cb356e0168df827babe4b37a7258433d.jpg,train,paper1758,97ff4dcca314509ce4a8de4e7a381df33d8d78514db71cad5df6fe26bf2ee68c,416,416,17
train,paper1759_jpeg.rf.d058f79a82f13417421ff8c42b9e288b.jpg,train,paper1759,89817f692392259f8530bb19b22eec0cae5705b28486f23dbceb97b825d49747,416,416,1
train,paper175_jpg.rf.1c04ba04a7f10c405c2984c572e1fbbb.jpg,train,paper175,9caeaae2051208a436d0818def1b5f30836c05aecd59d01015b7684860ca5f69,416,416,1
train,paper1761_jpeg.rf.3d83fcb05d0053d968f4dbf2c3f6d277.jpg,train,paper1761,5d7bc71246e21af962b8f8b462ac081e719aab9d543e76edd99069bc29db8e2e,416,416,1
train,paper1765_jpeg.rf.6b0c99e285e86122c8be71f3fe470532.jpg,train,paper1765,050c47462956a78b57a62c7f1239a50b92d6d24bb5c09c9a1721956589d05ee2,416,416,1
train,paper1766_jpeg.rf.53103a261eaa808091a5fb8f6dc1d8f0.jpg,train,paper1766,c9596b782ba6351ca5914f5211fce4fe19f6d6e242db92b74d3b2f03514434a0,416,416,1
train,paper1767_jpeg.rf.14e6a301b93a41b99a091b372445fccc.jpg,train,paper1767,58f6e72e7c1c2a0ec81316d7eb563374eb2d9cbb9fa5230570390afe27a64cbe,416,416,1
train,paper1768_jpeg.rf.159c6cf4fe1375d8cc96280f042bbf70.jpg,train,paper1768,21f3d8eab9416126aca696af7dd16a68333cbbde204444545d01ca14da60e8fa,416,416,1
train,paper1774_jpeg.rf.6d57851fb4ac021b49396264d125ca77.jpg,train,paper1774,954a52ea2c31012346b6f1f853fe8ac7f0455a68484e79e0840384cb5d58c2a2,416,416,1
train,paper1775_jpg.rf.22a51a01603699ab49d211552cd1d199.jpg,train,paper1775,c8cf59ea2874bec5b1b4bcbeff1a0cfe027985cc339eeb78849db29b64e6e9bb,416,416,3
train,paper1776_jpeg.rf.46aed3d04ddc36deade35473e521e43f.jpg,train,paper1776,868e906e3c3ec5e29a720d043225afbbe6ffd5c208fbdd239002f814637b4c56,416,416,1
train,paper1778_jpeg.rf.9569d71ec344998ccf17e78fb2b23648.jpg,train,paper1778,75cef5fecc6feb008caf33b39b59ae24ded4808a0156e4eec434c8e80f0765bf,416,416,1
val,paper1781_jpeg.rf.93f241c4e54934b646f8a7ebcc356425.jpg,train,paper1781,7b72da76b83791c44a6fc56edb277524e6cfe79c7ccf00d98b24b6d14c02de79,416,416,1
train,paper1783_jpeg.rf.5c3b909748c4a6b7f131249c55af424a.jpg,train,paper1783,9d26fcd06a5e40e8b1248238ee38b51088bf32cc9cc901e7bd4ff0d0f7fe8f89,416,416,26
train,paper1784_jpg.rf.521df2f7067b0d9dd925b93a4b51e379.jpg,train,paper1784,20d42cd3dbde705576bbbc55ac29243c75f00e610e04245201868ffb5a0e017e,416,416,1
train,paper1785_jpeg.rf.20bc154d73729b6bd0875d605b7ccf16.jpg,train,paper1785,750c503fe0a2f89139120ae9cb067558d6ee301042897ac32804245cd02a088c,416,416,1
train,paper1787_jpeg.rf.0484d84697da2275fbb27ca3c1b3d188.jpg,train,paper1787,6a13289a451ed980fb5e4a69d8de719104da3a0934492985566c61da87a5269f,416,416,1
train,paper1788_jpeg.rf.94cea79571e55abbffbd5c202bc57c74.jpg,train,paper1788,9cf099da212c1691066dad44d6d45d748a5c2957f20c1e4e3acd9f5f9e42fdd5,416,416,1
test,paper178_jpg.rf.d44b619dfbd3dba153c32163722783c8.jpg,train,paper178,6561bed81af60a30eb858c656d5c30b8874eebbb236b51b25d2c5067f59d8a23,416,416,1
train,paper1794_jpg.rf.9f9aa5314ebb00f38f7cff9040b5e931.jpg,train,paper1794,f4c2adc859711c25a626d5da694886ceaef161a3ecb346299f958e71e45748fc,416,416,1
train,paper1797_jpeg.rf.b8a8a10e2fa460a23808ea036df8e255.jpg,train,paper1797,cf22e779e70ff2db3395db6c459ab5551028dbb46b2881d572a4909327e0fa35,416,416,37
train,paper1798_jpeg.rf.f17a4b93a5792d802979995c9c5c665e.jpg,train,paper1798,3ab4c2a705276cc7cfbe8e9601628c0f46e50621454a74ed3c1c0fad449f23dd,416,416,1
train,paper1799_jpeg.rf.25000504b9f89eb693ab10d8a1e4c18d.jpg,train,paper1799,9ecf4bac1fb544bb638b3678dfb0d21b1799a238033b95fed0a8f1f079842e25,416,416,1
train,paper1800_jpeg.rf.4dc0cc4cc2e31dee99e2194af0fc0f41.jpg,train,paper1800,28792809b84d24f12127e4dcecbfed74390fdd0fd4de79bf4f40b1f0853b6d5c,416,416,1
train,paper1802_jpeg.rf.345c8c690345fcea07a4738bb4f65d5e.jpg,train,paper1802,d1f0a3444c36837e56d764ca88fab68cf54fcc67e052cc5f7dfd797fca046667,416,416,6
train,paper1803_jpeg.rf.836b53be66bb6e24fccb910b61bc8ca2.jpg,train,paper1803,8e409060c83f56226ba8f516d92159b49660edf14a5e4ad237e1db4e77c1d862,416,416,1
train,paper1805_jpeg.rf.3cbe8e415d51c085ff0165a12cea5880.jpg,train,paper1805,e9c49e60b7956f332bebc5adaecedd8efc5c82a0b58efcf75defeaa7664db29b,416,416,2
val,paper1807_jpeg.rf.e78d60afd10c20ac9d0a0d86092da074.jpg,train,paper1807,83c822c049ca3353e9a84f26e82a3639fee2cfc6129ffc7b9b5e160a65895a2a,416,416,1
train,paper1808_jpeg.rf.c23a8d8ea521fe23e7e0dfa0c044ebc5.jpg,train,paper1808,9777781f72e5cbff896141e5164d829f4f18d9b5a5dfe3f00ae3c0ce4c0940ef,416,416,1
train,paper1809_jpeg.rf.356463336f2ca80b80a6830711fb0798.jpg,train,paper1809,4aaf90cead8d3760fc04b570e1a11cb67b95174f830625bd5243d89376736416,416,416,1
train,paper180_jpg.rf.48d815bc744ff929735c1a4444e5becb.jpg,train,paper180,a6b410fe6f1eaa5c2653df3e315409e61b751b50b5546539d2c6dd1fcdb1d128,416,416,1
train,paper1810_jpg.rf.1023d35e64828126a99f786d7573c42c.jpg,train,paper1810,af78350af4ce3b22bfa79bf2f5721e86a2164354dff58f9e17452c4b3af0f978,416,416,1
train,paper181_jpg.rf.a9ca85214a85d56b7fe7692f215081d0.jpg,train,paper181,e4a46cb3fe6879dd460e86cbc33a1175b9905a35c49c84cc7bd51f1041d677bf,416,416,1
train,paper1822_jpg.rf.4c0206cca898846becf38bac32427544.jpg,train,paper1822,accca1d6329e71440e92f534dbb093c61ad41f9460e952d4842e8e148402c600,416,416,1
train,paper182_jpg.rf.bdd78e7ad3f637af028d3d3a5655ed0e.jpg,train,paper182,ee424d7b16b4d8bd8349087ec6d4e3124babe277bfce79f672946c08fcf516c2,416,416,1
train,paper1833_jpg.rf.1e6cd95f5b40d12ee6bb53cce0b535b1.jpg,train,paper1833,a0ec5533ea007fec02cc30df2f8f2fe4f15d699a95fe707b3945b47265d6cfcc,416,416,8
train,paper1835_jpg.rf.5f52cb3c558abab7c535862ec4ff2d8d.jpg,train,paper1835,fd98a3157587d0acaca52b75b2627abb51c0628707e1983f255bd02f4205a6b3,416,416,3
train,paper1836_jpg.rf.f617533ac1419645b7208a7b36cfac4a.jpg,train,paper1836,129ad6c8bfa2520629ba0b6223653f712997208229cbef99b601d4ffc7c152b7,416,416,10
train,paper1840_jpg.rf.c07a12f5b544ae598a25e50c64d6109e.jpg,train,paper1840,bc949d77e5bc6d37a37681102cf75b747833f759bc4bcc85178fccd643371499,416,416,1
train,paper1848_jpg.rf.56b44c5f4fff710f403c76cee6dd8205.jpg,train,paper1848,c35845da238b0a79cfac3a54e7a7b97389229d8422597b419ad57e34a6be9644,416,416,1
val,paper184_jpg.rf.d16795d53df97aed42deee1b285578f6.jpg,train,paper184,fb6e79c2aa7b1fb6423a9dc8f3f89a5b003127a8228705c5ba6273af0c0b20bf,416,416,1
train,paper1857_jpg.rf.759ac7458e69a475fdcc1f956da45181.jpg,train,paper1857,659b2016fc7dfc2b9b63bc0fcb7a94944425989c889f9060b4bbc0721d15d608,416,416,2
train,paper1858_jpg.rf.72c1c3f0afed9ecb03f66e4cd9180a69.jpg,train,paper1858,ce25ef36d6ca758adf8201b20b876d32a16f5c46296f49252bee0a18e85cfaf3,416,416,1
train,paper1859_jpg.rf.a8f88966c4c23d02b485d99f06287e21.jpg,train,paper1859,bd3c63f819a74e51c9d9e21247ee434d250ebe66ccc5291d00022d0127603bff,416,416,1
train,paper1860_jpg.rf.3377581f6ac2f6e2a2384e71398d4943.jpg,train,paper1860,46cb868b948090aeb98b2546cdc699af692c18bc6457c3738ccdb739148d1900,416,416,12
train,paper1861_jpg.rf.face72fc9339ffd52368c06af76f720a.jpg,train,paper1861,64ecd2a18dd9aa90d4969a68f4e466f97fd751b4cc0dccc3b040207c896c1884,416,416,1
val,paper1862_jpg.rf.971774c856bbe3ff561d22c678dc1bf7.jpg,train,paper1862,e8957738927e3a7a781f383532ace44f62b8f5df55dd2e2edac9cd63c9dba745,416,416,1
test,paper1863_jpg.rf.0bc9690a031856105b552147dedc1ef4.jpg,train,paper1863,463f2537a02fa6ee6e755663b0d85cc539b6823f21fd5cfd00e825941bd4132e,416,416,1
train,paper1864_jpg.rf.f40cecbd7f57a849b6c16f9854075d7e.jpg,train,paper1864,81dbbb817942067923e07b71f1dceb4848958e57e4fcfd5e7564f5c55bdc0b89,416,416,1
train,paper1865_jpg.rf.38298c8ec1ba4f8a9f492b3cb511d59d.jpg,train,paper1865,124b69be8f8cfc542048256f996c3ce87718f6aa952b7e0153e124334997d144,416,416,1
train,paper1866_jpg.rf.1ee8319b268797bd884acf2e1e0e1a63.jpg,train,paper1866,d500cf07cff94a2b00cb38d387e86fe699bcc1449036aa17b33704ee64684294,416,416,1
train,paper1867_jpg.rf.12dde0e7674adab32ca4ed5b21f6a0d4.jpg,train,paper1867,7577b0d5e4d3da4c5c6066f75d5ae4ee39f0556e2b802868e335ca17a8fc3f50,416,416,1
val,paper1868_jpg.rf.dd989747cf25bf7a9a9376612b89cf0c.jpg,train,paper1868,2a4bcd123eadae8f2ba4153500780c7286ce2db0f58c4f89cdbe309720afafc3,416,416,1
train,paper1869_jpg.rf.e0f9a90086766710ffa4177669c1cddb.jpg,train,paper1869,b0d0b77066b7a48d87c4621c6e796c8711dd7b734a8b3d8f0b3b7d63321acffe,416,416,1
train,paper1870_jpg.rf.26bc1494337692ca48c23b0fbf57ec15.jpg,train,paper1870,d2a753737e67e0150fc9d9d623334d67df91b0b86d50c3dcc5b1a5ad124ef48a,416,416,1
train,paper1873_jpg.rf.55847d263debc33b843038ec191934ab.jpg,train,paper1873,80793cdba361c7d707b0a48e3882d606adc3dda2642fa6abd39e07d1af957d6d,416,416,1
train,paper1875_jpg.rf.3277cd6166f23c6d57fab82df737b618.jpg,train,paper1875,e36c3ed90f44ad90ac34be01bee1ab3a4f5d1669f59b009213213faf08dbe941,416,416,1
train,paper1876_jpg.rf.adcf5a4a8a73a657f1bc3bd42f9134f9.jpg,train,paper1876,e93ade1dc5ef43a024822237ccb8bf897482c137cece9a0701db8eebd9ea20fe,416,416,1
train,paper1877_jpg.rf.52bf487981534ec904005d6e379a01e6.jpg,train,paper1877,ea2c7ab57a4d271474d640cbcad73b30339c8949ad7c567c6bbedfa3373e3fec,416,416,1
train,paper1878_jpg.rf.576b19b1a77a7f4829eeeeed8ed169ce.jpg,train,paper1878,b55f5502900d8f978954f58593afa2dba2e727b4daa022ed72fc8c3e75cc778a,416,416,1
train,paper187_jpg.rf.7aa1f2155d68007361f26145f2daf008.jpg,train,paper187,cd56fe34f7f65db40f8808de81063b987213f6ed4e30e8e17072b2592ca09947,416,416,1
test,paper1882_jpg.rf.4b1a980456649fe73a439205ca322999.jpg,train,paper1882,651ebe005152f60fbd7d4b6be5932b8235404c5df515911df763fe6f86b753ab,416,416,1
train,paper1883_jpg.rf.0b5244a066414956d5cfd3640ad66dff.jpg,train,paper1883,6f64bc8ac28ad7c4d02fa2e0f6a305e0451bf4c39e6803485d38e1cbedd31eb8,416,416,1
train,paper1884_jpg.rf.f2c06dda309296e0c3bbeba071ee7299.jpg,train,paper1884,51f7de6f7dad0542266349ee1446e0d8a94a41bc6d92f714121b0466cc2973ca,416,416,1
train,paper1887_jpg.rf.d9110a216dc8d18737289640b62831aa.jpg,train,paper1887,466a5737fa3f046f0809ac10c1bf7e8d4a1a4dc5a42e1a9f093f222b734ba5c5,416,416,1
val,paper1889_jpg.rf.f7db64c2fcb547e2412e4f7fd71f23bf.jpg,train,paper1889,6d9ef50332a4cc7ef02766420601b911c153795c53f196f93c8890a698c19448,416,416,1
train,paper188_jpg.rf.8a488bdb6ebf5d08c0b2a3c30f72f916.jpg,train,paper188,30cf17e4250b3aa21ddca59a5abea7e1551b5ad9fc4fa9bfcce903807d97b9db,416,416,2
train,paper1893_jpg.rf.a23fdfc8a9254196fb54e28df0c0f57a.jpg,train,paper1893,26ca8dae416bf8ce33d824240ea32871081260c3255ecdc1e31f629de59abe47,416,416,1
train,paper1894_jpg.rf.c40924cd6dd189c49cb510cd91f440ac.jpg,train,paper1894,e76fb3ef646a22d4081412a9083b838e2e8d757780445c0bc87e46a1df6281e0,416,416,1
train,paper1896_jpg.rf.87be59c06c3b5c82baad376b0483b4b9.jpg,train,paper1896,74d7ec59a8141a8839f119e530c9abf3dace353189ae8ce8706f008884707c22,416,416,1
val,paper1897_jpg.rf.14380fc99ab005c8097feb4b9051473a.jpg,train,paper1897,3ba2f59a506bcd484333969c3c3b43f58ef85a568e55abc0e30b1b7459727dd0,416,416,1
train,paper1898_jpg.rf.df7551e7b72a8e74d10a791e376aa693.jpg,train,paper1898,27d996eaa9c3c2281c5f738af33edbab0697f7100488b809968c6eece97e6d96,416,416,7
test,paper1899_jpg.rf.b499f1af2eb547071221b0d4f5e0461a.jpg,train,paper1899,2a30ff7a7346d966f6b8bea0ee06e7048b0f72a27682ccf482428c63f52633d4,416,416,1
train,paper189_jpg.rf.143a0e3142442b0b8323094cb153afc5.jpg,train,paper189,9474909d24b0113fdf9f49f6bda88999be5eb478b34543870d46c509f7b0442d,416,416,1
val,paper18_jpg.rf.7bdc731de9821164d6c72a45acf0ebbc.jpg,train,paper18,991eb73e4bea5193757b0cc492cc72c83816bc407a0563ac794f3918a985b20d,416,416,1
train,paper1900_jpg.rf.3936ec481163433257fdf54bba51d5f0.jpg,train,paper1900,24f60fc06a55c2cef8cda28c079cb43163405b3fc8c783794a4e4f723d45c5de,416,416,9
train,paper1901_jpg.rf.66b2ce6ad544fa141cda8fc4c8d1f67e.jpg,train,paper1901,cea120cf8b8a763350ca120ccb5c7c409d9e71e35b7cdf0ee3d6f2ecbe7f067c,416,416,1
train,paper1902_jpg.rf.f9e5b5d35d8f95a06059c2396880adf3.jpg,train,paper1902,fde00deab43bccac6b4cf4d85f0bb1d36d034343c48928ee78f5e576d84c83f6,416,416,1
train,paper1903_jpg.rf.bfdf6fa6e0d31554e10bf690e5e88744.jpg,train,paper1903,971f391f7243b1db4864bfdbc12fb7ed51c6581b1beb9cf7c0e125303f342e0f,416,416,1
train,paper1905_jpg.rf.e8558e084360785d55bfd5c40cbaad18.jpg,train,paper1905,905b9e20ee61bc94453872567227fce523fef7f984e1119e8efe69e9f272fce0,416,416,1
train,paper1906_jpg.rf.eae3448d8ac341c019e471e1a5386629.jpg,train,paper1906,a5392a8a4a078ce386daeef62d57d268ba00bc8b07f73c8593573cf072a760ac,416,416,1
train,paper1907_jpg.rf.d018097e8da8d2d9177d1354137b7955.jpg,train,paper1907,5107003b1acaf4138f0761d36df0423dfe219b8be12dc4e8810ebdcfe500c100,416,416,1
val,paper1909_jpg.rf.4776ed4e1e88095983ee56b4911652ea.jpg,train,paper1909,f0aef3c8689dd527865774a2a0dfe8db2ea6b3f49fb53aabb2ba2b1e6f909b5e,416,416,1
train,paper1910_jpg.rf.8b78d1ed2d10af7c065eaf2bec29f6c5.jpg,train,paper1910,7fbdfa87516b884805f12b38a43d084d9673dee44287fed4310f4d0bdd7ca0b8,416,416,1
train,paper1911_jpg.rf.e015501ca4463d93cbecd17cfe0fd314.jpg,train,paper1911,c2f04468262cd743718a25e070f941a532e46db19e1c8510e77e0f302a77d28f,416,416,1
train,paper1912_jpg.rf.6061d2d349951c1bee4ff3287da2265e.jpg,train,paper1912,e958280abf76f66636abacde3735624d35119d171054dc5a5901640570bdf5d8,416,416,1
train,paper1913_jpg.rf.ff5c6363479ea0611ebbf166004b0863.jpg,train,paper1913,b29ce0fd453f5b7c8d21afc8ae028a1ceec0d0661b8c366a4a594a58f9b2b135,416,416,1
val,paper1914_jpg.rf.24bdda4581496c07044536b36a69a480.jpg,train,paper1914,b5f3fb61ae2347bed4153e1edd35025550c387e5a7e9036ad735fbd5a11080df,416,416,9
train,paper1915_jpg.rf.20e441a6606da6ec6d4985452442d846.jpg,train,paper1915,d1f52806121ecca65ed1ef8d58510609cd4b2774875fe6ae553970a17c21bc98,416,416,1
train,paper1916_jpg.rf.5f769892108327822c3f9735b649713f.jpg,train,paper1916,ee92dfdf97d8a86ffbf12671a23892ceccb441c58bf737f4c91288f517753e0e,416,416,8
val,paper1917_jpg.rf.21e34560f8181a619970a9e1860ba80f.jpg,train,paper1917,2a4c760d365d9751b1c6b60f4f888ed1caba1c1edb8c2068695e02aa7bc55a18,416,416,1
train,paper1918_jpg.rf.4b48c2758973be12ff5ded77540e97fa.jpg,train,paper1918,6c90738e93c6c36be74fe9bf5ba8a53418591d9282a53c7220dde20fb51935cc,416,416,1
train,paper1920_jpg.rf.4e23438c5f148816f5816f9aebdc712e.jpg,train,paper1920,379c230bd3087823fcede83bc4d83877fe13e08d3553c1796464784891324533,416,416,1
train,paper1921_jpg.rf.8c0f7a0bd7c92757e54ff40964e69d33.jpg,train,paper1921,055827d8d1787d2e2ae6fd1d5d3f270ce41075fbfa197e1d6b532faba4650a6f,416,416,1
train,paper1922_jpg.rf.370e7b00e8071c0cb0e073b48bc99af7.jpg,train,paper1922,a8a193265d42d924679a6b47f623e16bfbd81c4f1c213bfd2b641ff73b1b43a5,416,416,1
train,paper1924_jpg.rf.351c60b6bc9382aaacb9fef30ea4f080.jpg,train,paper1924,8091f875f7c4731f7d057a400b4bfe4f6db297b0deab22e4353840e688b61dde,416,416,1
train,paper1925_jpg.rf.4d86dd922ff6eb7308eec43ab556f673.jpg,train,paper1925,b55f5b166f8f1d6b08afab29e2ba95be3d14eddf18b5705c09e70c5cea434c33,416,416,4
val,paper1926_jpg.rf.5307e41e8218d674615e20b6a8bf27f3.jpg,train,paper1926,3281df3ae2e017d45e65389ebc840adfb1dad6e447385a14b48c77335af2fe83,416,416,1
train,paper1928_jpg.rf.2ebff7b729d6a3ba800cb7b67cec6470.jpg,train,paper1928,81ff596b01c85c125392510c5cb4ac57489396fcfe43759f7716a9928f0f1124,416,416,1
train,paper1929_jpg.rf.6e992c5cf80774a460534a638c898608.jpg,train,paper1929,282c31b45a85105493ec699b42d6a50e50bf70a9e25f23608a0eecf75d2370d8,416,416,1
train,paper1931_jpg.rf.1a2635063d9aacef8c747f24d954badd.jpg,train,paper1931,dd4f8b12bc1b42a5fc593b6aba3ae24bfe36db3a83bc8a0d56de77b4423814c4,416,416,1
train,paper1932_jpg.rf.dc5de0d1b0fea9d5d2d352e96745d394.jpg,train,paper1932,0aab81e6a06c1843f2d2c6f45f93158cb38667dc3b2a5069179365b7b7881942,416,416,2
val,paper1934_jpg.rf.5747cd5e7fde642bca35a69e1c4b314e.jpg,train,paper1934,9dbea5d4c6aeb00e513f1f3377df85cda4405fd0e2f3145e5632861bbf6b94ed,416,416,2
val,paper1935_jpg.rf.c9e964c4f72bb2aa291d6bcdf7cc677a.jpg,train,paper1935,7e01373402ec832f57b0800789b568e0da5f4d2c80d2a21525b19866f59ae460,416,416,11
val,paper1936_jpg.rf.21ec5e5ee80a2a2ceb3720a8a8d9372a.jpg,train,paper1936,4e48a8f25bbdf1c8b75978c086bbdb089e5e77311cc8d87801a46f27adc040d7,416,416,1
train,paper1939_jpg.rf.5ada9ea1e2c1e8546b66635777c2d5cb.jpg,train,paper1939,0897a215c109ce91b6d79c074a10683730cb0947a6ef32c056365f0ba627ab24,416,416,1
train,paper193_jpg.rf.b28b17f432d2054450748a4ad8f3de95.jpg,train,paper193,a63d61845792f124733440b5555d78b255e190c644132b17deeff582d03e83a2,416,416,1
val,paper1940_jpg.rf.7b1f4612d26cabac4641b70d6c1e64f9.jpg,train,paper1940,8ccabfa65ce222bd3ca84cbf97ded6ecb8db029c2da5c54dcc056e6f8ae064f0,416,416,1
train,paper1942_jpg.rf.2a4c46dc71f26c975490579d07d04780.jpg,train,paper1942,d01b37ab6e5d0aa222bba4d744ff7386ddece23b0c2efd214a85def8018ca2ba,416,416,1
train,paper1943_jpg.rf.eca688c46f7d32dfe93982c01e8aac48.jpg,train,paper1943,a603928f5fdb8cd1f9930f001272cadda245da71bdae827d1359fb72fea44bac,416,416,1
train,paper1944_jpg.rf.36cd67726f2323cbb60a58f14209bd61.jpg,train,paper1944,40b6425c980c4f342d4a0f28eaeefe936602928434c2e0037de00fea8ca82f91,416,416,11
train,paper1946_jpg.rf.00ecd581694fb0bf25c9964a04de84a1.jpg,train,paper1946,760344e0ad427b1c5bfecd76704183e2af140a0f2063820c7b790d4414204171,416,416,8
train,paper1947_jpg.rf.60204414f8a0945e71508915f959bbdf.jpg,train,paper1947,912a3273c54154a736ed20809924907109687acf59ce32f1d572796f33978ab4,416,416,5
train,paper1948_jpg.rf.49663448e32f66163e00dd2a1e2da595.jpg,train,paper1948,a370fb855fd6cb5fa6b0f4fe2719a012b0fd6c5e2b784a224d19bc1597dc754b,416,416,1
train,paper1949_jpg.rf.4b9a588a0cc090cbea2b97a8d65ec01a.jpg,train,paper1949,1927c2a72173b5b10d8332c443a1ccde5d02fc62de76f9c0e076b2a9c81e9062,416,416,15
train,paper1950_jpg.rf.4abfe3410c2ae469f35c764585116d50.jpg,train,paper1950,dfcd5cbe826456dcabe610d17e970a78b6e9e5c75005097b7736c964f42945d3,416,416,1
train,paper1951_jpg.rf.1b63a1e7ee67a404e2636c0014639149.jpg,train,paper1951,f923321e0a20bf3abd1675e0b1875e3b153fd1b8707720a8d25b57978546d9ec,416,416,3
train,paper1952_jpg.rf.b84d7bd2ffca9c911fbb510fbdea44cd.jpg,train,paper1952,a9abefec6ee94292ba939c4c8e8ce5074843a7dc82f9ed03197a001b5a5847cd,416,416,1
train,paper1955_jpg.rf.7b1bac6480b2c2edf880b69e13968716.jpg,train,paper1955,f8b741144e454bcc873d692ec4b2ff1f4ea4be3479a3f1e7e3cd48ae263b901e,416,416,1
train,paper1956_jpg.rf.7a4774f6aa51715f90c3acec08d02e13.jpg,train,paper1956,e6bf16fb35ee2afca9145a316bbbf51ea14f7353f13ed458f270212106f65c94,416,416,1
train,paper1957_jpg.rf.ed689606a83bea78f3d64f5f00309ec0.jpg,train,paper1957,bdd49b998cda886eb2eb936182b6bf7eecc2dec5e6c8c996f7b83bf4cbc59a6e,416,416,1
train,paper1958_jpg.rf.a020c3ca59ac00bf85ed8d8c1531ef2b.jpg,train,paper1958,bb4810ecab45820c1961675417778ff3f91924ed1479dc793f21a2cbdf8d20a6,416,416,5
train,paper1959_jpg.rf.7d2210186ec645b0b9ee5d7d3ef444ef.jpg,train,paper1959,d72efe2f6760829aa0ef3ea2ef45991f21c9e7b996601876f1a22bb13d5b8f31,416,416,1
test,paper195_jpg.rf.fb17425100dc04b1e9714fcb16635b9a.jpg,train,paper195,d8e832049395da9ff455f0ad6f4c394ef1ad86f1e8f574893885fa11b2c5949d,416,416,1
test,paper1961_jpg.rf.c048d10ef01646d81918d9c269498ecf.jpg,train,paper1961,4472a9c75ae6eb147c193123a04530de8688f235d95111aed371c2f3614e51e9,416,416,1
train,paper1962_jpg.rf.ac66261262977a0908d0deddf62d41b3.jpg,train,paper1962,dcad11fb403b7ca5993132e5e1668c0fd88c03333ba05d14132f45cba84efa4f,416,416,1
train,paper1963_jpg.rf.287b52b53a1983b34ccb5fc8602b4dc8.jpg,train,paper1963,847ded0754570395d86628ddb0f967ce60764f8c2c7eb7e34786d29ed9cbdf65,416,416,1
train,paper1967_jpg.rf.96e7b6da9690d25f1aaaf035976cbcdb.jpg,train,paper1967,5c062102534c75c49cb7a2cc8ccb2244e048a1319a2e364f48642c5e11035530,416,416,1
train,paper1968_jpeg.rf.a601c27a7c53f6254a13968b8b8faa7c.jpg,train,paper1968,3b56e952c43e0c1f5d862806d68539ef09d057d035a85a5e5de14ca4d10442ef,416,416,1
train,paper1971_jpg.rf.604a498c7c13727882454c9c7f3a4c75.jpg,train,paper1971,5c16ffda916d73199436e0f14e573fa22f94a157c8ffcf871ff03e10551dbc4d,416,416,1
test,paper1973_jpg.rf.68594f52249bc441352e490ad01f445f.jpg,train,paper1973,a77a8e10e6fd5ae22666d80184d8dfa6e499f11f89a3efc72b30ceb696fcc05b,416,416,7
train,paper1975_jpg.rf.fa36af90f6e8cd0f5edb9afcbd9ea44e.jpg,train,paper1975,025b16d7d41906ff707740124ea72a884dc31b4fcc37c68666bc8dfd9572da02,416,416,3
train,paper1976_jpg.rf.69615c72d4a576bb223bf0e16ea8264e.jpg,train,paper1976,0b1629e751c035222871c831c32f76a3211478e2f60cae080e0a7b8528b03065,416,416,8
train,paper1977_jpg.rf.623e86de877db7e06afbf97072c57b89.jpg,train,paper1977,01f70de870107eeb9280fc86675c2bba4cf421038ab0ddd45fa43200d8514b4d,416,416,1
val,paper1978_jpg.rf.363206b11424400f69a10c0638adb282.jpg,train,paper1978,e1055b4466f1250d7318d69bb04ac6ce408c5124a1aedde513a4a0ea116c29a0,416,416,3
train,paper1979_jpg.rf.5993c702d2ca258dbf2b7d7b4f69c008.jpg,train,paper1979,233de52266e3fc48847d290eabd0429f58705bf1d02580bfdf5eb8da6a350990,416,416,1
train,paper1980_jpg.rf.57c6bd3ca8125a41ad7ced147e92a080.jpg,train,paper1980,fd122ff19ce63d81638bd930257c6c348c83c7f61e014ab22057ee1d76d937a7,416,416,1
train,paper1981_jpg.rf.bed9978467d87f290ce64910d04e3abb.jpg,train,paper1981,cc17c59df74fbe55c1d19a2dee17d13842aa0720dcb4c211772e6b042d067336,416,416,1
train,paper1983_jpg.rf.2447ec8f6b469c41e1351dd002f851dc.jpg,train,paper1983,f22a104dc16e2e8334068112c0a72bac4a85181a80b545df7487bd8f6c3f0918,416,416,1
train,paper1984_jpg.rf.4edc150eb91d67b5d11df1ed88f17c1e.jpg,train,paper1984,f05b96404bceee82f15e79956a067eed3e55c33fc196cffd2d1fc4967662fee7,416,416,2
train,paper1985_jpg.rf.63a892ec7b30c3bb9ca113b14e92a775.jpg,train,paper1985,1da8df2803670d74b072800f6edbd35c9a2eb8d829586ef798c3c4b64ab67694,416,416,1
train,paper1986_jpg.rf.4d7e20977050e656fcbce43ab39b87f7.jpg,train,paper1986,353abf6df0e5b44b1aa05ca775dfae6f59bf332658a297ed17e80a09fa8771e3,416,416,3
train,paper1987_jpg.rf.d34c8d7170ea8ea503fc824c5c2d39b9.jpg,train,paper1987,df9129ffc2388d928ddebd8ce374e0427ccf2210005fae0e41d1caab8a621f5e,416,416,1
train,paper1988_jpg.rf.50362ad19deb30ee1f61a845259303fc.jpg,train,paper1988,a774bd35716b3105939bb5a3d8858a18ab039115581d0374ef09e78f1b73ec26,416,416,1
train,paper1989_jpg.rf.438b31605f407b94fc329b6bfa9cfbe4.jpg,train,paper1989,3aba51bd6fca00754e4ade1f2f89b79e05c8d3272da96fa63f2157e3d6f2ea40,416,416,5
val,paper1990_jpg.rf.27a2ee1e91e02f5b3989b60b681b2179.jpg,train,paper1990,0096943926d142ff637e56a8249aa829feb1c4959cf65fad1ed299c31f9f7eaa,416,416,1
train,paper1992_jpg.rf.d20791df1da418a58d952583552890ed.jpg,train,paper1992,f6bdd229edf06796be7e279916db1ae4aacd1987cbdfbd201537be11414d815f,416,416,1
train,paper1994_jpg.rf.d5cd1283459bc8da4b033582eeaf6fd2.jpg,train,paper1994,04674a9c48072248da2ed9c29b82a5fa6b2b2b34c97f8f43454fd529fb0426ec,416,416,1
train,paper1995_jpg.rf.73f238b50159710e88234fcb230cf8f8.jpg,train,paper1995,4f4b0a2a57c473a72a57dd7dd585dd889c31dffef59621e359bb404ca69ed8cb,416,416,1
train,paper1996_jpg.rf.1d9dc60b9fc440a4266c1ed4e5dc35ae.jpg,train,paper1996,705c2c77ace1e6ee3db7c7d7dc55a432566f8bb44991482c29df8372354e22d7,416,416,3
train,paper1998_jpg.rf.730f0e843e4c85a627a1cba4c3139938.jpg,train,paper1998,9a9e2a4697d2f02c8a8ce58269f9e0b180c0f970cc788fb8f97f38609f82aefe,416,416,2
train,paper1999_jpg.rf.7eccfc3651f6db7e45021ec66d1e99a2.jpg,train,paper1999,f412994bff1eab11b70406047b90029e764079817d9bf5dc53fa271a55ae3b1e,416,416,6
train,paper199_jpg.rf.b8e471b1f54497edd697c54309a32e84.jpg,train,paper199,78365c3929931adbec38dfe4ebacb3fbe2b1274014feae956a5a0ff69f5ae6e2,416,416,1
val,paper1_jpeg.rf.dc94583309e17bd847e8168cb8f76a05.jpg,train,paper1,876be35dd7e3e8fff88ff38bbd436dcfb10dee13bbea265798c69b66d4f57adc,416,416,1
train,paper2000_jpg.rf.58064d2651f36fed0feb846f87143435.jpg,train,paper2000,8ba99fbd8b6b09fe9c888b25184978eec3e6b2b0fe27ef716a90f9912c36793f,416,416,2
train,paper2003_jpg.rf.ed53d988f025a95cd0ddc9a388b8c6bb.jpg,train,paper2003,f4ce497678462ce76170f17a2974d49bb76458b9de34acef3a5d1ba92ebd4342,416,416,1
train,paper2004_jpg.rf.fc0f393e1eec88f564c9609237a0674b.jpg,train,paper2004,6376107a0bb2e7c97e75c51895fc04787fae6c1a07a916db68fecb8707c62b48,416,416,1
train,paper2005_jpg.rf.d1d57827755a57b025687dbaa277a126.jpg,train,paper2005,4c2dbae4cf36faca693c0d4a075b3b7aa225690b508dab4220cb8b1d16ffcd81,416,416,1
train,paper2006_jpg.rf.9f08de8a3b08681ac42ccd8f70adef8b.jpg,train,paper2006,13b84dae77a86e64f9d610bd3e312ec7e69a6e874d750c26774edb99cc9421fc,416,416,1
train,paper2007_jpg.rf.6a79c16f4a39092a09a71d0baeae9dc3.jpg,train,paper2007,cb6a7aa5f283d0b404872f0766b903f2748296873b1d3bbfa1c09b39e46abea3,416,416,1
train,paper2008_jpg.rf.4eb7f1980e967f129282ac2c07d30b86.jpg,train,paper2008,fe53f52221cc8abd96d6117053a2cf4e2c5870f999867cf2e9de4c3b7df075e1,416,416,1
train,paper2010_jpg.rf.90a4e17b27e8d8eb1b966130eced8f9a.jpg,train,paper2010,abe17e6085e7a48e40ed068dc855c4b2564f6d1aabe2f77b963862718632b6ba,416,416,4
train,paper2011_jpg.rf.85720f8a439e8686247c3ff5846c2b61.jpg,train,paper2011,19a2553f1e0b9e641dd4080ec226a0c0682067905772c818729277aed5ced5df,416,416,1
train,paper2012_jpg.rf.425112d5959a40a10ce2911bc53581ee.jpg,train,paper2012,16d1df0c8db7e7803f9845e555cd60e8fd4e989e0046d320705a76d03406bc1a,416,416,1
train,paper2013_jpg.rf.c603bcefcc84c2ed653907a03a2e593c.jpg,train,paper2013,39cde8ff52c1ea27900b78fc1e2769f1bea414a6054e0c1849c10f1b78501bdd,416,416,1
val,paper2015_jpg.rf.1282ff3776d86e1ddc4af078e5c34617.jpg,train,paper2015,0d97399ef89039b858edc666fbe8f9da004207bd2003b24c2d08b3e8aae856dd,416,416,1
test,paper2018_jpg.rf.c049029fabac8ab692d96f4d7c1b3575.jpg,train,paper2018,07d51dbc7ff78532ea583db95b901843cd84fecb739dc12da2349b4dcea7d7da,416,416,6
train,paper201_jpg.rf.621c9b891530ecfcb52ec11eb37392c5.jpg,train,paper201,fd893446c5519fa66e26a9b32d18348bc18bdbc11855f34611e5c5f60af2e45b,416,416,1
train,paper2021_jpg.rf.f91c36c3aa3bc0b5d570f8bac7ec08d8.jpg,train,paper2021,6c9c3b76578620a0745db807d4457164609c9452b7efda91f3e5a25e2003b78c,416,416,1
val,paper2024_jpg.rf.ad4f78135d138625bdfbe02c1632f29e.jpg,train,paper2024,11ae927da292835df051af757d2b9c2aaeef5a977ca7cf6e9818235f4a90c4fd,416,416,1
train,paper2025_jpg.rf.effa63cda87ff972c8579ea4b997d21f.jpg,train,paper2025,5b3c6f7909382be35eb0c67b51ba0ca9194e510fff06bb8dce6aa74f93d9a8e6,416,416,1
train,paper2026_jpg.rf.ed0e908ba5177e1f84241019bf83db80.jpg,train,paper2026,39be1946c3b5acd882e1dfc401c7c74a0357a8320e3b87be8e5ba81d3e18fea5,416,416,2
train,paper2028_jpg.rf.f3cbf866c0eefe4de2b61b982411c17d.jpg,train,paper2028,9352b63ae53313184d085691e03229851855147e1ad965ab3600d91b717196f4,416,416,1
train,paper2029_jpg.rf.5dcd09214b4904b9ef0e0750d33b9be5.jpg,train,paper2029,28a22a8c5d8a0e2e77b6af1060f2e21d569442b3002fae3d7de75a0fbdaf233e,416,416,1
train,paper202_jpg.rf.77a36cc56ba8add80b8b3df5d74fb5f1.jpg,train,paper202,7f181b6a4a245ae3c75360c946149ab212f43dc004f3f6afe3fa072569143503,416,416,1
train,paper2030_jpg.rf.a348099adfe96e2ef06ad5ce339c0ac9.jpg,train,paper2030,95dbcf389b1e1a995ca8850c879361593aa23d9707492f444029fa911d87a044,416,416,1
test,paper2032_jpg.rf.feed7ea69919a5cc4e327d6036976469.jpg,train,paper2032,b01fd7dd46c44c65a5e3e780a816bdf6a26aebdf7d3f39f42a612ed7e60e55f2,416,416,1
train,paper2034_jpg.rf.0b3ecbb1752dcc4a57834ca27a330390.jpg,train,paper2034,c6ee17b987f655db19a4ea45d981aafd79f055ac881e5057b48b514179994911,416,416,1
train,paper2038_jpg.rf.91849ed77add675ad4d5da0855ad8b83.jpg,train,paper2038,1b22059b9885004ed8068595e848abaa0244a536ef26b369a83cd99373877153,416,416,1
train,paper2039_jpg.rf.211e76c4eb3ee1a8511ee5c830691337.jpg,train,paper2039,4806d9ad05735269face5051132dfe7f744865a44d28de761896dff0a1318637,416,416,1
val,paper2040_jpg.rf.fddf9d1a356c29c38d790a9212c26c76.jpg,train,paper2040,584abcf2e74a7dce7738ffc613a4f2b307c52f5985746df159c4833531c3efc5,416,416,1
train,paper2042_jpg.rf.0fad105dd993270662f072e79f4488f1.jpg,train,paper2042,530c1698ece349563cd107940458e9086a8e89d305c9f16b6c5f4eed45f162e0,416,416,1
train,paper2044_jpg.rf.eb56fe494cf6fd0eeea8cb558e297c60.jpg,train,paper2044,80621e94db70f6d4e579dbb2acd641408c3a7f888bc1631268c99f71b94f8ee6,416,416,2
train,paper2045_jpg.rf.ec0f00ebaedd10a044065d4298f025a0.jpg,train,paper2045,5727a2ad46843064207e38d61342495cf6af6dd9534fd84a8399fe3f4ba155d5,416,416,1
train,paper2046_jpg.rf.af1f79e2e801880086742636178775af.jpg,train,paper2046,4d187b9820daca92e6fcfbad5d73db75270b1b362bbe3a65a6d9108a176b7ef0,416,416,4
train,paper2048_jpg.rf.9cbd2d20944b47914f49b47f048e0ad9.jpg,train,paper2048,3c0fcf539ac0ff7ca38f3a1dbd62eb9f8ef98702c3029183e3cbf38d036e8fd4,416,416,1
test,paper2049_jpg.rf.5a1e620017bf63d02c94f51a90a9f931.jpg,train,paper2049,ba734ca0e6b7f8381ca37fd614a2dbfaf5e2cbfb4c62622c63ae234c32538b8e,416,416,1
train,paper2050_jpg.rf.bdb6a5d0a0bc09dfeb3e9c06416251e5.jpg,train,paper2050,91640a8dff92dd955bc5b037614289296859a4de132561bbfd32de5dfa8cfe3c,416,416,1
train,paper2051_jpg.rf.f746cad37684e82dbb58845c19853700.jpg,train,paper2051,6b15fd4849a67bda7e82cef47c49e8c0c2c015eb7ced076b37ea89d0f122fe70,416,416,1
train,paper2053_jpg.rf.77e1a88f9137c2d3049ac6666e54f2bc.jpg,train,paper2053,872fc35d29b8feadead91aa7432c03876351274d8459c4da4b396665da935a45,416,416,1
train,paper2054_jpg.rf.2e17240620947154b49555bf801c8495.jpg,train,paper2054,b5cdbb5413ac0dd7c436a911856e54309e5625de539bdf210d4d8e94e2c02745,416,416,2
train,paper2055_jpg.rf.03f802220de98e229fdb6146841fe144.jpg,train,paper2055,fcb00910b6741a2ddef4e8e1ca148733967c106ddca241df78d43a64746d1fbe,416,416,1
train,paper2056_jpg.rf.cacf02598bbe294d052880cd2a1906d4.jpg,train,paper2056,9e484f512d87c07d95e69f7e4849a7bef120616d6cc0ec49afc7f5c5fe47421a,416,416,1
train,paper2057_jpg.rf.3cf7b18e6b8282acd5182999a30c60f1.jpg,train,paper2057,a05de35a0c072e0ac4e9f6fa9b05758941d5de2fa6248e6d6ca3a3ab44047a1d,416,416,1
val,paper2058_jpeg.rf.19020ee7e39fcdae5ad02569247c082f.jpg,train,paper2058,899b005a3b99a54429b6c7a15a48ef98e5a1255b8d871a0eeebb125fad50418c,416,416,1
train,paper2059_jpg.rf.1840f2f29ae6ac338c6d5db0ce045852.jpg,train,paper2059,839eb5def82f0a3439e1bedc7033fd3b89984b3264e73853137c44b834ccf835,416,416,1
train,paper2060_jpg.rf.299e3bb72de68c22a5d7075cb081fb58.jpg,train,paper2060,c5767cc4c8fdc2ab306d24e7ed329f16978e08b6e0d51060befa18d456a79ff8,416,416,1
train,paper2061_jpg.rf.24e477b44c1cb8b09720cf4c33f8f524.jpg,train,paper2061,0e94b8096c9c4969ac2583d67b846229b9fb61160bf78715eeeb10b0643931ed,416,416,5
train,paper2063_jpg.rf.1b2cc31da8aa184cf07393c82b0b2b9e.jpg,train,paper2063,4f64df08995d7d5c426f228d9372fcdea0d069da17f0d294eea87b9465f715cf,416,416,1
test,paper2065_jpg.rf.a228994d9176aad4878c7c07735595cc.jpg,train,paper2065,b95b50a417a3d010074144b16fb4d2305433e30b0e13d7d16a9ce94e5b26827e,416,416,1
val,paper2066_jpg.rf.e9264de0b674a758957ce442595b2be6.jpg,train,paper2066,1f814dfc7b40f4492df68e662d8fbb998a1b5e48867fd472d9cf19b1fb17ea8f,416,416,1
train,paper2069_jpg.rf.7a34ab722abb47b365cabbcb5e28c3ab.jpg,train,paper2069,65730e6b29254d7c3c994351394c468fb932ce60fc041bfa29aa3717dc861809,416,416,1
val,paper206_jpg.rf.a83d57f473fe1804ca54ea6376c21e20.jpg,train,paper206,02f81f43f70ddc16a9afcebe99bb9f03b57fd5cca49ec5cf5017bdc859c7a066,416,416,1
train,paper2070_jpg.rf.e385c8e05b828ad4d40ee0e94f801a7e.jpg,train,paper2070,84e662667e57e9692a076275eda99d74257929a1d701f8e057c01bf1a4bf883e,416,416,1
val,paper2071_jpg.rf.0350f036d853d3fb554df01f0c80ea38.jpg,train,paper2071,fc60ffef4a656736288f5733345b081dd6f8af93015731d0bbe2ab552c367bde,416,416,1
train,paper2072_jpg.rf.26ede102575f09e0f66626711324e2c0.jpg,train,paper2072,001af4231bbf0d43421171fb2ca35909a4252ccc0d03e0fb9a729fa8d48d1945,416,416,1
train,paper2074_jpg.rf.b39ba5d767845d36432e5c2258b0de9f.jpg,train,paper2074,17d626a8c185b1e2b68ca9745087203f1e0edbf2d40b7067aa5fc1f59e798688,416,416,3
train,paper2075_jpg.rf.f086c045c836cd282894c0f61cac0575.jpg,train,paper2075,90931d4dfc10e4836ac807aee3547e37a6f6cd7f812de47a5818c717f72092b6,416,416,5
train,paper2076_jpg.rf.c38e75757e65a95cea6e9ac0a22472f6.jpg,train,paper2076,a8d90d8d2974bf0ba66d0f436be17e833d20302fc254d1fd72c43c912439d97e,416,416,1
train,paper2077_jpg.rf.9b50ea17dc06d51d5f9cf991f239a7a5.jpg,train,paper2077,78e4553697cb596a5f6629e57485a81cbb1625a9fb66c3bfd4729c43036ea554,416,416,1
train,paper2078_jpg.rf.e6c6add819c33c4ae3b81c216d417592.jpg,train,paper2078,109773a03b4ab9929fdac28fe06d0b0bccaa82da38d2d5ee6dcc9068edc145cf,416,416,1
train,paper2079_jpg.rf.ff9e8519388f88d4912d558bfd067463.jpg,train,paper2079,0384ed17d71390b0baeaef7ffa2fe840c153c503730e8d3c4c0a0063e65ee51d,416,416,1
train,paper2082_jpg.rf.a5e2e515496d300b13afe87f4b11bffd.jpg,train,paper2082,36e1feeda0b876141fa19ee144c7bc6ef4e72d603bcd38b2c682c32a64695718,416,416,1
train,paper2083_jpg.rf.459e2a42a8b29c50171b77881e71e1f8.jpg,train,paper2083,caba20fc0acf72ee2f0128e4273fec2c7657330efe1df4fcbec44ba0893c033b,416,416,1
train,paper2084_jpg.rf.d4745b758eb33e8d46aac6fd9050a8b1.jpg,train,paper2084,36a2a60fd14ddd246992e3ee7e4e456341860c0f2c34dfafb0a28f3b9ae6a031,416,416,1
train,paper2086_jpg.rf.007b1370e836f2519001eedb86aff694.jpg,train,paper2086,5f03bbdbb033143e06ef9640bdbcf7b89bf8193c852821ef4224e10282b8a9f1,416,416,1
train,paper2087_jpg.rf.a532957e3ca4bc226a2fcdb5fa50dc4d.jpg,train,paper2087,6c17efde926e8cef6a6dd4b8693ce919089dec40e419cc110743917ec16738c3,416,416,1
train,paper208_jpg.rf.c9990e90cfa1fb152f75af87487792d9.jpg,train,paper208,22869d4380ca39767d68032858ed72db3463e1dc39f06ff387bac5b9690fce74,416,416,27
train,paper2090_jpg.rf.173a378eb3197dcabf7b4b67ba4e0532.jpg,train,paper2090,cba39e19f1a88b9ee1984ab5c899d231f074d2b08872d63a06d8cd4b1c94c79c,416,416,3
train,paper2091_jpg.rf.a590fb1097c76e67604e74045ea5de1f.jpg,train,paper2091,c4d0a412fce8df65e4735c6a08060de6312245bd60b9a24e5eccd10e735b882f,416,416,1
train,paper2092_jpg.rf.6cb04346e652f2e29c3d1079519463d5.jpg,train,paper2092,3d0cb558b15300c12de33e61df625a7975d46bad097ff561323705a1bacce982,416,416,1
train,paper2093_jpg.rf.c831e19c45e70c43ae771e0193a6800c.jpg,train,paper2093,90624409df31135f3cc4bc023f6271df352dfca91b46025f42d26515f7259427,416,416,1
test,paper2095_jpg.rf.05356bd63396e6ec72580dfc6d2474a9.jpg,train,paper2095,0935bc64509b860e17bcb4470ff6ea1c6823d119dd03393a7aebba435207142b,416,416,1
train,paper2096_jpg.rf.8d2191aef8fb78650e7ffa587b1037a7.jpg,train,paper2096,aca5be4e79d3d6dbe15479a297a2a6dc7015d91d06b38f61e62c91fa977ad9df,416,416,3
train,paper2097_jpg.rf.8c8a5cc4cab76e6eba703a7193a30f38.jpg,train,paper2097,dd36e457e5176107bb7645d9d1b3c5a70c7816799d3358af5b41419445db56c6,416,416,1
train,paper2098_jpg.rf.7ce8e4a66d1d8ffa702e9394596214d7.jpg,train,paper2098,d0a012ff205a09399b1084d8acac664d0b164db8093b9e7df8baf016d8133605,416,416,1
train,paper20_jpg.rf.d1fe28229c09cb772c6d5d289f7ec69f.jpg,train,paper20,1640b051cca3de762f8df1cb8b52f92725b247ff31ab14323b6e2655ee5322f6,416,416,2
train,paper2100_jpg.rf.50536a1752c38c753f8224e442f6683c.jpg,train,paper2100,7966de6d70ffefa1e0e4cb0cd918f029e7c3ed7b3172a8df99898f0955821e4e,416,416,1
train,paper2101_jpg.rf.226b067fab5f8cde5df87b5030c0256a.jpg,train,paper2101,0aa69544059a4b67aed714218bb2cf9d72341a9563600ba36e47a68350a2407c,416,416,1
val,paper2102_jpg.rf.e9dc6c6accc160a0e3e894a085c8270e.jpg,train,paper2102,37396bae3b3f0836369db875b63f1472464374ef849d261fff1dcd7145e84a96,416,416,1
train,paper2103_jpg.rf.54742ccfade871cc8e0dcda4ddc9dca1.jpg,train,paper2103,9daa798853eed25b4d293db6a828e2f51ea3c7c8adaf166eb40b8f20afca41ec,416,416,1
train,paper2104_jpg.rf.b03ed91bf490febd58da63eecc411cb3.jpg,train,paper2104,3751e52e703adbbf2297941beba2469e3daef9f6d1cd1d4eb602462d7e4985a7,416,416,1
train,paper2105_jpg.rf.1d95e1a43312ead94b9b62f3202f2cbc.jpg,train,paper2105,8e89b4db2483b2c586e3be29eab1c9f06aee2f9c2a6184ffb2320f9cbec4a367,416,416,1
train,paper2106_jpg.rf.7821ba21d5e6969dc1d2984ffc9caed9.jpg,train,paper2106,1bb246d4655f8b5231b65fbeb0f057daded81f7683985b7ec99d5f9e7fb48abc,416,416,1
train,paper2107_jpg.rf.a5dd9a92384c1c2be6fa14eab4eab197.jpg,train,paper2107,ca76f625f9d40f1099f496a9b21dfafcd83e9da906f9370c8ff6624df9802a1b,416,416,1
train,paper2108_jpg.rf.787df7f09d6dfa6c14ab373d6cbf2e08.jpg,train,paper2108,f8368f4f117061ebd6b10856653ab6db66e13b08df59121a6c37a68729e708b2,416,416,7
train,paper2109_jpg.rf.fd1f78dcd350ab23f5c10a029e672c90.jpg,train,paper2109,c25763d84ad3e9949ec2983aff22ea5bd2340cfe5d4472518243a1cd876376f5,416,416,1
train,paper210_jpg.rf.31c1a9b56739ea9284cb3b2aa027b198.jpg,train,paper210,3fb8234356a7bb537d53843aef3b4de7063dccbcbbff35ff074505eeee635003,416,416,1
train,paper2110_jpg.rf.e517ba1e1893d67f01d4ac4849e66b79.jpg,train,paper2110,e6572c188ba831ba9684628f564790aeb79527cc8a2e85476e117157dc91fd2d,416,416,2
val,paper2112_jpg.rf.526973118820fb1827b6a564cd38bbb1.jpg,train,paper2112,ecdc180c815525423b71b03685467520e2f2defa5e65485974c3a95ec610ebc3,416,416,1
test,paper2114_jpg.rf.c3da7805f8ed867b2e96103217488e21.jpg,train,paper2114,f90aee42f3ca0e4a6c9f09524e7eef1c706192f83c0fd40c2f8c9857a8ed87b1,416,416,1
train,paper2117_jpg.rf.290aa541818cf3ce168d0cf1a00ac8ea.jpg,train,paper2117,94e398f5476605436cdae9bc9fc88ee71f57b2d6ee0e916b8096c97b54b8149b,416,416,2
val,paper2118_jpg.rf.ab98b8e399e82234ffca05c9a8efca27.jpg,train,paper2118,6c8689c6224ebea9a604f9db02b9ca8731954f03b633e6871149b4f5a577d80f,416,416,1
train,paper2119_jpg.rf.953484818b6352e56fc3d8f9ad027849.jpg,train,paper2119,cfe4aecfff7ba39224d02c6626892f7f48e1bfd60cbde7d2f07388d753cf851c,416,416,9
train,paper211_jpg.rf.12fef11692d8070c81da764ebfcc5ba6.jpg,train,paper211,421e18a504d66fceb5e89bfad1cf7a7fb21fe6b7d5dfa20b9c9997a7989920ed,416,416,1
train,paper2121_jpg.rf.bd33866b4c28836f6fd5682e7e7105c9.jpg,train,paper2121,17d396cd3766b9273fc707480734b46e7f56212e83da51a490bca48c6f8f69ea,416,416,6
train,paper2122_jpg.rf.891d2a6c17dc1c76df225a5e10ac1d02.jpg,train,paper2122,353caed483d771066218a967bf111806f1a85e04c056ee02301c930bd7f112a1,416,416,1
train,paper2123_jpg.rf.2dd4be095a382d4d25112a209d8b6eca.jpg,train,paper2123,0f640f4f6e991e341ec756712d27d9f783d1facc6be0246c35fe92c9080b2597,416,416,1
train,paper2124_jpg.rf.32fba22a26a53c4f35716ad57cf3bef3.jpg,train,paper2124,30f03dcb0f84602a7331bb247200bd80a078c27ab1a9395159dfdef4648e8f35,416,416,1
train,paper2125_jpg.rf.b40692f3f96b232007a4e02efc0fc92a.jpg,train,paper2125,e2386c20722ce8ce03397aa1557c520eaf3428e02a5cd891b94cb975d1c1dc3c,416,416,1
train,paper212_jpg.rf.0c7c57f3a193b51dfa5f1b49b1fb4434.jpg,train,paper212,d882aa0e1ac9ec8cb8fc93fca7b81186b79299c23852760d2e9f149106924b89,416,416,1
train,paper2131_jpg.rf.d98d599729552635debfc9de56bfadb2.jpg,train,paper2131,84a9802b01ab3c960c7b58d406e421cb0cbf041feb3ebefa3d16c5b7a4d7c82a,416,416,1
train,paper2132_jpg.rf.2f175b9f7ee02e9b871ece5cff92129a.jpg,train,paper2132,76c6cab8ad37a808b08293047d45f5496591f8806aabbf56b9c83105c97f37f4,416,416,1
train,paper2134_jpg.rf.c9873c22fedaa2ba5cc7c9df8aa69a61.jpg,train,paper2134,3519c3bf05c7340fb024b84b8af425717c67454330428213d1e5f68e6853137b,416,416,1
val,paper2135_jpg.rf.41624370fd0a3194ee0831c8cf0859f3.jpg,train,paper2135,cd3770a83ae88523d119b2c832ff715fd48877a75b22a0e272c6b7c4c524bf1b,416,416,2
val,paper2136_jpg.rf.dff07179db2a559b506564ee26e0dc9c.jpg,train,paper2136,fe311e55abfdc421b43dbb5ded4bb221188205acc01c7a67e365826557571088,416,416,1
test,paper2137_jpg.rf.e1906a831c25942c6b8eea410e4895fc.jpg,train,paper2137,fb06010179fdf3ef494bf8cbdbb181f8087438454f3a0365d5d23a08d6e7890e,416,416,1
train,paper2138_jpg.rf.3bb5ee22d587845faa4fc974d1a82fe5.jpg,train,paper2138,5b2c999913ce046fdbc2cddd55fd7630f71c9b8ac1969a4a27f20d50b159082d,416,416,1
train,paper213_jpg.rf.5d14ae89ba3d8376c1e213eec97c22d6.jpg,train,paper213,a3b750c675ab65bc1e38e617d56a74d4d1394f10d29856ed170a92e4e9c1428d,416,416,1
train,paper2143_jpg.rf.455879f99b388c03197c85b80958ed0a.jpg,train,paper2143,544ab312ea50d259415ec7310cb6a792fa16fa51b6586b0fcc03759931cac787,416,416,1
train,paper2145_jpg.rf.5b5b8a913b2859d3f6d2182f018a0309.jpg,train,paper2145,344f2fcf285163453b5210e6571fa1c995e0df267e35bb50d4c204eb0cfcd2a4,416,416,1
train,paper2146_jpg.rf.f9f91aab33584cea503535c42178df92.jpg,train,paper2146,e1132defd03443f5aa8a5cfa01d280e7e8a9a47c166e7f89d317e9d55dc60192,416,416,1
test,paper2150_jpg.rf.c80c8977e551d28b86a180fe7215ee05.jpg,train,paper2150,5ad4c24d6ac7cbdecb4487d1d0fd353913681c02f40c1ce2223c7b34debfbc3f,416,416,3
train,paper2151_jpg.rf.de376049604985e55a9f983bce6caec7.jpg,train,paper2151,c18559f9cb71604d905e7269c8c15aaf9ff7e0cb9ae2f08b69d284f529d1ace0,416,416,3
train,paper2152_jpg.rf.c1a1c674e5aa286ab08b1bc7a69b96ca.jpg,train,paper2152,93119a9751eb8b62d28ce27e189ddc31db55e7ca72ed533c0cc9f936b4b89dda,416,416,3
train,paper2153_jpg.rf.b36abc2f09671dbd40d0082cd494d803.jpg,train,paper2153,881f979b4b6b19f8d82420b1110caf4a27aad2abb8e76f1676aa71bde9b443b0,416,416,1
train,paper2154_jpg.rf.9a2f92243df118a910b1568f924c0e26.jpg,train,paper2154,995269d271364d65567735d5e702d5e3c312f8093f158205cd88387cae743e67,416,416,1
val,paper2155_jpg.rf.d244da6e2b9556fe452de9f7f45121ab.jpg,train,paper2155,1c6e47abe19a0a46765b0c8f47c8da471a0cb3bd2cbcc716e48e8afd35b906c9,416,416,1
train,paper2156_jpg.rf.3f48cf08021e003f639bd671ef1992c7.jpg,train,paper2156,72967d70406925e468a6da757c03e54893b63bb9818b54710d9b46398a0ad17d,416,416,1
train,paper2157_jpg.rf.403c35285c0193e2ffcee0f8e9830b66.jpg,train,paper2157,835905fe7f326d3079504cc865e76175f4ab54b8f6ecd2112e7dd324a1bcdb73,416,416,1
train,paper2159_jpg.rf.35fc9b06f868e842d5873e0014654908.jpg,train,paper2159,94ab5598fd3f26c99c90b51b4fbed588d0ef02e6d6242fc2991c2c6f51e9b061,416,416,1
test,paper215_jpg.rf.ef962c9252a7e3af48ee8682694652a4.jpg,train,paper215,2098c9b7caefcafada7de5203c4dd37ed8de670a398d0216537d494cdf41a8d2,416,416,1
test,paper2160_jpg.rf.f627370f725633d18e838cd612e15ea5.jpg,train,paper2160,7d72dbd2d8bd112eb11410387f4cd1bdcfd8d3cc05efdfa4e6a4317bbf2a9ab3,416,416,3
train,paper2161_jpg.rf.8be3935ddc56bb55cc4cfd3d226c61f0.jpg,train,paper2161,a8bde60f9cf3e1002c33f72735fce301819fc247b2dba3cc3ad5ad6b0eea0d2e,416,416,1
train,paper2162_jpg.rf.f552b6e6121efdbd2b6483339e48f988.jpg,train,paper2162,39e93631a1a5898fe68bdb9c64f566c51f6e318af7a306fcc89038b5c84d17c5,416,416,1
test,paper2164_jpg.rf.3fc6f632aa5011806640cadf19c272c9.jpg,train,paper2164,f16ebd09178a192bc0dde25eab1eb811179c230fe9ff511177a0036aa477610f,416,416,1
train,paper2165_jpg.rf.9c1cccfa5e1ae787cd2e441e11710949.jpg,train,paper2165,216186ebfef1f8001ce490ee63fb41c6ad3395b4d317a6d3c65528fa4d8fb11d,416,416,1
train,paper2166_jpg.rf.2e5c435094cdd3b554c3211d5d49af6d.jpg,train,paper2166,cbecb36f025d555685b2dcece3cc56164c13f7879db949e6b60bb76e54858137,416,416,1
train,paper2167_jpg.rf.d1907fa6232f666cb02be569206677a7.jpg,train,paper2167,3ba6668b80c36bca4a3f34c88a25e95396898e34c19c296688c6a43e41a75210,416,416,1
train,paper2168_jpg.rf.43f70d00fd28bd3018c78eff15329654.jpg,train,paper2168,06a97561d5a9593314fde1d144f8904f0160750af86dd9970ed3888846dff747,416,416,1
train,paper216_jpg.rf.8af854bc1fc4fd0d8e42f56c79943146.jpg,train,paper216,621e647d59f77161bb2d21e32aaa47eef75051fbfee4a7b46c835a04253e9946,416,416,1
train,paper2171_jpg.rf.abe6a26d48248c115a9e2566cac67807.jpg,train,paper2171,555417ac240692392d2a824ded09b437a2b1088b84e41021b755151e283981df,416,416,1
train,paper2172_jpg.rf.e923174e0d12a39bd51b34735da744f2.jpg,train,paper2172,9e86a45f39cd1b010ca62e8a52a2a13672d47f408e29a7385114b3ccccc511c6,416,416,1
test,paper2174_jpg.rf.3c837c161bb50736508765e9677b67bc.jpg,train,paper2174,85e1c90441bb22f97e3614f468c92167b2420d859c97a0c77a5eacf4645eb49a,416,416,1
train,paper2175_jpg.rf.e25bb29fcf2dc56e737d0439cd3304b7.jpg,train,paper2175,127404af1191277f70df509235fc19c5b5f192e78b203d6acf7fbec0d9d88eac,416,416,1
train,paper2176_jpg.rf.9e0f81c7b96dcded690658cca5a435bc.jpg,train,paper2176,363bd47576febbf2065991798c054a885e51546e2306d99e5eef6ecbe83ddf9b,416,416,1
train,paper2177_jpg.rf.f84d2aa09ecf8496360dc12a6247fc2d.jpg,train,paper2177,204fa2e05f4ea5defc5689ea4fb6f428305bb027113bc3b7f915269c81792e67,416,416,7
train,paper2178_jpg.rf.da728dc78bc3de3144bcf33b97a56487.jpg,train,paper2178,26d763f86991fe4c417a4d46e00f9e1f260038adfa40e5c305c0a98d6aa2e179,416,416,1
train,paper2179_jpg.rf.980491db19477a8034bf571a8848ab8b.jpg,train,paper2179,a5b75d0622857bd8662e8dcb92f94ca3ca6ebf6d3d64a1c33d3bbb8df43586bb,416,416,1
train,paper2180_jpg.rf.dfe86011fb4e4fb8ee3e25c1c35fb179.jpg,train,paper2180,e94887b5bb761b755d5a2ca42d262f74d524b50a44a2cf5a7340310adefc71f3,416,416,1
train,paper2181_jpg.rf.6cb01f0e0e158351b1ea07958ad9c167.jpg,train,paper2181,4189469de478816abab6612efa1735b939fe1eb3c8f376253047698a84f2ac61,416,416,9
train,paper2182_jpg.rf.f1df0e0e266f97b7ac1c4fee0563eda8.jpg,train,paper2182,84aaf902187e590efe1128f12c9c387fb4cf0a1440f204bdf5f117607ee9dd39,416,416,1
train,paper2183_jpg.rf.bc9f078baf76f3159a3b38d635061c6d.jpg,train,paper2183,bc077eebce4ae07d5eee9338e63dd230ac7459b1bb1ee7aff055efec0fee5a65,416,416,1
train,paper2185_jpg.rf.1461ac555f7770791140bb10cb2a8c0e.jpg,train,paper2185,74da0606a494e0f4518323f4cefd16eead48deeed676ae89aa44ed70c736618d,416,416,1
train,paper2187_jpg.rf.e81959d27982e4b1f55682f1fdb1e3c3.jpg,train,paper2187,c86928156c5460803e52b4477109e662a87300f47da54c75e3ab878516827a6c,416,416,1
train,paper2188_jpg.rf.0cf4e2e09f14feabd448900a524aa010.jpg,train,paper2188,3bb7a90f52c08e0e15632fb92893d6ee103b5a389f817584255074847cb628f5,416,416,1
train,paper218_jpg.rf.b9e210ffd7e0f9e09469dbe7ab73f462.jpg,train,paper218,34a904723ac630efb348270c32543b2ac489e607c3412e5dbca95922d6815b1f,416,416,1
train,paper2190_jpg.rf.90279ccfb5314e9601ae34d435c981dc.jpg,train,paper2190,3064b863ce3cd130a542fbebe88b9242cad1e8f81188482609350007481a40cc,416,416,1
train,paper2191_jpg.rf.beb555d56c542b5b176a3c38da612710.jpg,train,paper2191,894783e006ab1289e3b4e0c45057d7a2a129a56748ace7ab5aaab0a57ffb619e,416,416,4
test,paper2192_jpg.rf.b340dec31dbd710353e0efd46ffccec4.jpg,train,paper2192,f3808cd6e4f88d930c4fafa54c3577dcaf417a8ca4919b86d613ee1c3db58237,416,416,1
train,paper2195_jpg.rf.796f151c466b25fada4e0a1f740323e4.jpg,train,paper2195,52c4fe6aa0c360016d11f5a020525d1f44bdaabbd6fafb4600b8ec93c25a489a,416,416,1
train,paper2197_jpg.rf.441777489d4bd5caddba7f6366260d1e.jpg,train,paper2197,de3414a973c084f8ce0fd6254485cbef3a1e9974ff8f400a7205f619d8e662c7,416,416,1
train,paper2198_jpg.rf.3d607ba9528c64cc7e1bb88442447a49.jpg,train,paper2198,a2cc21c50f6462a2f55db4b63c219e916b6f202d29b75b2819f9bc57882dc581,416,416,10
train,paper2199_jpg.rf.281c5b4c184fec292e004c08fbef2c3f.jpg,train,paper2199,1778d2c2e825e39f439edea4b43f224456ca7c62f20926801223cfd424e842bc,416,416,1
val,paper219_jpg.rf.45986388a9af14bf4298c77f29eabfb7.jpg,train,paper219,10267f51c36eff47bcbf007817ff4338304b31adf6fc9781e8ee1e3d902abd82,416,416,1
train,paper2200_jpg.rf.183af86e3cb836095db35183676c0ec9.jpg,train,paper2200,f8c7da6554a1e9c07cd69025be7eb6180adf0e40e28382018d0f210c82ad24da,416,416,1
train,paper2201_jpg.rf.b6fa054c4e9b4f45233591ab9a24f123.jpg,train,paper2201,584b8acd27f0fe4cfe70bd10a58951d30aaa96ec34b13b8742d5c985f5b75107,416,416,1
train,paper2202_jpg.rf.8a4a929117be1be632e88004f72563c2.jpg,train,paper2202,c1b8444a0ad0d89b17fb7b77071879a4fb40c4586e025780ad309a5a7ad2b8cf,416,416,1
train,paper2203_jpg.rf.6e9a73cf744f3a42969443260d50b19a.jpg,train,paper2203,d27894055ab199920b4c325113c0f814ead2006700668d48e8878f364e6e8681,416,416,6
train,paper2204_jpg.rf.2ac63c3da7a283b97372abbd887cdbc6.jpg,train,paper2204,6ed8bf484285bb54fad45f484cae3988252e82e57f2009b2cac5a73595b581e8,416,416,1
train,paper2205_jpg.rf.c57840a1486fbd1e0e6a2647956c8db4.jpg,train,paper2205,238ca3e7e1c284c5342f80651aa0878d68c7cedad92b72124a806598176a4e83,416,416,3
train,paper2207_jpg.rf.89b6b99e3a06561f10f46b0e51127ea9.jpg,train,paper2207,287786dec123e977dde4e2ec21dc5ba05816a7f1963ca6820d2f45458efefead,416,416,1
train,paper2208_jpg.rf.dc290307c0cb583caf614ec5de7917cf.jpg,train,paper2208,50d522716f2c7488956b55a155fe2905229da528d72d2640dba2e569d7d2fb1c,416,416,5
train,paper2209_jpg.rf.f1062bd7035f6c5a47ab30be0d8cb4d8.jpg,train,paper2209,34052bb5f324298c3eb74f45c42c1b7170c76501b3ccc2a68d3517470086bd15,416,416,1
train,paper220_jpg.rf.c1b9d5272396370a3b896804eca79fed.jpg,train,paper220,76d0e6aa4b604402ba26ffeeefa2855a8ccd2aa47895990518bc833c32b19392,416,416,1
test,paper2210_jpg.rf.60bf7b5e08f20d9e790f836a24030b66.jpg,train,paper2210,91323f981a49658fa5dcb5b1239ea681aab7d0206abf98e9fb301e7a1c78c776,416,416,1
train,paper2211_jpg.rf.ba7f6868a5a7f93bacf64dc12e0c63bf.jpg,train,paper2211,be2149c01a918f351a39a49dc521fa5bf1affaca6c9fa06287ae92e401666068,416,416,1
test,paper2212_jpg.rf.5ad985f358fc6b9d6596047210d385b8.jpg,train,paper2212,97af7cc5bf4e43582f42720b18324c5b0cc7f11079007962893f78c47e64fc4f,416,416,1
train,paper2214_jpg.rf.5a1f5994d57caaf4207a90a82337c584.jpg,train,paper2214,394bead85d7f2d97c092cd04f5a02f51f723ce8b65d1a34634e6ac776bda43d3,416,416,1
train,paper2215_jpg.rf.6106114d140c669c5dfd0ebc21cab47a.jpg,train,paper2215,4ff9c2e920298f45bb5e7306c9bcd4b9f2ba6eda169fd399d644efc3ac57d9e3,416,416,1
train,paper2216_jpg.rf.8d0b9d069620d6cfe5f9384c85e6c934.jpg,train,paper2216,a408c031ea8c08abec97ede256dc321abf802372bccba7dd182f6f0572652d84,416,416,1
val,paper2217_jpg.rf.752cef9d1b6c825fa6ad8989a1c02f55.jpg,train,paper2217,b08c948b3762dd9b289241444c25be2c87212c2552507ae433b9cc4a9b2c8419,416,416,4
train,paper2219_jpg.rf.261a51b96a6ffcbfbe0598a66d323894.jpg,train,paper2219,fb2b75952d4d2d4068a6f9f48d001eac97f64f15923d0ec2672e1ac562d46a3a,416,416,2
train,paper221_jpg.rf.df344098cef7b70907d030ebf3744d4b.jpg,train,paper221,babd4ac91e84a6bedce08b36a14bb586e2e32d032a8a69bc91fe4a37913a6d1b,416,416,1
train,paper2220_jpg.rf.912cd0c428cf445e636cc76f578a114b.jpg,train,paper2220,e899f636f32d0881c48caae973743fa615512bfe71959392926e5d429e2ddfaa,416,416,1
train,paper2221_jpg.rf.8fdab43e0d713b57064b0a5dd3ad1f8e.jpg,train,paper2221,423a3a4f292171a5732ca6a323f09b85506547e84235157b639c395f11e6e607,416,416,1
train,paper2223_jpg.rf.804263f60c97e91ce57d548e6a4a6517.jpg,train,paper2223,d0024a758d08e835598eff37c100750d500903ac3bbc583d0ef58893a1365d64,416,416,1
test,paper2224_jpg.rf.96e223dc21ebd4a306d99e9539134e4a.jpg,train,paper2224,4fb54fe16e81aa0c6f218a019a1898bfaea97f50f1677ca2e91a62a62cacac7b,416,416,1
train,paper2228_jpg.rf.5052f2819e6448ee0569600a8be13262.jpg,train,paper2228,9efb050f3190ec9ff77a47a11af4004f86c5d8a20d6eaa7ec0a1cc688892c609,416,416,1
train,paper2229_jpeg.rf.cb6d3d8aa84b3716a23bac2aeae88da3.jpg,train,paper2229,a2119a6238f6e0fcc3ccbb862e50844f6dd78dc656e514b351bc88d89cb0de1c,416,416,1
test,paper2233_jpg.rf.28aaca67742c00a8b614abada419b73f.jpg,train,paper2233,6daad5cadc8733e38b4c3ca5e95cfa16aecff3ed907a651024fdafa5fd786286,416,416,1
test,paper2235_jpg.rf.ac986a15454fc6efcef4d88746f663da.jpg,train,paper2235,5077c5142ceffaa984c1e0b0b023e1f7a4ff31cd1771baa75d489e1ea156842d,416,416,1
train,paper2237_jpg.rf.e41764bb00d228b3c8cb67c7e201a460.jpg,train,paper2237,a7775c01aa8d3e5e0d67c8eb4f849240f1423bc576fb358687baee090b3c9a85,416,416,1
train,paper223_jpg.rf.f81837a88d028ec658a03442f6689377.jpg,train,paper223,6c89fa7e6c30c8db2ce592868123e94c39c32a2d44d55435f98c88e60df892e3,416,416,1
train,paper2240_jpg.rf.1f96b5c19455b382407bfd4feb904e42.jpg,train,paper2240,31941befcf20948ebb4f6a7264a10ab0dd9eff746ed5ccf190e2b38a7cfb9b01,416,416,2
train,paper2241_jpg.rf.1e4936cfc9a7ab30e410fa80fa0cc1bf.jpg,train,paper2241,974ecb5628b4b06e46e8e78525453213e764686b3d0cb36bf02f0a5414912eae,416,416,1
train,paper2243_jpg.rf.3277124e0889131a68df356f85b7fe90.jpg,train,paper2243,54f20b9cc92e0f8e0a62083a00a499e38badf958e80d3b988779aa36e2234626,416,416,2
train,paper2245_jpg.rf.2118bb95931fc25355ccac935ee1df5b.jpg,train,paper2245,ea5a9d26a9b02b9b162ee38c4ed8f90b020e6572dbab93d701d0efaa1138475f,416,416,1
train,paper2247_jpg.rf.2f4d9da840d28126fade411d3b4daa5f.jpg,train,paper2247,712a57574ebb8db4f61296885d1c89a2740a14062b84256b7626e8e101b8aeb2,416,416,1
train,paper2249_jpg.rf.98f977f3be4861a05a5436ea6ece7d1c.jpg,train,paper2249,47a0ab60d1807c25221a3fbf4e0ca08ba882e61b133454316aad373f047635ee,416,416,1
test,paper224_jpg.rf.b1cbc09f33f218f5ab87710d25da45d0.jpg,train,paper224,844ff34c511c47fa0bae760b9c328cc6fe637bc4f8c92128b8a2ebcad7d30cc1,416,416,1
train,paper2251_jpg.rf.51462bf90546a4f8db7b79e74a78b2ca.jpg,train,paper2251,cf81d67ef8499bf5b40b2d8e4ce6ee06e5ca5dc28198ccf5e67ba0d9966ae21c,416,416,1
train,paper2253_jpg.rf.e1f06040b6896e3466b2df6c425d2619.jpg,train,paper2253,1db052e32ce9746acb48ead386e00415217bb0d51977a10c82d54fce9c826516,416,416,1
train,paper2254_jpg.rf.b5ad5d1e655d129dd8b6eea6d281bafb.jpg,train,paper2254,812ce29858acd49aee194475fe460483f81564d6576748fd5a093e760ff5112a,416,416,1
test,paper2255_jpg.rf.5e6a14f53f14d0394bac2d95eba1e665.jpg,train,paper2255,b12f2e530a37cbfddbfbe0aa272467a84a4379a3350c2ff53e9ad0786f6cdfea,416,416,1
train,paper2256_jpg.rf.56e4a0674a14428a16ed980726130a1c.jpg,train,paper2256,8a78e335f4fc7e571512835ab0f8cf1baefdd0962c5f1f7c475a67b54b141db6,416,416,1
test,paper2259_jpg.rf.d40965e2a5275171aaf0fdb2f8a4ed41.jpg,train,paper2259,3e7882f96f32f0dcfe3100c490c5298d7d695225abed36cd1d929a6f000781f9,416,416,1
val,paper225_jpg.rf.cd89d3e785333eecbe5464b4beb0985a.jpg,train,paper225,0fdfee955cc5dec4f4865eb441f9316c97abb59288c4fd25b0d35c283bda4828,416,416,1
train,paper2261_jpg.rf.8840bb781ae1595ad8f830d6fae721fa.jpg,train,paper2261,7e3496f4f04a4e8045e6aec84e1d1122e3ce0d093fcf33890a2b20b9f549748a,416,416,3
train,paper2263_jpg.rf.0093232f5903cb42bb66f33999b2a367.jpg,train,paper2263,3f10ac065383516b0eea58234f08270dc22bb64df057c32ee523166d0d029e26,416,416,1
train,paper2264_jpg.rf.e8837cc3b86e3bf10f97da22e3711e3c.jpg,train,paper2264,fa7bc94f8ae94ff68f486120c3749d73ed72578d84f0642bf77482aa070cf4f4,416,416,1
train,paper2266_jpg.rf.f51b9f0a17cb692caa84810d13ea3ce4.jpg,train,paper2266,0b731816ddf5453e80a8b10770d10f138d8909e59c1ddb71126e85d0b2b6cae4,416,416,1
train,paper2270_jpg.rf.feb1a32605a557f57d31312de533c817.jpg,train,paper2270,d94346b9ce79cc607358a98b92fc23eb5a5cb98237e81cc8b5231e1753f7e839,416,416,1
train,paper2272_jpg.rf.10aac6c9241fa474404b6e39e6234a6b.jpg,train,paper2272,0170fffc2db664b413e6939541dc9a1bf0aa647b8d247bb3288e32c49953b57f,416,416,3
val,paper2275_jpg.rf.10cc7f714d2d4a705092dd323a3f77b1.jpg,train,paper2275,6142fa9dc4c8bc92fe228d8994bb4392ebbb65feb2c7470125fc36b8c2e964e0,416,416,1
train,paper2276_jpg.rf.21404f8afa45eefab915ce965124b16b.jpg,train,paper2276,9f7fa87bedc9c854c22be777c69fbb538638259886741802c8a0df3607f238c1,416,416,1
train,paper2277_jpg.rf.7096fecd773ac70a3187763d2d7a6a2a.jpg,train,paper2277,86e43c28b5e1d4ff0a590cd07146514b96fbf942e9502ef5ef57432f83be6838,416,416,1
train,paper2280_jpg.rf.adf4788e4bd72bb35a6480eb03e25cf0.jpg,train,paper2280,b33f0623f01635ff1110cf4d4b3f22b4c95217cc0b6d711a4ed9a5e8a4b31e92,416,416,1
test,paper2281_jpg.rf.2dc4043c0074e22540b48a7b2701cec9.jpg,train,paper2281,204de3997b36b48262c1d5b3bd72b9bab4e602effb4e13d3e8ca9ef300ad076f,416,416,1
train,paper2283_jpg.rf.4728b9a85996fbe80a17e0dc139124dd.jpg,train,paper2283,1e965bea0b415704f5d9a662fc9cae31ccb3480a34fad304ebe9ae435c5ea421,416,416,1
train,paper2287_jpg.rf.3c0130a038674d255ecf685c7205e01c.jpg,train,paper2287,cbd604b4bde475f0df0a0ceedf16d4a10f965348bace30bf2e6ad0e1d695299a,416,416,1
train,paper2290_jpg.rf.906ab90258f2e9b4fd19c01a6db2407b.jpg,train,paper2290,88ea31491d0947a3fd7c2903ace9d75b8d1c879c2422318f230bbd3fa00bbf3e,416,416,1
val,paper2292_jpg.rf.424b65243aaee6eef071cbac2d1270f0.jpg,train,paper2292,716187476946e13701bf678692d620f801eadc569748e69840da1e3a282c0670,416,416,1
train,paper2297_jpg.rf.526d44944800d8fab58e3bf10901f3a5.jpg,train,paper2297,b590d733cfd8301bfea542796f2517d031a75169e5b256d25dc05bf0d9e832db,416,416,1
train,paper2299_jpg.rf.391477768950c7a5f08f3af7c5a1a66f.jpg,train,paper2299,289d6b2ad38f688d5484317fc1dc0278118e530a1da1c51d1469c3e1269c76a5,416,416,1
val,paper2302_jpg.rf.f8ba047be4606db8d7270dc747618f56.jpg,train,paper2302,83e9a03024ec9f6d3d120a8af28afdc3f87dd6c2d24436edbe11c1909e04118d,416,416,1
train,paper2305_jpg.rf.af188f766532845b223c120e1c867a5d.jpg,train,paper2305,2bf869147b744084dc4a689f333f6a258134a5c352c4b321709bc33e90d0bf54,416,416,1
train,paper2307_jpg.rf.d873d4bca5f5e77ef4933fdf09887f78.jpg,train,paper2307,455f5de4deecb2648c2d0eb49f4479f55dc6ebf29f4718e7b57393be0eddcff9,416,416,1
train,paper2311_jpg.rf.38dd87e894888e1e47e5f76dd8aa7fd5.jpg,train,paper2311,8bfe2b0f4373134955afd35c2ec2734c436fb4236766d916ec7db2f27381f61f,416,416,1
train,paper2314_jpg.rf.eb20e3e55e642a34fc527c1f2eba7a83.jpg,train,paper2314,a584db2e948e9c7d02bd323f6e4a483d570e2c4386a68485b541079c2e7cf6b8,416,416,2
train,paper2321_jpg.rf.dff0b9510f88cb888eb6fdb058cbd164.jpg,train,paper2321,df8fae3735971b4c7101cfbb1d196e08c5cde73e3ba21dd9e3e3c75c48d24bd0,416,416,1
train,paper2324_jpg.rf.f80b4b1d101f4b08b492087245ec636d.jpg,train,paper2324,634e23e9aa894be3e72f4c0d3733ff0748235b589cfcdf5a7505eca4f05c3344,416,416,1
train,paper2325_jpg.rf.5b57173b05da0d77c7708eda5497d60f.jpg,train,paper2325,74666ce121cbab1f25c7a05d97007988b04fa6b7c0ead0402ed3dc4fcf28f18f,416,416,1
train,paper2327_jpg.rf.6fa745aa10e1dfae724d452e5d3c9b1f.jpg,train,paper2327,c0e5287596f8d8f8031a5b2b6269c422a6c156127ee51dcd4cc1a4357a400c13,416,416,3
train,paper2331_jpg.rf.19afc0f10142bc6fe0e3647f5958788e.jpg,train,paper2331,ff502fe77e6979f8ea268f2e9346aacb40563ce184ac06bcc504cf037c6f822e,416,416,1
test,paper2332_jpg.rf.b20651e247d66a57681826f890b7dd39.jpg,train,paper2332,b01d075071208e62956d7ab90799d9e70e3a588341417515066438c7a51b607f,416,416,1
train,paper2333_jpg.rf.caf4f5bb5aa38f216dfae7ad1583b226.jpg,train,paper2333,5d256feef0e1d3308178da3ccbac8c29e114587a77cd161f4e9c0938f9c2891c,416,416,1
val,paper2335_jpg.rf.de0a751a15586ea34b74373f2f80c4e9.jpg,train,paper2335,86dc1bca6496b23ae7403bc2bf761b1aa544ead9ad732d860f83ab97cc672124,416,416,1
train,paper2336_jpg.rf.7cc8907d13ecaf39adf431c567ab2543.jpg,train,paper2336,919e5c15fe0821ca7305401fd2089228f41f9e73e66c66e6de991d328aca3381,416,416,1
train,paper2337_jpg.rf.c33ebdb3d8df1eb1b40e8e1dc5252a8a.jpg,train,paper2337,d245e418b6778b62f36d2365f7862cc5bb4498f948789877562f67d7ead8fea3,416,416,1
train,paper2338_jpg.rf.7d5f6fe1a1830719ca3b5a215b7b5dce.jpg,train,paper2338,a058c1d01c6be943fbf947d57a92b30302f518186c929754f00d874dd6a8bfdf,416,416,3
val,paper2339_jpg.rf.4e5560555b7bd2bdf7fe2dd30d58b9bd.jpg,train,paper2339,532dca1afae293d16970dc7652e95434252323c535f8fe5cfa499af9e5af3e78,416,416,3
train,paper2340_jpg.rf.969055f6353396fe0813c436e22ad2da.jpg,train,paper2340,c8c93c35afceb430b83ba032e097703e42c2380816d4fa961bd324127883c04a,416,416,4
train,paper2341_jpg.rf.b0cf187c21bbe7909af4eaa134e8f920.jpg,train,paper2341,c14a19d0855bbc3da431e1e364fed4b2269f87103d70b322bd4f6218bd73ffd8,416,416,1
train,paper237_jpg.rf.7e41bf8494ebbf09ca4aee303120805c.jpg,train,paper237,2eba4b27be046ba4c4fd5a9948f40a9da082e7dbfc4bf1008c022af6e9c56a97,416,416,1
train,paper238_jpg.rf.45dcbb9e3be8ef3f734bca27c3ede6ac.jpg,train,paper238,f130ead9dc9a58c3f2e18995e2522a4d8522d587329903130d6fb2f0d3a382f2,416,416,1
train,paper239_jpeg.rf.b4f5f55bda6d81746f7c08042df0861a.jpg,train,paper239,dc026c54d518bf8a49dbf478efb029ce1f10fef1b540fe365f6135a989e277d0,416,416,1
train,paper242_jpg.rf.511c9fde818d32d2b9e8345e90df586b.jpg,train,paper242,1a0a1baa537b42e0f7f9dab648df99367eb8123a11e905be1d0aef637f72949a,416,416,1
test,paper24_jpg.rf.c3b824590a93610577d5c827be1ea632.jpg,train,paper24,e1e13d9cc2912ee7bbc847fe4628ad248d41f80dff39de6ff5fe925d56d98a5a,416,416,1
train,paper255_jpg.rf.b6dc9a6961f29917d01296d47af1f959.jpg,train,paper255,c70dd4bb341799a51d63136c8de417051a8dec75f67c009560185b7c27b8dd5a,416,416,1
train,paper256_jpg.rf.2298ed197ebd07c5ea18bc3ed1dc2c7a.jpg,train,paper256,04fb54f12cd2da22523c7a1322f19a9684418bc55b3052bdbe778f7a20e698b1,416,416,1
train,paper258_jpg.rf.17a344404301edf7545da9f4b797df88.jpg,train,paper258,5972d92b2fcbb6d490bdc186d4947bec8d2089edb9b6686801d18de435908ffa,416,416,9
train,paper268_jpg.rf.cadac343073c6d49740cfe24cff62d2c.jpg,train,paper268,6aa647b07e6874b85bced248e854109697499fcf3ecfe545481c7c17a49eba7d,416,416,1
test,paper269_jpg.rf.2075d9fbe6b5642f95a922b98380cd80.jpg,train,paper269,b70889aca421167d4dcd03c80c0fd9ea86745c0c2eecfc9cacc80f5376050eb7,416,416,69
train,paper26_jpg.rf.bb465cd2e1b8d92cd70eb06a7ff201c2.jpg,train,paper26,7b09e136f3bceddd92c6623c27bc386d5a97be549be71391c769b90a8e8cfe69,416,416,1
train,paper283_jpg.rf.1535e8007443b9b8816cee96e422dbbb.jpg,train,paper283,10c72aaa74cff11366b8cbc84e0453f28ffd442aaf506d1b2b7294375fb776de,416,416,1
train,paper291_jpg.rf.791b61de5d92a1f7abbdb698b6389adc.jpg,train,paper291,1ff42c6f68c4efb766ae704002effbde3900f7020179fd0d221b30b3d7591c4e,416,416,1
train,paper294_jpg.rf.32b38841c598a86605975e0c941d7e20.jpg,train,paper294,7050f5f7403c7f1be86a6a5450597b24b4cb9bacfe4410901a05abd23b73e77e,416,416,1
test,paper297_jpg.rf.e3cefe7f60fed1cd98baa2e9e4d2c151.jpg,train,paper297,965a05898c2a9e52ddf3607dbddfcb1d5e710ab4c13aeaf7e73771f457bb5333,416,416,1
test,paper29_jpg.rf.6bf491c6362bc474b08717d99481f3d2.jpg,train,paper29,9dda714e9e0c4465b8cb076d46f31de04447e74a2c9327ffff5e7960c8784b5b,416,416,1
train,paper2_jpg.rf.1a7d93c01908ae0f7356762eb0c10e97.jpg,train,paper2,8a0f2110ebf3bcbe90169fd8494549625e2c29b2bbce4630122b37181417b00c,416,416,1
train,paper300_jpeg.rf.4d4426fdc864cf8bad41e64cdda6fff2.jpg,train,paper300,b15a274b811b78b1b6a8414f02b43afafec38e4d78b5e57ec2e26955a2290f5a,416,416,1
train,paper304_jpg.rf.2bc2335d0e32fb9b33748efe72f48334.jpg,train,paper304,e87d993b65e0200884d3972595c0f81264046935bbc7250c27db2b7bc38e7170,416,416,1
train,paper30_jpg.rf.9ba61ac26b83e6d26639508049fdda4f.jpg,train,paper30,a278527c2a567bdf7f7ece6d70941f1d4e9f50103ebd9da294c7afb69cb68e32,416,416,1
train,paper316_jpg.rf.a46be0721c2aa7556ba768bae5b6a8d5.jpg,train,paper316,c92fcbfe76bb2dddd4e395de5f02dbc6f197f27cf8c41021d5d1352ad12e9a48,416,416,2
train,paper329_jpg.rf.2061a39d87b0e1c6f127a369c7164345.jpg,train,paper329,e25d4b3271caf20739cbe5b52722de926323ade70278b24558f07f74cf7eeaa8,416,416,3
test,paper32_jpg.rf.8e1baab0031dffbf344c990f3826b16f.jpg,train,paper32,36fdb2d352b968ebfbab0c569ed59c9cf2c9f2e9a5df8c71ebe571c88dd38e2f,416,416,1
train,paper335_jpg.rf.ddf2c6c0ff018642fd0fa0d64336dcf5.jpg,train,paper335,f0c0d6f30f5d35601540fc5d42f9962344023759d67b843e901586b808974635,416,416,1
val,paper33_jpg.rf.2c158e273dabcee0bf1f9294df187673.jpg,train,paper33,11c267ef25208d41171111f7dd6133aef4fb1b8c4229dd218ac291c11abbcd3c,416,416,4
train,paper340_jpg.rf.484ac82a004d000f5da1419c386a4e60.jpg,train,paper340,053447c291bf1be14369ab21345cdada5c74d9e6d9b8abfba8382d15cd8a7432,416,416,1
train,paper355_jpg.rf.b9f883954e850fc070342ebcce002882.jpg,train,paper355,6b8912bfb80ddfb219e062959546c4ed37d1674523b5d74d1b5faca62e9f96d9,416,416,1
train,paper361_jpg.rf.bc1b68d1d8c93a3c1458161048032ef3.jpg,train,paper361,5063245f294ceae7db27e0609980d1fce39b8cc1ab842a6ae26f3eb402faabd0,416,416,1
train,paper366_jpg.rf.9f61906a5e8322643667dcee94c0e695.jpg,train,paper366,16aede8111abc3b7303381d7c9616eea224eee5f7e0cb9f8c8570825d07d79b3,416,416,1
train,paper36_jpg.rf.fa04debbacb805f61c1345f68c9b1641.jpg,train,paper36,440041cf74de21f1d2b872ac6959572286bf71fb9acc0ea3a1638c67a54c9c67,416,416,1
train,paper374_jpg.rf.663c4e539575bc5fbe1f7dc18a84564a.jpg,train,paper374,92dba14353c8c35e50b8d826517c7e66f353600f0a2185e1db579e657476ad05,416,416,1
train,paper375_jpg.rf.3810ff26c93bc35c3ec61f116043ddff.jpg,train,paper375,c8c98a61db3ef8f239cbc6abfbdf7ef1a82ba4c964a4e7d8b1c4521f65060b22,416,416,2
train,paper380_jpg.rf.0dfb4349ff248791951f29051afe53c1.jpg,train,paper380,fd7201889194f0b97c4b6756c3ac10fcc853d078c20ae65c75868e225b5facf4,416,416,1
val,paper391_jpg.rf.15a911732e902d2cfd9f412317ed7704.jpg,train,paper391,9e6a3c7d3869ab8bf1a38c26db2a8ac9f5f2d44b73edc60c6650486ce57e2cef,416,416,1
train,paper397_jpg.rf.02d119caf369013fdd045c58a4d59cf4.jpg,train,paper397,da1649df3c7947ce6d700edf3b7336c8a7233aedc7ddae3c361bcf987e6fb4c0,416,416,8
train,paper3_jpg.rf.945ca41fe4db9d1a9b1cf346fc6db7ec.jpg,train,paper3,6144cc750f77ee0f08e0a2bcbeb02920be4dae654f578b7b065917028556db79,416,416,1
train,paper402_jpeg.rf.20eaf383a95b625ce18c9c20050eefbb.jpg,train,paper402,c397b1b06d644ca8c68bc5b8329306067a45b988e0983f65583374ebe3b2e875,416,416,1
train,paper405_jpg.rf.10c397807456491d318739f2ca3c5d64.jpg,train,paper405,2b0b6629bf565e35d8f58aeb5a7c1a71a75d496542e806350f7d45ce6e2e607b,416,416,11
train,paper409_jpg.rf.52baf46cefd2b9b998a4dfe2c0b399f1.jpg,train,paper409,bbf84d3bc75b4c7091b31ff8a3f17eb98c5152cfc1a262554fd1bad2033c42c4,416,416,1
train,paper40_jpg.rf.5ea92d41d922211dcd4e62ccc41b6e21.jpg,train,paper40,36136aa21af7c43161e95bed68ffe173395c5aceebaec17e178a4cf8401f7875,416,416,1
test,paper422_jpg.rf.8501922241515d574f16f32c025ebe82.jpg,train,paper422,22723d64564a7ac07877d6c6e27a47f074e3fbac7feca905f501edc8689f9cec,416,416,1
test,paper42_jpg.rf.89c3c2ab75f56990766a64b83e385950.jpg,train,paper42,86cbc3bcb717bc5a5ec2b4aa229e797dd42b98df9059fed4f78dd9388a3617c6,416,416,1
train,paper430_jpg.rf.311b7b1f937084012244c85eee1760a1.jpg,train,paper430,c1864b67657386604edece22fe5ed78aefaa4258ec6eac97473ed7544bfd78df,416,416,2
train,paper434_jpg.rf.fff9e57c1a3029cc2e592135cb8ef956.jpg,train,paper434,01d02f83e7436262879de897327e220db3b932a7d7eb043668ce9c4fb667ff5f,416,416,1
train,paper442_jpg.rf.283d501b61933626018b048c20a22ad5.jpg,train,paper442,5bebfe0ba535feca8f90e719e9040d0efb98fdd86b536b174be28ba9d6420db6,416,416,1
train,paper455_jpg.rf.3e5120e1a701e3f153fcaa8746bb5c15.jpg,train,paper455,8ccb9ec5b4e7001ac4e551d52b0e49f4a5c2813f4f9056b738520a8ad382d9ce,416,416,1
train,paper45_jpg.rf.3cfea38e8b1a49439d7874ec6b0631fd.jpg,train,paper45,2de0a00bf9ea4114dc63e1df71593a95c63e597c15f6febfcc4d4e64f7aedf8c,416,416,1
train,paper467_jpg.rf.6ed530e7b25cf1a6515ae2e33f5abca0.jpg,train,paper467,f8bd9cd42f0f06225c57d0c5b7785c5fcda5d2d1e4a4ed60bd2de1f64d9e95b1,416,416,4
val,paper478_jpg.rf.8643332558dd8757abd657911d0cc12b.jpg,train,paper478,d7b53df2fb97fdba3af41f7e420934dac57cd9e9cf32730e070ea5d5c9a75e12,416,416,1
train,paper47_jpg.rf.24515ae0b552096f4a8424cac82b7eda.jpg,train,paper47,37f1b91f50dbca2f3da302b670fdf6b2cf7b3d9dbf14e91d04237e7015b90b59,416,416,1
train,paper486_jpg.rf.8fbc76efaaa147ec491fd8d0f815c54c.jpg,train,paper486,7ab210a935b325a9c81ea693c3f2bdb6a820a6faba3403e84c03c7862f121701,416,416,1
train,paper491_jpg.rf.3f955d205dba67bb91800620c99a4a8c.jpg,train,paper491,62fd2ae04af9d0c8c703cb64010aa70673c28a763ee2d455eb5ef70d1f3ca86d,416,416,1
train,paper49_jpg.rf.4463d82ec66a5782f3d127e92fb40433.jpg,train,paper49,f048b5daa1c50bbfd348e1ba0b1b4c171b5768c8bdba7c3c556874b4b6858ebf,416,416,2
test,paper4_jpg.rf.4ed6d74198799a94a72d9c9d0f5c1859.jpg,train,paper4,c2a7956088eb995d3ac8a6079f0d6223fec3b3216fb78108ae4c3dab6f791e22,416,416,1
train,paper516_jpg.rf.7611ad28dacd1d05c8fdf4c9bbed7e78.jpg,train,paper516,d2a7228efffe6b0f39176c1eaa0fff742275f6a89d7f450e8fa0dd97506091c4,416,416,48
val,paper519_jpg.rf.5b0bf7f6681c1968ce1137545dfe20dc.jpg,train,paper519,2022d4a1d392e5f7001fc3abfc8e0bfc3d89089ce52318367c1a9de26d58b78a,416,416,6
train,paper531_jpg.rf.a1af347d77395b986062a228dbb9315c.jpg,train,paper531,89cf058093a9ad84e594c181a1837c24491392205732bc823c1aea793d09624e,416,416,3
train,paper534_jpg.rf.a26185ee1e9b506e5ae7f259f507bd88.jpg,train,paper534,ee3e6cd6e2fe89e3c6ce7a3fb0045473dc8fa6a55d40802c8bef05787d358b00,416,416,1
train,paper53_jpg.rf.0d40fb9d84f07f2eb717f91fd6b1ea6e.jpg,train,paper53,de677fa4700f716e03e92ff19a513e28e74302b32043e0671ed9d73d598e889a,416,416,1
train,paper544_jpg.rf.b38bd29f87703080315f93cb77227cab.jpg,train,paper544,66f949c2721c7ceb58b766e98f9b48ac911fa24a713f87200a6a69ab0cc061b0,416,416,1
train,paper54_jpg.rf.3866bb4bc9406d92e63079557a04cbf5.jpg,train,paper54,e2340dd0d35e6ca40a4974a06961a8aaf279be81bd9c202951989e39004482ec,416,416,1
train,paper558_jpg.rf.82ef46295fabeb8f3a942e2b3e6328e9.jpg,train,paper558,695cc1484b99934c3d44e661bae21d0ecaf2ddadea25e63016508f97b98021df,416,416,2
val,paper55_jpg.rf.4281053c1321bc9200b378d70d0e003c.jpg,train,paper55,4eacd48ac18f3e6c6839e9ed8d5cee90ed837750208d753895b2914fb59bb1d1,416,416,1
train,paper571_jpg.rf.ec27b74b6480b9ab8a261f66c66f6050.jpg,train,paper571,75742a68f2b5804793e3bcd12512e04e783ee71c2e1a152613b91975089f2844,416,416,2
train,paper57_jpg.rf.85c1298034344721935d12a662f920bc.jpg,train,paper57,09f691c1e3b647172b01454e048a1cdc924a67c84f84e8bb2664beb49c9d5848,416,416,1
train,paper589_jpg.rf.258d90d325916b7d79d7d3e656c00b3c.jpg,train,paper589,f440f667eb7003e565211f26dd18737f52fcfa3207ffa8c21e3b10dba438a93c,416,416,1
train,paper597_jpg.rf.b37de31e0076218a4401b8e4d91cc675.jpg,train,paper597,8c4852d329140d781025c01cde1adea663bf1258bda54ce6c350e7ea0619a848,416,416,1
test,paper59_jpg.rf.e8a251fd9a01cdc40dceb37c37d551d3.jpg,train,paper59,801a6ca43c941d1d9c14b5a05e554e229372b7bfdfff96570f54fec4542df9ca,416,416,1
train,paper5_jpg.rf.ec4e7a652de00fb811b064ed540aa903.jpg,train,paper5,4de175734f7941f8ab5fefe70ac610b5f2f3f0c5802bd14fc0e34bc5d3364611,416,416,1
train,paper605_jpg.rf.f7cb9fd9ccfbce2186c54df5ba2e6b6b.jpg,train,paper605,3ffce11b17430543c0c9cf2afde93c0fbabf15e92cf894e079ebac01c58fc918,416,416,1
val,paper611_jpg.rf.ae3c06d96f129bfbbb86e958b1b7524b.jpg,train,paper611,c339796faf431b5173b2ce2d91e781d405ff70d51ef3bb59fb1e0da99a60da46,416,416,3
train,paper619_jpg.rf.ec50dcd7beda143b40cd5a6dffc8a50b.jpg,train,paper619,bc4f025cc0a113b6862013604e31ca466b18eb0dafff022b8afabdd61ca5191a,416,416,3
val,paper623_jpg.rf.c850d9e9d06dd6f25e3de7af6c43ddf0.jpg,train,paper623,1c378ec8a2d39c23b15870153ac3e2742a61992812648d19d87bf4c833c8cfa9,416,416,1
train,paper62_jpg.rf.9c85d0d8544d265ed2acb16c387011a5.jpg,train,paper62,eac6e98bb505b0ea8ff195b26c53e7d0b7698c9c854716e67899ede233444542,416,416,1
train,paper637_jpg.rf.d34960636154b1b70236ecdd6917959d.jpg,train,paper637,84c0fbf3512dee5b5989f5a8152d1ada2d53c870cedcccbf0249270600878be8,416,416,1
train,paper648_jpg.rf.5509c142db8a262f008faaec1c7ef0f0.jpg,train,paper648,10e44076936e146f4ff1af024d637f3279ec3b9c72e0e7b3b010f977a7353655,416,416,1
train,paper649_jpg.rf.fa89181aba7571eab0b5c3144ff6162d.jpg,train,paper649,47e197fa6032c156064533ca7d23c6711d537bdc8dbda8e17b8b777f9bbbef97,416,416,1
train,paper64_jpg.rf.d38223d3b05350a313b949c4b5efd8d1.jpg,train,paper64,da285d37543281f616dc897ba369603cf900a28a8f01c74b2f7c103119906145,416,416,1
val,paper650_jpg.rf.a6e6dca9feed4553afac30305d929adc.jpg,train,paper650,f54adcd170c50aaca7244110502309c9a39d07b7e453928dbfe3007b834f9fcd,416,416,1
train,paper663_jpg.rf.e887748fa0a0609cd70b394aa289fe96.jpg,train,paper663,280a21527f9541d1a09c251e87f267257008185310c0e138add6385dbc864d6d,416,416,1
train,paper664_jpg.rf.8eff796907f7876c5887ab7472ab2568.jpg,train,paper664,a194bacf0b7b36f06cc47d720f3289d4cbb13a86b0f216fa9e64c0d476c73ffa,416,416,7
train,paper665_jpg.rf.1e8e81b9bce2439cde7d0bf1c9f8fe83.jpg,train,paper665,3692cddd51803aaba426dda66707f838b272b23bcc7e8c8fb11d67fd6c5f225b,416,416,1
val,paper669_jpg.rf.fe31e313b4dd4b1062d27946440d7b8c.jpg,train,paper669,9ee40de21b045f3416a636cceb25b79daaa7452ff12d4ab129a2056fa66eceec,416,416,1
train,paper673_jpg.rf.0991e239b1268f0ce2c5002f18823830.jpg,train,paper673,6ef6e570f68335b87996ea00cbf24bd577c353c5b519795bae941d219debed42,416,416,4
train,paper676_jpg.rf.4eb5174988bfc5bed2d310faffb015b7.jpg,train,paper676,3ffcfd3694ac83635e07af7e89982618e681bf74eda05272f7d55d8602654ccc,416,416,1
train,paper679_jpg.rf.d5823ad67136d92c0b9afeb747919695.jpg,train,paper679,1e6352a07a37f5a3be69f8c6173f4a499766b92c2d66888706adb4a2993598f2,416,416,1
train,paper687_jpg.rf.fc8a2175cd251fe54c0a150a8d0186f3.jpg,train,paper687,b898fbb49bc3336a60e90ffbc30e98fbe0a6f299a979b9ac0f8fba3463ac3052,416,416,1
val,paper68_jpg.rf.e685c3847509bc35d9519c330b0c0b22.jpg,train,paper68,8117d4a00fae165cf00d80494cea7d08698704dab8f84cc75230624ffb073cac,416,416,1
val,paper6_jpg.rf.c02c82fa3bcdf064311aa29b3c1de735.jpg,train,paper6,fe58bcf0809a03536f4632d1d177f711efbdce269b42895c6bbbb648a3b2b29c,416,416,1
train,paper703_jpg.rf.ec3a52830d1720fcaacac71c59cef256.jpg,train,paper703,19663853d6d43ed0d1eaaf29a803711ab57bbcf443c4e134017a2f15ac47fcb8,416,416,1
train,paper707_jpg.rf.1518660e8859a5c0e667a3c92332327a.jpg,train,paper707,a2cd0074d2f7963ac5b3ec4910fed461e5e76658603b4f9d8d453de07b2293bf,416,416,1
test,paper708_jpg.rf.cc9e7ce5668808a8db72f1972f947cb7.jpg,train,paper708,e937bee942240b88f5c5b71f4e32dcf805fedc5985f335a7367cde0f9f2f9c02,416,416,1
train,paper710_jpg.rf.98fc2ff9596ab301c01f00c865ad574a.jpg,train,paper710,08d6b02df78783e6f50315e489dfc1b33814b13fb2b5d9c8c34d5148eb698917,416,416,1
train,paper712_jpg.rf.ca431e191271ee777274fdf183381d40.jpg,train,paper712,43b250f9f7f2751086d6d9af940ea1f5aea3648696acd2bd2370a40a8b96c9bf,416,416,1
train,paper714_jpg.rf.416e38d0099d3d2252b84f90a589ba5d.jpg,train,paper714,1c4f1f8fcacb6fb704a8a639b5de9837e6c332e560bdbecb2cf71e06c355cdeb,416,416,3
train,paper715_jpg.rf.b85a907ace870581f841b4733e5f9f78.jpg,train,paper715,386d471251240404b9d70255b8f37dc7afb284257b6d67579a92e73c4f5de188,416,416,1
train,paper716_jpg.rf.57a994c12364624cea56b49bc8e5f06c.jpg,train,paper716,4d3a440ab459a409550cc02e8319569585f33fd2c60671d27a72a59de2409c1a,416,416,1
train,paper717_jpg.rf.98dab9cd73529483d8e767cb94b5d36c.jpg,train,paper717,79614ecd803d72c60545aa76930af8dbf68e0b40fe57bcb1ede874a5a2bad951,416,416,1
test,paper719_jpeg.rf.6536c0ae9795d948bebefb60b45f7200.jpg,train,paper719,d1649c617d7a7d83f022d6a5b5c303c8b6984676cee59f56e91ada0b95172e8d,416,416,1
train,paper720_jpg.rf.0e0afebe9899e56084a8073849857dc9.jpg,train,paper720,187a677290bbb353646f3a1966f6a241bee780a7bb2b2af66bcfbfbdd4e5e11b,416,416,1
test,paper721_jpg.rf.e013d4c4447a4749038ec4a88429e811.jpg,train,paper721,7a34e1d65dc11751cb6ab48df3093ad7507d7685725dffd6f006bc243684c4af,416,416,1
train,paper722_jpg.rf.8f918353d38de2059f012c01195e7b72.jpg,train,paper722,655acd68dd6531bd7ea4c147bece5e0b22208a4c91e3475614c8333248f246ad,416,416,1
train,paper723_jpg.rf.3124c641d9e6002c1ef9946f4f22a4af.jpg,train,paper723,daa4e70b424c7421211bc262840cf2971d8325bb1c574205d4bc517d48211c53,416,416,1
train,paper725_jpg.rf.2a496c0f65446a947f76595510c4fb59.jpg,train,paper725,bcec0f94d28c1c2ce8b9b03022c92c60dbf93d8cf152116b2461a4cedc39c413,416,416,1
train,paper727_jpg.rf.6c78cd6eecadfecad4851e06622cce29.jpg,train,paper727,cabe73c5c149d419762b3d947faea4375d7df260ba0a756c141628e8751a0ce9,416,416,1
train,paper733_jpg.rf.7de47748be1a406fffa4a1be36af050f.jpg,train,paper733,e24ac821c308287ef4b69a67e3d880fcf1b081791df5a9a7223d467d7e339e94,416,416,10
train,paper747_jpg.rf.139ba9929d96de27a29868bcd59bbc2a.jpg,train,paper747,9c8b354ac7aeed7c9537753c18918dff89e99e1ae55963571775d9e00c3fd26b,416,416,6
train,paper749_jpg.rf.6f4e7055d48839d5afac84fd9190d215.jpg,train,paper749,9cf7820693fa78da91b810a4c1cda0ae8c2045f229eef7a90812b1a83a9b0439,416,416,3
train,paper753_jpg.rf.ce0f4bf5430d6d2a32b09157371d1743.jpg,train,paper753,4a4d34568d40e76a98ca0e4821fa85b5fdcdaf92dee5d0de8be9f4389aea5948,416,416,1
val,paper756_jpg.rf.68777167b445afdf2673b4e9ed0ef473.jpg,train,paper756,08956d785f6657c7e07c1920d775ac120ac814bcfbfcb122680a6b3f447a2a23,416,416,1
train,paper759_jpg.rf.93c0e2559356778b21cb7847552436d7.jpg,train,paper759,d160fb4d10fac55d7b35da1fc9baa8ab7685769fef22d2a3457947e0c41c8774,416,416,1
train,paper760_jpg.rf.a82eeeeae4caf72552540415aada7914.jpg,train,paper760,715d7aabefff589ee596f53dbf8d992a9fe0cfe74163c0ad82cd8276fb2acdb2,416,416,1
train,paper761_jpg.rf.a7005e0e5b716c8e99986405c3002bb8.jpg,train,paper761,b4308db39361495bf16ce7c0f8887ee99d036abe9391f67177156ceffb19a857,416,416,1
test,paper763_jpg.rf.047b6ddce2cc875141e6c29530b20e34.jpg,train,paper763,a7aa0bab6f7af203e9fa0e7339a4437b8b952bab9086937f718b0b85e37b7060,416,416,1
train,paper765_jpg.rf.e2ad25410bc684db564ad70b8a8b980f.jpg,train,paper765,c37fa59b4fdcdaf9ac7b8168ef69ae360c12166ed8feecfe8b6f79077adbd391,416,416,1
train,paper766_jpg.rf.16caefa2abbc0f599eb74201ccc9180a.jpg,train,paper766,a03278ab0e632fffd762600b58135f5bd17d306ea639793a2a1202e2762cd6cd,416,416,4
train,paper768_jpg.rf.64bfc8915b77bfe9d3646fb0f00106c1.jpg,train,paper768,e5e3f0a712eb8d36a010acfd5af27d3297b19412a5db228153e36e38aa868018,416,416,2
train,paper770_jpg.rf.bcb8ccd89f8eee3fc262d5f9f2522071.jpg,train,paper770,2db2728514b905bdb8d4c9e7b55017ba93ee044ec33505ef0863a8219a363ce5,416,416,1
train,paper771_jpg.rf.56aa41464aa293114d15881a439663f0.jpg,train,paper771,0127535e19bd7095845a19318998ad00d5bcb75e9bb780831db8ae60752b2694,416,416,1
train,paper772_jpg.rf.38ac0897e84b2147af218c00cd561604.jpg,train,paper772,90ef4066e752eb5ff4879a36134decec4aec75e93d64a9c41eb10f4f2450470b,416,416,6
test,paper773_jpg.rf.1732a8f2233fb25cb6f62444c4ad7213.jpg,train,paper773,b0447034833ad7d322cf8168b3b20c212475da552de939b3ad6191528c6f9135,416,416,1
train,paper775_jpg.rf.afaa51c117970857dab57b21fca2abc4.jpg,train,paper775,8431a0c137984013314d91b06198aae65336d164bac43fc07a5d7934231ddc10,416,416,1
train,paper776_jpg.rf.3f869f30997cdbb67075269ce64cf630.jpg,train,paper776,1ddd856659d10f62e270cd934773026e01c30b1ab951e466381c587e8c395de0,416,416,1
train,paper777_jpg.rf.7860914b7eedd1525bb008b274745f84.jpg,train,paper777,c8f59a503a2733588df76749fa9f27f609dce3a506d80491c93bc6e12c333b5b,416,416,1
train,paper778_jpg.rf.c93fc0307502c8cb3865ff5558ec7ae2.jpg,train,paper778,3788c3d20eb5882923b24edc80e15ad986cd09b33111164985f19062baea18bf,416,416,7
train,paper780_jpg.rf.75423318e831b99a7bb1c2b7412e4ca3.jpg,train,paper780,c5e736138b3ed2c94cab0e4535cd3f321a8f7ed72f58c7c25c6fa0751093146f,416,416,1
test,paper781_jpg.rf.af00ce16ab1afe85661fe7ab17056146.jpg,train,paper781,f0bef7859f27fed2642121aac7ce88ab705bcc44cfd5981cfe4e0b906c8aac66,416,416,3
train,paper782_jpg.rf.eb87c4af2d2cb2acdefaf027ba229896.jpg,train,paper782,354f73be314ac114e0aa1cdb1ae1b8b7ae8a8d2ffb7caa8ae30d88a77fcd5d84,416,416,1
train,paper784_jpg.rf.de5c943534bc77cf192db995ac82077f.jpg,train,paper784,111647e489be4fc9511740943f3be45d418f9c5d1cb8c18c1650086c9c08a484,416,416,7
train,paper786_jpg.rf.4180d252e7d5d8041cde2e262c9db00d.jpg,train,paper786,ea3fed7842ed97640fc1a09b47f1436fa6f76331944d6247bcdf443f74038534,416,416,7
train,paper787_jpg.rf.a776cf355b31868a4cfda6ff51850600.jpg,train,paper787,15607a8e62c1e8ad59408b2ebb3b8b16d23c54a6168acb48e708c28745639685,416,416,1
val,paper788_jpg.rf.edd20dc8bc6525d6ac140a10ac9dc699.jpg,train,paper788,5e61746712f329cacbd93d3799db5b715dd08148893530ae179c8daff66f940a,416,416,4
val,paper789_jpg.rf.ef18c2a194dffe3679f7b4ae3b3c07e3.jpg,train,paper789,43c52c1eee4caad4e110e27c7bc4c65b56203eb547152d54f433539523e6d237,416,416,1
train,paper790_jpg.rf.e01aeafdece8e1d6365dc6709422343e.jpg,train,paper790,0322e65e942bab6c9431fc8c4fc173bbf998e360e6b11ae0a2762ace9d51025d,416,416,21
test,paper791_jpg.rf.82e5f8f95499596c6d211e6b4151fe5e.jpg,train,paper791,a05fd734ac3c92eeba83256b6caddc72561e75d723bcc4e9808fbbef03e27ef8,416,416,1
train,paper792_jpg.rf.d8c0cff5e1dcfcda30da9fdafa4df03c.jpg,train,paper792,0295822a8e374d1b74e5e66f9cf2cb67fbc901199ef8ce22d7756a3d61971f23,416,416,1
train,paper795_jpg.rf.9217e0dc5dec1492e5830dbe9776c730.jpg,train,paper795,80551ecb74c023895e3d321693d4eebc69b75d0f70a4ec841e01ecebf1b70adc,416,416,4
train,paper796_jpg.rf.8aef4419f2ad977c0bb56c12df888dc1.jpg,train,paper796,0dc467b1efc537d4b94b757962fa97a680acd2fda4d22d6bf2f5de1217c17c01,416,416,1
train,paper797_jpg.rf.81630618e1d70b3c961bf45cfc0ab944.jpg,train,paper797,0048171425cc870cb986e9a4ee29cad8f95c84e5374fc2ea42366c7e666207e0,416,416,1
train,paper798_jpg.rf.6bd112ba0235d5c571b0c8931d186af8.jpg,train,paper798,a8da923b9493523bb69fd3f7f96d89d8bf790d56af467411c74403ca46cb4205,416,416,5
train,paper799_jpg.rf.570ad7a943449483d60e75c08a78cd57.jpg,train,paper799,7a7d981bbf2d0608e9daebc94424b769811bf56d4e41dd5d8c7f6598fbc6b9b4,416,416,1
val,paper7_jpg.rf.6b397ec1af1c12f0c114128395ea4d04.jpg,train,paper7,b946f4ef391efe8ed830cb9f1206ef314c0e494d64078165c33097ae7a80bed7,416,416,1
test,paper802_jpg.rf.b20563ce1c124ba03a958011a05c7d4e.jpg,train,paper802,3b4fcf174cba2c92994ad65a480b43a677831325c739bcc5b6e75c9e86d09c34,416,416,4
train,paper805_jpg.rf.008460acd9b8e45b89c92cdddf2f21be.jpg,train,paper805,8daa066087ac8d22841e655e2dd9c67297ee6907ee074a1283cc12e6561a1355,416,416,1
train,paper806_jpg.rf.8dd2e6f2a7557d92fcc84e74c7d92233.jpg,train,paper806,dbacca553fc015ded8f917d51253a85bd3593c2989c28533c7f7c46e1d6eeb46,416,416,1
train,paper807_jpg.rf.ed48ddc594a846ce58e84cdfe299245e.jpg,train,paper807,a8dac04fdde5c23d9dc2b959aaf514b3ed5ce9c2f5b1247050ec758940ecdd89,416,416,2
train,paper809_jpg.rf.99ce418e78bc8b4faa9c6f0e974519b1.jpg,train,paper809,67606bd3268d2a04e5b580ca0acd6e8d82d91d239d2832780d2b113b6e3e4ab7,416,416,10
train,paper811_jpg.rf.985264e64a7475dbc242ff869b363a32.jpg,train,paper811,1858763d281603f476a5c898969635caf115a41bef9c62f73c96d55c071a18ba,416,416,1
train,paper812_jpg.rf.dc0806da99d7a40485b8835332c4e712.jpg,train,paper812,8e93319ce63aaa0a615b608fc2adcaad56d2f802306a990a191cf1edf97e5ee8,416,416,5
train,paper815_jpg.rf.41627e2418b0273c041d78e9d7881209.jpg,train,paper815,24fb031883311cb8d3dcff3b272c164e9b9797c915b18b44b834ba5d86a94454,416,416,3
train,paper816_jpg.rf.320e0d2ca8cbf14c79f342d481231f1e.jpg,train,paper816,fbefdf15b522b966564ef19f6853f8fdb30c96c2a69d8c0f4330bcf884ebe993,416,416,4
train,paper818_jpg.rf.9e46693599621f7148b194bcb9059f25.jpg,train,paper818,f1fcb4a6579c35884cbcda3de7d0a9945da2121d47d7e57e5e3437195b550604,416,416,1
train,paper819_jpg.rf.6824c2ade51f1ff0fe7ca5b4890bd10d.jpg,train,paper819,adbe55d04109cef488be06274a13b5ff891d9fa8d10c9a83bcb317cbf4e72605,416,416,1
test,paper821_jpg.rf.a61836cb298b2c465af0bba6bbcf9b03.jpg,train,paper821,729983785265f7e035ad1880fa517bab233d4f660f0143789e24f56af1a18170,416,416,1
train,paper822_jpg.rf.d77d1a76116b497b75290a4e025fc944.jpg,train,paper822,840c70ef9bc3fb613b970211ca2a4cbb47add67145d45030afdb6a6449cf7a58,416,416,11
train,paper823_jpg.rf.e970e4e7aea7f2c87d60432f1e4be59a.jpg,train,paper823,87a50880d43c7de88f1292e88a85dd5bdea1222e172f4760ebb68ace4155b3ef,416,416,3
train,paper824_jpg.rf.3eee64187e9dac5ae9ab8b147c1e4e61.jpg,train,paper824,c4d45460c9c76e7030712bab590c014f67607b3e8516fd4e76395ca7d93ea462,416,416,7
train,paper825_jpg.rf.ceaec19d5652fdb7acd80e4b85f88b46.jpg,train,paper825,c3cfd667f3233861ec863e0dbd8145302841e609e0dacc10833963562ee92dea,416,416,5
train,paper826_jpg.rf.3f37d74c61321627efde47beca1e29fc.jpg,train,paper826,2ef89dac13bf0f0a066bd5d50dcb31c1fdc95d7dea7463e49bd97789107bdd30,416,416,4
train,paper827_jpg.rf.d8a20425de8f0fc8394ea47977be6b9d.jpg,train,paper827,8bbbf59701f4e48aca21cb7b9f44c964c19485be4741b924801d80aa8b3b62ef,416,416,11
train,paper828_jpg.rf.894312901e15582b66cdc425e869e688.jpg,train,paper828,ab9f09f14fe2e199dd92b63938eab0e0061943055de4cd14cfcbddbbc80c6b6a,416,416,6
train,paper829_jpg.rf.0e3650d52bcb75d1fcbac1bedb46d624.jpg,train,paper829,d0927ea46c9429d28df59e828281a9f18818e6e6b58cb6266f52da33752ec499,416,416,5
train,paper830_jpg.rf.e3b75ec8c5f04d07c75418762d5bf7f0.jpg,train,paper830,bf73a7adc6af1685669a4c9a1ea1e6b718da65a3c4ad091af01e653036b169e1,416,416,1
train,paper831_jpg.rf.1542144aa8dac12c9a02c80fc73b819d.jpg,train,paper831,84e53a57705ab4d6e32489432f7ddbfd58aa588c25687a382c196579963ba894,416,416,4
train,paper833_jpg.rf.f2b937e5a2d4e89eb7d7a40bf85e9ffc.jpg,train,paper833,e14f906d2c3e716cd23e7ef83ebeaa4f6e34e660e8351c191ab5ba6e9e61f00b,416,416,3
train,paper834_jpg.rf.50f72df429d4098a4c6e7491ac3e2381.jpg,train,paper834,bcb65716278819a220df2c15f50dfce687af323e2e5e1158a44029b84ccf1d8b,416,416,2
train,paper835_jpg.rf.e2ada31723e7f06dc983290c0e7371b7.jpg,train,paper835,55fc1d04f00d726b56afd72eb7f5bcdac22dd1ae5e16967215bc7f6b33beade1,416,416,1
train,paper836_jpg.rf.0fdbe1f99de136aec2560dad4d7bac2b.jpg,train,paper836,435f9c9a4f5eb013f3ea5408c6d3c4aa261b1f080a20969ae458a4c8ba59b235,416,416,1
train,paper837_jpg.rf.1db9eb7e588d5d5f81638387f2651962.jpg,train,paper837,a3ef5aea35f87431cf15670985b5cae8130a18ac5a6555feae9dc2501790b972,416,416,1
train,paper840_jpg.rf.145035f355aa2fb3e6bfe4dabcc4cc0b.jpg,train,paper840,25300734afbf81fd6c440b8979dd9c7a155b27f7772aad76f51d6716e0d2d8f6,416,416,1
train,paper843_jpg.rf.a3497e12a441affae4b52933872360e9.jpg,train,paper843,f766fd51acbeeec6e6056579c06700eba99ff03e3095aa3ff7fa12a5aa015907,416,416,2
train,paper844_jpg.rf.3e1f999e7d8008a195233f8b0db2f558.jpg,train,paper844,f9ca29f0b5ddc137c864c9157ef8ef19954f773671d764678d9ecd7966a7d2db,416,416,4
train,paper845_jpg.rf.57d5fa128267a64bf148b26349e8ed56.jpg,train,paper845,0ca4bae8a142e721087531a003a9af10074f968e5a26f5eba2710c0cbe678e9e,416,416,1
train,paper846_jpg.rf.d8a4ae9f564189e4b36d04a715abbe12.jpg,train,paper846,85db08873dd70979abcf24b83d67f33d4502266dfa7fbe6b0f5b7428869df63a,416,416,6
train,paper847_jpg.rf.70c9e1cf6a1d8975311fc10e45737dd3.jpg,train,paper847,56e7b652501792640e5ca6bf597c26cd3945a6802310788a6f5a9fcba1835115,416,416,1
test,paper84_jpg.rf.45dfd2e50f1f626e91c469125dfae2b0.jpg,train,paper84,4123e2f216fd2b60643e6d78a8796e08822e1a1a27a2e204be6035b5f752024e,416,416,1
train,paper851_jpg.rf.9d364755a90dd3ddb65f42c66eef56c3.jpg,train,paper851,6e6aa78996b909f22931679b1f24e40ecdc1ab9f97e9a610f6ac5256bbd7b5c5,416,416,1
val,paper852_jpg.rf.d4ccecabe8f2ecc61b38cc2c72248003.jpg,train,paper852,3475137c74e242d1395d27197889f9dcc56c7b16864f852d5cce66eeb6373748,416,416,4
train,paper853_jpg.rf.a8f651da1a3138f4d2be3c27dc373c73.jpg,train,paper853,6f1339a1661d24b564eab72f04f3c169b560aee90952673d5d2811fbfc57aaa5,416,416,5
train,paper854_jpg.rf.29d38383b3a5424a9efe59385fc5dccb.jpg,train,paper854,bd6b9b4fe8bfbc699064f63d8fd891f181bdb42fafefa14f9658d12ff3eba401,416,416,6
train,paper855_jpg.rf.7fe32c2c534f01d0943c3d4e1bb8fef4.jpg,train,paper855,06a03ea9ed97ed5b9f9b30c32d95f25c67196188a6838b36da9a7f7c842aa286,416,416,33
val,paper856_jpg.rf.7fb17330336724cd130f43f94db5b527.jpg,train,paper856,e0dfd5de989476cbff3df946df627d383544ffb8b0118bb3735b2798a31b02da,416,416,5
train,paper857_jpg.rf.1c51028fae29912d7c2bd1887ca5440a.jpg,train,paper857,59671d913ea25134d0e58358a5684f9d51227318c71067809246712e16b4b2f3,416,416,1
train,paper859_jpg.rf.7e6bc8c1e2edaf2b95231cfe343986ea.jpg,train,paper859,5e21fd40160293edccdbc278f57a0e6ff2b5c5830d25b54762f36f84ce3aad1c,416,416,2
train,paper862_jpg.rf.77158df39c630505e16e2e4c506bdf9d.jpg,train,paper862,d99f7cdf99c1d450ea1cc78ddcb45620fa441364c08bc9a11d5600f71ab0fba6,416,416,1
val,paper863_jpg.rf.1a71a29675152d8e7b7350fd8928cba2.jpg,train,paper863,fbed86763205023534ab3ee0a7b8f3333fba8b30f998e08af9a0850f67e4ca02,416,416,1
train,paper868_jpg.rf.1b7654652106810f6c0ac26acad18f90.jpg,train,paper868,151cd000bb7c0f1b1261874e6239229a71989ee21ae19e1dd30843bea26bbe2b,416,416,1
train,paper870_jpg.rf.ba76a183bdf1197f272ac9c18b2b0ea3.jpg,train,paper870,19ea4f6d10cf7568c0e7155f348f2e1db1b46448bb463547009138d8d4713bbf,416,416,1
train,paper871_jpg.rf.76b36d4375a64639ad8dea6aff85854d.jpg,train,paper871,42a8337684163dd5df68a1709e89c278c4c151b0df8419705683bae123b577ae,416,416,1
train,paper872_jpg.rf.4163e497baf953c3b83c2d18b647f326.jpg,train,paper872,955e6ddf56b4971bcac653f225ccce9f40354632545e7065ce50f3f63f186b79,416,416,2
val,paper873_jpg.rf.4abb8232c353e5caf7645a211806021a.jpg,train,paper873,1f4d39cb4719de4fbbf329a5fc4fb372f2b517399efe88d84e72300fb38a1257,416,416,4
train,paper876_jpg.rf.7bd9e803363e78c14e9c84ac482e0f54.jpg,train,paper876,ab5047c679689de4985d1932d23848215e90faae3725cbd69f0143b4587829d3,416,416,1
val,paper877_jpg.rf.cf9246d212f143fddae6a107ee066e0e.jpg,train,paper877,dc715a24804d62811f818b03c53b8e54d8e73521709e52a342197a597e61e16d,416,416,1
train,paper878_jpg.rf.7a9d93c85cd3a6e998383af2e8582b7a.jpg,train,paper878,89e20652037f024ba6f606b146d1d71f0b3a2ff7b147f81b17630e935589b3e3,416,416,22
train,paper879_jpg.rf.1b74932aeb8b73e845986a7fb9b41089.jpg,train,paper879,4c193a2ba7504282f14d8f019e5ca5a2d7267e1fc84f55b762b3388c8b963b38,416,416,1
train,paper880_jpg.rf.d6ddb2c247da2b8fc1110add177780a5.jpg,train,paper880,dd20fadc86ed83bc2646bc1db32fd30cef84c62d24b0f3486b30334ef9b6024d,416,416,1
train,paper881_jpg.rf.47432e8a898db625bfdaa45faaae0e44.jpg,train,paper881,1466ce7315c25d5e380f8b5153832f12823a0003820fde174508e369a2053984,416,416,3
test,paper882_jpg.rf.059896a5aead28a64b3be46ebf950dc0.jpg,train,paper882,470f1549d1a357bce16c6d1a54ddba3690934ebe6f08467dd4db57cf3e1bfe21,416,416,6
val,paper883_jpg.rf.3acdad9bcfdf822d5934201d923da28a.jpg,train,paper883,80ca0936090a6e9d80f284483f82ec0a1b077d7ee431bb5d41c093aeba075dcc,416,416,4
test,paper886_jpg.rf.2ce5e85d0e720e62f28d048503208236.jpg,train,paper886,52d07fd6e56d33e8b0d99fe480c3808ef2cbb27b0baa43b0a585b5dbdd9a8c10,416,416,1
train,paper887_jpg.rf.6fe3a62168897d944f7e7f9a7815b584.jpg,train,paper887,f060d1d9cbbc4701118450418caadec85d22d9bd62bb2515e56415da71b3a9a0,416,416,1
train,paper890_jpg.rf.d87e8bc2693a860266e29ac39b821f5e.jpg,train,paper890,4ffcf1551e9fc1632779b3b43503202cd30e523cc9719f5e057b10800f7d792e,416,416,1
train,paper892_jpg.rf.3a35dcbe7160d02fbbbd7e7b2084f173.jpg,train,paper892,62e938e70101ce3a44b90d5aca9b5a52b0a95b2c066dd433112b23ca459ec7d9,416,416,1
train,paper893_jpg.rf.d6c1f8c6993c79d427c5d04080fda8e0.jpg,train,paper893,b77d7a66184468b7db2b4db8aba65e3c992b0c7c907648cbdd845eb290f4d1da,416,416,6
train,paper894_jpg.rf.1b6a2b4acd89e48177cefa9e96c42081.jpg,train,paper894,fe8522d73472f603ba5f8047b67c9dddf10874a46d0e7bb70e8e440b50995f53,416,416,1
train,paper895_jpg.rf.cf068bca94862a1013f2d20dc1ba3651.jpg,train,paper895,3320aed707d1878ec3f8c7d3b91e8cda692201a89af210fc951890e100ba78e3,416,416,1
train,paper896_jpg.rf.c51ef3adce80e61efb94ba87bbe6851f.jpg,train,paper896,bc22d717714d0705e04945c16e07698c8689e6646961c5f2fb33076b71ba7a9a,416,416,1
train,paper897_jpg.rf.3eab5d87a1a85ba98f37809b1c173c14.jpg,train,paper897,5c03026b39d679298070ab6970c653337e2ba699f491cc07d648214a34b47706,416,416,1
train,paper898_jpg.rf.8b2e2a6d01625bd97e5bb3d6f026ba02.jpg,train,paper898,99d92c0d169f534486020f9fcd88c9ca7caa9bbe2ff67d53ff6d1ecbdd9008e7,416,416,1
train,paper901_jpg.rf.96bf07ebe63bbbf263c7ad4d81e26ed7.jpg,train,paper901,90116285192c1584103fe48c74be9910a412efd2915e05e3af10a19adb8d709b,416,416,1
train,paper903_jpg.rf.83011e3818a413af7b917f94da3c3335.jpg,train,paper903,3dce843d2957953a0f4eb44ef2bd43d0169705657ae73161c17ba73e369b1377,416,416,5
test,paper904_jpg.rf.672e3883437bfe9b60fa2dec7a16c082.jpg,train,paper904,2ed6e0e3b51792ca0dff342bf397be7348a7b5f522a773f43d8e3cdf60bd3793,416,416,1
train,paper906_jpg.rf.40f96d196d68ff63463f0e22a177bbb4.jpg,train,paper906,d6898f48e2afa1c3d3311df0b13a5eb2109770852a3db8e4c389035440632381,416,416,1
train,paper907_jpg.rf.8094aa3796e83408b9f91b73b76fc403.jpg,train,paper907,196f383245ccf586a1c96454fd3150b9b3e350898d1c5d915ce972f6bf62c686,416,416,1
train,paper910_jpg.rf.3baac250d4bcb303c461b7216bed360f.jpg,train,paper910,ab7c47fe64bf5e620253a253a70c4367ef52a4cb0ec5a7c5ab268940c19b3b34,416,416,9
train,paper914_jpg.rf.3c1bded110d8b40604262db61cf264d0.jpg,train,paper914,14657194a9b5dc88cae5a7dfc525c609539d9a3661b7fa3cc8246bf3ebcc6777,416,416,3
train,paper916_jpg.rf.5fbbe7b1f37d8422cc79a0022b7e7bf8.jpg,train,paper916,0407649afb5173608e474374656d4b9c6d31541c7f9cbebf07ef72855079ddb5,416,416,1
train,paper918_jpg.rf.678984a424aaa6016d23ff8e16258e2e.jpg,train,paper918,2769351d0e8a8e58135d2ca55a10ccef53037048787dddbaf46396db37e200bd,416,416,1
train,paper920_jpg.rf.4c6da85aa367dafd1f61d33471f50d81.jpg,train,paper920,53247fc00ec97a7095561ecba5edfe0bde3b35e24f27828f751adce83181ec33,416,416,4
train,paper921_jpg.rf.e3bc1d7d2151db76798967e7f8c8e2eb.jpg,train,paper921,9357b63ba7c35e627a5fd0b14bb26d83ae00eec7d5fc9fa842adf7e03790ba7d,416,416,1
train,paper923_jpg.rf.ae23207b8872b131c43cc209b2846fc8.jpg,train,paper923,65209739bb40a7082312d5a029d9434a5ec2570dcd377be1313912045cbe5752,416,416,1
train,paper924_jpg.rf.e0f4ebafdf6e44000dbe68d5dbc60a2f.jpg,train,paper924,7a5b08c55831a7dc2a31d7493b528871f9516fb4d01ef6caaa9a3271dde6fa45,416,416,1
train,paper925_jpg.rf.0e164fb07efdf8344bb10b4d0eb4fd20.jpg,train,paper925,b397dd50b1fbf2a309d7a2fabcc331b1c377c90271bd915eeb9300c7139a23ec,416,416,1
train,paper926_jpg.rf.b9521c4d54010ce9c03e017195f35caf.jpg,train,paper926,feca1d501310d567c9acc61d20a7c60cce35640e4bbf24b6f048158844af463d,416,416,2
train,paper927_jpg.rf.7e7d54368797a8c87ab79e25af7f3f98.jpg,train,paper927,e9c743c0abf6aa7f9aa2c3608cc4bae83a0d4da09993d59f0f2d4e19df502d99,416,416,1
train,paper929_jpg.rf.3a3922de9ccbe33ebba34fd046b1045f.jpg,train,paper929,970769304fb3859c2fc530fe3d4c9553c525f18e921d75579f58a63139be71b0,416,416,1
train,paper930_jpg.rf.73466616a22e0865b467301c84937b70.jpg,train,paper930,161bfdb29395ee0ae66c6010c4f11625ea690e7f48fdab56aff20d5512c60959,416,416,1
train,paper931_jpg.rf.77000bf4357a00bef0c2a5302fe2abea.jpg,train,paper931,f4dce30b75b3272274caee536bbc8d848b812f6a5a5c3e48c1ad5a3246aab728,416,416,1
train,paper934_jpg.rf.c7e73e835cd77a7c87058308eea0f997.jpg,train,paper934,b04686f792321908902871c00822e735b8ec58023447c0efa42658c6787997ea,416,416,2
val,paper938_jpg.rf.47fab63971e52f3c5a2f9e426763b0fe.jpg,train,paper938,17455b33d02202768fe8ba36e4cd09db2ec60099278c03ad9adab55e2bc4eef5,416,416,1
train,paper939_jpg.rf.51ff8205cfe070e30ac1f6883356613b.jpg,train,paper939,ccfbc49aa28872d3971c6db91b9e168458739a123ee76fac861a16a808efd3cc,416,416,2
val,paper940_jpg.rf.3c80860c85f719ac533d63f8379995f8.jpg,train,paper940,3d55bd3bca41aa84b2a73095b0332d5f45b0fbdaf55284b977cc0a2d8cd8d501,416,416,1
train,paper941_jpg.rf.33a03fa7a3708d495e2384a3c9a5d7a7.jpg,train,paper941,d2152684ce1043028fd6d7bcbf14a0349a1a7b33e02bbd99eadc896f4c9512b7,416,416,1
train,paper943_jpg.rf.965f9ebc4bb6b0dc899c142741105590.jpg,train,paper943,bce0efc5d5207e90c59d861d75401eef4d965993cd419312839ba38846ab9f8b,416,416,1
train,paper944_jpg.rf.19fbbdd3654d7362183f24bebb94d281.jpg,train,paper944,14d5ea888aa0fb8bad50339b765437e96c4853425b4624ba551b1fe762287cd3,416,416,1
train,paper945_jpg.rf.4c17132d65abc4ba57f26eb27636a7fb.jpg,train,paper945,c65381427cbe01bbf7a73c1fa52db191156763391ddf4bd7d0309dde28ae68a5,416,416,25
val,paper947_jpg.rf.a1951e243c424d86dff36357256cfd89.jpg,train,paper947,6b894e77492311a7bd10ad5ec703a4f962f1d222eea56bc4a8fb798217791366,416,416,1
test,paper948_jpg.rf.593163ba0cf248a66d096d795e8e3b7a.jpg,train,paper948,40de6b08c3170c37f7a5c763ba4f1a4b53f032006161a41c3626fcfad657b90d,416,416,1
train,paper950_jpg.rf.4c13367e0747b505bbab951e0fd4663d.jpg,train,paper950,2de56b5bbe2535a591d0f3c2dfb6cf9e17de6f5aef603339810b008f3c1d718b,416,416,1
train,paper951_jpg.rf.569e08f2ce4b520a640f503d1ae228c2.jpg,train,paper951,c5c89f7c7f1dfc0b0ad3b94af1ae5de9fb5f6960510a72121f4997941b31e8e5,416,416,1
train,paper952_jpg.rf.435c88d01c6ab970d1d926f27e464a5e.jpg,train,paper952,5012af5f6177803216785e4074400003c5004d7da40f80c4abdfc6b90f957722,416,416,1
val,paper953_jpg.rf.c03e5910a26b45a9f57eafa1e58ff4b1.jpg,train,paper953,aaf37b50046a2e4b6d6964caf3fdd8c5285cae637c80aaeb4032917cba464ca3,416,416,1
train,paper954_jpg.rf.19564839649e99ff3201a9863d792dec.jpg,train,paper954,71a98abd9e708d8dc90c4161373634865c70a9c0969de190e0e6843e684d8932,416,416,1
test,paper956_jpg.rf.ccf853ee95f97e53eefc277d1d4443c4.jpg,train,paper956,f7a47e15b359c9d39b409b9e6476182699de3b15af5f979d9875354632014d44,416,416,1
val,paper957_jpg.rf.0930ff5badcf5a47caa570dc3bf5d857.jpg,train,paper957,17a7b7f351e1f1586ee94407bc5966d0b3ac04c328f6895908536883a5b223fd,416,416,1
train,paper958_jpeg.rf.c2e81fdaf5b130464cce4eefb2f887f0.jpg,train,paper958,6d76a8ffaabc4176760ed05e3c1bd66e177bfd94cdb2af8bd553971ccb63733c,416,416,1
train,paper963_jpg.rf.cfcfd4dc34b7f78f6499d20da453fc02.jpg,train,paper963,081897d8df8679fed3223e2d98f8c65602ed47be2ad128d75319e546d3ff197c,416,416,1
test,paper965_jpg.rf.d3a6a4c2af777f8818fbb71cfa681b6f.jpg,train,paper965,ac12d86f8827174b5c5ba65eef57adb7af062f977eac41d087982444a3a17c85,416,416,5
train,paper966_jpg.rf.20143796a04850849408167ab1065c81.jpg,train,paper966,3cd77e8ddff5ef0eec8ed7af85c049bf48689d214053e1fd84c3b6973399df7f,416,416,1
train,paper967_jpg.rf.5d985be965b3c9713c55e5e72fcdbcb6.jpg,train,paper967,849dcf72ece9d8d63e90cbd146c9235030b335d74c301cbd80a5a8672210b5ab,416,416,1
val,paper968_jpg.rf.81dc24e0d108fc9afe48f331c287b0f2.jpg,train,paper968,cce74c914f25b0a9bb79c894103f59a7d079340925f40fe1659c5a829f1d5355,416,416,1
train,paper969_jpg.rf.350af43d9f6ee654424d06642898432a.jpg,train,paper969,305eb76ca88035065ecc1f275abb60587c16e1df3bcbd14b390d69b4758843fc,416,416,1
train,paper970_jpg.rf.6ea3c663c45aa183e74d1aa3de5ddb53.jpg,train,paper970,630dc32d49e1e7f49e5e268a0159c2a38da1cd2bfa807f71d599fdf6f4a2e010,416,416,1
train,paper971_jpg.rf.0ca6f4897499347586409047b93bbae9.jpg,train,paper971,73ad23f694b85fdf7abf2295f5f41d54315e64a3fb1c764d411f7b650cff6fbe,416,416,1
train,paper973_jpg.rf.ed0e3cdf9f317087a04c64fd451bc758.jpg,train,paper973,617e8609aeb6218341ea65cb22fa535b71af2b117fdf7617c4251693034ab556,416,416,7
val,paper974_jpg.rf.c6203f9f7f9c0a15896a73a85cfab50b.jpg,train,paper974,b734ac2ae424c7c28531538b2f67a4de59fd887baeb2a24f69ddfdb29ab67a8f,416,416,2
test,paper976_jpg.rf.adf723ffc34ccf5d7d1a657c7620dfd3.jpg,train,paper976,6e41f1baac72aa7afdc661f12f8cdc160c3bbd25d0087dfcaf5d3e1d9c7a9337,416,416,1
train,paper977_jpg.rf.9e73fd72a5d50f67f428ab712daa0a64.jpg,train,paper977,4f52a875c74554cac145706629c019d21d70bd87959d998813c7e89d34c97a26,416,416,1
test,paper980_jpg.rf.c950eab135b80435330870d548ffd400.jpg,train,paper980,5347ff75b9dd53cb1d7d403a0a099215c35610443cfecb1a07cc670cd6b3e120,416,416,2
train,paper981_jpg.rf.9c4c09d072153184f7ad2fff378da634.jpg,train,paper981,1cf6d81df9d5889b5f21cd20d1fec7e1997d58f2ed89acd86fc3af499bb724b3,416,416,1
train,paper983_jpg.rf.ae1010442b5860f3b512c79abf3e714b.jpg,train,paper983,c8f5ca04ed5fe746bedcaeb5816773ceba1009ea8b31fdd7f2d7d1a5bc11e4c2,416,416,1
test,paper984_jpg.rf.0c070c306327bd5570c277bd9b861189.jpg,train,paper984,db43d65c6111858db0f16b9d11fc48f2fbeafd3b902e4236e0d8322894ad9e22,416,416,3
test,paper985_jpg.rf.021ded20ddb4a0661ca6072f634519be.jpg,train,paper985,69e2ae98f316d96de57245081d80ff060342ac9fb7435d9e4b5e03bd889008f4,416,416,1
train,paper987_jpg.rf.23d158a02547a65f5cee69d76a820e34.jpg,train,paper987,637111dca667946972a5f070f6b3d01572082a2107948ff7d8dade4dd429bc06,416,416,1
test,paper988_jpg.rf.49e1a5ae5fbec2c5312f96c75fae5013.jpg,train,paper988,8954c7552a97f4cc982f71a84fe84af84c6bf58947b9ddf650c0788ebb4832f6,416,416,1
train,paper990_jpg.rf.cb9bb67c2a6c42087416af85f75dd0f2.jpg,train,paper990,d1392c229536410c40124d917bce075e54ced3b9b9183666deebddc1ad28b35a,416,416,1
train,paper992_jpg.rf.9844fd1ccf40ad6afd81d0b13df18d70.jpg,train,paper992,eb1380cb668bea4fd1de52ff27adf0db5e165688a9e39fb837140dd41c41d26d,416,416,2
test,paper993_jpg.rf.e2e912d1f5f801528ae4f8ae945428c6.jpg,train,paper993,664158351d8067bf6d4e2b21e4455b3c9b87a6804bf49e633017303426c7e19f,416,416,4
test,paper995_jpg.rf.8311fd4d3caf4857dfd5bc0d3ce7e586.jpg,train,paper995,d0b6e784379e72f7b2222de87b49b65b18bca62ee2b9d8d631dd3085594c0f64,416,416,1
train,paper996_jpg.rf.cb233c444ed8ff1c53de3a6e181ea75a.jpg,train,paper996,baa79af64e1dbb0aa61acf0a53bdfeaa97101dcd8b551a75ececf4f1aa238d7d,416,416,1
train,paper997_jpg.rf.5c14b0c494695494866b1df83f2ee883.jpg,train,paper997,f914fd9f54bf84d54763993365125083c911ebdc2b759be5d7f4b36767e70037,416,416,1
train,paper998_jpg.rf.605dc3626971590948869e177d57ddc9.jpg,train,paper998,49d7829a36a193270fa7a18bb7505f7020433007b86627682feb0ddd8a66c756,416,416,1
val,paper999_jpg.rf.240d6383d4f6cc0bb56b171f4277aa64.jpg,train,paper999,d60ca02334c9c6fd0a3148a263eb364d5eca80b970924eb37551c663925f08ef,416,416,9
train,plastic1001_jpg.rf.1fcc7cb0d4ba3d2e90f25a85ae79db7e.jpg,train,plastic1001,308f33b3e198a94a1ed4c1b6fc1848ab3a14aff504b86255f136a932ae871a03,416,416,2
train,plastic1003_jpg.rf.a2c27564a3a7e6aaf947da49a0fca54e.jpg,train,plastic1003,cd1c68d8f10c6451a0c317aebb3b789655bde4e4efeb5f0959c91f659396855f,416,416,2
test,plastic1004_jpg.rf.ab94630fbaea5f98924c182cc3c4f64f.jpg,train,plastic1004,76fb48d2012383374a23dd9404fa9032693609f6a4e251275f04b58526c0a4b6,416,416,1
test,plastic1006_jpg.rf.ce12b54e1a1d54d5cc3b0c48c0543853.jpg,train,plastic1006,cceeb445763d6446a82264716f74480433f372669a0a4a57230ff0620534ef08,416,416,2
val,plastic1007_jpg.rf.b61a1a17c8b06fb9058656d5a23083b5.jpg,train,plastic1007,60313b9b0995a646d62461bdf1fef0452154966bbe681bce38d738701ccddaa0,416,416,2
train,plastic1009_jpg.rf.bf66a6a95fe3be523c243f239cfe788b.jpg,train,plastic1009,76770b86853f5e19b1df3ed21884ec5d3532a2ad42fe7424e289cf728a2eb56a,416,416,1
val,plastic100_jpg.rf.d5ead0962c9c16ecf30a43f6ebb7cb60.jpg,train,plastic100,1db4336010a37bd4ade098cae109b910f58a367475efc4e7898573c9748bfd85,416,416,3
train,plastic1010_jpg.rf.17a07e3d5ded99dc39d0e0ac63acea65.jpg,train,plastic1010,8301fcfe4136508dbb07c8f9d343ba9b8971918cf1b2895b553d68652077e8e0,416,416,2
train,plastic1012_jpg.rf.3cb56794b86347ce585052784af1c79d.jpg,train,plastic1012,0fbd0e7f5f1febdb1475d3a16e8859ada626b0854e3740fcf26f3b9061d78258,416,416,3
train,plastic1013_jpg.rf.302aa51298f9b562a2f341a70ddfcdda.jpg,train,plastic1013,f6be45e423421cc3d33d7a53a7468aad12e093f07a4a468a17d7b3a451ef2803,416,416,1
train,plastic1015_jpg.rf.b1624aa91fbe1e966bc59b9e6d6d9869.jpg,train,plastic1015,51d792b90f585ad05de376c97b9cac151e7f4e8f189e2e58bd4c58e393908363,416,416,2
val,plastic1016_jpg.rf.97f0944065a2996ae3de7efe5d9d5323.jpg,train,plastic1016,cf4ea91c616c9a2725c8616734ca3c2807bd73bfc034f2e8cc4cc2508ca50889,416,416,1
train,plastic1018_jpg.rf.1127bc64321e3586f399f1cb4aa44d33.jpg,train,plastic1018,a8edca0dc44d60649e9f196ca29c3b7901648c6a172c21ad9ce244b1b4158ba2,416,416,2
train,plastic1019_jpg.rf.cd6baab15a8fc8c113122a3624de2672.jpg,train,plastic1019,8d154654bda8aeb76ebb06a0790da4b0a7f460c26dc5295deaa537e528190095,416,416,2
train,plastic1021_jpg.rf.cc8873ffce8bdd8ccdf550312636bc3c.jpg,train,plastic1021,f240b064bf61961064518849311198df469b66ddd0410a05ce8892a6ae9161b2,416,416,2
test,plastic1022_jpg.rf.7ab0defd116164a33ecb2542837252d9.jpg,train,plastic1022,d5f157444c6b87b2d6ab374d51e647291d57e1506ac86f6e6bba2c36c9feb473,416,416,2
train,plastic1023_jpg.rf.e7413da8aea1ac0a3bf15613112608df.jpg,train,plastic1023,a29fccddc2623c1b62a0fb4d7a483e12f0997323746c79188957556ca1e42db7,416,416,13
train,plastic1025_jpg.rf.7ac20af8be2c2f48b0561494247b06ba.jpg,train,plastic1025,7fd8e53a532ed8c200aac0875fc4da87f14853e184f9ba7c0540ba158c5d0d65,416,416,3
train,plastic1026_jpg.rf.216c13a7ade4721cd71427478eb94f1f.jpg,train,plastic1026,71f695f4c15ca81f202325a908de643f20b96ef7cf54df0e9d48d46fe78d17ef,416,416,1
val,plastic1027_jpg.rf.f4160ddd389746a18ea0391b039a11c3.jpg,train,plastic1027,733592c5dd025ffef6ce741d84415c90db519033d78d5d817b63254d48546cf8,416,416,2
test,plastic1028_jpg.rf.909d98c61d6dbf997c84f48c6102f1e5.jpg,train,plastic1028,e1bd78f1d5fb9bbf3471409cb975c3729dfcafb7dc04d5ccc2401dc85adfdb52,416,416,2
train,plastic102_jpg.rf.e3460219567d7f9de2b82aca4eb8b0ec.jpg,train,plastic102,bafb8ed85eaa932021918bec28a27e3d3fd5f773c11ad2abe9f28e8a4a47ee60,416,416,2
train,plastic1030_jpg.rf.b9bb18d8333e2ecf6caf8a0291a9a6ed.jpg,train,plastic1030,f24c25830f138aef72b9723644bdfd54444bde4082f7a2f454bf89bad19c5d81,416,416,4
train,plastic1031_jpg.rf.b213a64880c2c9af4a3afeccaba3e4ae.jpg,train,plastic1031,20b51d2a0cee676f8e4317453ce3f1a4e07c4901219031a32e76512ca86d379b,416,416,2
train,plastic1032_jpg.rf.12421c5fae8e0097b5558a4aa196b0a5.jpg,train,plastic1032,dd7d7b4ad58b43d4de697da8e0e9894fe9d0919059cecca64e2af7c68c44eda5,416,416,1
train,plastic1033_jpg.rf.b9dbeeddcac8552d8ca27af57159d3ef.jpg,train,plastic1033,5e026314437681b9687f38967ec3113b0deda886894136620748012ab5f926dd,416,416,4
train,plastic1034_jpg.rf.557df65d5df03031c61e90526136043e.jpg,train,plastic1034,7b7172978de0b955f7192b5329baa2a4c0f69ee775ce651ea87f079f6e1ff79f,416,416,10
train,plastic1038_jpg.rf.22b8295b1abb200ec3b0ec8d4a8cc290.jpg,train,plastic1038,a5f1960d02ae9ff29a9dc2af2d6c689e62dc206b206e204c6b77b681de9ecd70,416,416,6
train,plastic1039_jpg.rf.97e60efe7a95bf7a043a67569aa78013.jpg,train,plastic1039,b42429e8f80ba0ec64fe758d1efd9d8c804675e777e47ebd7f2c8961feacc999,416,416,2
train,plastic1040_jpg.rf.72ef5d79ff8cdb8348410044f5c7216e.jpg,train,plastic1040,31fedca37fddfbdfcce0064301d5e01687d2f4bb5f54b25d08aed7fa95b65364,416,416,1
train,plastic1041_jpg.rf.54708d55b0ad693ee47682277e298a77.jpg,train,plastic1041,d9d0755f8017e3ba13a7e4c741e3509b1851518e0ed8440cc3f61739db5c071f,416,416,2
train,plastic1045_jpg.rf.71552e59214cabd92ff5e41213d96ab9.jpg,train,plastic1045,5287b3aab79ce5935bf0c6050d176e47ccc122f7138a3ea0dce23e661f93c9ba,416,416,6
test,plastic1047_jpg.rf.543a4d65a111ac2ec0219f9e916cc4c0.jpg,train,plastic1047,a6470787882ee8fbf325b9458bc191d2279c42e8f4533f8fd21daa6067475394,416,416,3
train,plastic1049_jpg.rf.2fc7b0154ba5bce9d74ff92503448bb2.jpg,train,plastic1049,89910bcf6e0ac06e15da4c8ef50c7386a5dcd087249833717ea964e3555aad05,416,416,103
train,plastic104_jpg.rf.06d2650c34c409f4a7996934f7c4d5ad.jpg,train,plastic104,10aa9e66d7b17325e02baaa797898b9154d80588c87890998bb70489cf088e59,416,416,5
train,plastic1053_jpg.rf.37b420fd8cf36fe5821763daed1e6d5d.jpg,train,plastic1053,2c42ac2e07b2960c053de978e4c9984b1ea535dba80fbe083fc00b07f18cc1a3,416,416,2
train,plastic1054_jpg.rf.cd435ddbb305f102d7c61bf6e5e5e69a.jpg,train,plastic1054,d2efab4726edcbdd7ae1b0cf1f74a918f933df235461a901b1db5f7b543425e4,416,416,2
train,plastic1055_jpg.rf.c9777f0122cba50b2c06a32afcbb9e05.jpg,train,plastic1055,b9af9481ae99f7a3339027b9cbf153e950cf2c5e876c860da72ed64f571d9a66,416,416,4
test,plastic1057_jpg.rf.bed6d3a1a74c3b7cf414e9240d810988.jpg,train,plastic1057,c8fe73ff0e10b36abb665950b5f42cf2464b4d55254bc4c9a632286fc17edd67,416,416,70
train,plastic1058_jpg.rf.6e5b6c9bdfcc525300eb015f339af550.jpg,train,plastic1058,e0d5eb63dc4b3ec83e692a27af4d500bf459180c87fd20fc90b1dde1435232e5,416,416,2
val,plastic1059_jpg.rf.9e63ab1066fd3a193137df891bfb3b45.jpg,train,plastic1059,61981c0ed4822f9f4d01020bda22abd467b99785047b263ae2e3eecb12461df1,416,416,3
test,plastic105_jpg.rf.1ef330d30f780583ea56f12bde2bbc50.jpg,train,plastic105,57807396efd8018c377d5f4fd29177c106045d2604997bc0a5caa136c5740a64,416,416,4
train,plastic1060_jpg.rf.c193280e08ad1572ad8c285b30de0f32.jpg,train,plastic1060,fad2ced1411b2e288321cce2658a6eda2f525094ca6d769e85391e070a8b1ca5,416,416,1
train,plastic1061_jpg.rf.a03298c4fc853e3a99016afb833c4614.jpg,train,plastic1061,18b9aff3eb323f5d299265b5f86a42747872314d8616aa47469af846bfd23341,416,416,15
train,plastic1062_jpg.rf.8e4dbcd0dde69750f2c48b751792d403.jpg,train,plastic1062,0c639ebe4724aa30517fd5171147f44df9c88c8a5e9615acf4defca832907c4f,416,416,1
train,plastic1064_jpg.rf.d0414800dcf6a9836b79dd05e5933fff.jpg,train,plastic1064,8205ad583d51c69ff65b7666e62f6d0837a40e8203e392a5cb2146e21a679f37,416,416,2
train,plastic1066_jpg.rf.249ec0a02573784510e7e89a9a7b8319.jpg,train,plastic1066,35e870de2341981c00b718749da46bb176f25eab3ed94946aef4706b381c7256,416,416,1
train,plastic1068_jpg.rf.9cc698b53e4c060b93ccc0f15437864d.jpg,train,plastic1068,883f6cea1848f625c13281c88f4b05d29946c790c614077883b154abb02873af,416,416,2
train,plastic1069_jpg.rf.02a223574e0eab4855527b65142c9070.jpg,train,plastic1069,b04aed2adeb97e42247da9674b6e6ecd00cdbd644a02b171296253b50b7fd67e,416,416,2
train,plastic106_jpg.rf.3d93ad8518f9694d76f3b7aa768709d6.jpg,train,plastic106,d1f19a8551187c165be49868f2c8f6f79909e02b8460895802a1705fe3b0149a,416,416,2
train,plastic1071_jpg.rf.a2e02e99e5d63900cff71a0d521822d2.jpg,train,plastic1071,79842697e57e1250b10a1ca90eed2fdcc4211e6fae21784992769383147327d5,416,416,3
val,plastic1074_jpg.rf.1534561b209a9b04ce41f8c2c97767da.jpg,train,plastic1074,3ee47f93a5bada544d790bc990ccd1b76f780db95121d4c17ff3e059ae62998d,416,416,10
train,plastic1075_jpg.rf.74e36204020833615f0af1e3087cfae3.jpg,train,plastic1075,cb166f106a104756aa7118df5b8dbb8df871b1699bbf6126e72261916727951b,416,416,79
train,plastic1076_jpg.rf.955caad43b4678668b38cd437c4f0f3f.jpg,train,plastic1076,c0fa3f93347abda2b43d542216c38097cc80bc83496621f883bd92eeb8ba200d,416,416,2
train,plastic1078_jpg.rf.cb6916e5f28bb58ced9aad1ae847dc4e.jpg,train,plastic1078,9b07c16e77e5ba726c3f7c34e16b2c6ed2517291a19b058792793cc97882bc65,416,416,2
train,plastic1079_jpg.rf.1f08ed444f8ed186a091ff713867a02a.jpg,train,plastic1079,4bebcee077ad022f785bb3c619ef23d6f082eced9b139cacb9731f135943f911,416,416,4
train,plastic1080_jpg.rf.eb05a538624b14159630f02da4d118d3.jpg,train,plastic1080,25956834ad2f45290cb5b6f4b59c22e0825aaf5e9d638fc09496f3654dec077d,416,416,4
train,plastic1081_jpg.rf.2a1b023d4ad5492e1082b2c12a3eec6c.jpg,train,plastic1081,ff16e308572ac3a11b1d954c0e7e46f04701495b26f2ac4e3d6a13a3c71ec73a,416,416,2
train,plastic1082_jpg.rf.5c62821ecf639bbc27318962dcd4c648.jpg,train,plastic1082,8930cacc0da1ecc4c33b0aebb2025caf8817d8395570a43e434a7ff541ba31c6,416,416,3
train,plastic1083_jpg.rf.f4edac7fba1e94908080b1af621e04b5.jpg,train,plastic1083,71eff9a0a2194a5c573dbc905c39adf0c499ebcfcd5ff1745e9bdae90fcf55a2,416,416,6
test,plastic1084_jpg.rf.e694cd5da96e96503db05423be8960a7.jpg,train,plastic1084,6b54072ef4a8293c9300daf0269c5cd95a939e0cdafdea12c0f5b3d1ce4dfe38,416,416,5
train,plastic1086_jpg.rf.4639f7f5720d58b515f090c79af00f33.jpg,train,plastic1086,46f1dff1eac9413749fc162333a143864db59a109638f905891aaa6f8c5f64d4,416,416,1
val,plastic1088_jpg.rf.7fe0c55733e2683c4f564a4caad9fc14.jpg,train,plastic1088,84e961ea062bc63e0172c5eba6dad3674938a2230ed15235947fb93be41bb099,416,416,12
train,plastic1089_jpg.rf.7a00c8627fdfbededf49a9df8f853cc4.jpg,train,plastic1089,47da4297705373c6fc5ce71b526973cb0f5822ea2a4be2d91470c23b8f6d20b7,416,416,5
train,plastic108_jpg.rf.6be5f8c45f0938e86b9f143b607daee9.jpg,train,plastic108,ee668ce1b203741a20141407eaecf3d59d658c6e055bc71f73084322a1a5baa8,416,416,4
train,plastic1091_jpg.rf.572cee5b663e83039a4f8f157439981a.jpg,train,plastic1091,b28db093d852b4965161cca34d6c78199395b5fb53eb3f1ffbbfd4bb0fb71812,416,416,1
train,plastic1092_jpg.rf.4d9bd4a41b878587f59faad428b60ba4.jpg,train,plastic1092,456789c1adfa99febde56500788560bd643a905733a4402a181f1f9bc1c54045,416,416,2
train,plastic1093_jpg.rf.e2c28a2d952e57d015496ffd62929bd3.jpg,train,plastic1093,482214397ed6b805e3359975df6b9c50943082b57078d51c6ad30260d8921ab3,416,416,1
train,plastic1094_jpg.rf.68c00b36e263e9894c8ce3111f701d83.jpg,train,plastic1094,9224809a80ad841280906fbafa0786297e448cd723d39b32fa91e5eda4d6c847,416,416,1
train,plastic1095_jpg.rf.7ec2a832715b889c5ee358a4397b5158.jpg,train,plastic1095,53d3e04b5828f9d14d706611cd1e51ed5eba942abc6f36cc9066a30238f732e1,416,416,2
val,plastic1096_jpg.rf.50de73d326d03b2f232a1ee13f63d4ad.jpg,train,plastic1096,730573971502232d75818d7294b87cccec0f4c5a114e2eea55cc8c5b4889c516,416,416,2
val,plastic1097_jpg.rf.8fb75515cdc6a4571ba09f8fa297af9f.jpg,train,plastic1097,d9eb373241f0fac3ee534d025de5537f067dbc5d69671f6cb6794547996c837e,416,416,2
train,plastic1098_jpg.rf.9f243636b56defa3eeba5a44a6b0f816.jpg,train,plastic1098,c32757919a31fbd5d7e92579c86bfbd48e504ecd9a03f5cd00e546a0ae310932,416,416,2
train,plastic1099_jpg.rf.bdf3624cc93bd0548e49f43fda410102.jpg,train,plastic1099,a7cff69e784b351f3e2df980a8ea8fcf8a9a6ff5903a367d6f50742c5a4e3aad,416,416,4
train,plastic109_jpg.rf.478adffb9784f865c27639eae5980abc.jpg,train,plastic109,d9a832c154a352130b2e9ba22446055e0eee2de33b909fc8e04b379a13c9ce79,416,416,17
train,plastic10_jpg.rf.2da9f8dd9dce8d599d3d039cdfe66dbb.jpg,train,plastic10,d834b27b92ee8c41be98796d78786ee3fbf1193da253da4fb0d43ebcb4abc224,416,416,1
train,plastic1101_jpg.rf.a4668393fec4824c88b673f52c9913c9.jpg,train,plastic1101,8e85fd29b9800da9b048109ed853ad64759cd2969005c957089fb3b680279daa,416,416,8
train,plastic1102_jpg.rf.c8f3f03e4de29374a05e9055e7bbbcbc.jpg,train,plastic1102,c84da36a90405ddb3478afbdf67996c66a2493a3e1c9346f36d6d515852a9782,416,416,2
train,plastic1104_jpg.rf.0c24dcda85b6602101d25f6a514788e5.jpg,train,plastic1104,de5b5bf3f4609c0502ea52c863ef28647aeaab124bb5d8cb0bd678af6d7b858c,416,416,3
test,plastic1105_jpg.rf.1f4a190b9b89d607286b341f1b200f96.jpg,train,plastic1105,8732fbc4ba2e1bab2c3ff9728652b82d3b65b8f76206a2f5e2f3db321317b4dd,416,416,63
train,plastic1107_jpg.rf.3bfe90064361f3e97cce2e1582ae8e31.jpg,train,plastic1107,7b512d4102a0232595f05864ccfbe6675264da02d380fc0377d98b04d2ae8e40,416,416,10
test,plastic1109_jpg.rf.962287a7e6d67c9f6c893f266409e709.jpg,train,plastic1109,19ce408d5decf3e23c6089096f86fb4ec4ebd0d16044062e1889357c1d313af7,416,416,2
train,plastic110_jpg.rf.e90b55cad6255dfdb3da727127880dc6.jpg,train,plastic110,929bad9f5d64bec24ee318433284b61248f6347e04d411565faff1faa2fdf3e5,416,416,3
train,plastic1110_jpg.rf.f2096641acde14dd20c3083a25944fa1.jpg,train,plastic1110,4eb31d6432db5727b0b3a8f7013e964ec6d3ae3d8f7725b65220d3cb4c729b5a,416,416,2
train,plastic1111_jpg.rf.dfbeb48d1dae5add6018629e219ce042.jpg,train,plastic1111,1010749aa0573aea19a75141063a485741cbfa58425d1a7005836e2ad75a380a,416,416,2
train,plastic1112_jpg.rf.73df218ad94f1259b0dc4ddad47b59ca.jpg,train,plastic1112,f87a844ed93e5f0f3878f3d2f6ac5b279d46c2e14b031ef0337f05d3cb631f28,416,416,1
train,plastic1113_jpg.rf.8f684f3293cb747e1d32aebb4ef1a2c0.jpg,train,plastic1113,5e05fe8d87079c1f716c5ec3050c4edf7813ef2beee943952291ad9a77c46284,416,416,4
train,plastic1114_jpg.rf.a2071cbc21fbc468b95be68da87c2536.jpg,train,plastic1114,1dcf18fa6335b80dba0c2427076fdca6f53bc11f458f7935bcccd490b550824b,416,416,2
train,plastic1115_jpg.rf.c798947b5680b75884049b269686a4b0.jpg,train,plastic1115,29ff49f82afd8b53fc82f9cf613adf4e250ed10769c8d8de9f38c93fa645c396,416,416,1
train,plastic1116_jpg.rf.84523758896414bc41a7b53e9f54050d.jpg,train,plastic1116,902f437178ea2dc044287286fd437ea28e53821ee44afe7d5b68d6721b200f97,416,416,2
train,plastic1118_jpg.rf.8655d777b840cbb5b59f22d5e2e4b2d9.jpg,train,plastic1118,10076bcce8307e3ddfcaac28592bc96aeb5b76eda5dfe1849bae5a575fb240dd,416,416,2
train,plastic1123_jpg.rf.e28271604a7baca754f9f04ab5811ec7.jpg,train,plastic1123,252523a58f54fe1b6ee9baff52e9b43c765fe5b7d04bd8a2d64dbd0974ca49df,416,416,4
train,plastic1124_jpg.rf.262c5f8c5d2ec798e50378e80aa00b41.jpg,train,plastic1124,c3a003b92ba3f7af6203abd56149e4dd5564499a2ce30fc2d05efe828c24bbcc,416,416,6
train,plastic1125_jpg.rf.0c233a3941d237f7b512a6e541ca08bf.jpg,train,plastic1125,8d83aa38f2f5f31d5d7f2178426555c49c5b309ad272fdae2e7b2410b2940738,416,416,1
train,plastic1127_jpg.rf.59e098feca6fb4392bdf64b56dad4190.jpg,train,plastic1127,7be124c24d5d16fcd3a5a7db40fbad4138a334645ed0914e8906aa161b984c21,416,416,4
train,plastic1129_jpg.rf.c09d08e7defd344dbee54b54f269b3d1.jpg,train,plastic1129,a8747f2cee43c893d6cef07582f74c6139c95eb174bb50b6fd33fc1b003887fb,416,416,1
train,plastic112_jpg.rf.e42f050c9e3c960baa18c1edb249c32f.jpg,train,plastic112,13ec1c4ae21cb92a406e48f7c2bf5dee111ce3da459795276145874344e42614,416,416,5
train,plastic1132_jpg.rf.fb2a19e88f1145f800161e519ed69655.jpg,train,plastic1132,90764739d681d34f35c538b747ec6476a99ca6433204c7e4dcb023c96edaf6a7,416,416,2
train,plastic1133_jpg.rf.38dabe3abfe0fa1ebd9a0c1d9374e1cc.jpg,train,plastic1133,aa3c84afbc7977418e946bc8493861cba437ecf5da7d546848935dd521794c68,416,416,1
train,plastic1134_jpg.rf.d032d56296ec83d159838d93bfb1d8c6.jpg,train,plastic1134,6c45f6ea540c58ca05427474b99da1b2f52401912b22f8d2941526caaa4e08cc,416,416,3
train,plastic1137_jpg.rf.0350a8f297fec4ff315a649e00f01ab9.jpg,train,plastic1137,582cbc6fe54fc805d7aa968d4bf728f7c3a9dc746ec8de981a5c5135f36ac53b,416,416,1
train,plastic1138_jpg.rf.28619e8eefac15c41510ff718b983cc1.jpg,train,plastic1138,17b85d9c7d8c65c3972f1e66b097f4d0865def16a4949628ce36eb8bee34d159,416,416,5
train,plastic1139_jpg.rf.6789c6d57b83c462ab147e88c19bc5de.jpg,train,plastic1139,d1e58002568c0ed612453acc9a8933b64a5035e63a948f21c3bff1d50811273a,416,416,2
train,plastic113_jpg.rf.d6972c1db8088ce78904c0f13c5cf9d7.jpg,train,plastic113,cc928ef61a0ba3d7ae46af6cea04d3d3d656bbabcafae33a3628591912ddcc20,416,416,1
train,plastic1140_jpg.rf.e47d8bb565be119359b08942e3598af4.jpg,train,plastic1140,e14f694b38022910fe28414f95e786a5746ade856d41370a40f366ab61ca6b42,416,416,1
train,plastic1141_jpg.rf.84b79344c25f06af298384d40c75cda0.jpg,train,plastic1141,8263bff1bae14e3a65b6c362a174273486becea56fc98afb3568031d32a6be87,416,416,2
train,plastic1142_jpg.rf.2f77a79452623f27ea108084d117d865.jpg,train,plastic1142,d8636e0fe3a0ee47f833dec019e003f395397db050d4bab3abda0d5d3f56deb4,416,416,4
train,plastic1143_jpg.rf.b9fc09e56065a58410082084c92a9d65.jpg,train,plastic1143,1e2db1602b73522bc7fdccd21faddf8685c84593e696822f1a83ed56b5ec3999,416,416,6
test,plastic1146_jpg.rf.b01cd2d83a0ca471c71e9bebf8cd8552.jpg,train,plastic1146,ce11aa7862aad650b55bba4e149e1e442a35025d4263ad631616d1c075775048,416,416,8
train,plastic1148_jpg.rf.5b868d11a9c6ee4ac46b85162b41b5ea.jpg,train,plastic1148,aace83f9c11425205f43897b18c1d4e5217bf9b66deab856a57368fbb01a73f9,416,416,2
val,plastic1149_jpg.rf.3c7ceab3edf31d140e4046e8601396b0.jpg,train,plastic1149,f99ebffccf94112f87dc33b3c34eab288abae0d35565e5dac13890610b7ab6f4,416,416,1
train,plastic114_jpg.rf.9d0fd67537da1b795b9918d5426d2e2d.jpg,train,plastic114,690480788c631717df3c11c77cd1faacca4eff6493e66ce630c753abc85e8f8a,416,416,1
train,plastic1152_jpg.rf.0ce9d89bc0f29f86b701763e0ce088b5.jpg,train,plastic1152,68704334d9b38c67f4cf32b4d03620abff8e607e7c1ffd1e4240552dc20ab909,416,416,6
train,plastic1153_jpg.rf.3baee204c38a0c53be1f205967b452b9.jpg,train,plastic1153,c8d6e4146fffef40490c57a448ad976097bd1f5b86c5c37dd57d7fbf15d832de,416,416,1
train,plastic1156_jpg.rf.dd8c2e4bd18a0ac55d5ab5195ef6773a.jpg,train,plastic1156,2b4be43a4e026f8791b26daf626e54fd5dab7288c3894c5ec960565b3720de92,416,416,5
train,plastic1157_jpg.rf.45090524cfd092e452ca3af9b59c8b44.jpg,train,plastic1157,820e808b3fd4259cad232a4f7b116fcabaacfc19958412c4b5e1554d32194c98,416,416,30
train,plastic1158_jpg.rf.d0a23c8ad36f631f870d31b2258708cc.jpg,train,plastic1158,5e2f37bcbd712da00828d7d9ee7a8ebbe70571908a2d05bc6affed8d065caa42,416,416,1
train,plastic1160_jpg.rf.cfe0d6712224eac0111f96642c812784.jpg,train,plastic1160,78b7d9d4e22a9b42879cb0ca79f0daa256746b295378de19ae41a5120e377c07,416,416,1
train,plastic1163_jpg.rf.dfa2e2d30e1dde716c6930eefcd25d2d.jpg,train,plastic1163,982b8ef1dd0027d3360f9655949ccec507a19085f42cda7abee5abb963f22467,416,416,2
train,plastic1164_jpg.rf.72a67cb87c6ad88c662b51aa7d650e61.jpg,train,plastic1164,3f4047221181e7d663bd8a735ff8eb4a509711807cb61efabad3fef5cb167d2f,416,416,19
train,plastic1165_jpg.rf.ac721a2197392de46e90e2a852ed342a.jpg,train,plastic1165,f0fcf710d980e229d35c78205c6cb934cf36b262dde405e0db9c1432588aacf6,416,416,7
val,plastic1166_jpg.rf.7b742f18c279f24b87c7a28f14b67e52.jpg,train,plastic1166,8ff07252b0124981125d6b8596fdfd32b813c32228201b24a5adef3dad2180bb,416,416,1
train,plastic116_jpg.rf.90851b9e40885f6af5be0bb653b6aefe.jpg,train,plastic116,fe61f176f2c02e8cc4f4e9c1dba7864115f07c4abcd29f8d38dd9830e1f36726,416,416,20
train,plastic117_jpg.rf.b0835aa85906c08f782abfa472ae03b6.jpg,train,plastic117,0cd45d3afc71cf7a75e64b3c574e7213b24fb44864c8916a6a02787ce4d14213,416,416,4
train,plastic118_jpg.rf.62bb68dbc624de22ad2ea37f75a14bbc.jpg,train,plastic118,4e6743aab4051113700b1902ae6e64ca641c59b08d4bb51673395366ba165070,416,416,1
train,plastic119_jpg.rf.30fe499b01914cd0dc90042c70aaf1d9.jpg,train,plastic119,c5e8c40b1eed5a7400cbcc1e8c5ab54cac600d719edc101f2fc6a36b26bc7765,416,416,1
train,plastic11_jpg.rf.5d7404eac8871b3208d0ef608bd08738.jpg,train,plastic11,6185d536ddb01dfb96a1ceb857e1bcb18dd8f00b72d0266421c84064aa0449c5,416,416,3
train,plastic120_jpg.rf.a472e052460668f7a4af51243b13a4c2.jpg,train,plastic120,069e8eab1f6e5ee40b29c691063550f4c7e850793c5dc5b226f702b1fcae15d0,416,416,1
train,plastic121_jpg.rf.eddc1e589d90e7f8bf803b541fec5497.jpg,train,plastic121,5115e424c2486f485d373d9ee2f761648b9829ac06033e77f3af29d0c529308c,416,416,1
train,plastic123_jpg.rf.2252c7e179fa6344b2bc81db944e48aa.jpg,train,plastic123,b60dafebbd6b27d2eb86a63ce4f74af6d267077b74537ef38b264b6c70675cc2,416,416,1
train,plastic125_jpg.rf.d77e78d4cdcbad9f606c087af6fc99df.jpg,train,plastic125,235dd88ab8aa496ed6fc2437bea76ebb09fd5a6f5a2b646835edaa68a50bca3d,416,416,4
train,plastic126_jpg.rf.1ce67740fa4cf3bf788145ba38a129bd.jpg,train,plastic126,d0eb873814f3a74e40ac2fc5c2b06cd095680c85ea327e7b4d7444e799d7557b,416,416,1
train,plastic128_jpg.rf.b48d43aee3cbc03b97e61e41b7663182.jpg,train,plastic128,1e8f477a5438924b932113c0fc8b4dd09015b188fd670bc3723e7ab164f43418,416,416,1
train,plastic129_jpg.rf.98d050a4b00bb8023ee76ddd03dc981e.jpg,train,plastic129,a4c1958f00f32f946531887f4754da8b8eed4fe6b2d76ca432aab7c0c66a7503,416,416,2
test,plastic12_jpg.rf.44de231e0474759c811848ae1a62e137.jpg,train,plastic12,179cd899dd0d32d1d5798ff6006d08ff3014698b3ce495e23db2ba7d87ca3f4f,416,416,1
train,plastic131_jpg.rf.9be2d97b04bb468079ec775546dee23e.jpg,train,plastic131,4f524c491d918ae2077128166c9f93236bf33d1fb8415469e4d2137d18b9d197,416,416,11
train,plastic133_jpg.rf.4971801ceceb4a753f82667c934308c4.jpg,train,plastic133,91a33c30f8c932c9e3fc272f8d9fde4e0ddad720db6bd35ed61344650cb94d1b,416,416,4
train,plastic135_jpg.rf.9e24644472871e737b0fd2663f5bf940.jpg,train,plastic135,8dbea0232965afd3673b5c56aaa60e6790689515a38d1e3f4cdb80ca66f06af3,416,416,3
train,plastic136_jpg.rf.eb3fcd11207e237f3aabb6a6eb2899d6.jpg,train,plastic136,ef765cd4ebb78cdc3fdaca287333686e4cec4174f75eb093315316c60c952333,416,416,1
test,plastic137_jpg.rf.17a0107bba76422c0addce14aa892ae9.jpg,train,plastic137,af0c94e15010c312337622b30c9dfc7eea854cbdaf13ab956c9fe5dcb1764dd2,416,416,2
train,plastic138_jpg.rf.b598024e3ad1f5225da6ea52a74a3df4.jpg,train,plastic138,1ab26f966224b4bc30324d007d3b7895d3145ba8971b2a692dc469ba7e9ecda9,416,416,4
train,plastic13_jpg.rf.90557b9786692dc8973f0c921df35780.jpg,train,plastic13,a618605e7557c682bd4386a54889d8b2ba56e64956c15f98b0ab3511cb4b64d8,416,416,1
train,plastic141_jpg.rf.0d3d4a284bfe7e922095aac65d8244fe.jpg,train,plastic141,13cff3f3e24097faf07edb62c036dacc2ce6fa001b19e010624924e10097e8c2,416,416,20
test,plastic143_jpg.rf.bbc04001eca04463e7aa7c341928ad6d.jpg,train,plastic143,674cc152cd4fe7b498e1b23d517ea2da6782d595562bd8d52c48a8e11d4a66b3,416,416,1
train,plastic144_jpg.rf.914bcd62c61192c2f376b4860faf3a55.jpg,train,plastic144,cc29924b8f7a6d5e0142485acbd57d0a9220ee74ace131356797631d8f3ce65f,416,416,1
train,plastic145_jpg.rf.dabf2b5590ae59c7050f4f9ce3531030.jpg,train,plastic145,57e64e22b4b45688371f502581e169e74b157b72ec7845831b498b430b39034f,416,416,3
val,plastic147_jpg.rf.70a53d0d14a5e02fd1a6c554588476bc.jpg,train,plastic147,92d05d57147e679025ec293c8173afd4ceba5399b7445f599573f279a51a7e82,416,416,1
val,plastic149_jpg.rf.9ebc649988bb7b4a363569b823b965bd.jpg,train,plastic149,0f015b73213deae00827e705224a3b30bd633048d5eca9f178af162733dd756d,416,416,2
train,plastic150_jpg.rf.bc0839273933347d84e600f8dd6d10be.jpg,train,plastic150,fb7961e8affef3b7e76798d5f3f9cb4c70316907836c20e13325a3e129280e77,416,416,1
train,plastic151_jpg.rf.07f1f4cdf0763690263bfa85b624aa3c.jpg,train,plastic151,eee131b76d2e55748988e757dd9575248a0a93e653abc1ef63b2609bf2eb4f15,416,416,1
train,plastic153_jpg.rf.21c8f3ca981aff9fd29b1d44d966a161.jpg,train,plastic153,df142cac0d5c8e6418ca4fceacefc91ffaebd9c9086b8bbe229bfaa09eff27f2,416,416,1
train,plastic154_jpg.rf.27650a0ee146d58fab1bd67874b5e8fb.jpg,train,plastic154,335bcf8fa18113af169ba2d37f271b50edece60ced3fc7a641302d44b9bbd823,416,416,1
train,plastic155_jpg.rf.b494048106e5f21ff081893807d1c68d.jpg,train,plastic155,5146fd23c61104614f27398fc6b0b6433617a6986008cecde4f8be1983180356,416,416,4
train,plastic156_jpg.rf.99d05029b4d78c7af90fe061876b449a.jpg,train,plastic156,5906adc0ad91f0e214c1a8373a0d987b0403c0d935f2f28adf7b1e51542d56a7,416,416,1
train,plastic15_jpg.rf.0f0eea074342be3cb2fd7f7b4de3cdf7.jpg,train,plastic15,0ecce5c809243274c38107897d222304373c9628bde3a6034e079da112c4dbb5,416,416,1
train,plastic163_jpg.rf.0cce2c60b54a4ca2e5fbeaf0b2ee5e75.jpg,train,plastic163,089d5141be2c6a997bea324cc6cd29f595b3b890283d85e27441fcf4ec696357,416,416,2
test,plastic164_jpg.rf.7ae2cdab98ff95db67c10265d9027ee4.jpg,train,plastic164,5ffe667208b30613445bf1a5f3ad130f57da63d32b4c615a624d8258c5c6b695,416,416,1
train,plastic165_jpg.rf.78d762c076d8e8337a1b1c76ea47d013.jpg,train,plastic165,2e51196239718279d22f068aa84ea3c9ee6ea02d33bb0cd3187cc9b128875b5a,416,416,1
train,plastic166_jpg.rf.9087bc576e3590695c85956ba62d8b76.jpg,train,plastic166,f8c21c78919b49a48416cbc0b867ec58cb7c7939b6fcdc47fbf7b0cc906d230d,416,416,2
test,plastic168_jpg.rf.312b138684da0580e7b93405bf38476f.jpg,train,plastic168,e73984b5854336df8155cab3fc2e3db33f7e450261abc3ca158d84c1cb86b102,416,416,1
train,plastic169_jpg.rf.4182b1ed5e8181978225a6e6023912b1.jpg,train,plastic169,8bb23b0ed061cb433fc9a5aaa14556f04343a030a53398ba43717be7a695f5fa,416,416,1
train,plastic16_jpg.rf.b2a4d09841f07a75aa1eebc88ab546fd.jpg,train,plastic16,aff55da10d2a1225fb032903c5e71d88abd52b211079093bf53c3a4b0e4006f4,416,416,3
val,plastic170_jpg.rf.9668e57c8e4b8c248a6d582f0e328921.jpg,train,plastic170,76f37d418a4b1c1e2a861077e2b1705eba395b678d970c11dabfbc2c932cbfa9,416,416,19
train,plastic172_jpg.rf.09b9acd31233fec8a3e3fda98fd76cb1.jpg,train,plastic172,7307b996ca8c99824eeb957ba74ab19e0b6ecc70a27060db0cc108df6325d03a,416,416,22
train,plastic173_jpg.rf.bcdde112397eddf4497054efb702999b.jpg,train,plastic173,b67f575fd8a61496533394f21cb9044d1f3469045ea662cf8b30cdfd3b001cb9,416,416,83
train,plastic174_jpg.rf.9e0822c3f558d00a4620a3b3b4ed9c48.jpg,train,plastic174,3bb1abc77c24c437b293a067d9b4824362b3c23002c76b1ad2d40dc5191ba2fc,416,416,10
val,plastic175_jpg.rf.8cb5797bd522e5a6c3714c3c46f8f74f.jpg,train,plastic175,03f090746122a7080467d652bfbf2c5827ecfcdbfe1b8b029a9ffe5566818d12,416,416,12
train,plastic178_jpg.rf.939717cc9e40220d1d9666a18ba0379b.jpg,train,plastic178,2a2d28a276df2ab2a4222cc7831fe1498aaa9123421a2d1955ffcb859149fc4c,416,416,21
train,plastic179_jpg.rf.12e8a7401ef3b1d1169da3dcedf8ca14.jpg,train,plastic179,9530c2cf6909343adf7879ce2e06e2a7536547f08221d9d76cc09ca91f3c75a5,416,416,1
train,plastic180_jpg.rf.6592ee30ecad5e6b30e33482b0bc9b35.jpg,train,plastic180,2c49754ccf89733abcd3bc024500a8f019ea0bd837f2e3cfba3537f5d886b280,416,416,1
train,plastic181_jpg.rf.a9b1415e819392d446bd612f52481a6d.jpg,train,plastic181,f0fdbc2b8a990f8d4e4cc4304e76545124aaf4d8700034ba3059bda54e7032e2,416,416,83
train,plastic183_jpg.rf.5a53d7c18fcaed7235b533a17d8f054e.jpg,train,plastic183,c554342a40f989a0f9b47629f6de807bd1c3701a96cba294a50e83accb70fc83,416,416,4
train,plastic185_jpg.rf.a5b758aa43100b31d1c4937063485ed6.jpg,train,plastic185,200d719b4bc7151c243a413df3a53557d3f278a7e730e3e6f861a35557a81ed6,416,416,6
train,plastic187_jpg.rf.49714835d2f9962c1ba8e7403227f91b.jpg,train,plastic187,64fbe30a1656ef21d1ddeb64b6330bcba422c8c09311cd97d65d15a7cb40ae30,416,416,174
train,plastic188_jpg.rf.e57623882383a85a87e8034fc615d80f.jpg,train,plastic188,72a40f6429b3036766bddf0b93ea93384ac72229d5986e9e6324f988435d2ebd,416,416,1
train,plastic189_jpg.rf.a1aab84ccb58f8cdd68c537d38883afa.jpg,train,plastic189,d5112086ab7be184f530ae2dd849c4da9ef1a301fc9d6281e8d3b7678e2ea9f6,416,416,7
train,plastic18_jpg.rf.feb4e2bddc2c611a2778c2a7bbadf3c0.jpg,train,plastic18,89ecf6c47b1b10bb00e96eb74ea299648af3847065cef27aaf7f51320892ca8e,416,416,1
train,plastic190_jpg.rf.e0a779443260c50ceb86f71fd444d12c.jpg,train,plastic190,b9fc1fa6d18a933f5155c015b088fa93c00cb7ba9d7d0e3772c83fd99173ae16,416,416,1
train,plastic191_jpg.rf.a81d47d89044f785ecebf2afbd57af83.jpg,train,plastic191,44b8beffbe892e4e6ec66e44986a6afd7d63e9262ec04c461c920dde0fd0e552,416,416,3
train,plastic192_jpg.rf.59fb0ade16584717566f6527608c146f.jpg,train,plastic192,db6e11fc437870ec3e2fc77f8c5ced7752a2636282e68a2fe39ecd5277622158,416,416,1
train,plastic194_jpg.rf.51844a2e4319730d44558aefbd1bfd95.jpg,train,plastic194,9506b22109030ffea5de54a876e15ff320d1873c99ea8c30b09be33ec608bdec,416,416,3
val,plastic195_jpg.rf.25e5123e0ca113baec77b12254dcc32d.jpg,train,plastic195,6938bce8ee903108bbc2d4c941b039786cf8786a3a22104d574c87aa29b038f8,416,416,2
train,plastic196_jpg.rf.31d5e1d8a312dc8e2a529c8ae141ad65.jpg,train,plastic196,c25d28ba4ff4a2c0fdf1385e3bbab47a986901d98c541c42bc918bc232d8500b,416,416,2
train,plastic197_jpg.rf.bfa9498a40ca021a75eef61146ae97a4.jpg,train,plastic197,55b933b6162809acadf5af0a694a6b794de02f9c888752c730f2f08cc8468377,416,416,3
train,plastic198_jpg.rf.43e780fe08bf4815e919573bfbfaac03.jpg,train,plastic198,5ba8a73b952b6af02cc62b006d50791c73594237fdb32474b50b43b6fe324137,416,416,2
train,plastic1_jpg.rf.41e8c04bbd05769e93dce9be94028041.jpg,train,plastic1,8d8cdaf1f8d386774c13bd5a9b729813c62d13e126eaa270b310b44b6f27cdd3,416,416,2
train,plastic203_jpg.rf.bdf400c296648d1743431bdfcf0853bf.jpg,train,plastic203,cefdd2f7b712504337687e6431c418d91f71e2e9e9f025c8a33c3738139b3c19,416,416,2
train,plastic204_jpg.rf.faaee7117df483f4bd217059eb61397c.jpg,train,plastic204,565dfba80732890a18ede7e00a9a66ca198d30d03e3a0c884ccc3d8e064c15be,416,416,2
val,plastic206_jpg.rf.ca1fda05c1fd564f27783c92578eac08.jpg,train,plastic206,d7c81b0d8d193bf69b69a68d25efdb43d4052664ba9ba965893aec4e5002ebe6,416,416,3
train,plastic207_jpg.rf.6a33082715328673e1e57ca11912b1ad.jpg,train,plastic207,093e9727a3d0d71861db4c268654f4b55acf75d84a549b2da087cb97071396cb,416,416,1
train,plastic208_jpg.rf.67dee7bab95df438f9123faf409c0b45.jpg,train,plastic208,a7a782fda96a7355caeb81b56feb6c15489368aa5225ed4eec7e2e400034e6e4,416,416,3
train,plastic209_jpg.rf.e67ddbacf48c3aca63e59ab028749179.jpg,train,plastic209,735a47fe62e941d040bbe1b2ecef0974baf98b6d9594b6bb5bbfa74a8efbcef5,416,416,3
train,plastic210_jpg.rf.abf87ca72744d93a76e7ab7724ca1a0a.jpg,train,plastic210,d87a23d0b762bd2ab2168fc82b1409cbec47f0886f6197e2461c3fab1f058d02,416,416,3
train,plastic211_jpg.rf.7697d969502a09c071aa079018878470.jpg,train,plastic211,d343e4be01b9dc5d9c5bc351cb5dfdade5049d67af86483ac743516b84ee583f,416,416,3
train,plastic214_jpg.rf.c5c94e217e06c31b90ce04ff57ba94f4.jpg,train,plastic214,83ea812cefec43c095ac3898f76ad9ab34c702791954e10fb5c88b9f2146356a,416,416,1
train,plastic215_jpg.rf.854e81671e2c9192d280633e2b979416.jpg,train,plastic215,97aea489192e2974f74614e62b7c398ab2944aa0a2c0df1dc90aa008f9d7d48d,416,416,1
train,plastic216_jpg.rf.b098aaeeae9b430fa9c154242690cbec.jpg,train,plastic216,561e470584421a7b708f14513be0bf478064f3282271614f5121b5a434e62802,416,416,22
train,plastic217_jpg.rf.2f59fb714ae25500adbc966d2e6e6c16.jpg,train,plastic217,2e203adddc0270b49cc60cd01e0c125f969927617e912099f774d10afada48dd,416,416,2
train,plastic218_jpg.rf.125b1f51585294712ec4fb00103f8c71.jpg,train,plastic218,f0066775a06913fbbbbd6da5c81b904bbdb3974f411a082c4226a289531a1237,416,416,2
train,plastic219_jpg.rf.bf1c5d03c9173b8d14f2bf3362b90d68.jpg,train,plastic219,e3d6ba07628516e1438474852b8de43fdf157fd1afa6650f782bfcfcd46e8e6a,416,416,2
train,plastic220_jpg.rf.02a645d7de267808f040b5ff3e5186f2.jpg,train,plastic220,e038203036d8605ca37939d52bec1f433e50d7ebec62dd67e02681b18a400cbc,416,416,2
train,plastic221_jpg.rf.4ea02b916725f1f5548050ab692aae6f.jpg,train,plastic221,1d6bc1002aa164a584c16abb37371b4c33ea4a8b84a3dd85be9773b484d8a8b3,416,416,1
test,plastic224_jpg.rf.301639e140c7c945fd99d8e7f4a24171.jpg,train,plastic224,147052648ab2d6a896b6eab871b302c1e32f6ad848c8a5512144ed326e00f51d,416,416,1
train,plastic225_jpg.rf.4f1bf2ed234b154198411905c8a7fabc.jpg,train,plastic225,a3c9c0284435233c4f5a808a01db900c32549202137d04c424562a0ba2cd23c2,416,416,1
test,plastic226_jpg.rf.74f22fcfa8c144d916d0cbc921c6f0fd.jpg,train,plastic226,5ccbf5f4b41678c657526687d074fbee0f83a322d7c3b605dcdabba206a1d3f1,416,416,1
train,plastic227_jpg.rf.6362a2b46c939518ac08e0cd0b17cf0d.jpg,train,plastic227,8c5ab48cc7622020ddd3d411d588eec30164ca0b13ec780897ba1788fcc014b4,416,416,1
test,plastic228_jpg.rf.577f1bdc49ebefc254e45881d5de5686.jpg,train,plastic228,031ae7bd8e0101adc93eb742c560dc8fc8a385bddf55edc0f393a8298630efa0,416,416,1
train,plastic229_jpg.rf.097a45689640e8fae5e67e67e09e40ea.jpg,train,plastic229,7537cd97079531aedc00cc5012530d509a65c0d75153a84a997e1d6fb00a798b,416,416,2
train,plastic22_jpg.rf.9a69aeab841873dfae3c748570dd8ac4.jpg,train,plastic22,5d141eb28be2600ea9e4786f3b7af29859b9c802270b72aa54ca75283d6406bd,416,416,1
train,plastic230_jpg.rf.4bce0db5f0dfdc566665ea3ec1476960.jpg,train,plastic230,505230c668da6fac25ad2743eff90ab327095f50ce0bc22a3af46eff97591a3c,416,416,1
val,plastic231_jpg.rf.3f317f854a82ba005a24788a78513464.jpg,train,plastic231,dd647f376f731724d5f091c859edaa15c088c471142bf72786caf8be2f1ad7fb,416,416,2
train,plastic232_jpg.rf.644a9e78e04eb7b4979d549089eacce8.jpg,train,plastic232,b98b09529a44993660c4bcff53c0b359a2b6d3cde25f0a041039b4a7a5fd65df,416,416,2
train,plastic233_jpg.rf.4f1a3cd6f55340714f407ce6fce1b294.jpg,train,plastic233,9c01f9b6e059466c5f6ce555baf5f1f99efe067ed5da23c2346a046b326dbd4f,416,416,1
val,plastic234_jpg.rf.d0df6a32a3461bce019f149e7ea2fb9f.jpg,train,plastic234,1ffd797ec89348de0c33b8a4d809c8a0d138d007a6412e2e787f99c62103c8e3,416,416,1
train,plastic235_jpg.rf.7fde4e4921aee2a8b408641c4e005411.jpg,train,plastic235,24e5a755a7729a6f9d2058d068cdca635d3bb164e197f20cb1bfc18a63c2823b,416,416,3
train,plastic236_jpg.rf.0bf540e4064d022e8245d9b717c45654.jpg,train,plastic236,c7e481f22771d43359e9dc3ea7fba3c42a1e7dbce9db6e680ef509787350bee9,416,416,2
train,plastic237_jpg.rf.d39a9636d22d4a199201d59e95ebdf94.jpg,train,plastic237,82deffdca48d36ee1cb9efcf408a2b3652b544d91884bf44669bf21ead9563a2,416,416,3
train,plastic238_jpg.rf.e665a2031f92ef16fa82b2bb2ccdc23e.jpg,train,plastic238,7d39217016708a17091ea7d021cd5f56cb80fbff98be8cbfbe3be184ab19f1f8,416,416,1
train,plastic239_jpg.rf.faac0a84a7acde2cc69e1b91b18fcd64.jpg,train,plastic239,ea10a7c20d9699cc7df08ba157197b11c3064a8d367e84ae2db2009613e4ba74,416,416,3
train,plastic240_jpg.rf.f64546d69fbca005acf81df45527b92f.jpg,train,plastic240,1ea4cd1bde0f9c076028570ff8732168bb1011f85ffc87a911e739be34273aaa,416,416,1
train,plastic242_jpg.rf.9cefad5f5a32564c31119baf08881f73.jpg,train,plastic242,490e26e15091e8494b5e1af3c260a4ac0432fb45fa28a691969cc0186ea0edc1,416,416,2
val,plastic243_jpg.rf.b38cb12b7baa2f6d30d8872b620cbf54.jpg,train,plastic243,281e84af5f8b2f905ab3d8add2164f58c0609dd144fa24548a8d77f38f1d5a60,416,416,1
val,plastic244_jpg.rf.29f7b7077b30c79bfe81cfbb4a273109.jpg,train,plastic244,91850da1c60dfe145e54bdb95fc3b1caafd615546988b4743130c3ae7093ec85,416,416,1
train,plastic245_jpg.rf.65c0fa9785e45c949a672a6b6af47dcc.jpg,train,plastic245,969eba9fc12798e08aeaf6e6e4c426b6c1ed7027b0db151a21558033feffb42a,416,416,2
train,plastic246_jpg.rf.fd9627271c85e04383f3bc15aa13dc5e.jpg,train,plastic246,bdb393be962f4db0a921e165b87223deff97c625968c8d19b161a94a5d1007f2,416,416,2
train,plastic247_jpg.rf.123f6d5fd9be3746ca63aeaaaba7951f.jpg,train,plastic247,601e5fd1678bc518456a2144f91c0cead6c0deaddfdd5b081e1045fda692919a,416,416,3
train,plastic249_jpg.rf.df8e5895396f0953b76748761255a432.jpg,train,plastic249,708a73163aae2db7ea86ed6964e10df50328129314ba5e265004f0cafdba65be,416,416,1
val,plastic24_jpg.rf.4a4e57a523defed5bf8fe966bcc7a6a0.jpg,train,plastic24,02956e362b4de3bfe52e5de459596023f06ff25a8a30fec332627fbd253cd7b3,416,416,11
train,plastic250_jpg.rf.8b61a6afbc411f4f6cc5e7cba0bb32a2.jpg,train,plastic250,fa1b22100978f0c312d052b16c44449c40dd85c9bd81f50bcb8fae30e5cf98ea,416,416,1
train,plastic251_jpg.rf.9df8e91bc9edb177b82824627b960565.jpg,train,plastic251,2cca058935e401a4cdc70df992cf6b90a582c8ed256e8c724899ec17c895dcb2,416,416,2
train,plastic252_jpg.rf.ceee1de872055e87edafef7a5628e327.jpg,train,plastic252,0be4ef0a8c825e15ff1def2138772f47b0a65657787663ee6ab66c7724ab5cc2,416,416,1
train,plastic253_jpg.rf.5c68aadff2930794ef264e8d0a3e0463.jpg,train,plastic253,09c7773cc6353f976fba9b1285ed03d1337d21c5d1a6b0728ac220b1d4a44473,416,416,1
train,plastic256_jpg.rf.08555728a98b826954a24ff45bd73749.jpg,train,plastic256,373b5da20c391f6cf7a89e8bafba173cf816be78a9825c592ddd0f7af66e8b95,416,416,2
train,plastic257_jpg.rf.26b58a2030509f6963a9c2b223c1ae6e.jpg,train,plastic257,79c7aa4c1f61751b6a844e3cd942b54258a7d7930b3e201416f5e62370af317a,416,416,1
val,plastic258_jpg.rf.073867897e22db69a506ba9273b94a90.jpg,train,plastic258,eb6561aaa42ba9d2d5abf3aa05cd316d96927fb65aa67a586319866f4b365d3b,416,416,2
train,plastic259_jpg.rf.32eda23d2a1ebf0b4ac8a55fe902fb32.jpg,train,plastic259,dbd4c4f110e7ababa36f6b3c0060493f946ac9911fdb9f73222a52e26b3d9115,416,416,1
train,plastic25_jpg.rf.a6f06effaa58c619514788ddc13aeee8.jpg,train,plastic25,9d62ba47cb4c94ec7bcb471d63e7576694f74b2851197f76407d815b0c45421f,416,416,1
train,plastic261_jpg.rf.7e3002eb02c22c6a3cb22cb30e6f2caf.jpg,train,plastic261,d51ea8edf7fb737a1bd8012aab22896cbbb2d2b420b8b9791e65ee129ba976d2,416,416,3
train,plastic263_jpg.rf.7c4e968560131f5bd44a374449e2866c.jpg,train,plastic263,1ac8fd00fa64b5bf78d95d3ea5b5ea976a2d3e46bfb7668a1acc9abdc1976e2b,416,416,2
train,plastic265_jpg.rf.89359b0842a54b7c36c5fb8a44b7ce29.jpg,train,plastic265,8fac859bb7ca9490d1137b2354acc1a227db57b22f44466dd2bdae9e96c68878,416,416,3
train,plastic267_jpg.rf.50d4ac11347298aa8692e86ff9256fed.jpg,train,plastic267,2cf0e727ece0dcfd933fd79110151a76946291ad6d722ae8d9b74a37333f98e7,416,416,2
val,plastic268_jpg.rf.16885862f77de294dd90cb3d3e344aa7.jpg,train,plastic268,a816abd357369e70717297213b2719bf706df2694931b9450fd32a4a9699a238,416,416,2
train,plastic269_jpg.rf.949b2c23d2f1b67196b3f98f0d084c0b.jpg,train,plastic269,0fb753940f2b98f0aa528c5fc455e0b9d1cfb02c5f5209db7ba68dbeb3f6f27c,416,416,1
train,plastic26_jpg.rf.f796a459279cb830b0dc3103e9cac430.jpg,train,plastic26,508d603a69a02451a5af166854e5740ea65d05a7be40fcbe362661bc53be543d,416,416,2
train,plastic270_jpg.rf.ec49d9dd396c38b24e2de695f7ac5c0a.jpg,train,plastic270,6da4ae8432053bac9cda0ff8c3232ec0a46aad0eb2c04bc4fdffa7aa72c40310,416,416,1
train,plastic271_jpg.rf.ea125f39026b7546d2da98ca9af3cf92.jpg,train,plastic271,0f00499214d20be7be62681e4fa651eb97adaba4d997d7372df9505e16adf4b7,416,416,2
test,plastic272_jpg.rf.f74933f2df9b1abff20e3d42903d446f.jpg,train,plastic272,686d31aff0e261cf6fdf982afdbb3e97502649c6f37855a5babe14ea0fdf6e31,416,416,2
test,plastic273_jpg.rf.8f4d604d709d6f5ab1b4dcbbe0d59e43.jpg,train,plastic273,5e743d6160a5ecf38b97d0dcefe3b020eaa8c8a36af181f097b7be6422ded83c,416,416,2
test,plastic274_jpg.rf.890a8bb1bd92c4608d0760221b4f2fd7.jpg,train,plastic274,baf4b2ff84b590f0a7b3507ecaecba0d849a7360b51b034d48940f3d1dc28a20,416,416,2
test,plastic275_jpg.rf.f648697667e6e869d401461759a29481.jpg,train,plastic275,158badb6e1b4148b8b73bd37befa2b724c32810354dafe6c3684e4fcf7892aab,416,416,2
train,plastic277_jpg.rf.fa56385e8c2f1ad3e98063d0cb1f103f.jpg,train,plastic277,6abfba77f95881848c497a3913096c648b812d627b86b71f1e7352fcd5717cb1,416,416,2
train,plastic278_jpg.rf.37ccb21654d2c1299d3a25753a654f8f.jpg,train,plastic278,615916977ac9cffdec52368a241781d28aa72cd2851f561c20f5a3cdc672e41f,416,416,2
train,plastic279_jpg.rf.b9aaa22201fcab3c243b22541fb30262.jpg,train,plastic279,840b9ebad4320dd16bb53dafa3daf46fcb7fe67011f42e16258195be35c7017b,416,416,1
train,plastic27_jpg.rf.80b99d75ef77b8ad495060775463bad7.jpg,train,plastic27,3197e08685e086780ca2624eaa1b3b2da08370ef67ce98b6047c5ff7a57526a8,416,416,9
train,plastic280_jpg.rf.522b200c1b7eeeab5e9e99e3eca000e5.jpg,train,plastic280,2b9e0344d3efae5f59f7c0aaaac1317fa6182862571490276647429cc8990a24,416,416,1
train,plastic282_jpg.rf.cdae0175c801e9229f18a4e117653f29.jpg,train,plastic282,cfdd2aa581bfcd957028c322d56553f4a098770d5731ec91113cb9777d296a74,416,416,2
train,plastic283_jpg.rf.b2d4a044134015923a5e2a5c81b85b7e.jpg,train,plastic283,1b09426a91d80be0b405dd9895f0508ae6e0e093bdf76bf233762fb8f8c06a7b,416,416,1
train,plastic284_jpg.rf.ddf6c21e598a5bd68df83c7ef098cb6c.jpg,train,plastic284,205d754866f1939d792b68354c665a14bb41bf4705f2ed280caaa7b71b6572fd,416,416,2
val,plastic285_jpg.rf.ba7d6696ae875cf19607dd59cf3e05c5.jpg,train,plastic285,966d4a4c92e3687d3ec2b1c76f478b124ef3c8b84f531f1f59b1df8695be1502,416,416,3
train,plastic286_jpg.rf.1f46bb62a1001a9922405f2ad2727f76.jpg,train,plastic286,dd4d766155057e270402267931f4021fb0511f46d6915f8b1b0930ce771c67c0,416,416,2
train,plastic287_jpg.rf.f173025910e07814ccbc5b875c582fae.jpg,train,plastic287,6b18d44043600871043c99a9e6d2558f3aad5caac4614bb29069ecb6959982d1,416,416,1
train,plastic288_jpg.rf.8b71f11b07fcaa378afe6516c3df75b6.jpg,train,plastic288,d7751f57e294990b34e9de8a18b79446327f97e91219f7ce215f290325dccfea,416,416,2
train,plastic289_jpg.rf.bee59fbaf59ea1eabaae66faadaeb79f.jpg,train,plastic289,37191391a354dda180fc95f5bd6e8eba05152d50a2a4421e0838f7aa15afaa7d,416,416,2
val,plastic290_jpg.rf.67c1505ca1208889b955600ea2ea4eab.jpg,train,plastic290,8a10cc7347684fe727f7a744202ba901fcf01f1be9d6e332db0693f3364ba53d,416,416,1
train,plastic291_jpg.rf.a9dbc35c735fb7b05dc447d6675ac357.jpg,train,plastic291,cc7d254270245744f16627ccf67a34deecd0afb9203f31bdb8397c571b2124ac,416,416,3
train,plastic292_jpg.rf.03bc2b883344cbd1aaa4d7ec5c800c7e.jpg,train,plastic292,65dd1188268787fe599a888c9a926c32b6de96de06b7a67a5f8fc962bf7daf78,416,416,1
train,plastic294_jpg.rf.b80c2a6efa2aa64a17d05c2eed138d83.jpg,train,plastic294,e325aaa9d8e1177502ecb1b00d3bb0763ebb2435b15256aa9efcb9cf22c98c1d,416,416,1
val,plastic295_jpg.rf.f1ce15d83b753a57e9878eb18cbf6b25.jpg,train,plastic295,f019f96a32a235657179802a7cceca3e88759d07a2e90e4fd239052e69770d41,416,416,3
train,plastic296_jpg.rf.38c6a52530f78605fe5d21a1ac972fac.jpg,train,plastic296,dfc4deae1a11eff2016cee4e3986b4af832fc40f6aaed5c3bc523babdf114356,416,416,4
train,plastic297_jpg.rf.a2a7aa03c22384b4374cbf4c3343f317.jpg,train,plastic297,9f0fdf23d6fd429ba4a644934e832516acc61be30df39f72565315d474de9989,416,416,2
train,plastic300_jpg.rf.595cbfc4bd8ca7e3ab60a90458c2f47a.jpg,train,plastic300,c8b68a6c5d1cb7d4597e622c25f7ba8de588a874eba70bdaa5753ee866967474,416,416,2
train,plastic302_jpg.rf.7619c1334f6c2c01ea27333de238fbfb.jpg,train,plastic302,3ab6a133e3b0a15594f3e70946147c10c9f09c2b19c3b1c7fe98e611dafef5e4,416,416,1
train,plastic304_jpg.rf.505050bb0a78cc6dd08353f30ff75dd6.jpg,train,plastic304,1b063d2cada95873285c577463cd54886e40edcb2382b655121086728ea2e76a,416,416,2
train,plastic305_jpg.rf.9a9146312315697166b2548ab2a6663a.jpg,train,plastic305,7300793f718ed3fde580d8b0e5b0a11e29f5584bd6f33e658deb42262f25b288,416,416,2
train,plastic306_jpg.rf.52061573e69cae1bbe128c7c80f0e734.jpg,train,plastic306,8183037973c87cf132e21089ad58d9ed1eb7217582f2e0c844f27f6a0d7a5ef6,416,416,1
val,plastic307_jpg.rf.d3fd115948c59a1dbd6da68c6ca9d7b9.jpg,train,plastic307,8a49591a82a963d59a1504af8abc95c9b904e946e05f4fd0c0988206dba96474,416,416,1
test,plastic308_jpg.rf.65abb5050e68fec2bc30d6b7fed04e9a.jpg,train,plastic308,cf98c59a9d4a11de8e65da1172f38ddbcf19f4a756334428ee00bac3551fd6f9,416,416,1
train,plastic309_jpg.rf.0c62fc91f74a3abde9e2b4a818bf0f06.jpg,train,plastic309,166a949e45f4008fc20bca1cc393329812bacb0f7985b1a1d16343a6abf7c33b,416,416,3
train,plastic30_jpg.rf.aab7a3f1568c9e46c72555cf29b64032.jpg,train,plastic30,78bc6a63bb23d85656de8d77a94ee4f04fb698607776211d0bd4375969ba3746,416,416,2
train,plastic313_jpg.rf.340e7726828ba8935c270f23dd67d276.jpg,train,plastic313,916880a7e17be4f39f8a6ba068449043d051ea04a98b8c18d9eba15607a0b8d8,416,416,2
val,plastic315_jpg.rf.9df4e6443784409ceda5b9b8c842e781.jpg,train,plastic315,b17cf552f9b3967a058e3de457bcc44ebba78c03e26f0fac11af29296161c761,416,416,1
train,plastic316_jpg.rf.bf85ed1224f6bf19892ac93aa04820ef.jpg,train,plastic316,3ac481eeb42ae94198ca6a1b5800c2ade91034eb5b2053962e1803e0189301a9,416,416,1
train,plastic318_jpg.rf.ae84ba3afbdbcc477e86024c600d39de.jpg,train,plastic318,51db3e0460a948aac49b88b1b5f84c7b20257160c8d9e2fbfbf5f7363795b976,416,416,1
train,plastic319_jpg.rf.d823d71817336f1ff4f472643b22874a.jpg,train,plastic319,a7884b99b55eecb89289eb3499f68552ddec0a2fa2d90ba529f8b9bc22edbaa9,416,416,2
val,plastic320_jpg.rf.1b4f67fb5833583b73e199422608517c.jpg,train,plastic320,ec3529c3e91463e5f2f41205046c422fcbbd948a3b9cadd1bbf9e255cdd59ff1,416,416,3
train,plastic321_jpg.rf.5c3b351b9b3e61fa9c51eda889654606.jpg,train,plastic321,69429da881af9834c44e12434d3f3b387b006ac45ca7e0328f3b5c6106150579,416,416,1
train,plastic322_jpg.rf.8c934d730638aba060d9226cddaab1dd.jpg,train,plastic322,6b9dc127e12c251e950c69d4ae72f5477f7ebd365f10f718b4b173c47c8099db,416,416,3
test,plastic323_jpg.rf.6c924b3adb951103cf2ac0f8057522a0.jpg,train,plastic323,2a145be6d1b2cd86e92f68ac2848f3dea9c3a0523546cc7fd4a5f4f8850610b7,416,416,3
train,plastic325_jpg.rf.b7300322afaa572b55d83f2f6e9f29e9.jpg,train,plastic325,f10548ce41504b5fdc8f5a96d17230ae902e111cc06985a9959c3dcb74652c3b,416,416,2
val,plastic327_jpg.rf.f4eec88692bb49df95b0eb324c96969a.jpg,train,plastic327,16eebeda29ec4295efa25395115e667d25dea81ed0deef19002e111d17d09e91,416,416,2
val,plastic328_jpg.rf.b271ca4ac86440423c2a15fedbc48048.jpg,train,plastic328,f714e71dbb4f037010539d3c28933f2169d9e55ca7f4ae25e37ac0b481c265b4,416,416,2
train,plastic329_jpg.rf.2d0823842b3ac6f89543f5c44d34f613.jpg,train,plastic329,e1b293700cdaaee63be9d1bc67613cb2bd428629297072c71938fc586c11eb18,416,416,1
test,plastic32_jpg.rf.4f39b3226618f2e3e349bed527d76227.jpg,train,plastic32,d883e0d6c087a1e327b1d6d617e87ca49ffab7556bc9274682f21ae287e2cf57,416,416,1
train,plastic330_jpg.rf.546d095c187087bcdf3658418c056fe8.jpg,train,plastic330,3584fb80247959cbf4a0fb0e860f2d4e3268eea28c2fe6ff25590d5bdfbd7e3a,416,416,2
train,plastic331_jpg.rf.78c3a0d3b81505a27ccb38c3675323cb.jpg,train,plastic331,ddf4b065178edfaa3deadf66fe924b36f1081e8b43d7a37350a47a2fb3911b15,416,416,1
test,plastic332_jpg.rf.fe06528b2ae085c62fe0a85a7ab22847.jpg,train,plastic332,e9a0d7215c64f12790cbe9f76a1c210db76337855b0d48c338d9ca9144bd5978,416,416,3
train,plastic335_jpg.rf.1aa14886e98a0f01ea87c9f75b05c501.jpg,train,plastic335,50a9f8296b6db811e590e1ce7a1f97e33e7683ec8d287e5fd1a32b9c9f314e3b,416,416,1
train,plastic337_jpg.rf.6782734f659d6647a1f77e242236d017.jpg,train,plastic337,e95e27f481b978c1a332e15c4b01370f30df9ae9f79f6e45b05cf22658b7d452,416,416,2
train,plastic338_jpg.rf.c47ed018dbb2e6db2eb29d1ac27109f5.jpg,train,plastic338,0b0ed964ccc17e299eaf2afe01fcdac4c606ea9bcadefa7181377abc4faaeb1f,416,416,2
train,plastic33_jpg.rf.0231f8b356a44f014cfd67538bb1957a.jpg,train,plastic33,85b9b36cca55df3c3db9693fa9b3880329549247dd5587c17ce86edc4afec916,416,416,1
train,plastic340_jpg.rf.0d8e0d1413ba42f3e54463da3c1bf4b8.jpg,train,plastic340,f6844955275da16f2db3b5a8124f7c4d691f2819a2007d4eebf4fd867e32d83c,416,416,1
train,plastic342_jpg.rf.7309810c6bf4d35d754d2f70a8e11543.jpg,train,plastic342,3d8ab80694f39de2deb94af9b6a44a286b284d8a4a842f9d350b62937d591ac6,416,416,2
train,plastic344_jpg.rf.e76d5e68f29e2647d973367c0e56ed09.jpg,train,plastic344,1cef6e9adb8dd78a0f2d4eb72f0c394164cac5649f77552901a0399e385536b0,416,416,1
train,plastic345_jpg.rf.ee780b412820aaa45d5bebb6db355190.jpg,train,plastic345,fb4d15274bc57253165772a4fb9def2e799ef7d6da0a367358801172407d4fe9,416,416,2
train,plastic346_jpg.rf.4544b755284f6c90c6a6d5317425b948.jpg,train,plastic346,f8fa90baa8f865346ba19458bc6aedca102e1a4d70de6a1b5a4b5d0ed8a2009a,416,416,1
test,plastic347_jpg.rf.1ac14a6c68a768bd6277a62629800991.jpg,train,plastic347,72322bbac20bd6a69d5b513007c3bc8e76d9132a8783f519fc7c12bf8677f39e,416,416,1
test,plastic348_jpg.rf.d52247b584094adc4b0976285802db8f.jpg,train,plastic348,b872e182c3b150857578e79e4aff710f62ae732dccb553d9fdeba7e5ca681e88,416,416,1
train,plastic349_jpg.rf.939fddca2902f4dce26005816411a907.jpg,train,plastic349,c6acb0cc8724f1a8ecc8b2ec7c40bda5b324aea021d3c4997089c1fef6973fd4,416,416,2
train,plastic34_jpg.rf.400eb07b5cd8844d495a0a6a94a12618.jpg,train,plastic34,ded663eab17768cd861503906f77a9beb72997bd62c7eee14b3d0a61e18fb255,416,416,2
val,plastic352_jpg.rf.089b2b2fbd354e8b320d16dbe80993fb.jpg,train,plastic352,9694d99a27e761ac3ea4bad853bfd7b426da99acb609b1a9dcde45bfdeca0823,416,416,1
val,plastic353_jpg.rf.b6faa59f3652cc9cb0bdb4b255db69c8.jpg,train,plastic353,f8bcb5787cba4c510ff6a9299aab8d0d986d617fe1a54ac83ed403d972a70660,416,416,1
train,plastic354_jpg.rf.10f5f1c16b217ccb304c6f24ce43eae5.jpg,train,plastic354,215d7384b22afdd1abad4aa121cdce02458ab92e1999dda77ba66255f19a0e6e,416,416,3
train,plastic356_jpg.rf.34f04a9e4bf7f63516651d3f108d974f.jpg,train,plastic356,9303fdc3287a69be781e4f4188ff37f67f5d06f8d1b173b62fbacdabccfc189e,416,416,1
train,plastic357_jpg.rf.0e0d5852ce145e4a54881d069359e15e.jpg,train,plastic357,2437802a563ffe9b1d9b3719297443db4f5a2393477abfa1ab6047d16839bbc2,416,416,1
train,plastic358_jpg.rf.fcff105d0c30ad37615561a38a4219a1.jpg,train,plastic358,b2f6576ae518d07121c5a7b9f77c8b8357663b9eba41d9f100aebb1ad48aa68d,416,416,1
train,plastic362_jpg.rf.cc9b1c589278e1a85430c2447c26c717.jpg,train,plastic362,0a205a5e3af92da1a7d836aa21f18b546232d6a8c62882dc99dfc3ebe29c9404,416,416,1
train,plastic363_jpg.rf.4b99e4aaf2f6dbf436a8f6fb3c0719c7.jpg,train,plastic363,cb173cf415a5c657e1d8b655ab17f26c40a8923073fb63b6f1a5d4ed4e63be44,416,416,1
train,plastic364_jpg.rf.d0ecbeaeb159f724f5ed3099f27d61b6.jpg,train,plastic364,b6de3a9c3cd12cda0ad4c5b05d6d0d8221b3be60a64a6e52171b311d90411052,416,416,1
train,plastic365_jpg.rf.cdbdc686528f14bfa3dc8c94ecdda652.jpg,train,plastic365,b8b71eaf2ebcae26de7751320a79ecb471e49e3479bf1a0678046db9889df01e,416,416,1
val,plastic368_jpg.rf.e82260e157df4af42be2b872e56b6760.jpg,train,plastic368,bd80f1cdca0cbc7b9bd4d79d9d196e2552f606e35e8dfac2501657e235cb05d9,416,416,3
train,plastic369_jpg.rf.9e405a30fdb444a20523c221cc797a58.jpg,train,plastic369,5ed2b176fd1181da421c09f75fd4e3f3f0fb7045ff5a50d44e0080e44271ebba,416,416,22
train,plastic36_jpg.rf.44bcd7c519571ede96b66502b8487c1d.jpg,train,plastic36,4581ca17ac666d7477882ace4eb250a71db7f9a1be3a19d95509f7bd438dcfdf,416,416,1
test,plastic374_jpg.rf.086d949b8feb18c593c9817082a1256c.jpg,train,plastic374,e208b1a8ca2aa65b3f88177ff41abf6c894f538d85d9244c7f04019911047b6b,416,416,2
train,plastic376_jpg.rf.24139fdf7a5742928cbe3fb806b49223.jpg,train,plastic376,47a413b0b31935eade0862a7558f951746f4d3df56c514aa0e1876a938489e2c,416,416,3
train,plastic377_jpg.rf.04c49f22b39e99280cd6b6dc8dcc6816.jpg,train,plastic377,319fff925d7d51b3cc53eac7012ea5353ae31dab593e56790ebbbc318c02ffc0,416,416,3
train,plastic378_jpg.rf.9875c8c4adf64be11a42dfd2bcdf9d98.jpg,train,plastic378,81c1ffbc12220b00e0de4875db78bbbcad8ca017ca8c09b01597a511c07f0713,416,416,3
train,plastic379_jpg.rf.ae638488533fbb2b122776b55d167f08.jpg,train,plastic379,5ac8299fbc3a30913db6768427b4f2a988bff965e29d3dba1ae097bd7a991e83,416,416,3
train,plastic37_jpg.rf.abd28dbf9d207a9473fe9bd42077c353.jpg,train,plastic37,e33bf8d95d18b69633818825e6093adc3fa9a38be4c1cd05aa658499591719cf,416,416,4
val,plastic380_jpg.rf.cdf7d544014ade51df295f7db0aed5e1.jpg,train,plastic380,3c8e1891887a072da14bd4f37d1d2528fd80604e9b457365ad5242ed73cd9f51,416,416,2
test,plastic381_jpg.rf.a852508823357709cc102c6e29dbf28c.jpg,train,plastic381,fa3387d834ffeecc25f9f7ffcd8920a61f2af5224d30f8a5210921f5d653ae87,416,416,1
train,plastic382_jpg.rf.fd6d7d02f876d91537b7c3c88e879882.jpg,train,plastic382,2578a52b85ba3bc0493aa76841aa4f185607d5cc3842c130e83413f4e0ffcdc4,416,416,3
train,plastic384_jpg.rf.9a4303e7d578337808ea1829555f4a3d.jpg,train,plastic384,4ea339ca70e71b67e4368e12223abb3132c3d88ded22f1f895c7bd176a4cecd6,416,416,1
train,plastic385_jpg.rf.17c293c3d659a98db209c4e95d48e0b8.jpg,train,plastic385,dbffd6087fde5c315969d7cb9015890e2304a4fc3af4be97a86b3cc39efe4be9,416,416,2
train,plastic386_jpg.rf.6aa977400077aa36695b3fe17773f139.jpg,train,plastic386,c591cc66cc1a212e83a0ef58b80111caff93d9af83c2d254eb0d07339f705d19,416,416,2
train,plastic387_jpg.rf.e4184bccb44783aa97be25ed1be6e501.jpg,train,plastic387,1b50c82fba6a5c9c39cefa0d87df896692a3df3be56253327d45ebef1df5fbf9,416,416,2
test,plastic388_jpg.rf.a9039681372f9d7448b14b8a100005a3.jpg,train,plastic388,ca17c2f8f7caf9e598667d381159d161dec6e15006537b330ce8a9ad24723716,416,416,1
train,plastic38_jpg.rf.5176e3ac77e7d73c62de562fb61d0d5e.jpg,train,plastic38,1be65af0a9dec7f9f30386ac9d435ab895ce38c4050960ed1f6e16407b4a084b,416,416,5
test,plastic390_jpg.rf.302cb629f099164f345fb0acbad4fa59.jpg,train,plastic390,d0d7f3370c5214eb8353b3d969af6cf0921439dd60f954a21b17e08bc5c88246,416,416,1
val,plastic391_jpg.rf.21467b486f2ee2f046679c0f364bd3cc.jpg,train,plastic391,ba22150e4811c26f2062fad013fcc96bc7b0edd12f737815baf395e584c40eb5,416,416,3
test,plastic392_jpg.rf.9e8cad33bc373ceb3a2ca13fd21b17ae.jpg,train,plastic392,7709827ea63b62068857645a0dfb1fd9a34f583725bbdf0054cd1d27eff9778f,416,416,2
train,plastic393_jpg.rf.49c3d26ff9f4d67bc15a53fe3731dda8.jpg,train,plastic393,bc18f2eb534bd4133f8da5508e14cc3ae09f178ca7ba1863913cab35d1590b0f,416,416,1
val,plastic394_jpg.rf.1c2b818b6c82837239597edb65e5a560.jpg,train,plastic394,ea0482787c7b9b081838a28046909c8d8d646dd22b59eaf9e4fd316197bfb1be,416,416,2
train,plastic395_jpg.rf.763239ba7f5c874b0127cf99d92534d6.jpg,train,plastic395,74bed709c519edbe2538378a60681d03059f475fa5514bdcd3843d23be73b3a6,416,416,1
train,plastic396_jpg.rf.caa8522da86f4782aa958b6d2434155e.jpg,train,plastic396,aff1bbbc3ff23decffd5a3cdcec3e41865e3dd9534f9c9670c1b084ebf33d0c2,416,416,1
train,plastic397_jpg.rf.1ed60c8f0ecfd17d7ae21ea4214eeee5.jpg,train,plastic397,0b7fe3efba0c09ecbd4e8f96275b404cdbbb67b8f9f502ad4f218b221d9f9e42,416,416,1
test,plastic398_jpg.rf.4f33de653ad2dbb54fcce46b34e075c1.jpg,train,plastic398,bf901026d3232e1f14c50343e90566869cadd48827d3dc301b0ecc537577197b,416,416,1
train,plastic39_jpg.rf.b44adc1233a562bd55d2650b2becb439.jpg,train,plastic39,331e0074324b3bd5cb8329ad26b3cd7a5e202987295f8d24ef43f5f649a73d4a,416,416,1
train,plastic3_jpg.rf.a41481691e4b5741e67c16486651f5f8.jpg,train,plastic3,7438880dd9b4be5b3b4dd7b724214c5cc02633a9a55f4ce4a250f70ab8666577,416,416,1
train,plastic404_jpg.rf.d2b2a0ba9014193970bed9ab0bc3820b.jpg,train,plastic404,9ee2d2157eaec9259e6712fb53d1fa4de2255f31925451508d313db3bc5b689e,416,416,3
test,plastic407_jpg.rf.747c6396442471209f28b27e99544212.jpg,train,plastic407,ea0d31f8d4056e1bb167eff7d663bbbfa2eaf8c018ddfdfbb5f23d4eeafbb05c,416,416,3
train,plastic408_jpg.rf.acf732ff5e561b220fc86edc2a5582f1.jpg,train,plastic408,3b976b3f8e804770f646f21717dfd358a6097c3cb2ec938401b74b12707ff547,416,416,2
train,plastic410_jpg.rf.453c92299ebff567447b5cf52ca8c714.jpg,train,plastic410,fa194b32e0120a9db320f384062f012144bb48886883f5aeb80a326b40910ee0,416,416,2
train,plastic412_jpg.rf.d19d54e3586441f23e5c229b984842f5.jpg,train,plastic412,4e0013a54b53689f239ed81f073cb2ca0ac4c736bdf1b94ed08d8d440891618b,416,416,1
test,plastic414_jpg.rf.6add7197417c9f74e00ccf26274dd8da.jpg,train,plastic414,065a2ce612bf06b14570a3492be63246be208ffc9235d314a0e3a2b7feba791b,416,416,1
test,plastic415_jpg.rf.9c9b6a220f8bbf9f88940b41d6eea712.jpg,train,plastic415,13fcac517f60b4df54ce6fc3c97be64d5e4212d9bc3c3d49746c86da84915fab,416,416,2
val,plastic416_jpg.rf.255b5bd1944430394aecf5b86d19321d.jpg,train,plastic416,741d6bfd8215840cecb8c5f5dbe465f5bc7e1ada689af4ab623d60c9c2462178,416,416,2
test,plastic417_jpg.rf.ca72502884067b0dbc73ee04450e5ce0.jpg,train,plastic417,c550ae0f6c7eacf8ac2a3ed692a1f59f573e661768e019e65d12b28152cf6c30,416,416,1
train,plastic419_jpg.rf.ac9c5eb8e51ce814a390bc2575945578.jpg,train,plastic419,0c779b3d6eabbe85da1c30dcbed007772fcd2a1540a239677da6132ddbd3fe4b,416,416,1
train,plastic41_jpg.rf.6db36e1d35c3fb8b08c9851725f20780.jpg,train,plastic41,40215063402bcbbcca409ba41e3fe9bf5611fa20205daa19385f1b20621ad0df,416,416,1
train,plastic420_jpg.rf.476a8a0525a928479c1b4efbd4d3027e.jpg,train,plastic420,d79e2c4209c55dd418ca0b994dff8f4990b313be58dd8f6ac3bd1edaa97c9714,416,416,2
train,plastic421_jpg.rf.3822fbb6b6f634e0ee9a823b7f0e3dbc.jpg,train,plastic421,d5100f0bbecb09538e4606207dc6af8432c60cf8e26603d4c6c8749132355e67,416,416,1
train,plastic423_jpg.rf.8911212fc0bd2b6384eae663b0df3420.jpg,train,plastic423,d0f06df78d9fccdc19292cd657587a8af780f0c5b50fad7afdc5028b7f66246a,416,416,3
train,plastic424_jpg.rf.0e650356abcbfe6c7e3353191068dac7.jpg,train,plastic424,5d3428a27b4b01e3d20fce50791dccb035c99957f7dd7bf475c1fa4744001ac4,416,416,1
train,plastic426_jpg.rf.71b194b83148fcdc5da22ac88aa6b631.jpg,train,plastic426,9876ca32c7df5f0a30e2e0e18607dd55fd36b2673d305b75d7bffc8c32ba91bf,416,416,2
train,plastic428_jpg.rf.173add7551afec3048e6f56f8646086b.jpg,train,plastic428,f01424deaa9f2eed13e3fe3f392f026301d8bc307bfde97b05d0984590179f1a,416,416,3
train,plastic429_jpg.rf.1cc1968e1198ca21d921f5b060295848.jpg,train,plastic429,4eef869aa07193cb807b4dc55d23a74641644f200a02d5dc7285c1cba9932006,416,416,3
train,plastic42_jpg.rf.8b80fb43b70aa7191155b5130cbe7171.jpg,train,plastic42,dc9907b29ec5212d830ca9c9b004fd969fb9279ca2f65686872e8beb8f50cd5c,416,416,1
train,plastic430_jpg.rf.2d58bd2a0db7e9e45a532518955e8124.jpg,train,plastic430,297862f8a1a58c4db6df26dbbca521bcfb6da91a5e0128fea4de36b9681139fa,416,416,2
train,plastic432_jpg.rf.40cde68e9a333808cb7c6e5e6ec39878.jpg,train,plastic432,f8dbb62e271adcbd8633a67093e910a6c05f5a439e3c5c25875dfa39621776e3,416,416,1
test,plastic433_jpg.rf.e1938704f5bea063cb9e81554e7373c7.jpg,train,plastic433,50b9c99478d068ebc9b3758fa3c07f33bdfaa83ee41735fdae0a471c7d4eef97,416,416,1
train,plastic434_jpg.rf.e058f216856a0ba15dab94c08c98c241.jpg,train,plastic434,0ef2f1688d999134e77da77c6a9f2fb9e1c3386bbe7dabe1ddc5f9f83329cc49,416,416,8
train,plastic435_jpg.rf.f89a62f66a03ebea176672c22bdb4c20.jpg,train,plastic435,e99a4b80fe1347f6b83a488d2b861beb4b9a8b7189c643a3cd90c99bd059ba0d,416,416,3
train,plastic436_jpg.rf.78d41e1552c3646a4b1bc7fb8c9f29a5.jpg,train,plastic436,79dff04d7693370ca7047562a283505caedc903aeefe8e7c3a3832839c7e3247,416,416,1
val,plastic437_jpg.rf.b0811ebd3acea1935a4cc0c9660a11b1.jpg,train,plastic437,639c8951b72b514c62afd41fda71155fef6a9172b3961ee009111f71184da26b,416,416,1
train,plastic438_jpg.rf.e016925236568c0b4b31ac4d46ad5dbd.jpg,train,plastic438,eb2cb0a7d7875ec782937a28e4929fca4bbdf7482d276c2262e01891362624c0,416,416,2
train,plastic439_jpg.rf.22f7d954e6210103ace0fc0ebf7e673a.jpg,train,plastic439,185b83955a0ce93bb9390d2da91e020d52ec9ff999b7a12f287ddf328ff974cd,416,416,2
train,plastic43_jpg.rf.07c7538cf346ed68bb404de1f30b4404.jpg,train,plastic43,2a0d135580e9603602dc274488cfcea54995ffac5002121062876dd386f5add4,416,416,25
val,plastic440_jpg.rf.44253def9b36efae3bb7ee89a4b403fe.jpg,train,plastic440,d7bf6d0b4998064fccf78d795b3bcd22246b15b5406b3437c0a3dd8f114e5b62,416,416,2
train,plastic441_jpg.rf.09f391976c155707be1b24e99ff0023e.jpg,train,plastic441,45b03e6e907cc63980f6235069316291c0432ece97297b96ec60333e03f0eb09,416,416,1
train,plastic442_jpg.rf.52134074c0799a987f5b8d90274d9ad9.jpg,train,plastic442,551627834c385886598d1b4568363ccc209760a42016f4d74d5f0473d8486f86,416,416,1
train,plastic443_jpg.rf.32178eb4f27a5d548ef6f19f6c3f0163.jpg,train,plastic443,5188b8990edb6e1994e1fb29501c9f87804b95dbed3d8942db7fae832d6cd610,416,416,1
train,plastic444_jpg.rf.cb95b0eb82d7c9fc64936ed38f0e2a8f.jpg,train,plastic444,8c6f997cf6b61eb436e64147cc8a2eb4f4695b98ce6bd7648286983cfbc0f4c0,416,416,10
train,plastic445_jpg.rf.ea8fa639d01a8e87fbc383b1bd6497f1.jpg,train,plastic445,ba5ec459a0d9631c0bdd2b873cc0e1cbf65e8f96fd0ba133304327f3cd627215,416,416,1
train,plastic446_jpg.rf.452e00acbfd238e89b9525d2f3bf2c2c.jpg,train,plastic446,c019a480ba42e33d0ee36498c627812a0350554ecb60ca1f817f5a047177f986,416,416,2
train,plastic447_jpg.rf.e6b4df63f9c58c9c9a3827394b83fea5.jpg,train,plastic447,7e6892ac28b81b65478f4d0d3d20433756b5d1350cc387a7a46bd2155bd18f8e,416,416,3
train,plastic449_jpg.rf.88f9bb7f485087afdc3d0c17204c918a.jpg,train,plastic449,f334ea0c4a8347e7cff451d1abb14ebb7d1614343f4bc34e578a5ec6c49883e2,416,416,1
train,plastic44_jpg.rf.9975e7783fe1097a50c11557caf50df6.jpg,train,plastic44,ff7e61084759bb57bbfb74011e200961d532f7df2f46827de2211933621ba818,416,416,5
train,plastic450_jpg.rf.c038ca0b3f9af1937f3ca7b1deff6df0.jpg,train,plastic450,9c158e259b6b9f3f9fc0080549fb7b3c0e08ac39dc21858db828feb01c42943f,416,416,3
train,plastic451_jpg.rf.1cb07097494161233aa1e9353dbb7ff0.jpg,train,plastic451,30dc7616c57eb374df680338a25cce815ec3255f61725fdafce7d9b137897108,416,416,2
train,plastic452_jpg.rf.e4387a0bfde8989b4fe3985728146c75.jpg,train,plastic452,d88a45935d681a72791c46488c646e8ccfa9eafa247acca5312eb6d40321f9c6,416,416,2
train,plastic453_jpg.rf.fd4ee00d83c03cbbaf07efc0c3898788.jpg,train,plastic453,9871f11bbd08829369ae07a4fcb0405ec35ead3a62448a90eaafce1248d71094,416,416,2
train,plastic456_jpg.rf.f800a10dca888562fdfbc856dfd55945.jpg,train,plastic456,cd61dc831d7a0aa92430015f0fa4bf1b5762eb906327242d868d2d5064a42fd7,416,416,1
test,plastic457_jpg.rf.961bd14e34ef5ae3c4e733ee9cf17b24.jpg,train,plastic457,a1c5968d9553980bcf6b9a81689ec1ba638178ae9a23555e97036a55b573b06f,416,416,2
train,plastic458_jpg.rf.e3afd7e6f6673701b2b47508a3e24935.jpg,train,plastic458,e061b1b329a0ad84804651b3ae9cef91ed9c8ae5f354e94aba00992283af09ed,416,416,3
train,plastic459_jpg.rf.becbf7c0cc9a95ddc1d97c9096dd48c6.jpg,train,plastic459,5f614d0836553d432d952864a213e81814a80b5fcf60a53b7ede01fb893f49ce,416,416,1
train,plastic45_jpg.rf.68afc0da69071d4ce5ed5069f389094e.jpg,train,plastic45,cacd2372a7c206495ff92b2c8cda6061ac72c5d8246cf0cb16a5b1ee65650e9a,416,416,10
test,plastic460_jpg.rf.1bcdae73a415fe072cb735cb13a0881f.jpg,train,plastic460,20cfbe7f1c38b21051118087c74885c58a01db6c523219da2d9b9d28d93bde83,416,416,1
train,plastic462_jpg.rf.f2f8c94c3fb0df19ac5543af3e553338.jpg,train,plastic462,baed9c02a2eb582a8477ad7814c176f0689b61ea09aded3f2e627dcded036cbe,416,416,1
train,plastic463_jpg.rf.0e2472bacd8b36f5748ac5b497d8d238.jpg,train,plastic463,8246641ff1bafe4fa72237cd7d2444364dcc7a3c1ecdc7c6305e92daf502c9f7,416,416,2
train,plastic464_jpg.rf.c271a5be5e6a806b328706b8336c6310.jpg,train,plastic464,6618435d2cc1037ad82e2813096227a03a7966daa012ee59098618ee4de1bca6,416,416,1
train,plastic465_jpg.rf.4f55081f79be711df18bde4f451f62e1.jpg,train,plastic465,d7c3190e3c43475317bd2fae65a4aa61d1126cb35e5a11f04c861ee75999d476,416,416,1
train,plastic466_jpg.rf.b18e40c14bf8356103b6b970a150bd14.jpg,train,plastic466,716cfe2a3dc12ca649a5ee544646ebfcfb2ba0a6b704d3f1a8fdf747ecf12f29,416,416,1
train,plastic467_jpg.rf.f2a98cd7284f1b98020eba061506d720.jpg,train,plastic467,d35f8d8b15051190485618fd21c295dcaf43a02c044663652c7af61bfddd5625,416,416,2
test,plastic468_jpg.rf.d58781521e97dcc1e347b7af69c3fb43.jpg,train,plastic468,5495a6deb44b4d93dbb562fa1ff7f3a311366f168d98501c4165763ddfc5de6d,416,416,2
train,plastic469_jpg.rf.9dbc08f1bb7dd82ff7efa4e3f583c2d7.jpg,train,plastic469,f9f1a8e56730564db8e74c74cb3c06729869ccad3603e882c6ee8927557c5e73,416,416,2
train,plastic46_jpg.rf.c57b3fb1754f3b8594b68c6e06ff203e.jpg,train,plastic46,b5e5866921da40397bcdf5b021d58f0e9c9ba69f7deaad15479dc63671f6d170,416,416,5
val,plastic471_jpg.rf.5ff001d3e3e7363125701058bc0b47cf.jpg,train,plastic471,96963667bafcbb0e91289db73328332c9628ec07527d88e7c402bc34dab658d8,416,416,2
train,plastic472_jpg.rf.2116b643a23719bebf96693fbd9dd099.jpg,train,plastic472,5b7d2559231ad7bce2970f37ceefacadad43afb8d13cb62d9edc29cefca6d0b4,416,416,1
train,plastic473_jpg.rf.3417f7be095c26c65cae87a559892b81.jpg,train,plastic473,bd77528e6aaa7b0a588dbad28eb5a3cec7f0dd01c67bbc239504dc15fba39e3a,416,416,3
train,plastic474_jpg.rf.855af722d59342447a1fe671476419d4.jpg,train,plastic474,b5aa2db776777537c820adfe9116c10ef45c8fe39fb6d2a6d9a581485c123ab0,416,416,2
test,plastic476_jpg.rf.20edec6b4d25967378d933ba4b52157f.jpg,train,plastic476,e6a3a7bb15b9e93dae9440894f3dff5bd373c2a4e0ac038a455abd0d64c6d147,416,416,1
train,plastic47_jpg.rf.61c429f31ccbffbef023005297529844.jpg,train,plastic47,25a8250287225f54f65c9f4de14da7bab0254a916c06e03456bd0239cbde6f67,416,416,2
train,plastic480_jpg.rf.dc3fcda30b4c356f11d49260a2dfffc2.jpg,train,plastic480,c62201476512e235d5b0fc36ca140942fb28b27bc78f95fbf8a00ac5294944f6,416,416,1
train,plastic481_jpg.rf.50dedf2ce810148a14ca3988a30d24cc.jpg,train,plastic481,d0e6572a7d2049cf91d8ac89c8dfc511555b7e1c5283e4b6216f977aed89213b,416,416,2
test,plastic485_jpg.rf.04d40872281e2ed17ec113e2a6622d37.jpg,train,plastic485,5adcf4952a644835dcc47679cb7869db4efd4d82153d14ea8cbd4396facfc724,416,416,1
train,plastic486_jpg.rf.78f6a4d12d0d5d7ed14b89e95f82e990.jpg,train,plastic486,cb24c7abf60ba91fc2ef40bc58b34d1e9ab5bed7c43352726a04d9a8d02e323b,416,416,2
val,plastic487_jpg.rf.7554a33a7cd5128d3645beb38e4bcaab.jpg,train,plastic487,bdca0d33a072224a8280d67f81ff1423f98d02367a65e67036ef515c8ebafda0,416,416,2
train,plastic489_jpg.rf.e0d27722052f2a31a4eb7139b6d4a8f3.jpg,train,plastic489,938ac5dd29d1b8eb92424ec50f156dbfd50df329486768fec01cbf51901ff80c,416,416,3
train,plastic490_jpg.rf.01635bb8e6e30cb3ca0aa246ad183d3f.jpg,train,plastic490,f06063c324bae55570cb1ac7f05abfa6dd492ec84a85b7d213ffdb084d49ef98,416,416,1
train,plastic491_jpg.rf.caac12a2e329b41a3f457cb17176d26c.jpg,train,plastic491,269c385712aaa58f2a63bfc08f92674b1a8eb262d68785b3510c631e21d342a4,416,416,2
train,plastic492_jpg.rf.e4560fdac10a21558ab90a111d9b4e94.jpg,train,plastic492,fc869456f781d7283747bba1960d377b35a150e8efa38e851ee05ddd095dd51a,416,416,1
train,plastic493_jpg.rf.83df5396e9fedf6c085ad81d15b17552.jpg,train,plastic493,3b59f7e3cdc91f492f141c51525131fea4d925834ea1449da7f5112a8b6ab32d,416,416,2
train,plastic495_jpg.rf.87b0112730e2689365d2f4c8600e6a05.jpg,train,plastic495,4876c347b4a4d92f183d6e03b6d34ca657724b812343d93abd74e6f5cbbf64e4,416,416,2
train,plastic496_jpg.rf.7bf3c62c3fa86d7e32065edb7ff7e2ea.jpg,train,plastic496,3ea7aef0f4808c8bd4d5e5ea33f7c37ef9ed5931aa7b2cda00dc24073f568467,416,416,3
val,plastic499_jpg.rf.b8ffe5b5041ab2371b2f5af8a3e65907.jpg,train,plastic499,d676f1d5c9e9108c4df28fd112487da1e0c14b8f2c5c886b8cd473516ad17bfe,416,416,1
val,plastic49_jpg.rf.550c21c8fe5ec79a7e637860c25b22bb.jpg,train,plastic49,690601d3624300f6cd3dbf141308ba61e92ca8283b0a6fedcc9ef313abd0cd93,416,416,3
train,plastic4_jpg.rf.b95a6c7a4b88ed31b318ef6446912ea0.jpg,train,plastic4,0f070b612fd7d50c710e0d68a20f36bc525221f698eeed5e94fdfee1a0766939,416,416,1
train,plastic501_jpg.rf.7c92b05f3e7e8e7fac235323b2d052e6.jpg,train,plastic501,0527e035c47d26d791c38f2f80dd56c96478018249954c490c2f56a2c3329811,416,416,1
train,plastic502_jpg.rf.0df576e72795abc04282628aee947e05.jpg,train,plastic502,b15c0c0e43bc787ac898c7385d2e5e38b4719a2621c5a09f969494d10aca50a3,416,416,1
train,plastic504_jpg.rf.a1850ca89c00650c28bb4a254334383f.jpg,train,plastic504,131755fda096d135c2ecd38694e4e41f125f11ce549bac063206533357d97ecf,416,416,1
train,plastic507_jpg.rf.ac38cd0a44fccd071b59266830bd413d.jpg,train,plastic507,347bd0eaede636f8d92e4355592d21c6edef3adfff8555679b6d6777e7ef7d3f,416,416,1
train,plastic508_jpg.rf.93670b88d190bec93a47359154e0d50a.jpg,train,plastic508,5e0318a044220e8abda09b9792923447f040535dd83ff23bb8a8b3de25313384,416,416,1
train,plastic50_jpg.rf.56b2b95bf7596dce7c9376e6a33e8fcb.jpg,train,plastic50,94755777b9529f4d3fd3be59b2d5c68d3fdb133bf7e498b2baac3d61e326053f,416,416,1
test,plastic510_jpg.rf.f45cf2c491141e41ec6963057b294535.jpg,train,plastic510,c276444b766b46675ace8b273ba08a809e349eceac430833e34e2f9e314a8942,416,416,2
train,plastic512_jpg.rf.6b8941ef210699a14eb081ab9cbe39cf.jpg,train,plastic512,f613215944ccf65c8d9646f9ddc68e09f2404694df300fdb05baa91d02a97087,416,416,1
test,plastic514_jpg.rf.192adedb706887b631fd85954b671f8a.jpg,train,plastic514,a0da4f190e077a9db5c2441abbcf0215a10a35b3a554a21ef47e09afe936c0f5,416,416,6
val,plastic515_jpg.rf.dd410d5f2f77dc0dfbe4550a904cf97d.jpg,train,plastic515,ab721459d343c46c1343b9c92b35487f245cf932cd43b336babd2d6dcc62de30,416,416,2
train,plastic516_jpg.rf.1add22618213a576b6d1bf661d9de3cd.jpg,train,plastic516,0e9ddb63de4a3d2b9fa819e806baab02d3988bbad2cf60bd58f2c28cbfc50c7e,416,416,1
test,plastic517_jpg.rf.d624bb1db473bd782dd046d464c26aae.jpg,train,plastic517,b46da263671a50f9890221006172f1677b0cb19f0c307db4931b99604d881308,416,416,1
train,plastic518_jpg.rf.927ee41489b550cd1c258a2514872516.jpg,train,plastic518,963c23615ff12e0076dfdf9c4059ed247abe0e12217d902600dae1af8c8c1431,416,416,2
train,plastic519_jpg.rf.6dc50ca6108a9d9f6ab84aa836d9a80e.jpg,train,plastic519,0f2cf99c92bdc8896109509e88eeaca9f6023bbc9ed86116069a272bb08bdecd,416,416,4
val,plastic51_jpg.rf.7b95471a53b588f20a66aaccba669105.jpg,train,plastic51,ae63924fe31308375065beea0a6d9a260116f42b70779ff0d3413cf01f072130,416,416,1
train,plastic520_jpg.rf.c4b9957ed46d6ea2c79a1d76aed73d2d.jpg,train,plastic520,e9df965533e8ee9025509af0eaf6dcbc46b97d2f03141fcd51a8ef80cd326e09,416,416,1
train,plastic521_jpg.rf.1af3d20c3af1af7a28d6677abba20f50.jpg,train,plastic521,905194e30d64edfa9ef40e4c5a33196e0a8853ef43a31aea8a317074d8bbeb3e,416,416,1
test,plastic523_jpg.rf.1e5e81db84401f428dff397b7b6ca2c8.jpg,train,plastic523,d0a3c8e45f52be41a24be0b76a684082208977ec1b37dbece2e1723a004c818d,416,416,1
train,plastic524_jpg.rf.d682ad98ac52a1cfcf251327d7c13715.jpg,train,plastic524,984ca32545c831397cd8aba6ac8348d28f1ae0b3794ef94297837583eb718462,416,416,1
train,plastic525_jpg.rf.ec8f69217db445125f72b1b551d64153.jpg,train,plastic525,e69cca011fcf61a4f18c0c27af044e3d7f99fa9fd1f4fc0a9d08284a76d745bf,416,416,1
train,plastic526_jpg.rf.35be6f8ef58d0140bdc0a3f6e9d9662b.jpg,train,plastic526,0e741c78b45408143e4f3be24de1a7ca012899fcb3a82dfc687534e4968804aa,416,416,1
val,plastic527_jpg.rf.04aa0ab39cc4e2bcdc04c0a296af8773.jpg,train,plastic527,5241a556eea2b4fae9c6e53babc9eaad54c6afa7596e247171b7a10fa7b2d3a3,416,416,1
train,plastic52_jpg.rf.a38f445d4e0060337b27aaf163372dbd.jpg,train,plastic52,ce1ea2508fdd5068ad151acfc8f9a3a958b4ac9bedad7db57111548f115f8897,416,416,4
train,plastic530_jpg.rf.4d488acef7715069c31f5d68ec88c2a2.jpg,train,plastic530,e2f8fc00d0cc0613ffd2b51c6cb2e87e43a3ec1b518aeebf2c7b2b8711edb382,416,416,2
val,plastic531_jpg.rf.1545098675fbdec97bd5ce304df5eb76.jpg,train,plastic531,4a93c9a23f8c6a20199933efc8361152a31042bfd03ce8a55cc8bb3abd537b97,416,416,1
test,plastic532_jpg.rf.9f415c6f3d6a70667d2e5b2cc3d2de44.jpg,train,plastic532,c2e1879a5ef28f28a7bc57af86a26aa5c456c4fda0cbf2889c17335bdeac5be7,416,416,3
train,plastic534_jpg.rf.a687b867e75f898e7da8ae7e8f248e18.jpg,train,plastic534,573225c626bd63d9a5cf303cd5e834805051562fcee7d8cd518beb164a1424a8,416,416,1
train,plastic535_jpg.rf.2067e15d40005403d68f7954bcc45bf8.jpg,train,plastic535,7bd0f0bc9a0ab131ac5c6f1d5e994bff091ab76c68bad22184b9a6bdbbc825a5,416,416,1
test,plastic536_jpg.rf.3ad11a614441cda1f69fefb44e1eab95.jpg,train,plastic536,38345838f6afc9b29b9f9e2ac1592edebf41e13a55c3a6d235c2f801af84c2ae,416,416,2
train,plastic537_jpg.rf.d66a78c2baab0363458cfed89b742715.jpg,train,plastic537,26139c9839f51ce017b18a041a65990eb308ee17688e933e184873ff85f4fe1a,416,416,1
train,plastic538_jpg.rf.8cfcaf81f00a3812de7daf3b9446bc72.jpg,train,plastic538,d4a7a2ded28a481b364177a56693ec4575cebf681d403b01dd47620946c21fc6,416,416,5
train,plastic539_jpg.rf.1bf20368e781d58764a4ead820378c7e.jpg,train,plastic539,1aab1a1d2513ff69254d01d4c823e2c4745f21a1da2eed68cd208cb21ab80742,416,416,1
train,plastic53_jpg.rf.0126abd95fe264bb94bf2b82405c5de0.jpg,train,plastic53,aac9536f9400246b0e687f20f858ce00587d5b3e1d15bb656046554241daec74,416,416,1
train,plastic540_jpg.rf.ed9604aad9645b9b9b81e6b418be998f.jpg,train,plastic540,f0cbbd0c27bd99a4a8f66d822c8380b1d06168754f82169385689702d99b76c6,416,416,1
train,plastic542_jpg.rf.3ec48aa7c974a86d8d77ef145acc7f4f.jpg,train,plastic542,11b6ef92632f879ee7428f90deaf268d1976198ade487efda15c4d44974fd2d4,416,416,3
train,plastic543_jpg.rf.a525a4b0a772bc2ed2969ddac0166f18.jpg,train,plastic543,1302a1d114514c625bde3cb52df7a3adcfac5a134fd4d59d6fad8b15c4085213,416,416,3
train,plastic544_jpg.rf.381faec91680e5583724295fb2785320.jpg,train,plastic544,fb7193927eb04f0db57aea7a107b9af0ba7897e514f862329a538e9d2f79438d,416,416,1
train,plastic546_jpg.rf.2db06db4b85fb795408ccdf0baa3ddb3.jpg,train,plastic546,1c01f6ec0d854ca2e5b6fb605f25b8cf293a5e1573ea64209c79ebaab65df85e,416,416,1
val,plastic549_jpg.rf.435688f3a7648ea92faf551939dbf381.jpg,train,plastic549,326667a74c2d2241b7f09565296672f35573278f3b4a27f698acff794ec5264c,416,416,2
train,plastic54_jpg.rf.2f432248a8353765ee8e519b4194564e.jpg,train,plastic54,2a592bd4a502ea75bd6663cb60325aebfada0170813ae51e1bb1fec0f7b260d8,416,416,1
train,plastic550_jpg.rf.1829f90eca170aab478973acf732588a.jpg,train,plastic550,3010b0efb0cafb643ad7e2c803de763d760ecd86aee02a9d7519f362264a2d9f,416,416,1
train,plastic552_jpg.rf.6b5435b7a085bc0e0a0b772e0bf926ae.jpg,train,plastic552,21b178e4993f90eb8068a9e8f16e94cefdc1749cd84600107469e4e91736d7b9,416,416,2
train,plastic553_jpg.rf.52f9c5e74efac47f25af597ae46a8a3c.jpg,train,plastic553,1c538430a2fcf06c8a43d190ca47fe1452e14be00c552412f43e645abc659cc0,416,416,1
train,plastic554_jpg.rf.2948b4a1409380f729c256b8c4a317ef.jpg,train,plastic554,9b0ed2349c24fc7c0fd86a00756797818de969f3695f21e163e8eb369b3740eb,416,416,1
test,plastic557_jpg.rf.05466a458c2e0156a222f64d2f60768e.jpg,train,plastic557,f8bad9cb83cc842f9d0192099a12c58de5cda834bd6544785008a8bc475bf335,416,416,2
train,plastic559_jpg.rf.bd98dba5a466f4effa8f391f7bb466b4.jpg,train,plastic559,039bd058cdae7ab55fff9e6e7d605b1fb3bd43d1f3fc07a16d69b3dba0228459,416,416,1
train,plastic560_jpg.rf.a835f68a36219783aa173462acc4d2c7.jpg,train,plastic560,a381a5ed4885f21ffa5c156699c23adfab55ad457a6153f5018e3adb53175a68,416,416,2
train,plastic561_jpg.rf.b9c87bd0e467d03bf36b99bb008e1004.jpg,train,plastic561,e4f8cdf08eceffbc4f9b1b9f214b246f79e886bb562e4867ff2726fa81b051e4,416,416,4
train,plastic563_jpg.rf.28936a7e7bd64e9f4db87cffd55468a4.jpg,train,plastic563,1b299ce0a9671c14c1d3e445c0dbf37ed44fc73764fd4b62918c87d2dbea7ead,416,416,6
train,plastic564_jpg.rf.a932545948175d681207086de21091ac.jpg,train,plastic564,ed9796e7025c94d6ed7b44e66fd1344c5e2ce55397301d5d932f7e881e1c9aa8,416,416,4
train,plastic565_jpg.rf.acb682245d57d6024bac6d3b89e8c6ad.jpg,train,plastic565,c32776ed736640bcae16d32f368efb673ad6efcaeb1f32217b4a99bf86460e6f,416,416,3
train,plastic567_jpg.rf.517b0c2ef17be29cebcfd6c81f763021.jpg,train,plastic567,15c6843ffaebaeeeab58c626c39e36a1a60728ffb15becf16efbf0afb000f9bf,416,416,1
test,plastic571_jpg.rf.8d3e0a8cfa8cb972e42bcda100a9f2bd.jpg,train,plastic571,8831efb130fad9a443f70120bc167d292fc856cc042baee3b7109b6d08b24f23,416,416,1
train,plastic572_jpg.rf.c13bf92a08cf9ac7d31ac25b0ff0c299.jpg,train,plastic572,d0a05d702f2cfe2328e7b178d3cca5dd737a92c756bcf948c26c6729b9fa44eb,416,416,2
val,plastic573_jpg.rf.bb4fe8f568f9c25ea14f8db9e9b3a89f.jpg,train,plastic573,667f1dc256963a73fbf8266b0cf73a31c0831235d4a6b34690e5898cb44fb88d,416,416,4
train,plastic575_jpg.rf.16b1d89fefed934659815398f1683f0e.jpg,train,plastic575,48dfcc35324df6bde43efd2fa2bd2f1f865bab678576eea6ff4a43134634d97f,416,416,1
train,plastic576_jpg.rf.455bb5f220ffd89ff44791e3af6a27c5.jpg,train,plastic576,430f5ee117b35e3e2a9c2ed1d74d23d8081603c64159c116e3ecf6bce9b1c3a2,416,416,5
train,plastic577_jpg.rf.db2016ae595163b7a5f913746b79e29f.jpg,train,plastic577,f09241143aa3147b2554b3673bc7aa58e501dfd9e0f3caf359bb7bad4c0c504a,416,416,1
train,plastic578_jpg.rf.3b639274b484be1c4467f85c914117fc.jpg,train,plastic578,1c83d53118a4cf5f6525c6d361a4efe0a1e86efed7a6d6c171adcde6ae44be96,416,416,1
val,plastic579_jpg.rf.f649c9cb176acc41e2de986c1a0b0249.jpg,train,plastic579,e065b6e560dc7b00c735916c44a17c4ecfed25f1dac37a60706f10243246003f,416,416,1
train,plastic57_jpg.rf.bfc96c8c7806f4ca4e56e963691aafdc.jpg,train,plastic57,7d06d5213823309fde36cff5b00b3d8cf4ffa4b9bd015e035b490d10d87cd080,416,416,2
val,plastic580_jpg.rf.41e088065dd1226695db583934e32f3d.jpg,train,plastic580,f56bda38354c3583b57e47e1eeaca3262bf02a4e3b4f198a7aa30618a7da3223,416,416,1
train,plastic581_jpg.rf.d50c4d0865e9c91c5506d49d2c6b9970.jpg,train,plastic581,ea4734489228207f68cc54abd5dd647815e54875ff82200f8990c82bb71e7821,416,416,2
train,plastic582_jpg.rf.f17a2c9686f19ae87843f80b75179396.jpg,train,plastic582,e2ed67852480b88c312d554008207d87c0b03cd249fc0f151a13b6c5949086a5,416,416,3
train,plastic583_jpg.rf.a99eea854014dcfc1bc6c6759475c047.jpg,train,plastic583,d9f02df6f7533cb0e9a54a45a37c4dabde81a400f1944df7945dc41ecd60727b,416,416,1
train,plastic586_jpg.rf.5e94d38b4a2027bb258d349516d229ad.jpg,train,plastic586,32cf9e940a6221d5bfc0b8b244e3302dad921db6e8c18d4556af35804acc0824,416,416,2
train,plastic587_jpg.rf.516889ed43fcef9d56b49b17f535b298.jpg,train,plastic587,4d43e8785317f489f4853f41eead2b662737debfbc45c12027764cf987e4203c,416,416,8
train,plastic588_jpg.rf.aa5299be0c636e3ca941189964bd4e35.jpg,train,plastic588,2b395d1f3dec03fa35fa6372861f6304409b0046ed24ac33e9c3210ec6d6da95,416,416,1
train,plastic58_jpg.rf.0a5023ad651a1621718d85f1283a64e9.jpg,train,plastic58,49953aee841fe079b0989ad701ca1cdc49c30520e5990aae2421d5e08cc63270,416,416,2
val,plastic590_jpg.rf.96574237855dbf76da73ff1bf1ff0cb4.jpg,train,plastic590,c17ca64bc5120061c77e473788b231b19b3618594fb9c835e3baacaee8356392,416,416,4
train,plastic591_jpg.rf.caab63a9fbe4b187b87fb3d7f5a0b4d0.jpg,train,plastic591,7c591cd474a4ab94397ebd2b313ddf06d2cd15ac8d4d62525a81b5096a01d037,416,416,5
train,plastic593_jpg.rf.17d3667f9375d59d5a461a14bb88f887.jpg,train,plastic593,ae1f63c1190a0034f35ea95003e3802fed8354ffec4d7bdf49b293326f3bc8eb,416,416,2
train,plastic595_jpg.rf.f724c59f97e4a5a527c356f851ef2550.jpg,train,plastic595,9f8bc21e8c401458dc426af76896c3e53b8a26ec1857246c0ce5b52d265aa22f,416,416,1
train,plastic596_jpg.rf.cc57f380fb4af9ecb9badc53fbeda292.jpg,train,plastic596,16709543d12cb5fe8666c1c5df67764fce6eecc8d6a94e65a9fa798403c0aa77,416,416,1
train,plastic597_jpg.rf.5b59939afd447383345925defeee808f.jpg,train,plastic597,7d3ee8f0ef6ca844a1c2c17faaff5c6fb915b01e2c205a2891436defd7f26e7d,416,416,1
train,plastic598_jpg.rf.42108df48c7f7dae768364de56e000a7.jpg,train,plastic598,da8713a39aa352d0a8b431b5fd64fe4471b250e4aedc5213e67d7069441ce273,416,416,1
train,plastic59_jpg.rf.4463256b6445013e541a0064a757689b.jpg,train,plastic59,ce9079bed88baa501ae39b860f06bc577bb767a7909f8c899bde28b325a0de27,416,416,3
train,plastic5_jpg.rf.e01baa53f3e0a1d7d4d22eff76827bcc.jpg,train,plastic5,c9d3fadca94d417df6299736e119a66ec34cf676967f97ef1dd6f53c8c6ff7ed,416,416,1
train,plastic600_jpg.rf.df8eb29327090b62b8147ebca2078538.jpg,train,plastic600,8ff157d75329cbda864e0a66024d7026be01cdd0fd3a4114900fc000621a4f8e,416,416,3
train,plastic601_jpg.rf.8a4a0f05580fd74cc4ce4551083192b0.jpg,train,plastic601,2721246c589774026c58461877c44ba9d478b3b7cf73ab146be5da64de388a76,416,416,1
test,plastic603_jpg.rf.a723974ac32453b886c8d69e8762922a.jpg,train,plastic603,b02e5b8d832a47a8a6762ed7f6c6be52358bfe634e9a337f978e4e043269d4bb,416,416,1
train,plastic605_jpg.rf.c907b0466720646d2a8399410dd0f051.jpg,train,plastic605,88225ed5e406de4f8eb00ca8419d720601bff02d038e7762a3463863b3fd2fec,416,416,2
train,plastic606_jpg.rf.98ee3198a142126f76fa019a5d7a042b.jpg,train,plastic606,8459b47b1055e21092d3998ec6db57690925ae27ee65e54be9d71979defddfa2,416,416,1
train,plastic608_jpg.rf.f60b545196a4f271dded6f793073bc37.jpg,train,plastic608,94785e0048f81672b1ab034a6f6063752c7957d9c8c9ad96cff575562f4fb680,416,416,1
train,plastic610_jpg.rf.5964e01226649465e639fccd8c3db87e.jpg,train,plastic610,18ddf47d6c4bc17d9848c9445f632b7a945640e9d4f0a71566ed31fff275fc96,416,416,2
train,plastic611_jpg.rf.3cc82a184d972a64b694e8a2358e6012.jpg,train,plastic611,8ca9caaa41601c8c3d61fa9c83f30122dbf948182bc831df4b9d9c917479cd60,416,416,1
train,plastic612_jpg.rf.c12447f8a5abcddbf8a01c70767f1a62.jpg,train,plastic612,d2bc115ceef8c330d6fc562b9febcd294e716064f939c1f4295cfab7a56615f4,416,416,1
train,plastic613_jpg.rf.08da71956e3fb8650a29b5c1f1045e69.jpg,train,plastic613,cda59e6940d0927a226310ee7a1934e4564e2da4ba570369ce1c7619c9b4d321,416,416,1
train,plastic614_jpg.rf.1c28ebe640f073884b8bb414d3d9e53f.jpg,train,plastic614,d87849d5f91da848056fa5bb411873a2793fef8e6659320ef62e31852b213f83,416,416,1
train,plastic616_jpg.rf.0ba318d5f189d66ffa18fcfd12c09267.jpg,train,plastic616,4f719322ef598eda4b30275c9d73ac7083259002d62506c29f4f50f7bc7a63ab,416,416,1
train,plastic619_jpg.rf.7f76eb15389785b8c740d554d7c72100.jpg,train,plastic619,6b917d70490c3b1174e4d9d6ccffb9956197147664c5eb770abe30544c128c60,416,416,2
train,plastic620_jpg.rf.e9746492332d9c9825d6b3a9c6f807de.jpg,train,plastic620,326cc023bcbfce6bb214484ed5c92c90ce446e08bc3e8c32c01d198368a29237,416,416,2
train,plastic621_jpg.rf.1c93a8b915c75ed4661b94a11a9df580.jpg,train,plastic621,1390216655a67e1331d3a2ff44a884d563273b21e02c6385b63864438816c5c5,416,416,25
train,plastic623_jpg.rf.4a11123780f0d1a5bbf88fedbc624b6c.jpg,train,plastic623,811f96a8da8f9d875d1b353ecc6cd0b139eb2353a5cb570dd4b7cdd687ab4094,416,416,1
val,plastic624_jpg.rf.5867ea61e9d1701550927c1bc0c667c8.jpg,train,plastic624,9c5ccf855d39d726810761eb831a86495babcf53c5e2577888d8b18b0149d1d8,416,416,1
train,plastic626_jpg.rf.ca276e340bc01d7530fc8ddb8b1c86fa.jpg,train,plastic626,b8edf79ad9d46dc09f52f55367518b1eb037fedaf92ad62bbb13c7531f262a00,416,416,5
train,plastic627_jpg.rf.1184122daf2550862b4d3d08a212bfa9.jpg,train,plastic627,17d496841d128c98695c03db17e1561dd3fac1d3fc91e61736904eb5d7c4e893,416,416,2
train,plastic628_jpg.rf.adfe585174ba9c671264c5630dd65569.jpg,train,plastic628,e712eb96752e62424b3d7d34a55018e08ce5fd3d3ca0025cc9c38b2ab5e16974,416,416,1
val,plastic629_jpg.rf.9e7f3e0b7b8a19a5c299de422adb68c1.jpg,train,plastic629,6c2e8446ec4dd4b37625887b0900865a3bbc6139d820d14491a5368ed89e33bb,416,416,1
train,plastic62_jpg.rf.72b1bdc2dedcae120c80355f91bf8347.jpg,train,plastic62,1a192b512c3fb5744b5d594bdfc0c4dfb51095d183ff81828c6495de9b77e4e2,416,416,1
train,plastic630_jpg.rf.e6ffd474f5a9bfcaf1f24705f3c0a933.jpg,train,plastic630,c934f1aa5a4d695e7f6af10ad3cd7a768ff456f73639a8bba3239ea678666527,416,416,4
train,plastic631_jpg.rf.820d2f97b6b5d729e0628426ecfd0920.jpg,train,plastic631,a7bf62ffb14caccb553b4c9bc417641e315725d1b348f8891b76e7e4a41805a5,416,416,26
train,plastic632_jpg.rf.50baa98309928caf8e9e49f079d6ef34.jpg,train,plastic632,7f3a4f057a95ba17dced3de975411432f4f769b6edae3c0458f7dd62944f5966,416,416,1
test,plastic633_jpg.rf.edaa6bde5ff02e3c4b7a6de91ec3f6bb.jpg,train,plastic633,f0f850d012dbac3b956bfd1abe61cbd5bab009c2de0bfb70a6e74376f1eca90a,416,416,6
train,plastic635_jpg.rf.3b7f1534dc0ddc91a35641a26c6dde2e.jpg,train,plastic635,769764354b87e84acbec87429684771d3028009288d16801f66676c1c8c7f20b,416,416,2
train,plastic636_jpg.rf.46f3257fe9d52b671020d38ccf8693ed.jpg,train,plastic636,d7b98eddd50ddd9e06dd2e2aa1ea64352b57dccfb67fdecf79120e3f9197101f,416,416,2
train,plastic637_jpg.rf.6036fe7b71a3a91b5c1a0903af1468c9.jpg,train,plastic637,6b5e94b02f443f16247899e42ae2a05e98ab5a9168a10951339e4fbf1d99c5a3,416,416,2
train,plastic640_jpg.rf.f2400848b7a576089f421e4feb4b9c15.jpg,train,plastic640,6f1bede979b06c77d335ab3523e300001faf44421972e244df46ae5b6c7f165c,416,416,2
train,plastic641_jpg.rf.52cadbfce9cb63450a6df5c95765f441.jpg,train,plastic641,8fbb8daae93c84fe1a597a4248d93de2f28cdc5bd689f733393c573bd520f6e9,416,416,2
test,plastic643_jpg.rf.f798721eb51c39dab7f018a2fd3ce240.jpg,train,plastic643,ef80cd2ad9b670da42d907a85a51a2984704e66fa855895b322480895d197e95,416,416,2
train,plastic646_jpg.rf.4d04b530aae3b3fb6ef2af9ccce51767.jpg,train,plastic646,4c17bb0862087ba035194cf88aaa9ebfacab1db63f666d20bebe7dec7deba588,416,416,8
train,plastic647_jpg.rf.94221ee334523344a4f8b0d85943bb8b.jpg,train,plastic647,8d605c5a0651ce674f0d9baa464a71f835d4f5393aacedc38d9e2ad3d62869b8,416,416,2
train,plastic648_jpg.rf.e921d493e4a5048a58a557fde390c379.jpg,train,plastic648,d9f00a9eec439228053efb4156bd1d3cf8331446d6bbeb93dfae23c49408b1f7,416,416,4
train,plastic649_jpg.rf.e9d254beca51e37a50a765ef00b35a68.jpg,train,plastic649,2d56cc92cafb4d7cf5cc5e030ddbef83583316960985fc8e4299d7987af0b1f2,416,416,3
train,plastic64_jpg.rf.7639e012320b9ec323881c55527cd34d.jpg,train,plastic64,61e7e0fc3d362b90d38b7921244e2c8445f656db29f8dc04d07aee2fc2f7d2f3,416,416,1
train,plastic650_jpg.rf.02605825bb21e2ffabcdca6ee3a1c3c4.jpg,train,plastic650,e6459e3ec5d40e64b337eabe9057a62e16e5d2d9ca6a88b7b75c1c6b3ae55668,416,416,6
train,plastic651_jpg.rf.e043b5a89d697f0b6a3e760176d759af.jpg,train,plastic651,679f9aac90f8260e6beba48a3771132883eb6f4b720bfb3479de6ef97364a48f,416,416,2
train,plastic653_jpg.rf.5e87f8d541fce9d9ea7d241444dbeed5.jpg,train,plastic653,400076bfe10e6ba1089baed8e358c0c4f6bc2ba3bbb6d99000b8161ef0d0748c,416,416,1
train,plastic656_jpg.rf.55f88d3ccf5775fb4f59f2ac22af642d.jpg,train,plastic656,306b183a7f60e7be846198a5e531c9aceb3b45f75b82501b01c4d0de6617a66d,416,416,16
train,plastic657_jpg.rf.00e46f1a61c1afceca04489fcdf8acb7.jpg,train,plastic657,4e5161c72ed4ec87d2ef97860bd77cc6afeb418e31e5bac439dc7f6b86839e41,416,416,3
val,plastic658_jpg.rf.aa720f2c94890110c0293f86058d2150.jpg,train,plastic658,f9ca909468cf094fd8ace468a5677e1fcaef9f320b563f517b6ce6afd4c602b3,416,416,8
test,plastic659_jpg.rf.8ac669efa7b43a75efeb4a90a846acd4.jpg,train,plastic659,c09f0c6a6d68d0e570672e0c99e714af2fb094e1574190a90ba22de0b8bf6abf,416,416,2
train,plastic65_jpg.rf.f293243e35ae5451efc51f954b07f757.jpg,train,plastic65,38da52a0a58eefb71064052defec2ba69fe24bd32a654f51057f253f98a8f26c,416,416,1
train,plastic663_jpg.rf.a951629e9f0ee4bf57f039a20591cef1.jpg,train,plastic663,b947ad69f202e816d9c7f5940e62941310bf9ac715e3557dd7f77e5125a53be3,416,416,2
train,plastic664_jpg.rf.35b16209b8a2cee7c769342817ed94df.jpg,train,plastic664,eb2a2a87eda42d63fd09373b08d04400b856ebbd80a1b94d26f601eb71feed3d,416,416,18
val,plastic665_jpg.rf.97d2b71a586d43218a1281ccdddc41fe.jpg,train,plastic665,baf78e4389a110c57240a61a48b6ac19aeb1baf7fb268d7a1225c958bbbfd7b2,416,416,2
train,plastic667_jpg.rf.96b91aafb36b279d111bd8aef0011a0b.jpg,train,plastic667,07fd90a511ec4ec9f75feff78130754ccfa1742d983ed39b0d3f5e5a7dc8978b,416,416,3
train,plastic669_jpg.rf.d0fdfe4c55e47fb7640fdf86d71635a6.jpg,train,plastic669,08ee9a56a6994363635fc05ffecad8f6c48eb9bc10d7f2a41aa0bf4b62060eba,416,416,10
train,plastic66_jpg.rf.4e894eb545126eddf9a5369bdbdddee0.jpg,train,plastic66,b29063926a5fdd538a20879e5dbe42a3f5b524f0f776d2eabdbd093627538f43,416,416,4
train,plastic670_jpg.rf.cef4719c89ade055ecec93bdcecef91d.jpg,train,plastic670,45a4ed5bcec8533f98434183a8ababef808175cc58df032cbcaa6f21893aa6f3,416,416,6
test,plastic671_jpg.rf.0b280197c1ad442fd729e76e3f11bb0c.jpg,train,plastic671,77f438a1a1cfc1b4b0576edd45de237ab02987cdb66813aeb1367debd9b1aaf4,416,416,3
train,plastic675_jpg.rf.264a340c08aaf46f94155802b9c6e788.jpg,train,plastic675,90cb0db519a4ae297f8818355127f39f351fc6f26c954df9b01210b175312d47,416,416,22
train,plastic676_jpg.rf.5f5dc97e032e9563f19d9e4ba770b36b.jpg,train,plastic676,0e2ca279e2892c524423b681223dd7d55d9d8a496b21d59540ea4a2248a288d4,416,416,12
val,plastic678_jpg.rf.e8985ddbe43f4a19428266606623d94a.jpg,train,plastic678,921756eb38ab722dd0a3dde90e2a019247f9a0a5a8b200be20d2184ba91698fc,416,416,1
test,plastic679_jpg.rf.5587384951b079b220f4044b3a100cdd.jpg,train,plastic679,0ed42a74df7f1797708bef559e7741d9bf3321307d85fc54c9fc61a21b79f65b,416,416,10
train,plastic67_jpg.rf.a84292efd90593014fbc4f3b3888b1f5.jpg,train,plastic67,6f16fe8ffaaee4746c552e7363770b3d78d00f881f07e654a9cc3a41734b5131,416,416,3
test,plastic680_jpg.rf.fce9d06c4c094eba8777a17a1635b837.jpg,train,plastic680,2f79eaaecf4e56ca39783302558c0a840e835822318edbd84b8a7e7face6db1a,416,416,2
train,plastic683_jpg.rf.afbe12e32222562850aa934cb681a993.jpg,train,plastic683,d496bcd3048155ae0d086ec9899e95c7afe7d40661e086998f3772c5742e820d,416,416,10
train,plastic684_jpg.rf.be23156eca5c78e0e9422fa6a6e0ed01.jpg,train,plastic684,ec25332341ea5ee91f301517de1490adbe9f35bb0d832edc5b3e69fe32c863dd,416,416,2
train,plastic685_jpg.rf.501d7fcc0e1c6a9714976a5e633eb6e7.jpg,train,plastic685,e7774596fc30963ef8bfbc1cd87dfffe9ad94810dc34a9280ef8488cae2e1f96,416,416,3
train,plastic686_jpg.rf.f26dea902144078307022bfaf04171a5.jpg,train,plastic686,c2e41d55fa2892cc0bcbfb467e9a2888f2096bd6c95961519abe6a6c43c2859f,416,416,2
train,plastic687_jpg.rf.8b3dfa1b3c93a047e8d2c64359dc2111.jpg,train,plastic687,992b4cac7bdea0d760702caa1be91e91be91daaaa687491da958090adf8d032e,416,416,1
train,plastic688_jpg.rf.35e97236ed1c7233adb161467126a2ff.jpg,train,plastic688,551ed0527df991fb78aeaa6e1c643f2bb42cf1392ba063700e6ad7674c049a82,416,416,3
train,plastic689_jpg.rf.3fb962a985d31d6172287e60fe5839bf.jpg,train,plastic689,35bff9f775dd278077c2eb3da12badc4268a0b24b384dab3b48bb85382c4fab0,416,416,3
train,plastic690_jpg.rf.f00048b894061d042210522752f9dd3b.jpg,train,plastic690,e00044b2462b0500c3c53f2a951e5402a8c1f3241320ac7fa059651e045243d3,416,416,2
train,plastic691_jpg.rf.dcd7682cc9b95a6a246e38e6743652fc.jpg,train,plastic691,eeed03e9eff67a33b168b8d6778fdd0a2aa0cc53f3c61395182d6d5a0e94f127,416,416,10
test,plastic692_jpg.rf.37e370984d868198ff6ad75be02b6ff9.jpg,train,plastic692,d912f35f74bad5f2ac2781432f2d1b8f39bd1d12abd8b5569ccb88aa0ebae81a,416,416,8
train,plastic693_jpg.rf.b0538d166ee647e9ed0c4fc57f39a755.jpg,train,plastic693,43a92e4727c6a7f798b7ab3b81a1c1d6a58234cdd6471f2081ccc06d17e587c7,416,416,1
train,plastic694_jpg.rf.86205652677851c5df52a9c7722e0008.jpg,train,plastic694,6d5979555e67c31f001eaee46a4cf80731698989b1f18f6c1510a85bf6c58669,416,416,1
val,plastic696_jpg.rf.5f2f622b6f55e25857f137b79d26948a.jpg,train,plastic696,ba4b36d72d3d91db700d2eef6207ba9bdc0c6b2c79e487e553aa5b483a79c650,416,416,3
train,plastic698_jpg.rf.471c5ece8591db1b1a4cd0440231ffae.jpg,train,plastic698,8b0561487fc0c786a5fa681f74f37f3bebb0564903e7dafc966bf6188afb94a2,416,416,55
train,plastic699_jpg.rf.ede4c2cddd5af3d798e6b83c759cd89e.jpg,train,plastic699,95557266bd6780b089041394c4f00cfe3b3a3802f8b37caa0e632eb22e61575e,416,416,6
train,plastic6_jpg.rf.02dd09f94fec083ab37aba6c5879c4da.jpg,train,plastic6,64cd5ab622172afd1f04c7ec0b005f4c063a411889d3d2d3ea131e402092068c,416,416,1
test,plastic702_jpg.rf.dd409336a82c629901f220b3f90d106c.jpg,train,plastic702,af91879b9c13629a0bd7815ec860a42f22137c871b8e91e109a978dfc9c864e1,416,416,1
train,plastic703_jpg.rf.f732ac9e3835ba486addbb08a2ee51cb.jpg,train,plastic703,90938371a6f3679896f23080e4c75cac751384aba95ab72f6c901fb65657842e,416,416,6
train,plastic704_jpg.rf.ee1588f4a491984d3811cafb904d1b71.jpg,train,plastic704,47679040715575e853e8e5565fe3886023951550a2aa1ad3a31e4e57580c4c76,416,416,1
train,plastic705_jpg.rf.f07c082197706ea38c735853e7774bee.jpg,train,plastic705,b4b71227bd8421b160c999731bac1283acc4cac619a20fc48f1edcc1168128c2,416,416,3
train,plastic708_jpg.rf.a2993b4020bd22e5afea58c5eedb4d6f.jpg,train,plastic708,48bc697c233572f16df86f1b6747836664e6f0d535dc01b445056a176ccfa79c,416,416,20
val,plastic710_jpg.rf.1853c37c3fddd27230a3e9f15b12e0d4.jpg,train,plastic710,fec4ce203ab6ebd3151b79825e31a2421b57255998a5ce6ac28d2d66a5cc8297,416,416,11
train,plastic711_jpg.rf.b59e0c2c7414d8c68c6a00176d168906.jpg,train,plastic711,b3dfe9c21ee561fed64658504637b86e440b0eca93c75848b31a7df8f5673278,416,416,9
train,plastic712_jpg.rf.eafab57bd9b8123a70fef97504e54ec4.jpg,train,plastic712,8a7182a9e8ed8e5f19dbab24b72cdf76da08fb90a92201f71ca588fb4f23524d,416,416,10
val,plastic714_jpg.rf.9ca0dc0e01d12459c7c767b10bd1bfa9.jpg,train,plastic714,181656055606bb113bac32985298099e959284f5b2def2a495d34b900ac3e5b3,416,416,1
train,plastic715_jpg.rf.ad869a92594ff57326c7932a6e7cd5fc.jpg,train,plastic715,b25ff3294969161f8181f7a21ad02c499100874c3eb28030e076512eb31da423,416,416,2
train,plastic716_jpg.rf.c0eaaca83d92cea6a25a4a098842375c.jpg,train,plastic716,becd396fa6eefbdf5c259e8da562b39eef6a99ac11409f35ab2715dd251a0d91,416,416,68
train,plastic718_jpg.rf.30e4c5784eaa3bb6ec7d21512a1ea2be.jpg,train,plastic718,89be8abe3137314a2e500847906b4266102bd2fbd00caed67908f7f4cef4e349,416,416,1
train,plastic720_jpg.rf.c7b89f57df46c9980ebfdcdfdc18a630.jpg,train,plastic720,a1be0f2a5011a7cef01f5b7d2bddaa8cac3661e24484e0669cc8ecdcafaa1eb3,416,416,1
train,plastic723_jpg.rf.a3e61758b5835c915c301214da4274cd.jpg,train,plastic723,967502dc16a7aef13e0a91a82ce8b39abc4367c195ba42d795fd661752274a9b,416,416,38
train,plastic724_jpg.rf.5b465d8c23eb2bbea24667f9e2093621.jpg,train,plastic724,22e2d87968e0dc89d7965926c61249a776be50f1a60d7f2efaa4f7b745bfef64,416,416,13
train,plastic725_jpg.rf.467dc930518da16869a5378df324d530.jpg,train,plastic725,759f16d41d622d3b620c7b764d59a4ab42b2b74b26285a98b9453c3761a973c8,416,416,2
train,plastic726_jpg.rf.fb03fdc87f398411847c8f7fe79c4496.jpg,train,plastic726,f69f8f95cc507dc3b7935d1ce2b00161feea9e830a5653930f51cae54b8635b0,416,416,2
val,plastic729_jpg.rf.4966f988a99f60c2c6da484568cb4a9f.jpg,train,plastic729,89c09171391d05bcde8141765c5d5c9f5df5139da99d2b187abb9574be09b416,416,416,7
train,plastic72_jpg.rf.602cdfe171eaca76a35822e66fb54e88.jpg,train,plastic72,615332769b94870bf45f4882e4b9c4edf657ab65ac1cc5ed8d6bcf2827c8bd8f,416,416,1
train,plastic730_jpg.rf.2fac9f5b84871f40797778442f0a685f.jpg,train,plastic730,d6eeedea9e0deeba88b32cfede019269943eb6a087191395c5690acce97c175c,416,416,2
train,plastic731_jpg.rf.0944892364ec72286d65188b0fb880de.jpg,train,plastic731,319a914d0e3b676a9e8244f09975bc0bf61758a8f54d3517008c7dc24f482c0f,416,416,4
train,plastic733_jpg.rf.529170f41933584c025c185c0c969632.jpg,train,plastic733,933bc84e67980d5b8d3b6502bb19c72da125d6ee82f1bef08af9e073a0bec073,416,416,2
train,plastic734_jpg.rf.e313d6142491b288022327fe13ea3ba4.jpg,train,plastic734,aaa72a8b8ae6067cbcc3cb4e3575bd9fbc73502cd5127aeaecb54283775e3b40,416,416,10
train,plastic735_jpg.rf.0377e231c05f683361d6f14082297f55.jpg,train,plastic735,d1f796882ce98a181fa32e9e091ef44fedce33c3c5dc3a9729f25cb870a7133f,416,416,12
test,plastic736_jpg.rf.f1e4e608476bcb405674b3f29a283d1b.jpg,train,plastic736,f984657dba5d67d7b59708044a016d09e977bcb0e286c73ee0396b4c50520543,416,416,12
train,plastic738_jpg.rf.c7d113b74e5efc3c856e99f583e6f324.jpg,train,plastic738,bc1e2682a4afa3734f437b4a0d022929b181a7050c155b6657fc27a06b6d7f70,416,416,1
test,plastic739_jpg.rf.6baee1211ecdaf3e43d61fa4cefb16ab.jpg,train,plastic739,f26d5b51064d678790f7e5489440fbcd2b062f425d23a7f7e980cc66f9aabc3f,416,416,1
test,plastic73_jpg.rf.e716cf8321328e537eaf80597234e251.jpg,train,plastic73,4acce81a619d25a25b7a99da618e649d9f27b6cc16ba46ffda0002de0a044890,416,416,1
train,plastic740_jpg.rf.6a64fe063b41442f7618eb775fb68e36.jpg,train,plastic740,b7750cf135790812b951f41eebcb89a42d1a1aada76bc8dfc7f440705dab2444,416,416,2
train,plastic741_jpg.rf.1e5a604253b1dde7938abd580fde3b68.jpg,train,plastic741,5892d0e66e7320c070923b5f25bb8147422f5a82f668fa5c07cdd5463c7ddbbf,416,416,60
train,plastic742_jpg.rf.b32346af9cd4d6f825fe9fa40db17270.jpg,train,plastic742,9f0d4e0f160ba4a6ac21b3820c3bb9af386ce4edbc902ebdddd99e539500b795,416,416,9
train,plastic743_jpg.rf.b48163ceacc97329f4fcb48f0c2823a2.jpg,train,plastic743,5ef928e38349f7fdd3fd2e2a51896d91c864803d69d1212e0310670367385b04,416,416,14
train,plastic744_jpg.rf.1ba1b8d575b3c68f6c74369eed14ed3c.jpg,train,plastic744,490f4a5afb90c4b7b6559a9c67fb93bbf20f1851e512265416ee91821fbc0887,416,416,2
train,plastic745_jpg.rf.6f00751fcbf92de5eef49bf32c203d29.jpg,train,plastic745,21315b481d44fd871faedfc9550656aa0e6b0e8ee157ba4fc8d18fd55d83179c,416,416,8
train,plastic746_jpg.rf.c3d23d18ba046e1cf19e9247f7d70fc9.jpg,train,plastic746,3f44675d48acdd9b03b38123e0bf85d9c81aa0088591312cfbc0cde1fa8e08ec,416,416,2
train,plastic747_jpg.rf.94f9d4a435fc1159e97c66d83171c488.jpg,train,plastic747,216f3190d6403c1fd07cc77f26e69b5be7984923c3d2194f3dcfb153b1fd88a5,416,416,2
train,plastic748_jpg.rf.da8d5c07ce2d667c60561de7f720aca5.jpg,train,plastic748,199353f0dfba40b09112382c54913652788fa8e621e81fb96d1d7eaf108c386f,416,416,2
train,plastic74_jpg.rf.920d3a53bcbcfcf720578ef683ebd8d3.jpg,train,plastic74,be43e0bd726396e7875b5782bd48fa4445c6b510c3c1a9c1176177c1a775e011,416,416,4
train,plastic750_jpg.rf.3265aa4e7721cea98bc2dadcc56e72cf.jpg,train,plastic750,d5accb6ab0b8e40248251dd58a9d6421c0fd679ee89b37a15662478129988f35,416,416,10
train,plastic751_jpg.rf.1d734b63cb62ec1162b35f7d71ca2e49.jpg,train,plastic751,68efb77092ebd4a2cb34ab376f04068040ec29355e0a1e1e15e63117365c88a2,416,416,42
train,plastic752_jpg.rf.02bf9c14d8ba454639c38e2156e01d1d.jpg,train,plastic752,825dcdd8e02af87be25b7316e96f7bde9619ae778bc54e4d922bf8f6289a3aa9,416,416,1
train,plastic754_jpg.rf.2e65927bbf833b1011f7450561f789df.jpg,train,plastic754,3ffc5d893acabd11155d5f1e4c1fd524e9a3afabdc930b01d6875a20d3a957d2,416,416,2
train,plastic755_jpg.rf.d4f5e5ff0b61c54a23265a5189638747.jpg,train,plastic755,0b1c09c0db6a5c2e9f8b4729a4ae940110c39ea5c3d46078f4c81c0852b33010,416,416,1
test,plastic760_jpg.rf.ec8e35a9e39cd3789d5f348d77582dce.jpg,train,plastic760,61d8c2eb430c504f78e87d1aa12922dbc7284eac36b8354a3707620de835a027,416,416,21
train,plastic761_jpg.rf.8a2c1ecbb594d1cdc3611c8deccfabfc.jpg,train,plastic761,b726cdda6b24ecd48fcd46b1874a53ee7fee1bf4e910a2bc6356048da80125ec,416,416,3
train,plastic762_jpg.rf.bd5c96c74ecd646df7f10e87d16e526a.jpg,train,plastic762,5813886570a6d7a25c829c1b1aeae7173c68b98ef5f98dcd8370a1c18d5d6d06,416,416,1
train,plastic763_jpg.rf.0be8f17f10b07c50e672bf81760aeec2.jpg,train,plastic763,0d40ef95fe579bffe387404fec070e65b55de0b9e2798ab30ce2975863873828,416,416,5
train,plastic764_jpg.rf.f9c965ffe288c4bca2c0fadcca68cded.jpg,train,plastic764,cfce28d9d681024c86ba2e7c1fa5830d6855f499854ff03ac88b8ab3d5571256,416,416,1
train,plastic765_jpg.rf.cfae7de1bad1e7250c6f6233768ff72d.jpg,train,plastic765,884ccb7bec919183dc41e65108b1019ccf76da7165c9e7c4921e427b55096b75,416,416,2
train,plastic766_jpg.rf.9787fb0ebe011d35b2eb670b42b10be0.jpg,train,plastic766,a4297ac2942a2b7a6ec0e650af03c2f50d415adceeb435fc65113988a19587f8,416,416,10
train,plastic767_jpg.rf.1abfd4215cbb69235d5857cfb800e421.jpg,train,plastic767,6389c9b3af2cbf2a065e9e32c094b9f1e70969ac24b26b29458ee440d0976e66,416,416,6
train,plastic768_jpg.rf.d751af93c729f567fb247c31441ce686.jpg,train,plastic768,c005e4df8836db30260488f8dddc986e23c87e43cedc3c441f9edccc21e77ae8,416,416,8
val,plastic769_jpg.rf.bb02751e03f484a6e187de9ad6e84e1e.jpg,train,plastic769,a6ca274ee0b7e694845e362475597cbc85e8f418978a47163abecbad310d27f1,416,416,10
train,plastic772_jpg.rf.b8417b568a0038f5be2cfe69d4089a7a.jpg,train,plastic772,86a97fcecd15a965ed4e857fb0e71a9be0d5e41c05c90b0ec2bd595e0febca59,416,416,2
train,plastic773_jpg.rf.3fcf466aa9f322c07ab74cc8cd128bd8.jpg,train,plastic773,7d9742104e66bc875e3ad413d3f9ac80cca461508eb81afdea1ab1fca5cc805d,416,416,1
train,plastic774_jpg.rf.51bcdba7e39671b9b78f6b8430919428.jpg,train,plastic774,50e044a9130165bad5991f983fabacb11678e01865d8fbffb69b5682c286d77f,416,416,16
train,plastic776_jpg.rf.d56b6cb9096851bf1ea472e635f9e92c.jpg,train,plastic776,f9ec3f9aeb03157b26c866829d420cad3f6b53bddf167c48ccce00f82a8e8a71,416,416,1
train,plastic778_jpg.rf.ee671cbd127d7f12757ebc308087df75.jpg,train,plastic778,b90d0e7dfdda83354f9d57b6e7158d6f89e5928deaf494f3c0d97ad97ee312b5,416,416,3
train,plastic779_jpg.rf.1135479a80c751b1d5dd8dd5b473505d.jpg,train,plastic779,1cd391d369b177b70e9e3668f5f53e3ab2d4d25323460e97b3fbff6bc49f14d2,416,416,2
train,plastic780_jpg.rf.f377117b292b0cc54472de7ba8271a74.jpg,train,plastic780,86f1f3834a961e3a818a03528851ea11b28f468068ca0eed5ef46e67100e6c0c,416,416,2
val,plastic781_jpg.rf.b84f5c1af99d8859a81a4c9067e01fd3.jpg,train,plastic781,2b54727b4b93b83423c459692cd740ef61e0874660a0cb4c18a92748693c6e50,416,416,20
train,plastic782_jpg.rf.4afbd0f2c52ec6ce094766637a001530.jpg,train,plastic782,7757988a970695c4af3e7e8914d0a9e47e674c98bfab9bb6ad8069ca2dd501b2,416,416,1
test,plastic783_jpg.rf.63ea20ea6c5caf593d3f55e2f2bbb2e7.jpg,train,plastic783,4e0cc50c894dac5e6dd7c55644b98edb683401d89ce9c2294d21fa00df1e1081,416,416,21
train,plastic784_jpg.rf.c5bf2cef0ea790aebb60992dd84871d0.jpg,train,plastic784,c94fa6f6ca31fa018b35e6235ff966fa69f5f67d7befd8e30e06b51a59c6df7a,416,416,14
train,plastic785_jpg.rf.fdd30541521659db0613c5f6d4cf0b3e.jpg,train,plastic785,24063393689571089751cb17888ebd1153c71f1840bed8e4147e7168a662f6db,416,416,6
train,plastic786_jpg.rf.efeb682c1f0bd3015f4080be5089a4ce.jpg,train,plastic786,1cef24d0ad77e5bc4d0f39f0359cf6fadf0e63276386c1b57bce33b7080ae355,416,416,5
train,plastic787_jpg.rf.5899cf4f2fe108d743aea1ca4e4494e9.jpg,train,plastic787,e6c79c10120e3d624e5fc744475f3679465cbcc53fb6772d3ceaeda41f15f56b,416,416,2
train,plastic788_jpg.rf.436dac32ba5850046ff5e605f863e5f2.jpg,train,plastic788,6334a809ef5091a958da1e010fe54bd3a32957b212278dfeb6d33ded92af25bc,416,416,2
train,plastic78_jpg.rf.caf2834304d6f8e28d60af45f43a621e.jpg,train,plastic78,9830c9ed4121e91612d158f6147f56638d168a3f07f456f70b1c88db9247527a,416,416,1
train,plastic790_jpg.rf.4fa2e82f856091d70fd5cbadebfe874b.jpg,train,plastic790,270c06d614f423bf02efd9f8e9ac918f95e6c2a7eff116bbc6fdca69cad537d7,416,416,12
train,plastic791_jpg.rf.cd224cd715f4d093a98fff7f87f09177.jpg,train,plastic791,16465a33dc761d195cb6c8353fbbd6574d170763332a9128ce85113f00370a78,416,416,12
train,plastic793_jpg.rf.15d1923266159078d81c691d386929a0.jpg,train,plastic793,0c0e3bbbdb991b4b25ae8662490d3f37d68fb18655596046da89af027b78c048,416,416,1
train,plastic794_jpg.rf.d4f07c5eb3eb8a666aca24bd1aeda2d5.jpg,train,plastic794,21b749d0db34fa5ce6240bfe9b68fee5605594775482c61254550e938452a3d2,416,416,1
train,plastic795_jpg.rf.d4c260ce6121b2e730b3cc0994dd122a.jpg,train,plastic795,bbbe22ce5b03ce0cc7b249e7e726eecf2d98b02d44c440db7d17c93ff8d45968,416,416,1
train,plastic798_jpg.rf.36f78e21672a8aea1dcb3074d8f82bd3.jpg,train,plastic798,b3d4a7f36021f2b50faec2df690bc78b44c1a7bb7f109ff21c9da6308492cc51,416,416,3
train,plastic799_jpg.rf.5243b8f7943a0eb4433607535f0bc900.jpg,train,plastic799,2d85478dbc261a55c5c3d88d451f50170dc4b0118707b0fac191166f92633bc2,416,416,12
train,plastic79_jpg.rf.c84f73a76d1a0b778bfe0032bd26b54e.jpg,train,plastic79,d0f1898d82def8a21545c7357e8d3f437423542fdabec57f4e06bca35adb63d8,416,416,7
train,plastic7_jpg.rf.03895781b07509c6167232146b751573.jpg,train,plastic7,1711b543fcd1ea4791b19b8a69218c95a09355a86fef6b1d171c093c172226ea,416,416,3
train,plastic800_jpg.rf.09e4e8c1ccb25dc9ae60d38f212f1567.jpg,train,plastic800,2dd7bf7ba8fadb325c1af45a87d56c8207cb464e6eb1561cfd1295804e919366,416,416,3
train,plastic801_jpg.rf.16edb22279e93e35bd8fd6f5b2e10418.jpg,train,plastic801,66518496db4771e59f0b7fa38176d3ee38b02cc2ba6d74e98dbc0c01f468058d,416,416,3
train,plastic802_jpg.rf.a9275080c3ea296d564e2c60075b8c12.jpg,train,plastic802,1e75160da049ff4141b61206b2f4db0caea69505bb3df9bb72c2951f0fa292e6,416,416,4
train,plastic804_jpg.rf.85857eace6720b1fca7277fa6273f30f.jpg,train,plastic804,9604b51d7c431dc8d4bb526ba6482cd86c53d615e25824280aaa3ba74f225102,416,416,1
test,plastic805_jpg.rf.260ac338f15c2ea3c1da66d60c7371e6.jpg,train,plastic805,4da79fbf9d12a47d6dcd954dc2aca0c1eca13f014d6cfbf6bbc52d6f4a65d6ec,416,416,19
train,plastic808_jpg.rf.9ad91f7fb790001989a6a443e1537b3a.jpg,train,plastic808,413572b3ae2cfba876f007d65ad980c2924bf665965daa890107133ab9a5dce6,416,416,5
train,plastic80_jpg.rf.94a8e830c928c032f9aeaa56c11ab0d2.jpg,train,plastic80,8174a387234f49de962716fe87f99321ac662342d870abbc27d07733a47b7f6f,416,416,1
test,plastic810_jpg.rf.e5228fb1985daa2fd1a90569791263f9.jpg,train,plastic810,908a99a61bc80fd6d6e7bf8d0b7510410c579e946c51efd5e257e69de3067e2e,416,416,6
train,plastic811_jpg.rf.4effc99b4c49e1a850e3f34a1d53d63c.jpg,train,plastic811,1f334e03b75770084e85bcf591537bcdc4f9c45db5a02ee4404fe4d5d8b4e642,416,416,2
train,plastic813_jpg.rf.8275f0ac994857449d33826a8c7f06ba.jpg,train,plastic813,3b2ae474d8312ea64e4e8199587789be463b70bb0c97256513d3e6c6782d9306,416,416,2
train,plastic814_jpg.rf.93724cb1dee29f7ba44da6a56370ed3e.jpg,train,plastic814,8bd7d98609d1c941150ddd1917f4df3402158c62ecda6bf2167969d05153f5c4,416,416,2
val,plastic815_jpg.rf.51b1ed207f83aa39337ed42eceeb7eac.jpg,train,plastic815,1e6c3a11df7b00ce9807ec461cec378c14455c055d5fa509e4b4a91b4c0cc976,416,416,1
train,plastic817_jpg.rf.8f1fdf86d87b591a192debc248ed6968.jpg,train,plastic817,7f0f8e5b15cfa2a9bd7ac619bbe1e5897dfafabad1aa2c35da56bf6716a8718a,416,416,3
val,plastic818_jpg.rf.c2cf98024f536025c1077b2b4f4334e2.jpg,train,plastic818,3979f6498d8f5702d96bc9619ddad67095839be56d69bc9b7731646b4c5c9807,416,416,10
train,plastic819_jpg.rf.731b547ab163171ea54a0a7bc4e9bc29.jpg,train,plastic819,013362708bdfdf36cab75c04cb013c58d9018610ecd991b851ad383ad81cd054,416,416,2
test,plastic81_jpg.rf.98cd102323d766bd8fb1cd9975fd3cb0.jpg,train,plastic81,d0f98a145c558a09e55a613ae2aac39b931f539d8042170dab6796fd51a94129,416,416,1
train,plastic822_jpg.rf.c670262aaee7025e3abb3bebd0a3c84a.jpg,train,plastic822,bead52669dd8e53bf7cd53eb3777d1a81b8ebcb5d079f9ef38888b461da2198e,416,416,16
test,plastic823_jpg.rf.6956a1b3b790a58668edc24e981014e2.jpg,train,plastic823,c7e0de4350245a8510b071dd457bdd5af323d43edb5704a48e817d5f8830276b,416,416,2
val,plastic825_jpg.rf.fea859f5efa937b8393e315cb5193cb1.jpg,train,plastic825,85a625856fe8b2542684aaf19565a158a27a9a57f9ea1da2211ace8931c1f817,416,416,1
train,plastic826_jpg.rf.bbc1b200d9c97aa69a731ee359bc918a.jpg,train,plastic826,5f4932b974b2bc4c1b4ae6564d4f075b17614d0dafb1914f1c8f10dd57f5d3e2,416,416,1
train,plastic827_jpg.rf.7a589423e175a0be4c6b83d110068a06.jpg,train,plastic827,63a8714c8a5db35718a9e20a42e609eeb6082550cde36e34047b1888c3f6908f,416,416,2
train,plastic828_jpg.rf.196bb2179e216dca02015a9d2190419b.jpg,train,plastic828,2fcb2eaa2bf8cc20c4401ada97653ebc90af17f4b262a805ecea15b061629552,416,416,18
train,plastic829_jpg.rf.29c3f28489b6774e99a351840fda5a0a.jpg,train,plastic829,bdb670ad131b42460e2e318f9b01a78457e489de208b2062b8558452e27db51c,416,416,2
test,plastic82_jpg.rf.cb685d7ff3a84660e579c1f202fcacbf.jpg,train,plastic82,7b7f4a99e4534d8cf3f64ab484ac2067d769e8c39810e96f0550d1ede0b837a8,416,416,8
val,plastic830_jpg.rf.195c3c0265e662fe474bc419179542f1.jpg,train,plastic830,9cb84311763edd7b3115b8c9e6df1b886b3120dc331a8fcc0b4660eef50b98f1,416,416,2
val,plastic831_jpg.rf.6c341d73f84131ba58d70df5dd6d6e82.jpg,train,plastic831,19c1b7b886ae99293ed3e582c8231c54664a0f3bd141757d9322c9b19c313f9f,416,416,1
test,plastic832_jpg.rf.66afcac54bdded6e6178cdf24e8e455f.jpg,train,plastic832,eae28ae488a026d4dd80c4959bdc5422f2969aa1bc2dba6382a18ff2fa24219a,416,416,7
train,plastic833_jpg.rf.a1a41d06214ae69bdc0ec63e1e2eaad5.jpg,train,plastic833,ee7c36108035d765fbab09ad54b291ad1dd0d651c9ae3017b92e48384f121e95,416,416,2
test,plastic834_jpg.rf.c20872b26b59b1588af1c28253baf1b3.jpg,train,plastic834,4630e54cdaa14679fdbcf47454341593b7eb29bfdfa1fe3bc9663c7adb117298,416,416,1
train,plastic835_jpg.rf.56a305bf6214f5c3b6dd5dcdb2feda21.jpg,train,plastic835,b189e230187855f34c928d371a960d585ac6ec00d2e8f0ecdd6058e140b4a804,416,416,2
train,plastic836_jpg.rf.6159268cac38b25b8968da9d791681f5.jpg,train,plastic836,10035dd046a776a086dc2771e2a7ee6e29808394b7061b5ba35535f07602e0ae,416,416,3
train,plastic837_jpg.rf.f6d5946b3764a6ea15b1a683f5e96ded.jpg,train,plastic837,2a19826920f88126baf5ceed4fdbdf9a031c41ea411962e85862a9330c824233,416,416,3
train,plastic838_jpg.rf.e9d0b010ad5325d63b8e4428eb87bc4e.jpg,train,plastic838,96eca06fb0423567070bac3b532e96d9cea08a93d27a19984795e11e0329e7e3,416,416,75
train,plastic839_jpg.rf.ff3650330e14c2809d935f35d8055d98.jpg,train,plastic839,15d6a55720063987e8a5085db7829aa2bd97bff727851f3f7602a06ebae735b6,416,416,2
val,plastic840_jpg.rf.649fdc8101ebdaf0f5d1104ba649ff3d.jpg,train,plastic840,a09a59c20dd1562f2667894dae88c44a8379cadfced6387a959d03934044a133,416,416,1
train,plastic841_jpg.rf.8ae41dedd37e7b7b69118ef769c34f19.jpg,train,plastic841,727bb31f840858ce1d0195974138b8673d5f7f9c349c2babd77ebeb1e60d4d50,416,416,5
train,plastic842_jpg.rf.7a701468fae8ea8c18d2399ea6c01b43.jpg,train,plastic842,7995da730174ee2b756c7a7c5a1a324237e9fe13c3b03d6ef3e60e10d3c36de7,416,416,10
val,plastic843_jpg.rf.861463d23594766247764ab8f96982fc.jpg,train,plastic843,a714121c06ea18c38800b731c7c6484d38c886a3af316f28ee370d32408b9078,416,416,2
train,plastic845_jpg.rf.a58ff2295971bb4440c93a121d5fb66f.jpg,train,plastic845,5dd19376a4aea3d3c6e76b85679f2778572fb80070cb86e7d2d3ce296f89d6f2,416,416,2
val,plastic846_jpg.rf.cb117802a069853262a6186106e91545.jpg,train,plastic846,d2bb0537342c157b0ce406367e9a3b827ff704a71da1a944cb916f577c10cc82,416,416,1
train,plastic847_jpg.rf.a7f4503f9907c03eca105105a0f700cc.jpg,train,plastic847,698802a555a492b1cdfd0889cc1867583c6b2d720b865c5a401fe8ffc4ef6c46,416,416,18
train,plastic848_jpg.rf.cebcb02ebbf7d0d7ee757428b9ece305.jpg,train,plastic848,b2f50274e31075974b41be7562245ae6f0adcb614509cab0cd531295b6f50c1b,416,416,8
test,plastic849_jpg.rf.29eda7cadb295289e05d6a134e01c80c.jpg,train,plastic849,f4cf4ce7b5f7ed56939cd56896be53c1fa07932fc72dc5d351a619146991f090,416,416,1
train,plastic84_jpg.rf.bda0e0f69ee89aef590291aa2dd896e8.jpg,train,plastic84,39535d1a8c066b3d23ec19b69297aa78e0bec648addf2cffc6e50009668245e1,416,416,1
train,plastic850_jpg.rf.7d51f2f5d93b7e713a9af9ef7e049d66.jpg,train,plastic850,60dbce7da13cfe32ca8802bf364e3fded45bfdc4373179d18580f165b56aeae1,416,416,3
train,plastic851_jpg.rf.d0b2291375797932100506b211d20611.jpg,train,plastic851,a3520ff649b4e0ee0eeab02faa4209f4aa9ecb0fca33c3ff79a928d7629a7842,416,416,2
train,plastic853_jpg.rf.27b7547c79d35c380a0408875309024f.jpg,train,plastic853,59e121ac3c5a71b9853b64eba043a70ff542457eaac6a6651703d079ed3f2f1c,416,416,2
train,plastic856_jpg.rf.10bd2dd4e3d3307e0b41e51a63ea1c65.jpg,train,plastic856,8bafd2b26dc1570c519e9654f6561b8c5d74afa063bb9ea73c90f6007eed2d8f,416,416,2
train,plastic857_jpg.rf.17d0b3ae56bee3682c28503a16dbf6ba.jpg,train,plastic857,efb159f9be291184f0a28fc36e8e602c1bfce5aac3d15cdf73b68019c3b7116b,416,416,1
train,plastic858_jpg.rf.81940797787424791bdff7a4177e5df2.jpg,train,plastic858,2acaad89dbc72fb20dfecc6536bdfba3cad0dd2d5827d01ff704487e0690b985,416,416,8
train,plastic862_jpg.rf.c8d4422d06d22594f56d48faf59c6247.jpg,train,plastic862,5056e64ff4c90c9eab841378e8d16654750b1952aae5d8880c02736760f19e11,416,416,2
train,plastic863_jpg.rf.dec03b6c602d5da66f8ae220f08ce5d9.jpg,train,plastic863,9a9690b6e513602a2b5339472c6a50627698445d1b7bf61b897833dc821d8569,416,416,1
train,plastic864_jpg.rf.8e4a3cf068f0b0c7dcd3b35e6e8603a1.jpg,train,plastic864,a18be6e47e868198b14c6ca1359edd64e7f00f6b66b9e29ae0c8c4bd49185ca2,416,416,4
train,plastic865_jpg.rf.08e62b9d6acc881f5323da62c3e7556b.jpg,train,plastic865,3c150fb0861eba236e3a79e68334fbde8c16dc271e0d61ea0715e5be1697f0dc,416,416,4
train,plastic866_jpg.rf.6f2ad68880e6e41fab314305b504404e.jpg,train,plastic866,8f4079a009bda6aceaefd2e8382ce731ef1b4f603fa82718d2cb852c1275bf71,416,416,2
train,plastic867_jpg.rf.ffdab8eb94e072dc80e806e50a9737f4.jpg,train,plastic867,c6e81f9d628c8552ce408edd8d68b992df39600451697c1eb96ba4cef9ebe47d,416,416,2
train,plastic869_jpg.rf.f6ae283c0ae68b51b390cbe6a90f48c1.jpg,train,plastic869,573349c4ea147907303db21d4de578fec125ab0baf179f1009e239841e537fdf,416,416,1
train,plastic870_jpg.rf.94e59e11d0f36decc772a3714cd0bdd6.jpg,train,plastic870,3c8be45f1dc841b9b2a0b7e528223926ae1f389ca4cf93152ea2df5b2ac20bff,416,416,1
test,plastic873_jpg.rf.8d3f6673e47815c5d4dbc81f6bd8255c.jpg,train,plastic873,5300ca20628c02d1556d014f79593b325c07968b9b96aa0c602f1e9c33db7e21,416,416,2
train,plastic874_jpg.rf.0631be41ec8e9f7263b2cccdd41859c9.jpg,train,plastic874,e6831f169e776963b1e8e84a68d161d4bd8fa4934f36f053e31248b291a430fd,416,416,2
train,plastic875_jpg.rf.f0e3b3bdb343089dc86d09d8a5f8b818.jpg,train,plastic875,11f95b0cd6746a9334635fd06e8f336ea7ef93f38ae1febda10742edb0459d67,416,416,1
train,plastic876_jpg.rf.5a93670f2d31fb803cb6c5a1fdaf6d29.jpg,train,plastic876,dae19f3e4fb394f6e02c4dbfb4783f1497175f2d05d9ff01161a6cda9358426f,416,416,4
train,plastic877_jpg.rf.156cbc7b8aa19aaba488caaa79f8d4fb.jpg,train,plastic877,1ef38cf18abf7b01ac21d72bc29a6d8af3cc658bf01abbf35883431df898a3be,416,416,1
train,plastic87_jpg.rf.ed172a5db79bf12f81e3ec89945eb477.jpg,train,plastic87,1533c36d4dfafa5f916a848818ba02e2cf4ec5816efcb41edf016b5a66ae3efa,416,416,2
train,plastic880_jpg.rf.82ebf070cd0231743b1374c0587ab34e.jpg,train,plastic880,4b11f9ddad0f3d982261e6af471e4cc0e089829fb9970f61803c2f5f25d08122,416,416,2
train,plastic881_jpg.rf.f50d646efc3a72429d2ea26256652599.jpg,train,plastic881,3f38927ae8142701f6830c66df21c9e64101112ee4c15475e5ceae62a75fa628,416,416,2
train,plastic883_jpg.rf.7e08696e3812df1dbbc10eb8de1a1ad1.jpg,train,plastic883,e0b486395c506a6ef8955ab0600e7a1dbd90ef38a575465775495ca494e92f61,416,416,3
train,plastic884_jpg.rf.c6c7e1168fd6c94ea6a8819fe6a7b48f.jpg,train,plastic884,d02b08ad3e9998f7cc857d3d9bb5051a570a2838954fe18204fca52dea5b0f5b,416,416,49
train,plastic885_jpg.rf.3bef96b36989c2cafd053540d5089d05.jpg,train,plastic885,59b8274fced0e1d7aadc7419406332d8fccbb76cf4a59feb69ace641fcf037ef,416,416,3
train,plastic886_jpg.rf.c403e8f79580bd882eb58208d93bedb9.jpg,train,plastic886,b2c3f16b2d0ae3b10666c6fc1e4d46281e2138f11f694177c740ec580c0434af,416,416,2
train,plastic887_jpg.rf.1f944f2465d27e04010bd5a143745feb.jpg,train,plastic887,4bfdad949528c056d2e01ba3daf3e4028f7f8112751587319b5f97a158367437,416,416,2
train,plastic889_jpg.rf.58279e42f514ae49f5c1758e2b5e464d.jpg,train,plastic889,18b49637e3b640d60bb8e5dee882d6a1f55050d3c647634ada3f103e2074c8db,416,416,1
train,plastic88_jpg.rf.9233a4c88ecba5e09b777bfefdf613c7.jpg,train,plastic88,a2e86b90999a406ebc8fece671b5b2ad6eab799e9270fcb299128c3513394003,416,416,2
val,plastic890_jpg.rf.d25bf941419ed6f3e586b91b9fcd7d72.jpg,train,plastic890,11f7d02834926e8f98857693eb179883b666658c8e0dd99955a2da10c95b87dc,416,416,3
train,plastic893_jpg.rf.3cad85e97b454968906d47375a3315b0.jpg,train,plastic893,54685331d25a0404c44e7641665124e09a0fb13972c0a99e5d009b1cb8a818e5,416,416,1
train,plastic894_jpg.rf.afbb17899a3a7cc84c6081473fe90963.jpg,train,plastic894,785e5add70ba16e06ab336c271821da96e6101eede0f0ce0547af1e9b794fc3d,416,416,3
train,plastic895_jpg.rf.aef74a1315655adfee522c9c3e2cc482.jpg,train,plastic895,e64fca6f0db5378a71e556186f8bcfcde03be4729ced038bda982a8f6000ad46,416,416,1
test,plastic896_jpg.rf.6374fd69b6bcfc6e8eb8bccc0d62c003.jpg,train,plastic896,39354a1b1d5b870baf76e13cc9a3f3ad7f5c498b2e397982533f41b28d00461c,416,416,1
train,plastic898_jpg.rf.08de7366ae4ca277ac8e4e24a751f078.jpg,train,plastic898,72340e9b548fbbdb85eddcef28c9825ed6702e55cfe5d17b73f1be82fc35a730,416,416,1
val,plastic899_jpg.rf.9d7feec9191a1fb2c978e15d528840d9.jpg,train,plastic899,28b7af74a4f101157bd735a2e91f827b531d1a2974c7cba6edb45a02ab628b3c,416,416,2
train,plastic89_jpg.rf.116b6bcdc8d02f020ab61d4747eb587f.jpg,train,plastic89,d08bd6559e9e9bba2b22e190689eb4142eb41d6663400e29c1f4eae08df93aaf,416,416,2
train,plastic8_jpg.rf.45d5c689577dc4362a073a2e74c9e8a7.jpg,train,plastic8,021ac3012e580c2f4ab4cf787515d9730c57e4e251ae02989ea5ff39a28831db,416,416,4
test,plastic900_jpg.rf.b66d3999d5ac5feed5c86dd6e0e30c22.jpg,train,plastic900,227e459df02828fea80da63618c8e218a8c93fe1593b00314271d4ed39420aaa,416,416,1
train,plastic901_jpg.rf.168c5b106aee53a8b6319ba8003529a4.jpg,train,plastic901,9d9afdf7d8274c3139d74e64c29874fd8e1e27c528133d47555255d720138de8,416,416,1
train,plastic903_jpg.rf.c4b3e7074183be7ed1310a5a827328dd.jpg,train,plastic903,65cd2ee39e91c8a33cfa91a46d91efd82b904765d232b75af25cd4d36f04924d,416,416,1
train,plastic904_jpg.rf.a716e0c887df801798518e3ce776474f.jpg,train,plastic904,f275af3f67ae400e32e0e2b9b45500f4303f05ec24de71ed01ccc31ba009dfbb,416,416,2
val,plastic907_jpg.rf.0dfc2364f893fb729608945a2f7d2647.jpg,train,plastic907,49efa5a53aa970756a65650e88f2d6d4bda9833c6302fde9dd262e600cf4ad66,416,416,1
train,plastic908_jpg.rf.3095f6349ced901d99c1db82c9407cd3.jpg,train,plastic908,97d416f54f98331619ae7ad498ed5ee41d8057e56f4180678275f97480a67ab0,416,416,2
val,plastic909_jpg.rf.4e5457834b7ec10a3025b30717b3dbb7.jpg,train,plastic909,13b7243b828b9a669f1c20780487eb4ed327ea248b5d70703690c4d30e98f546,416,416,2
train,plastic90_jpg.rf.ff33812bdb043d513a19a866a866fcde.jpg,train,plastic90,e3cf03dae207a75b4695b88dc368c119c7d1b561dced73cb4e5da96e2c9bec14,416,416,1
train,plastic910_jpg.rf.bfa3b09897cc624d7fa4c8d090438e17.jpg,train,plastic910,94d1e4b57d719fd6840391721145d1c7fd4a454e434765dd6e4e30a71fb5b551,416,416,2
train,plastic911_jpg.rf.f7d1ebb79134803b0d65bf3f335bd3a2.jpg,train,plastic911,f3b208090584c8cb9f2e74be542a7c7f68b8c585914de4ba02ef06f6e2bf9514,416,416,2
train,plastic913_jpg.rf.042ee22366b41a755e868441139059d9.jpg,train,plastic913,18376345037fd3dc374601fa25cbe7be15f71c89f72f9c6d1f2ffb98f3c7f323,416,416,2
test,plastic914_jpg.rf.867cb47032a9aa2e4cb34079dc1fc2de.jpg,train,plastic914,47a94c74b23b3657c8b37799cd0e9abe2518ca193a783bf3bfa5b006f25f5670,416,416,2
train,plastic918_jpg.rf.76dacb139eb8711d2e2430d5968e441b.jpg,train,plastic918,86db0d864b4a164b79bb93e18b18cae3c915aa3d93852198a18acff02669735e,416,416,24
test,plastic919_jpg.rf.1e6c3057ae24e84c6bae16c311799072.jpg,train,plastic919,297b1630e0811096c4ee584f74f2b2e46a8c8a9d5c22cfc5b2e1231c7093d7d3,416,416,18
train,plastic91_jpg.rf.76fcc9a2aeb1e92a3a78a85bab73216b.jpg,train,plastic91,5f381f53a00b5fe50bb1bb55d8008657c2ec76f2d931a82d673ed7528ef800f5,416,416,2
train,plastic920_jpg.rf.05084f9cac5f16bb2eb734d557394ef4.jpg,train,plastic920,fd3b43b149404daf136c47164874695056e1e4e4f19bab0d1be6f4e31b17206f,416,416,2
train,plastic922_jpg.rf.5e57325733a848c7584b7228f527f031.jpg,train,plastic922,903e5dfaea759a802a51e923186c4c74c4c34f54e7c08199131ba34c98539b76,416,416,3
train,plastic923_jpg.rf.089b501bcae6d555a8ed7380d2329c6a.jpg,train,plastic923,f9d953f7c260387d228161f0aa75523fd3af4c3ae01ff4a9520fea2524b3bf1e,416,416,1
train,plastic926_jpg.rf.78436f8c54f66af9717fc02bbd198c51.jpg,train,plastic926,92c45342a45398afddda1b4ba38bc09c87a6e4637eb086ba656c43e2889f5a63,416,416,2
val,plastic927_jpg.rf.881fe4ccb2ccec0acdedcbae27b0239c.jpg,train,plastic927,e76a30843281ff058270b34a8cd631e85c8c8198b99e3eab02f1cfbf4e6dc338,416,416,2
train,plastic928_jpg.rf.7a9a1a0d2ff83e0a386c1a736577f317.jpg,train,plastic928,d72cbea1177ae59f0997150823058b2bb3fff68eb8480d10d2d408ea9775e252,416,416,4
train,plastic931_jpg.rf.bb661f88eb9115d56ecb1f15905872b1.jpg,train,plastic931,e799c3d039848668656847f0dd1ef62b2a57a5b3ab65fe9b57be4508485e49fd,416,416,2
train,plastic932_jpg.rf.f806b795118ee46b8f38541e246eb558.jpg,train,plastic932,9adf1f50b785c59a0eac33a80cf0bde87d0d130ec5460d64155fef78646d3f4b,416,416,2
test,plastic933_jpg.rf.519e57c215229ebbcec3065135fcfb47.jpg,train,plastic933,18fea1facaf480334772710d8b5e4bfefeec0676758657ba322ad0811163fa44,416,416,1
val,plastic934_jpg.rf.c6a51cbec6cc97f7debee5748adaf1e1.jpg,train,plastic934,a7af40f704d4b261add9bfd631425c5180fdc175d46840539018004806419caa,416,416,2
train,plastic935_jpg.rf.c5505f9cae7dccd50b03d7a7406d5858.jpg,train,plastic935,e0a2271df93a09ace8101475cb321bb77e0eb34a5b70181e984f7c6aa9775167,416,416,2
train,plastic937_jpg.rf.cc92307961d2665698a5aafac0d8cd2e.jpg,train,plastic937,f1b420af8670b059d165cfc2932074dc69118b681466e5e0edc210ff65eb7277,416,416,3
val,plastic939_jpg.rf.4746379ad51ac2a7c5ceeeb56eef9074.jpg,train,plastic939,f363f8cd96787f99d07b8b76e16306b5b3684f735e89d5dfcc2c0402830bf2b1,416,416,2
test,plastic93_jpg.rf.bd5a4f2a4fb46c2519e06caf5bf9094b.jpg,train,plastic93,8d4b045a0b06f6ca3d4ffaa1952ee1f9742561e3e1d36547cfc5725947311baf,416,416,7
train,plastic940_jpg.rf.01ca440b56fd164c9a869c08ffc30f76.jpg,train,plastic940,91c17b804fcea61176369c3e9c92aadba1a05973b8b0b1701c315d44061f1eb7,416,416,2
train,plastic942_jpg.rf.2a0f3628b7ddfe4d8cc993df09341a77.jpg,train,plastic942,0ca6d64e772df18619a9800e9668e5f7d075f9421c644cef6e9b15fae2b25304,416,416,2
train,plastic943_jpg.rf.68fab618c77a28cb079d50c0d26f365b.jpg,train,plastic943,fdf57214948254b198b12ee93567b494bee90ac4159fe98dcf3f0d84982d87db,416,416,2
val,plastic944_jpg.rf.86a31b664bf52fc676108bc59cac32ae.jpg,train,plastic944,fac7c97316ad186f892ef269d03335221d0a324ec020c9c72a4971514f67af41,416,416,2
test,plastic946_jpg.rf.edf0de1d561fd985be841605c1407f0a.jpg,train,plastic946,ee1c280bb8c17fcaedc4ae33ff9eeafcaf4a3f4633de7e32e9bc16158970cec6,416,416,2
train,plastic947_jpg.rf.797852720f1fc676a892c9579c5051e3.jpg,train,plastic947,c652aafc85e2b11be7b4f879f8aa74d4fc401a36e0cc9679f2d7ffa42af50578,416,416,1
train,plastic948_jpg.rf.6a183cb7e4af7fb66e561f0d2d8dd20b.jpg,train,plastic948,94d502e0ae433bad33ef07e07fa7730a29046deef086b4cf4129a0010d8746c5,416,416,1
train,plastic94_jpg.rf.8611ae3158f18df5e6aa68a0b08ae2f4.jpg,train,plastic94,ace2321428d58d1775db0c4434aca13d13fc25a09d7dc908c31eaf228814d880,416,416,1
val,plastic951_jpg.rf.31ff1e8f6e76789a40e32418673e763b.jpg,train,plastic951,532926ca3f7a49cc6e3616923b698e4a52322ca2263312e7a0beceea413d06ee,416,416,2
test,plastic953_jpg.rf.1153597ebf2149180d1a2ead33995f0b.jpg,train,plastic953,620eb233667818a8f396c4d4509ac7c32267287d443247e5f735507ce3cef294,416,416,3
train,plastic954_jpg.rf.7384573b243dd32072d7d55f1ca8cb5a.jpg,train,plastic954,6bfaee08cc444eb5af5ab15c978f7abfd0c663df05a8f234caad5c2fa41f5e6a,416,416,1
train,plastic955_jpg.rf.0229dacb552835445ad6bfb97d26ab0c.jpg,train,plastic955,b5d53ccd2b5bf6f8e5de5926a8ead919123217891088b025156fb2ae1199b6be,416,416,2
train,plastic956_jpg.rf.39d065cf7e86ea32e80131b105bc9682.jpg,train,plastic956,c30ad0bc94195dd15ae5e997c3e625e58dcdd5d2c01e99c1cd78556b1b8d9fe6,416,416,10
test,plastic958_jpg.rf.7aca55cf70bcc42ac351f1a82d4ed89d.jpg,train,plastic958,cf7ea5a8e1f7c742a061be5cee76582ffa2a64230e1a69a1c6b7c355f02aab40,416,416,1
train,plastic959_jpg.rf.074d4dcea21e8d3e580f8598568f3c02.jpg,train,plastic959,4910673c3e1507fa437865d3ac1ee56a7cfe6ef99ab694f604709e35954223c0,416,416,1
train,plastic95_jpg.rf.8c254e7a8809922f225fc2a5e7be35c3.jpg,train,plastic95,d2eb2e09f318c2299fde8e420b91f7342dba0cf419e82250ac596d67cf8dd8ff,416,416,3
test,plastic960_jpg.rf.0981981ec13b79c0148a603d15ef9bfa.jpg,train,plastic960,8f33f132bae0950937d6e3053ed424a2cd660af7fc479b339120adaf7311fa84,416,416,1
train,plastic964_jpg.rf.53ace5ba9439f1d2e2ad9571b7164e69.jpg,train,plastic964,29c3ce5522f479733ba4b1fa38acdb5b86c4f3189d53cd404fb60d3510941346,416,416,6
train,plastic965_jpg.rf.886bd5c2bfb777a95b4d2aa795e21beb.jpg,train,plastic965,efbbd8df49b4176696721b3fafedb4633b66f9606b7807715520f3d1348146e6,416,416,2
val,plastic966_jpg.rf.754069211bf4fcd942f2b15fe4eb9f7f.jpg,train,plastic966,4e8c75da34f27719217554576778e65c0ba9637810b418dee4122e1c75e6a68e,416,416,1
train,plastic967_jpg.rf.3cbf25a2a5422a3fff1ceffbbafcae24.jpg,train,plastic967,0c744939b3312d4e9b1c0e6beb89301cc6ad63afcbc481276291baed55d93b18,416,416,2
train,plastic96_jpg.rf.a1a57f6cad7e0073f33bc4495d00bae2.jpg,train,plastic96,125d85ee3980a399d33fcce82807384f15f9b531bc2da7571aecba0eee94e2d0,416,416,3
train,plastic971_jpg.rf.eb39dbdd0ceb8a7ada25f043afa9ab48.jpg,train,plastic971,171068b05eae290656f68fee4b89916eecf46e363d8e462279e2aaf690dbe569,416,416,2
train,plastic973_jpg.rf.067c522185074aa00d5e3060ac122de0.jpg,train,plastic973,2ec291347cf47326ef5d3fa90c3dcc836f32396af3c17a9f125456913ca3ccae,416,416,2
train,plastic974_jpg.rf.05d3efa051cc9680dc63689d434a83e8.jpg,train,plastic974,8e3a41de582ed13f58b9da1bc0f2fe03ac8faabc05c9c23c11d04ebce84ed860,416,416,3
val,plastic975_jpg.rf.207c6d959e60498572580f3bbd46eeae.jpg,train,plastic975,ed79a3d1c379fb2d216c02793fac14123cc57c0a1172a3fcbfcacb69b10361bb,416,416,2
train,plastic977_jpg.rf.eb561aa40490c5e407a46375845df5f4.jpg,train,plastic977,862f036fdcf6dd22d51b794b6609f7f78bce5a6acac8f7e582fcd8f3298e0212,416,416,2
val,plastic978_jpg.rf.f9f8d5a81106241fb9add63b105d68f7.jpg,train,plastic978,79f810fe8db3206cd9be3025967294bb96e60b059468c2a9dfa65e1b40abd5e1,416,416,2
train,plastic979_jpg.rf.5a5477c1bfe479b9594ae9d9f26ef460.jpg,train,plastic979,e5112f8c6554dd9198c0b2231f0bd1201155c6a295e4f0102eff3b5f06f87000,416,416,1
train,plastic981_jpg.rf.9cbdc6e0e5491c5ee0ecc3f2e0fb7fd7.jpg,train,plastic981,504b36a2964ed3c3bc2d3d803af1945d6ef38668a3f4256044214f371e204eaa,416,416,4
train,plastic983_jpg.rf.dcce0856b836e2be1768856dbb8e3591.jpg,train,plastic983,e4a09d227bbd221a70ab6c192db25fb98447a9d0e7224cc6524080e65aa7b165,416,416,2
train,plastic985_jpg.rf.9e7893dc8bc026513ef286385e0d35da.jpg,train,plastic985,d0cc059eb9edf35d029e695586d03c593322a664cc9384afca84e101c7296362,416,416,4
train,plastic986_jpg.rf.cbf486f06bf567228e3456bbd8f93855.jpg,train,plastic986,501bb98c4aa5cd05705cca0bebe8b99775bf476819ad9329093fe26cbb1e6771,416,416,3
train,plastic987_jpg.rf.c82cc80eb94005e9db11ddcbbff05140.jpg,train,plastic987,30931738f1e1b8c5e1ffe6cd55e84ab095bb38e82f21c8532662dc2410310023,416,416,2
val,plastic988_jpg.rf.d853668623183acacad0b5dd8880bc6e.jpg,train,plastic988,b475a5aca4c19fdf5f3f4d28ac5816089caf0209e0dc13abac3958669795bc1c,416,416,2
train,plastic989_jpg.rf.889f0d7b770debe216febb70a3ebc6df.jpg,train,plastic989,1cb37d6e5775d8f5f86f623e98bf74131eb3f8e881b10c4903424862a1622e6e,416,416,1
train,plastic98_jpg.rf.6866f2b021978e278e71248e27549f66.jpg,train,plastic98,f7267d17eebf989955061e5643c1a730da11546591a26fc5c7c17167f66605ae,416,416,41
train,plastic990_jpg.rf.72f70768af92e68218aa0341eea57bac.jpg,train,plastic990,e7c20912455c685a33ee45b456f31450d24e9cb0a8ca09bc32a8c8dd275169bb,416,416,1
train,plastic993_jpg.rf.c1dd64749175b94118344248741389e0.jpg,train,plastic993,3d937ff26baab04896c50bdcf9451096bb61fe0af50ffa0b561a3323c311be9c,416,416,2
val,plastic995_jpg.rf.3647657251c3922a77cb2ee600911289.jpg,train,plastic995,32d09be843a424e249f4e216803a212eb727c1ad518791dacd1a20e9db2bd569,416,416,1
train,plastic998_jpg.rf.68a01a5e28c880b733e41540933c79ad.jpg,train,plastic998,6cf8526fba5343552144ab7d42a7ae9e8427664e9e0cd782a1afd49f9fedb7fc,416,416,1
train,plastic99_jpg.rf.3f2ab5e86871a5732e2f553086ae2541.jpg,train,plastic99,7f2b691442552dc96512d3b1b35336bab2242eb67a071cf088afc79319573e05,416,416,6
train,plastic9_jpg.rf.eb30c2779ced12a250b0d1d0627f9a31.jpg,train,plastic9,7222c537fdfbc349d3679f0162ad9fc2c5f1f2a7f629409f015427f40abf5d38,416,416,6
train,biodegradable1020_jpg.rf.ae69eadc714124b08e26002722c0fe25.jpg,valid,biodegradable1020,47afdfef1c86adf2a377eb2354e2a3203260e4a04d8965b8df56c41777f1e0ae,416,416,4
train,biodegradable1022_jpg.rf.ecb5a5bf2a9166ebdc5bacd46c80a8f1.jpg,valid,biodegradable1022,61b1e17477da0dcc55fd5b88857e4cc92b5b0edf86eb4e4413a2c0fb6741b62e,416,416,1
train,biodegradable1027_jpg.rf.222d69e66b078b0988be66c23a22e16d.jpg,valid,biodegradable1027,bf3eebfeca906af073cd902782bc95e77e42c9dc202c2a8e48cbe57b4869852e,416,416,1
train,biodegradable1171_jpg.rf.ada37c0b509caafa5e4b3d59710436ad.jpg,valid,biodegradable1171,68775542e19e6422077257d38baa9e4dcc0f2a357dd0aa2ecef7dea483a6de2c,416,416,1
train,biodegradable1232_jpg.rf.1163ba92a2f6594f76623cde4b311b9f.jpg,valid,biodegradable1232,6c467831e9986e1f9f13abe4fba49711054ee80eda8e299666f5c84606125e60,416,416,1
val,biodegradable1259_jpg.rf.dbaa24c13c564994b28ea796ab08217d.jpg,valid,biodegradable1259,c35315b1b4ff8d97a5a702df11a786746993a0b8e5b47867d842f636e8770236,416,416,1
train,biodegradable1589_jpg.rf.bd5727de411c8a77eb9982789ed236fa.jpg,valid,biodegradable1589,145f62898bb5fb71670a9bbb943ff71f4e010c0d345a4171e35ed7c04072c061,416,416,1
train,biodegradable1660_jpg.rf.0e60ddb0cc377dc78e0a3e94c8931bae.jpg,valid,biodegradable1660,fc6ea29d358fe731dfa7c23987cd3977f626d6d21d12a3c84868c3f5efc245d4,416,416,5
train,biodegradable171_jpg.rf.12c7670446c8aff27ba710bffc2ee178.jpg,valid,biodegradable171,385b45264b18ba217e17c7b65e01da3d51f4ffecf09539d6ee9fbdd2ad092a58,416,416,1
train,biodegradable1868_jpeg.rf.3e3ca6d51c3a22de30438c486bf38621.jpg,valid,biodegradable1868,a361e81b8d02a293d895779e2e9d67b2597c4187b7e9c142f8dc04d4f6a4ca96,416,416,1
train,biodegradable1930_jpeg.rf.3250a9bcc13714fbc2bd48f9ed748c99.jpg,valid,biodegradable1930,9c61c6cf51c3471d865c7e48353794954ded298dbfaaf5ff0e3e659df7bb5b39,416,416,3
train,biodegradable1956_jpeg.rf.286631d36515a8528e1d8dc6b2f92f3a.jpg,valid,biodegradable1956,ef823ccc185982fbffe0081f408f705f46b0de17a91bf6da2c657cd52a8fe9ff,416,416,15
train,biodegradable1966_jpeg.rf.1dc2da6f98b26ba9ec681554b271233e.jpg,valid,biodegradable1966,6b809b84dfe3538355278116ba66f4182e969b15a7e3a27941e3476d173a6623,416,416,1
train,biodegradable2101_jpeg.rf.18e2453690a861e98dc0e8596484bbf5.jpg,valid,biodegradable2101,d7d15361da4c49634cbdb9c467a017a669865b551b0e017b7550076ba541fc1f,416,416,7
train,biodegradable2108_jpeg.rf.f1eb6b26352773558a82e079f5dc93d3.jpg,valid,biodegradable2108,ebd0cd61f2fa31989899280b780320eea8bec2d825d2aed9f59de2374efa747b,416,416,1
train,biodegradable2115_jpeg.rf.9309d55a28f3ff4125a6957f9dc0c65a.jpg,valid,biodegradable2115,26ff55e26192726ec0f4065573b18d67b0ec98be5c33f7253e187d9e4c140154,416,416,1
train,biodegradable2160_jpeg.rf.c36e75225ec3cb63990df9f4e7087653.jpg,valid,biodegradable2160,54b9d0a14d42790f49ec44d39f64805b672b99407fe0b13849a89e6ec0ac00ee,416,416,3
train,biodegradable2172_jpeg.rf.bcca2b6f41ed600b6cca266040c00f24.jpg,valid,biodegradable2172,6eb65daa6d5a733c2981534702aa0b1476539628bd341ff4cd19230c99fb2eef,416,416,1
train,biodegradable2177_jpeg.rf.0f18b50efbdead9a6d213d30ce02fa8a.jpg,valid,biodegradable2177,720effe92857356c67445e1ad02ab70965d0f6d08e0e9c4e3bafbd6e6a180853,416,416,1
train,biodegradable2191_jpeg.rf.f58b8b15e608ad0d1de2c77d4ae7f06d.jpg,valid,biodegradable2191,b9c1a03dade677eeaf043586af53a7b918c7ec792e8937af9591067d31036124,416,416,1
train,biodegradable2236_jpeg.rf.e775268845dcfb47192dba83b4b6e7d7.jpg,valid,biodegradable2236,d9b69e2c76af066594278dd3c5c75796de6566385bf3ba4fe616b8268f0f68ab,416,416,3
train,biodegradable2287_jpeg.rf.33acd263035f7d22f9b9996bdb803855.jpg,valid,biodegradable2287,fd28fe2b24d7c7644a8c162194e72e6b5fd0f5f66786c39530022a777d02e3a2,416,416,1
train,biodegradable247_jpg.rf.54346fe350c1daec73d7ebe645d6715a.jpg,valid,biodegradable247,51b77f79abbb8953959e82caddc0241a4bc1408bc39b546de494388375b119af,416,416,1
train,biodegradable389_jpg.rf.97557599cf8f02a6bc45b96b4dd88a27.jpg,valid,biodegradable389,d7713882cee113d60b017006af4edef8b5ef7e4e07fcef8fa60eea5016007ebb,416,416,3
test,biodegradable450_jpg.rf.a5f7de0c08d0f8b9a359c6f3d06c7c6e.jpg,valid,biodegradable450,10d46e71a41bfd14681d1fa711cd27acf3ee7ebed06433a55d5bb3523b94b6d0,416,416,2
train,biodegradable501_jpg.rf.210f7bd334d9f2e71a2efd0155ddd14a.jpg,valid,biodegradable501,0c3d779657cecd41b5e1ea2b152bd2503cb5ed67aa69b3e8e2b9fb62b52ab583,416,416,1
train,biodegradable522_jpg.rf.ac1010e78c91286afa044c4aa3f21b60.jpg,valid,biodegradable522,842ea7ca12869d5f53b5da5e886679abcc1de129e516e11a0c20a37d904fcbea,416,416,1
train,biodegradable564_jpg.rf.8094706064a626c63247373bc920d4ab.jpg,valid,biodegradable564,19b2395426f5d4dcc2a297220585d22d7100e3d0390aae8b7e66daa9b6facd7f,416,416,1
train,biodegradable565_jpg.rf.61a3ff21ce32f361b9289b2667e5aa44.jpg,valid,biodegradable565,2021dd43ce433287cab1ac70156389af2aba919584091ca099d1e5641d89532e,416,416,1
train,biodegradable688_jpg.rf.313f4f42b91ffdf0c834acfe07f35830.jpg,valid,biodegradable688,b0d403b689d1c5e18f50960173c683ce561f215069905c53198005a3e532306c,416,416,2
train,biodegradable825_jpg.rf.3aaeb4b6b865e04cefd1e86f71fe0e79.jpg,valid,biodegradable825,663717974a41069277d4b2bb6d718bb8e34421b8c04c7db12095761fc4ab625f,416,416,2
train,biodegradable917_jpg.rf.baa44193b7b0c6220c35183a115e9628.jpg,valid,biodegradable917,e3501cd220e6904ecf5f6ab51c3e69f73d69d61a810a9698ce7fb8c6f160ae1e,416,416,1
train,biodegradable963_jpg.rf.31e548b18dccb8c0ff908f1745416dd6.jpg,valid,biodegradable963,58b39b3c0f1402b0d19d7e677818e584bedb0fce07d8aa16877b58928c3767f4,416,416,1
test,biodegradable975_jpg.rf.56507a4f2efa0122fb87f83e24cca9bf.jpg,valid,biodegradable975,21ad295a23e69f7294da153643121f7aeab0b12154da6d5449be54b2d92a107d,416,416,1
train,biodegradable987_jpg.rf.6366d2cabef083c79413891908b2505f.jpg,valid,biodegradable987,6f8d6d228924443f842fbe38dd15f692768f737c071a6334b337498918014cfd,416,416,2
train,biodegradable997_jpg.rf.65f9d67f1c20991501ef7022b84eb465.jpg,valid,biodegradable997,8b64bb99118275464b7962cf0dd5f189453bbf716a0d386d5584ef11763ca89b,416,416,2
val,cardboard1229_jpg.rf.a045393391b0be9b9d1312eade4b496f.jpg,valid,cardboard1229,80b6af735eac9ddbccb33ed9494ee7e1335e4d22e72fd452698f2c39d8769bdc,416,416,1
train,cardboard1232_jpg.rf.1d2be4418c683e13ed151936ae9339f0.jpg,valid,cardboard1232,86ae72e092ba6c809ab0c963fe8135ed375e18e852523fbf28edf83c109abf74,416,416,4
train,cardboard1337_jpg.rf.c8009a774c19125f0ce3e71d5c64d469.jpg,valid,cardboard1337,41b5ad682beca6e1e65429c48fffdc545c4a7f552d4783e36506f53fd4b0c0a2,416,416,2
train,cardboard1351_jpeg.rf.f4cceb38199a4f24c20648b6b7bc77e8.jpg,valid,cardboard1351,8a471900b23d692fb7bab708c8579a249594d51060bf8738da12edc021a4ff47,416,416,1
train,cardboard1604_jpeg.rf.8a36e20c80c084c8a52a88fdf329dcc3.jpg,valid,cardboard1604,3e9cc90c7c6a25c8655b2d8bc63c36e6628129d0f48fd76cfc520895b15ffab1,416,416,1
train,cardboard1662_jpg.rf.c8dd5a28f8d5adc25c504caf38bfdebe.jpg,valid,cardboard1662,65ff870c4eea9b3b7a04e8cc8f656200ed07feeabf50ef95a44f86b743610914,416,416,2
train,cardboard1666_jpg.rf.ed324e55a0edb25ce7be35fc7f929f7f.jpg,valid,cardboard1666,4ed2cded6ddac4609224eb19d43a7df9608239421d1ad7134c6d20e76e1acc9b,416,416,7
train,cardboard561_jpg.rf.9cecda38899492bb746ab6e9ae17b49e.jpg,valid,cardboard561,335bc6085cd95728ef7427da2ae9bfcfc3bab6b0920728814f5a8d030055aea9,416,416,4
train,glass1001_jpg.rf.74047804bb228fbbd26ab84f854c33ec.jpg,valid,glass1001,c87ddc511a0fc79578e36becd340b73b1d5910429044b1493fbc7e0caff62ecc,416,416,1
train,glass100_jpg.rf.27341611855d28b022a3d5d72b47be4f.jpg,valid,glass100,9b0b7bd32d8fa022e6bd59f404280ebfb0249b64de104c28ff551ae7f2f6348b,416,416,3
train,glass1023_jpg.rf.94f382cf475a73181763da0baf579cc1.jpg,valid,glass1023,c6df0c64bcc549bd84368da4894bee3e53b172a2f080c513185b2fdaa8b031a1,416,416,1
train,glass1032_jpg.rf.85b3e0138a113520f5a164ba98592f8d.jpg,valid,glass1032,822589e46424110d06dca9df7458693e1aef55e579b736fc5d17b2b9dd523ace,416,416,1
train,glass1043_jpg.rf.7c266abab727bfb3bfec47269bd04144.jpg,valid,glass1043,6ffa18cf1e25be6031ae03e7eafe6c0e0ed96d03f9af0f7a846f825a98a8516d,416,416,1
train,glass1054_jpg.rf.3d7f89effed87a922bd431518590d69d.jpg,valid,glass1054,674e0c359a7b0846ae4e64caf519522eb4f43ee5747aecbde872f3047e6e1d87,416,416,1
train,glass1106_jpg.rf.f5304fbb19fa374723f6a3cffb33cf95.jpg,valid,glass1106,324f64971b8e2b6f0c461406dcf7903ad15674bc346e1ca652a95c93d54ce48b,416,416,1
train,glass1114_jpg.rf.d0682e79823f881eccefcd9c60ecff2f.jpg,valid,glass1114,0e5dc6718f02cd0c11c71b44f04786bca5dd23783ba77afc265caf40194f0a7b,416,416,8
train,glass1139_jpg.rf.cdbf4ac2aa49be0543a3195f7dc5d2cb.jpg,valid,glass1139,4a8039f06a8c51d98ad05b27cd781e65207e23a12928ce8d961e56b42d680c62,416,416,1
train,glass1153_jpg.rf.f60d0f5864d4dbf827327ff992b04cb4.jpg,valid,glass1153,38389655e33de002001852546126c057f6d2489ba0db0907cfc12198dbc24797,416,416,1
train,glass1169_jpg.rf.625ee2bceaa7b710c5a227dd1c5a1b44.jpg,valid,glass1169,4c7f0bb0a5ac58ce78ef54780d61f10d395289d968884bd7679ff064f1350fa3,416,416,1
train,glass1172_jpg.rf.973b99794e5f9f3609c42b26bd9172e7.jpg,valid,glass1172,b26fabbd8f5c2bce4261e70ec33d68fabf133224a67d377062e503b51a488403,416,416,1
test,glass1176_jpg.rf.a5f1b0257079ef1de5c2f439de8d5797.jpg,valid,glass1176,4f0e4dac8d6b6ed95bdf6d83e44255ebdc15213fa1b86ae5aeaabaaea44a6449,416,416,5
val,glass1184_jpg.rf.1371e55cce9da659b0efbae23cf53b7a.jpg,valid,glass1184,03d56c21b6a7c780ac936624999822d87dccbaf39d3342c2ee0c6cbbc9c96d27,416,416,4
train,glass1196_jpg.rf.ece127a50bbb7939fe2c8a93799d452c.jpg,valid,glass1196,7f820f1975ee55a86c3397c01b1fc64af6e491b054e2086e9dae7014b9a23079,416,416,1
train,glass1207_jpg.rf.99f61277fb962c5194d7177997fd893d.jpg,valid,glass1207,04cb0c5b39c2d78c2ca5670f9826e748e74f9bd816ea87cc50c2a6a690d2e0f2,416,416,1
val,glass1224_jpg.rf.d4445fc975181df0f2af880ef3947b4d.jpg,valid,glass1224,e345f28564e5f28caded721a5357b58093f3c5c6756526792c3c194d64cdc53c,416,416,1
train,glass1226_jpg.rf.c1db8b7fe490e538579553637ccd2d56.jpg,valid,glass1226,459f8fa7dda8e047b5c60aa226fb5d913a1f41ac33b91bfaa978df62406d92dc,416,416,6
train,glass1244_jpg.rf.4c131ea86a20a86cfb48b447bd280064.jpg,valid,glass1244,90b05dd21273e70f6debd1505e7af5e01eea59e2f7c39d0ab5631a6ab5b849b5,416,416,1
train,glass1245_jpg.rf.33e8efb1d62b71f1ca7b5e7aa5a91be5.jpg,valid,glass1245,1d49b0dce9da8820dfab4999b9cc793335752c4ff3c3e7b8c5aabbabd0a1fe8a,416,416,1
train,glass1262_jpg.rf.c1e90d863f16169443c29bdadc10615c.jpg,valid,glass1262,59dbbd6b783bc1b1baa8493c647626a74b655219a07b4cd66f978119a4428bdc,416,416,5
train,glass1264_jpg.rf.1f5d01763ee216e690ae63acf145e931.jpg,valid,glass1264,26fc59a215d4e68caf88a70044096a7e75098605251bcaf6609c8d83dc566fab,416,416,1
train,glass1276_jpg.rf.9d01e6e84b2d7328fe60ef010d7c553f.jpg,valid,glass1276,a924efc416bce0d590dcb3f08aa350780d82672c95f45dedf2c03bf3d74803bd,416,416,3
train,glass1289_jpg.rf.c923b008b05c2ecf5958fd8a2416e1f1.jpg,valid,glass1289,70f9005d724d5e89225f7dafcfc4dd18b5daa0b96f82986b982b85d2e795ec07,416,416,2
train,glass1297_jpg.rf.4dfaa22f59f0040a2eedd4b2a6e811c4.jpg,valid,glass1297,8f31890dc9655ef00ee834d3d4a28221290da6a389ddde655c833d33bede4768,416,416,1
val,glass1305_jpg.rf.bc03dae38e6ed2cba213b4ee2ecd3132.jpg,valid,glass1305,3f6dfff9535dde3eaa13cdc868bcfa8bd28be839269b0058383a3113ec1c9528,416,416,3
train,glass130_jpg.rf.e7099dceb247ae57f9673bd9cf7048a4.jpg,valid,glass130,9f5432af6dd282222d6ff799c1936bdeff90105cf36f215c332a291f210d68e8,416,416,2
train,glass1310_jpg.rf.fd7768b8ceb38f7b8ff0afa407f67cc9.jpg,valid,glass1310,66fdca36459225b532f8039abc6bb6f7bc5d6df25ae227e5f96b78318ffaf76e,416,416,2
train,glass1312_jpg.rf.5cd742f64ccd980d0280e3849196a23a.jpg,valid,glass1312,51f4ca9265bfb04f6a6eb0e4b3fdabb75baf18553da85a0cceae93567a9f5294,416,416,2
train,glass1320_jpg.rf.130d6006b8aa325738672895bfbe7ccf.jpg,valid,glass1320,df0195ee982c71a9a1d3da1c1bdaab6494433ff116e63a8fb17110597616cdf1,416,416,1
val,glass1326_jpg.rf.ca17253c8efc57a4a1caa2148955c1d9.jpg,valid,glass1326,9c4f31e82dc1ffc84a56eb30248ca38c6c0bd54f5947d74ff8741328a13d0dda,416,416,2
train,glass1333_jpg.rf.827167e0c5551bd45d67561993ca3921.jpg,valid,glass1333,775848b54554c718239b893a8d5657d36f87e172189baed7c67de95526e9e407,416,416,1
train,glass1338_jpg.rf.94633a631e1bff715f5919db5b3ea59e.jpg,valid,glass1338,50c66579a65eed653920d9d10a6065df9598fbba9029916ee9c985cf49a77513,416,416,6
train,glass1349_jpg.rf.f10413810ec3ed616e3c5aca9f1f6424.jpg,valid,glass1349,2accf4e000911b163f4a6507a905db8f4ad938150a53a0770574745e4dd80153,416,416,3
train,glass1350_jpg.rf.2bd9c8760c016094de9e950c212398fe.jpg,valid,glass1350,69b5ebba07e28bb6282af618527e6b42234423c3216b815b6b1b462eefae8d5e,416,416,1
train,glass1362_jpg.rf.8e95ef6e6490a65d37aedc98825f34a4.jpg,valid,glass1362,afa4abe38561d1040cb0dfb2ae325458e3ff73192775c55aa094a48bfc4f4db7,416,416,1
train,glass1372_jpg.rf.dc9b5058a469925398bcec263c3aa919.jpg,valid,glass1372,7c2a356d89932ab8328f8bf72fed8ceddb56fc6e4101acb6be5d7f68a517731c,416,416,1
train,glass1388_jpg.rf.6e1ce39e6e8e733488ea28d56167c181.jpg,valid,glass1388,66aea390cd9c653bf26346b90933d8fee792a1487ec8c2cc7896fd21c957b004,416,416,1
train,glass1409_jpg.rf.efd0764115c2e7aa6005691daae92c13.jpg,valid,glass1409,661201fe6e69c46a457b445dff6f6a29679e4e8b6f67262a2742703a13302c1c,416,416,3
train,glass1434_jpg.rf.7d2940fd3e9995c1df6f20ac4fa1a821.jpg,valid,glass1434,8e72213e1244390bd7f00fb0ae17800c61a112b146085cb9e831a4b70a0c7929,416,416,1
train,glass1458_jpg.rf.7a36d68b2101e10e1e8761d492d2705b.jpg,valid,glass1458,8988944d1a23637bb0af40c719ce4b632fabfc72acd80199b36519993c92550d,416,416,7
train,glass1465_jpg.rf.630ad1979cd428cf8bd0b40ef500e375.jpg,valid,glass1465,6099c153fe3288f6ba8ff6b4a1369de5492637a91dc31ccef5889f5c6a3cf333,416,416,1
train,glass1469_jpg.rf.13084ad0e157d1965daa6e04bdb0892b.jpg,valid,glass1469,10b6b9baf142c6a1a71db528c7c3f393bae6c80daf917298e2fbd12f70ee7947,416,416,5
train,glass1476_jpg.rf.419d690fa84cbd87833c99a3fa4ed0ea.jpg,valid,glass1476,ebff59df3142809567d70e3f66015db8d638a8f0e6315da6ce0851765abe5f78,416,416,1
train,glass147_jpg.rf.c561ab0d04b92113b544fc251db83c81.jpg,valid,glass147,c3c7e1b74d55abb8ae6640f11389b0e21aa709c4b451753d65bef737d32a6cd7,416,416,3
train,glass1513_jpg.rf.e9561e7ca773513a69f49311d9b8bc72.jpg,valid,glass1513,2e8386405a73f28f528b8dbf9ffd9f0bd526175e4f558fedf3aad52a787c9107,416,416,1
test,glass1535_jpg.rf.c748cb2a1c47d6a3f27671c84de51d1e.jpg,valid,glass1535,c90236135a2f46c67c80213acd8d25a89222432364865f94f665f809e530ea7a,416,416,1
train,glass156_jpg.rf.1fd8c71b30bac1e45d3b4c8b11a7e9bb.jpg,valid,glass156,fab81e3d7b69981b0b041f1b3dc2a47b4d69f168d603e4279cdc7c9ae86e242b,416,416,4
val,glass1586_jpg.rf.e490b3fc82793fe7a04c0b8eef3ef362.jpg,valid,glass1586,2b6b8a4eefe69d990abed4663ffa392bfbe766872018989d5d3839fbc1aa3ba7,416,416,1
val,glass1602_jpg.rf.a81877584c576b6225228dbf91e3faef.jpg,valid,glass1602,3c3509da0f7806d20bbbc6e0589fce838ee06a694c67760be9421afc6eae76dd,416,416,1
train,glass1621_jpg.rf.9709fdf11825a59700a48954f13c5d8b.jpg,valid,glass1621,a5acf77a1cdce5b3f9df15a001a2d1e8798a06645bba0e5bc687b6b978c3dd4e,416,416,1
test,glass1697_jpg.rf.10aae4f6167f8c47c7c1ae99820e4757.jpg,valid,glass1697,3bae816a7cde493f7c1c4f65e97a0cfc6703ffc3dba4a036604caad6e35ea7e6,416,416,1
val,glass16_jpg.rf.38609cea1ccb4b5dce6bfd0fab7eabed.jpg,valid,glass16,333049f2b3859de4f9150e9d296350f7b03f90732735ebe9b3c7670177e2cc3d,416,416,1
train,glass1768_jpg.rf.a5fae434cfa4220051710656ee2bee5a.jpg,valid,glass1768,1277f87e35492b673ec23e8e5a9ecdb819c3abd3d4adedb2b485faaf12e629e2,416,416,7
train,glass1778_jpg.rf.daba8cb27d7ebd25d66f1882e3601d0e.jpg,valid,glass1778,cb252a39d36ccfa06c6b4100d7839080f53bfafe5ce81dfa0231987abb958981,416,416,1
train,glass1779_jpg.rf.032df63a2a3721030ec69dbee35d524e.jpg,valid,glass1779,0a420d2ed28957a50c2e2cb45d70fd357d873dc769820c52ae1330e37b9431be,416,416,1
val,glass1791_jpg.rf.1b6885310f9cc71bce9e3f206ab04677.jpg,valid,glass1791,a253860e0958f9c25f81d07e9458ef2ad4aaa8fafcd9ecb922db3a9d73a4b068,416,416,1
train,glass1814_jpg.rf.9ca6c62587fad465545ab2548985b74f.jpg,valid,glass1814,3416d670de984d6c6837a3b1a3378f8800159992d050c705a9f0ae1c63259e2a,416,416,1
train,glass1831_jpg.rf.afdafbaa7e0cc39e606bf19c34d122cb.jpg,valid,glass1831,ec25757a48e31b12e0017c0c2cf4264f77f9af61e934ac523af3719d2870bbbe,416,416,1
train,glass1847_jpg.rf.850c8f86dd03f4a5174c70b43525f13f.jpg,valid,glass1847,996df66c645089e6d90a0f058a04630d962fedb91c7c1263ce47bd4d33290d55,416,416,2
train,glass1859_jpg.rf.96fb93036057fc9ae2c1a5fe8d5737c7.jpg,valid,glass1859,124ca9266f8159989c1ff651f9a3e811cdd8c0092127e9bd0b9f5fca7a1d663b,416,416,2
test,glass1882_jpg.rf.f2bc202fc6e976fbc2f2021a3f1ac2a2.jpg,valid,glass1882,fc9dae5571055f43ba526f5a020d3fb903784acff091f41a18237b2914f37b81,416,416,6
train,glass1888_jpg.rf.93494d4410ee196fed8c0f7ceaa25a58.jpg,valid,glass1888,ca7c64dcf1e38890c25cd3c2f841b3f866cbf31f8064ec7d5cfc33024aec47ad,416,416,5
train,glass1892_jpg.rf.6b3cf092719e542968e5151032ab0a89.jpg,valid,glass1892,9ca88fa3f2d16710c08a2fc91d532ad7e3e871ce5988c9cddecd89cb66653ffe,416,416,3
train,glass1894_jpg.rf.7ddf3bd0ab5bf8cf2d7ba969165fce76.jpg,valid,glass1894,1a9de70d2e974e4794745ff0737e43bfb3906a41a86703fe25a63fa7db42d6a5,416,416,1
train,glass1895_jpg.rf.174336a534a8d24a6eb9e46e7f21275e.jpg,valid,glass1895,8d0585a6c89fd3ff87d258e6072b0b5434dcfeb4f8efd6a8f3557d23ff0815a5,416,416,1
train,glass1896_jpg.rf.080fed47a337ad1a4cda412881e00a3b.jpg,valid,glass1896,50d303fef2ee59903db7f3eeaa9a3141a900a51f94852a7b10dd8a9c3b8fd0d8,416,416,2
train,glass1897_jpg.rf.542834b704930cd29bea6aeade31a0fb.jpg,valid,glass1897,5444167c0bb47e8829ea89324519b701eecdfc0e760260b60753b8116722256d,416,416,6
test,glass1903_jpg.rf.cc912fe888cb674b2565e7af44c57c82.jpg,valid,glass1903,77e56cceda8b86679dd12535a0f4d14d3030283b3446617ef57f7d3764827645,416,416,12
train,glass1904_jpg.rf.5081d67da89234a626fadc5ff21027eb.jpg,valid,glass1904,70a43a15d8bedbeb3c0a906b2f6c36ee5805c0a8b828d7bcf48c7ebe3b6852b1,416,416,5
train,glass1921_jpg.rf.23b04156d988829dfc6d10340f8e8e9a.jpg,valid,glass1921,e9e0a598589b8f21b04bb7d47467582f909f407606b942f21074c0c4666b42d9,416,416,1
train,glass1936_jpg.rf.7cf6d1633e7ef098d09531760b5ef192.jpg,valid,glass1936,a26272efc71f9195b62f687f6782347cb5cc5caf551aad1819e039c6f16058b9,416,416,1
train,glass1941_jpg.rf.9698a232b897c05b9503db7aed47a05c.jpg,valid,glass1941,c5eca6d09f0b1bfd3ac63bdf71bb7b606370d275bd97ba6fcc3f1b4c7c718200,416,416,1
train,glass2014_jpg.rf.f70e8ceadefcace24d9509ee5aadcfa1.jpg,valid,glass2014,773dca01d09f77fec3509b7a36163227987e697fdaf8820ab804091ff9a8484a,416,416,1
train,glass2036_jpg.rf.a78f589698dd7431e16e55e8abc7e2a7.jpg,valid,glass2036,d74f21b2554cd98f1f5ef102e96c4e05cda3aa5e6a2493e069c249991fa81f9c,416,416,1
test,glass2059_jpg.rf.272cadc28b6db9d6862a820e1bfbaeae.jpg,valid,glass2059,c9cb4e468a75fefd6f252561ab2b5dcb02ace3c0a67f04a74a8599d2e4646cb7,416,416,1
val,glass2061_jpg.rf.3b954073b1c73bfb409d08061da7c38f.jpg,valid,glass2061,9a25dccd8ee39b55a0896a000590cca1c4320be6cc2079e1d9875fbfa3772b46,416,416,1
train,glass20_jpg.rf.91a326442d51f8a0d1787e54beef1c28.jpg,valid,glass20,f315180f8237691d78c6be04e94c33d94c1d7676b2519e54bfb832813a589b28,416,416,1
train,glass2124_jpg.rf.6f453cb76ebd97a8899cc32a54f8a324.jpg,valid,glass2124,efddc75fce0857febe63b80e4035551b7349b87a008b967f504b1eebdf7fb6ae,416,416,3
train,glass2153_jpg.rf.3e083e0506cff9b6519dd87da58736b1.jpg,valid,glass2153,0196c92d5f77824f036e03332252d7df650c3633d61439b3fb8d2e771a08899e,416,416,1
train,glass224_jpg.rf.9226927aa7b548edf596546bc4ce038c.jpg,valid,glass224,1f709d8c88556a59afcab283031b215076fd3665571520d577c22aacb07116f5,416,416,1
train,glass2254_jpg.rf.482e478146f03fa6e9dec6d8d6a7708c.jpg,valid,glass2254,c9a84fc97387bf8a9554e361b4560439f280f96caec238c7effea573f3a7bd2e,416,416,1
val,glass2258_jpg.rf.eb636e533a47b2c8ab198468a24a9a36.jpg,valid,glass2258,0891793233a513d38d7f9c33506f4dfe10ad8a66a780ca990e32595ae8585b68,416,416,1
train,glass2287_jpg.rf.a3749cef443ef194fedea74195a2968f.jpg,valid,glass2287,21674093570b07ac9206bbb85fc2742b93108f30383d54e8668a208da1da4bd5,416,416,1
train,glass2289_jpg.rf.37c79456d63b7f97480d2d6d8f989596.jpg,valid,glass2289,f68dd6de178429fb6b4becff1138e682821743dd81ed77b97eb1e2e7eca259b7,416,416,1
train,glass2389_jpg.rf.882e32221319a9772fd0f0ce4e57c989.jpg,valid,glass2389,6896571a5b82886e82e7184a642006735f4aaa1dc49a84fb22870e0be447ab00,416,416,3
train,glass2394_jpg.rf.04fcbab65369c8e1f262d88a88f93a03.jpg,valid,glass2394,4b467eb997f32c8ff6a71554c044a9bd07654aa23c0bc0c28bf3cfc15cd67ce4,416,416,5
train,glass2407_jpg.rf.9b52717d14a7d25ef35ead5c232c01ba.jpg,valid,glass2407,f9edac72455733b631ec19dc374ac54e7929e572cfb51c9a2810ee5fab1a61d5,416,416,3
train,glass2415_jpg.rf.05ebbe95efd43bc44586d2a41f912e11.jpg,valid,glass2415,58dcc282ae51c913ced09dea9dabee94a744c556338069ed2dc1c5b4fda31c1d,416,416,1
train,glass2426_jpg.rf.9efb222f65f98be0c59cb1f3ccbf225a.jpg,valid,glass2426,9d53b35b8d60d9d6660969fa59d3a62cf294c2d01ef0e6c55e1465a0fbf1cc19,416,416,1
train,glass2428_jpg.rf.3e5cac5144f2413bfdac9c35f82216cb.jpg,valid,glass2428,6e4c80763d4963264e26bd6831abe126927a25102cd9ecfd18ddeb9393dcc330,416,416,1
train,glass2430_jpg.rf.aab91c2bbfd3532dda1d0f00bbb5a975.jpg,valid,glass2430,f40080d573afabc65e632ef949c74fca12aae21d1bd488d930236cf6c9c5ce0b,416,416,1
train,glass2433_jpg.rf.0886e8c3c6bb24250460fcea0aeb45ce.jpg,valid,glass2433,aa3e18a3026032a7532dc2187aeda7ef89043b67889b79f77a6bddbe747be665,416,416,1
train,glass2437_jpg.rf.90d485e8126259891700f8f6693e971d.jpg,valid,glass2437,7a96ac2474f1f8a4a7762a03861774a3b8278c1fcad3df8d27dbc5123f6fbb3d,416,416,1
test,glass2439_jpg.rf.124e98f87d90ba1fdabdfdfa75ef45ca.jpg,valid,glass2439,795138a9487f6a446293bf64173e8e66e2ca24d720146fb29f2c9cc2c1bf0b41,416,416,18
train,glass2443_jpg.rf.5ac9ce4e7e8c9e0417f08b1a6e4e19aa.jpg,valid,glass2443,7ccd474f162da5324f20d57f207ae557bc23f61ff2df46bb5aa51a8e9722fe53,416,416,2
val,glass2461_jpg.rf.08bd8777eac5536644fe3d7651a63721.jpg,valid,glass2461,e07bfaf0de72e7653fec727a34c27e60ca41f7b50f21933f8980a368a6f823e7,416,416,4
train,glass2464_jpg.rf.92241a185c6ad4e6da91bfb90dd3ccc3.jpg,valid,glass2464,a40b1298652abe82426944287c0144ed4ecd42cee5651139c2782bc0d5b02060,416,416,1
test,glass2476_jpg.rf.3593109c308c34ae2ffacc3f75b5bed2.jpg,valid,glass2476,176a40a0b3b0932d11496f669e0163c75aff63dd041c18a8eea60397de03b8f5,416,416,1
val,glass2479_jpg.rf.1dca4ea338d72df2fb86bcf65422dd8a.jpg,valid,glass2479,e2833d05daf248715aabe80216764ad5549231a07ab57127c1e89035f7f9b4db,416,416,4
train,glass2507_jpg.rf.58633ec39ab3dcb851b62efe1c74ebc7.jpg,valid,glass2507,51a99b2368f891d71cd30ca8eaec94ac58b60d4641ff640ca2b6277d31267855,416,416,2
val,glass2523_jpg.rf.6bfc4709ebdbf24e149d5dcac975efa9.jpg,valid,glass2523,9c56ce140563713eace819f0bee96301680bf8b4cda9cdc456f73c324e3e6c0b,416,416,1
train,glass2527_jpg.rf.fdc07b6ccc5aa7e227cadd001818e8d8.jpg,valid,glass2527,24bef7052c6c23d5348ed92159e1a1423cb3f03dabd76d9ee7aae576bc887665,416,416,1
train,glass2533_jpg.rf.32fdcf524be50fef23fb315d5ec8e30a.jpg,valid,glass2533,47962308cbd1554cfdc17235ade4625ca8d94a36a5754dff13e4e1c060cb91ef,416,416,2
train,glass2536_jpg.rf.c4f332d000b47f7490f1f53b9e7f8fce.jpg,valid,glass2536,4a463b7a6cd192265277a7ac709ff54c00af9bbb3d339b31bbba071b36507e19,416,416,3
train,glass2544_jpg.rf.ad5dab1d904430af0ca9c8c6c524440a.jpg,valid,glass2544,2bfd7ace5563e9fc44d264708435a0fe278898645405489a8b2f2af012c1cc98,416,416,9
train,glass2554_jpg.rf.534500f76d7f303602cfe8ffe1c76046.jpg,valid,glass2554,b61cd74b5214b4314713c340b18e2c7cf7d7848d5be67f276b16393a300d7c7b,416,416,1
train,glass2573_jpg.rf.f071b4aa05b91212e94e8b4aea124402.jpg,valid,glass2573,a708632a990acd0db8b4adfd23f6205110ed42d50f8884941b1351f2aa2bddf9,416,416,4
train,glass2716_jpg.rf.9ea3a8affd40aa472ee3a9bb15317049.jpg,valid,glass2716,ee70dab340608c77b1824b99b988f149180b01dc6e7487d5286e96761bbdb064,416,416,2
train,glass277_jpg.rf.227ce8f8c922f75c2cf8f3e9e97deb93.jpg,valid,glass277,029396444423d67bea5540b5ccb0fb93265f0b249dd73cc8a9939f007fb7db08,416,416,1
train,glass2781_jpg.rf.34e367c820f93d4ba5ce9437fb9ffb66.jpg,valid,glass2781,519123ac216b69a9c741a08b256a8a32b73740380ee2b81b89853c54fa02a5a9,416,416,7
train,glass281_jpg.rf.c7b1cbe92e4c1b4776ae048796504d55.jpg,valid,glass281,ca22f29fc6452df4975a7efe57f21684b6d493b7ea5030015d02e2924eff9065,416,416,3
val,glass283_jpg.rf.1db3216c6c6466bc4efe81dacdbba5f0.jpg,valid,glass283,f0f8b20ce8fb491f03f1243e72e5df2ca08394e25352d4605583fe2ea848d55c,416,416,1
train,glass2843_jpg.rf.7998cce9810f40ae37e2ad7e2cd533c6.jpg,valid,glass2843,8545ed4e0d1af35e9d64dffb425352a34edaf3c21db08ad264eac400929327e1,416,416,1
test,glass2853_jpg.rf.ce0dfc4d05f377ecfe808108aa88c3cb.jpg,valid,glass2853,624c019391da3f286769d081e6bf205c9a3450c60b4c77dc052dc09ee5e0af1c,416,416,3
train,glass2872_jpg.rf.97dda841804face117303d64275df4da.jpg,valid,glass2872,8598692e6d700eccfd2b8603f9959cddbe4a5c3271ca0aa7e1cbf94ad58f42ef,416,416,1
train,glass2887_jpg.rf.6cbc9b6bf0cf5ce4606e2b70863da14a.jpg,valid,glass2887,f31b1a486cf94181c5774685b8bed85db03df5dfef0ee0d748b43ddfc9cb16fb,416,416,1
train,glass2894_jpg.rf.a86e47c5a3827e784001890190ccd583.jpg,valid,glass2894,40ed77aa442164a89ce614cea491ec474921758ae93ce6ec69dd3ed45a1c601e,416,416,1
train,glass2926_jpg.rf.cc215fadaed58bc7d58207d9d39f9d48.jpg,valid,glass2926,5bbbb88ce743303a0adbd30010b85227e13b1e62f33631e445a93b08003c1bd4,416,416,1
train,glass2982_jpg.rf.b7c084500fc11f34d501475126a3f47f.jpg,valid,glass2982,faa83258fdfa844e5c901684af21f1378a72d22905db44cbf497375efcc53798,416,416,5
train,glass2995_jpg.rf.5356bd42f5385f292e77b2c213345d38.jpg,valid,glass2995,b9c4615fff789d5ab425688f52269dd119c7bc4fca721316db58f6398c9f4df9,416,416,1
train,glass3000_jpg.rf.84c5e44d43b36f5e0d36be4a2a80b373.jpg,valid,glass3000,31d12458eea2c9894c8c4c604dc505e459a685f1ad6c3425c38f528dd88d5b53,416,416,1
train,glass3007_jpg.rf.cfbfe38a8b808a7ac58e646b51eeefc6.jpg,valid,glass3007,62cdc5fa7744147caeed3cd28bd6e5a4e5eae5ebb56f4aaeb740c41e1c661a54,416,416,1
train,glass3013_jpg.rf.22834d29476c120b055c01794426244a.jpg,valid,glass3013,b34dcd6de941393fece91f4afcb61b164fc57b0e559f585d6de85dbaf18e6625,416,416,1
train,glass3020_jpg.rf.f4dc6afe36806d48bca9b4b98e6b0d32.jpg,valid,glass3020,d0049ba30c6565742ee45d12cb45c34d4fa5bfabc3cf6c141ea4d14ef549fdc4,416,416,1
train,glass302_jpg.rf.0e569823b8bf0ef010fc6bf35669581d.jpg,valid,glass302,16ab63872b36b33b251d165be05576844c7b5d65a4daa5fc52825a548b75dea1,416,416,12
train,glass3033_jpg.rf.fc4e72919d8bf5c78c331010bc197fe6.jpg,valid,glass3033,01311541ab2f88d0bfc96fb3a5adf0dbc1f16162030cb6a2826392fe90b778b3,416,416,2
train,glass3040_jpg.rf.a509167b2e4dbd5b0648390d3513c9e3.jpg,valid,glass3040,9646505ec20c3f0f05aa095e1fa124f6acd63f1fd477c5cdcb87c819a10c1d54,416,416,6
train,glass306_jpg.rf.fd8bed0ff50ccbbbb8c96a3b45b5a0e6.jpg,valid,glass306,f0ef9d6424495e4ad537df180887e02527360f83f7b8039d3b7eac95bd126863,416,416,9
train,glass3071_jpg.rf.67a7a1fc75e81431fb302c094f0c83e0.jpg,valid,glass3071,f53db52c2a63d55d45a09f9e4900145ce2484b550b0f408f9b9ebc0a15ea1a90,416,416,7
train,glass3079_jpg.rf.ab642b3cda32ba64e1af4510f792e3df.jpg,valid,glass3079,e645f4ac4d8c4cd919d09d9e6f8551b6bbc71905f158ef50d67b6908cfa52d24,416,416,1
train,glass3112_jpg.rf.e54dd7208d5fc3bd9aa035a5cd13de1e.jpg,valid,glass3112,4844d475ae7b34f0d45c67adf7bcd2036ed7848c8f896337bc9be811f80c6c8d,416,416,1
train,glass3113_jpg.rf.c95bd69187f55f061ae06587e4fbe032.jpg,valid,glass3113,2ec9a0028c23a25ad8fcf57e667ecbbb4253d13a8afa6f1ccbecf175e45fb7fa,416,416,1
train,glass311_jpg.rf.81e3784feade5935917904d0a691aa94.jpg,valid,glass311,2d2c3fea8d4230c32d596eca7ce1fda3b05f1b6dc02953ffcd41af3ed7bc0a49,416,416,1
train,glass313_jpg.rf.326cb841db908a8076b8f72fa7ec0e0f.jpg,valid,glass313,6941cb99b52dad7ee3e3bc54c55d861b1f69a3da0b841d6608364728ff5f929e,416,416,3
train,glass317_jpg.rf.dd0061f1e9f7681a7cfa76e5b1497118.jpg,valid,glass317,f5dede5a2a48ed84af44bfbf5aeb8b4918e4f4907d8b952108e865c062fb6db8,416,416,1
train,glass323_jpg.rf.3883880585ec33fac2be5c8ebb8e344f.jpg,valid,glass323,d87e7fb28fff16f8dfdb5bd70a78113a6f459c0c275c64aeb0cdfa912ea2e879,416,416,1
train,glass325_jpg.rf.d95ef3c93099c8022f1eb5c864be87f3.jpg,valid,glass325,3facb1cd75989fe0b15108509acea3a91c36e3f2759b5c9aad53d87075b4b4dd,416,416,1
train,glass338_jpg.rf.87240df5395dbe6c7c12cfba3d4e51d7.jpg,valid,glass338,5fb48e7588c84a630e4dfe35f9da29ad33ce7291137f7d9fd190b5b00b409dd7,416,416,1
val,glass345_jpg.rf.a41de2c86dca1f300f75cd085c046c4c.jpg,valid,glass345,b327dfe05cd599ef06a8a42f4c3cc0584788bdfe91fec2e19b9bf63d2db4f370,416,416,2
train,glass346_jpg.rf.e0e4fe3c1995af977217330ae4fe36a9.jpg,valid,glass346,c4e5f9e4c64c82d1776d2cd0a343e217500a831d52798a210eb9a484c670ae8d,416,416,3
train,glass355_jpg.rf.a03e0623e25f75f8c51dfb11431550d9.jpg,valid,glass355,0ffbadffc5e6dd4ca0747b675bc0dd7f84f1668d62e099dac1ceda8be8f82bb5,416,416,1
train,glass359_jpg.rf.9d26f06430f00ee01af49c5597777fd9.jpg,valid,glass359,ef0aa61f9cc86a5e52f2698c0e5a01681bd522813ca09183e33d93985a064141,416,416,1
train,glass367_jpg.rf.d58f9356d8559778d4f2510e78cb32d5.jpg,valid,glass367,e4d20fc268c993b9ab87b10f78ffb9ffd1d5b79eed9ebb18c75b1d4d803d9024,416,416,3
train,glass370_jpg.rf.4b6ba6cadff62099b37e4fd93b06f662.jpg,valid,glass370,79e2e7f7fe3a68687c0ef9c9f838b5dd5ebcbb99a16537a7b165a55c99eb4292,416,416,3
train,glass376_jpg.rf.c0b4ff055a9385ca371e541de1508d18.jpg,valid,glass376,7e8e196596ff7f1a9b84434a06512b61b6e4f10105a7d53a3e783d873cf92d2c,416,416,1
train,glass378_jpg.rf.324c6361dc915fdce73ec993417e878d.jpg,valid,glass378,cc919440def9999958352050124c524bb2e7e87cf3ce474665a4cf93deac7fdd,416,416,1
train,glass37_jpg.rf.9456f8317a734c3cef66ba2be94db3e1.jpg,valid,glass37,95dd5958850790458022b632d77d020c73a7162415dff4c0db8b5c3351019429,416,416,6
train,glass382_jpg.rf.73f67096d118506338638bd5a53db418.jpg,valid,glass382,0266910b72f8b8755caa5bd9d786476fbb88b82fd78f45e814215f8628e290dd,416,416,1
train,glass383_jpg.rf.a5288949e3ceb50725641da3400e7d3b.jpg,valid,glass383,fe6b914a29d3360a0e4e3d06ad34b06489e2ff2c29b979fdde4003e71a7793a4,416,416,5
train,glass384_jpg.rf.7beb1fa5372ad7b6bd7c07c97fe2cf43.jpg,valid,glass384,b6271efe24beba1a6a2639ba11bbb5278c3be54932e1e01326506a7af369c26b,416,416,1
train,glass386_jpg.rf.4ef3346e3a6d7330de3afa5da86d439e.jpg,valid,glass386,29df2757688938fecd26ebe2487c88e41ba0905e3987cd8e539bf470fb7b068a,416,416,1
train,glass387_jpg.rf.b8c09cc931cbd87e24c9bdf0fd965655.jpg,valid,glass387,05df42a20b305e0d48f3de75461b0423a99c5256b06d44b90e87fdf291f28b1b,416,416,5
train,glass396_jpg.rf.563aab6edddaae1aee5959d85bcbc7ad.jpg,valid,glass396,e0aff46d504f97e5449fc3666b45c4db27be1d16de6ab780402c0f936136f14e,416,416,2
train,glass397_jpg.rf.e13177e4d415e296ceedfac665f2118f.jpg,valid,glass397,9524b3da4c0719ca27d211646f6e213411349e3b4f1bca76ee29c7b2483c5ac6,416,416,1
test,glass401_jpg.rf.1dca0aadbb28ed8a62f3bcf22ae0d75f.jpg,valid,glass401,bf8de13626e2c5ec69eb7811646edfae635d12f83715ae1918f53a197ad46664,416,416,2
test,glass403_jpg.rf.d69bbccd68c9d7e809543fc9e7fcb38f.jpg,valid,glass403,1c3682c1ee8776700a6b11690981b282c6a1be5f6241d84676abc80a968ea566,416,416,1
train,glass421_jpg.rf.3a08080122f3f9064fbee2976081fdcd.jpg,valid,glass421,b1ad4548d7434b209a08688e476d9064226ebd2b6a86d37c88c2de1fe01c6c01,416,416,1
test,glass434_jpg.rf.cc5fcaef01921694757984eeec37dfd3.jpg,valid,glass434,21a062c1ed14de3373c3cdb51e37d3cd33d5fb20c6cc08b398473a60aeb1ad20,416,416,1
train,glass439_jpg.rf.057f5e3e6027a54ed35c4d2beffdeb7e.jpg,valid,glass439,d93cb03ffa404d5013a7539c9ebea8360b3ec46a862119575d4ab830f777dd3a,416,416,2
train,glass444_jpg.rf.ffa3e64c56ac01422e0e972af227f154.jpg,valid,glass444,d2fe3db5f0b18d84bef9a8daa10e4598f149ee075c57060851431d3dbaffc785,416,416,3
train,glass445_jpg.rf.de6f350869619dbc7dbf157a821f567b.jpg,valid,glass445,5df14af35c408da5672c13c642e0ef1bd1ed84015cb2e59b0400563243626355,416,416,1
train,glass448_jpg.rf.c2ca009bd3c4bed139efcbf9ee386f28.jpg,valid,glass448,5250a39f92fa4563f7ba0b6ac48a48c0667c34efd2874a34e3b82a0022ce0714,416,416,1
val,glass461_jpg.rf.37af5969bb327eb67067a85d764ccae0.jpg,valid,glass461,3f166927e68fb91d8d6d8e426687504fa434692f5a455f7dc856a54ecc71b1d4,416,416,1
train,glass466_jpg.rf.dff468f056276c86759a87712dc1e8f5.jpg,valid,glass466,f1701c40591cf85d07fd532fdfe21d519e13829623f71cd998a6622aefab22b1,416,416,1
train,glass467_jpg.rf.22613ec869da93d3d4ab65247519a8d7.jpg,valid,glass467,07ebb2c053ee904ab5f673996dd161634c933c4bd8c97c78bcbe5f9e988f984c,416,416,3
train,glass472_jpg.rf.0ada82baa4f95592650ce7848781fc72.jpg,valid,glass472,a4981990943bf6133d517af98e8a3dcb942973ddb5be7e1a3a75253942e11746,416,416,1
test,glass475_jpg.rf.545605a6cd66c6812c6326f9f18a9f7d.jpg,valid,glass475,2c4a90c8657c469a523e75be03cd01bb2c02c9e21cc73e77fe3272d9e46554f9,416,416,1
train,glass484_jpg.rf.7fc08bb9b05b8fac82e57a565e5cd9cc.jpg,valid,glass484,54dd442a204b324f4f0b778aa643dd93b11cfe14af377ad85b056e5d1c0af253,416,416,5
train,glass493_jpg.rf.bba2c5b8aebe89210b19c703b4dbdba9.jpg,valid,glass493,68e789eb4f7205e3d6f11996f3eb57ddd04d9775b260800e9f1438e0727fb3b1,416,416,1
val,glass495_jpg.rf.8a44a5e0d406ce99661a4c85e032b642.jpg,valid,glass495,85c7ae76789b14121896e7c46dc602fecaa67af12fd6b08e0676726d62dc5184,416,416,4
train,glass497_jpg.rf.3ed4ef9963cfb6161a41c5f79e54aaa8.jpg,valid,glass497,dcffc311c7e0b734b53bde3b5b0cc469dc7b4d4403e437c25b4e594df4fb6832,416,416,1
train,glass498_jpg.rf.d93a96c70fe4cf8249be7883f24aa44a.jpg,valid,glass498,9ab165a57bb8b602d9fdb90c9928cda2af051186fdcce0659aa3f6790a92f713,416,416,1
val,glass507_jpg.rf.4e259512be38ad8bca7f4fcf5e34f94a.jpg,valid,glass507,52946e1493fb99b4cbc2d3818fa072eca8c5dbd1b6fcc6a7cea24633e08b6dd3,416,416,1
train,glass509_jpg.rf.8a3f2dcddc54b344d30faa85ad13a672.jpg,valid,glass509,3a0234c63480be509eb51854afdf6a93d56b6238f501df51d2a77d617f28f8e7,416,416,1
train,glass511_jpg.rf.075521d81d5e57d38403280b62b0ee6a.jpg,valid,glass511,a1bba2bbbe951b0019db8dac9ed2042814d41585ebc7b5c2218fea89de56c1bb,416,416,10
train,glass520_jpg.rf.67c9e3f1171927728b5381c6cc4d6075.jpg,valid,glass520,95762c1772d0173c019fd75360d99546fa9175d4c809bd51ac0c3f88e08479c7,416,416,1
val,glass532_jpg.rf.be69893f72a8456e055028ec3e7bb188.jpg,valid,glass532,04088160a999d3ed3dd0f663a5d34254228f011669c39f4ceb12758af35a2b1f,416,416,3
train,glass536_jpg.rf.12f8287ce7638a8a34d5654a67142593.jpg,valid,glass536,b2d7a9687c15d924b9c2d23687581c0b0ac82d1c1ff6b0da177c2d2c78596e83,416,416,7
test,glass544_jpg.rf.07316b25217909c31fd0fa03a2295d15.jpg,valid,glass544,652d82ae4a94e12dffc19b7bd4f5294ba1145d02a39ed85ffcf06dd7efacf1ef,416,416,1
train,glass565_jpg.rf.9503b0776ea25c7c9622ac0d0d379ad1.jpg,valid,glass565,b50be1b1bc52bdeb80daa329a33f365fe8741cb9f45486b13ee43693ebd6a240,416,416,1
train,glass571_jpg.rf.74e7770229243145c554555f98418110.jpg,valid,glass571,425777afa75e08ab8d6a9c95d9886dee93eebf801f2dc0adb57b0afa720924b2,416,416,2
train,glass579_jpg.rf.4549c4b1df5d1940ee54a13b83332bd6.jpg,valid,glass579,631d11a3103c49a0270bca0ce121283b0b084edef4b89c06a02d7fc85d5c2a1e,416,416,4
train,glass580_jpg.rf.09ab70b9c143eba78c2d963d0e8a6040.jpg,valid,glass580,930763dd0b2046af6edc4b947dda46559f6da89cf498d23813aeb0f4ce33a63d,416,416,1
train,glass584_jpg.rf.cf1620a835c053ac737451e91de4814e.jpg,valid,glass584,da5d3548141e05cbb98c61f775827848c8c00ca1a9a151e8014878b7548e3748,416,416,1
test,glass589_jpg.rf.088eb96694ed5196e5501bc37a174150.jpg,valid,glass589,1e5ae72b05b08c2d96cce8ef62deeeeedfd7697cc59fffda67f45de9a860c70f,416,416,58
train,glass590_jpg.rf.18d7e78d2b524586f1c9648d2572568b.jpg,valid,glass590,952589aa3089f92f9b1020637fdd68708a36718151992f7b8b687cd8d47e989b,416,416,5
train,glass594_jpg.rf.a73910e1b70f2d5fba28ba6b079abb37.jpg,valid,glass594,18c353bb24c55a8231059ef5ab6b81c166a23ed0cd0783a100947de0a49b4e21,416,416,7
train,glass605_jpg.rf.4c37aca934691a706c9e40d28f9ef72f.jpg,valid,glass605,41724fac515a0ee1034a97a2c908454ee82bd62ba7530dae88ab530617da75f1,416,416,4
train,glass606_jpg.rf.09261eeb04c26e263123b7ce0da7eabf.jpg,valid,glass606,887a4abcf91ee7033fc27f872be08dd7b4336a8a3ab3b290a26d105116bba753,416,416,2
train,glass616_jpg.rf.d9787e5b049cece71f17d3377f07f7a2.jpg,valid,glass616,e4450941b28df6e1f80983a9a4cdbe9c3d64e319aff1ddfefb20feffe1d1b9db,416,416,5
train,glass619_jpg.rf.12fe962db8d302b33157cb0c8aaa49e0.jpg,valid,glass619,1a982bf3101e846b03d7a6a667b7a957065f2b7cf5aa0fdbd3fd0f18e56b2a6a,416,416,6
train,glass61_jpg.rf.ed564ac1aae39bfcc346c607d098a1f4.jpg,valid,glass61,f8a213c8c8ac312b58d41c71e115d0e2bbd74a5cbae25737a9d50eb8da4f15f7,416,416,1
train,glass640_jpg.rf.262c5ee47cb4397449a4c35a804d0e6e.jpg,valid,glass640,ca5b6823dd86007fd04fefef2458b969e9608b8fe85f388219b4ced9ff740545,416,416,3
train,glass653_jpg.rf.081dc52f96f3951ff2bd1a01b15b95fd.jpg,valid,glass653,42cebb138c6710d32862949d114d2711727b64c7a3a491de7eb80253f6ef5851,416,416,1
val,glass655_jpg.rf.e1f5f0ce4cea246f3d73e524a6585c3f.jpg,valid,glass655,1a6c7a12050ddd346c590fb4bfa10462cb2278e579cd41a033bfb961f358786a,416,416,2
val,glass662_jpg.rf.37124e21d2f2e19f4ca6e28d2b182729.jpg,valid,glass662,67deaa171936686684d03bb9992e96bb85194127da9ce9d2fe616b870c2e293a,416,416,1
train,glass670_jpg.rf.cee1b0fd793888710caa9baa3868a0d9.jpg,valid,glass670,ce8d8d052c12773380dd06edcbdd3e050016a6859a0c493795e1412868ba71fa,416,416,2
train,glass697_jpg.rf.f3c583f527a896cf6080e31ee1e04878.jpg,valid,glass697,fb139fcfdc0c4553f2a6d53a4462145c2263090396f77c6f0b1d2fa3ed5f14e1,416,416,2
train,glass704_jpg.rf.2316f9e90a46510f13e7dc3b7106de8c.jpg,valid,glass704,2134fe0315a6515a66b968964a733b935943c251e37784784d0d3181774de50d,416,416,1
train,glass707_jpg.rf.172abecfd1541086eeb7d39209c6b8ec.jpg,valid,glass707,4f59b32fb140bda93812cb3d918ee5b4573939d8ea7e0d6c4379583d355f8e48,416,416,1
train,glass708_jpg.rf.2b26976042840eeae5e9c1e3a611f15d.jpg,valid,glass708,afaef6fc46da809d7d2ac087e92209c8545f4d2bad9c54280283672ca5fcd71c,416,416,3
train,glass714_jpg.rf.6b6cc2b834decbb98da5404af1b92522.jpg,valid,glass714,3a530e366c375c1218130f3cb8e237e035eb1aa4f813cbba4bc72f263b5141e9,416,416,12
train,glass727_jpg.rf.da4418f38b5945d10b67588589cf6b30.jpg,valid,glass727,6badb4736a6e6bf9aefe4a0f2de814febf8c5ea6ee2629f6e9e7abc865c026e5,416,416,3
train,glass731_jpg.rf.130904ff83ab36e7879ba17e0e98db44.jpg,valid,glass731,77a9ea51c762a67f41fe47068b5b97fbf01fb1f046b28a0594daae1d3128966c,416,416,3
train,glass73_jpg.rf.74b82da371c726f4a0e939f6dd3f4560.jpg,valid,glass73,dd6f29d625c35e412dd2b5d0ee4e694d0135ce024632411f0fdb06763a4e1861,416,416,7
train,glass742_jpg.rf.4acc5c6933056b2278a776bc9dddf4db.jpg,valid,glass742,ec3abb756fe894d6fac86ea057c60b2368d4dc8efe5fd331336d58febbf00417,416,416,3
val,glass744_jpg.rf.7092af921c649b086e28a896ecb8980b.jpg,valid,glass744,f7d55f2ef4d750ab7eef1dea64ce5dd7f2709578e527d759f43925efe15bf070,416,416,1
train,glass747_jpg.rf.ad79baac7b6f0ba4b0dc2baecf0a6541.jpg,valid,glass747,b7a4dc89b1a0355789ae115bda30488a1dac11fc392d118b6ba9fe79799d762d,416,416,1
val,glass750_jpg.rf.e527464ee8008f479385341d319dcc48.jpg,valid,glass750,da6afc3c01be2d7a57716ad23ae50784827e8f03a99b66180dbb840921dfe1bb,416,416,1
train,glass766_jpg.rf.135a85604e38d7d3f3030203d656b6ea.jpg,valid,glass766,46c2259b121b38d7d488623591878d522c6c111a416c39fa772e6c4c5cb06ebb,416,416,2
train,glass784_jpg.rf.b0075aa01c5d622657cbdbe4fc73ca95.jpg,valid,glass784,f946103aff3775a1efd0e524563866cdec5709fc5b5c7dbc6e32b438d2911342,416,416,1
val,glass788_jpg.rf.77bd63cc359af9de9b5ed1f5ec435648.jpg,valid,glass788,12dc61235a29f356f6b1871f69be0ae0a1333e5f8ecfa2b02535d724b90effc9,416,416,2
train,glass792_jpg.rf.5d528866075ae2a0f3234fb15a8bd8e0.jpg,valid,glass792,85b6caf32e30299d59567c0e84fe4ee9b72f08b8f9644b91ee1f05c14b8cfb1e,416,416,1
train,glass799_jpg.rf.d5fee846d72fa37215ffc8dda9e0fafa.jpg,valid,glass799,865f807343ea9cc4cb904928166158b7982f3a505c2b2b80ea8983a55f89a4d4,416,416,6
train,glass800_jpg.rf.9a421f8d07a82a4883d1ba3eed365004.jpg,valid,glass800,6ee55dc00e752b487684710ae476c01bb3e0e3fb3b70b093dac5469b740779e3,416,416,1
val,glass801_jpg.rf.4b6a49b551e311950797a4a059f878bf.jpg,valid,glass801,18a3d0d4414aaada8dd245421ff606fbfefe6e7e66a27da5a0a9f7d3f55ae730,416,416,4
val,glass807_jpg.rf.e65fee9d60e81f97acfbd54936139250.jpg,valid,glass807,e617f707013822ca11cd47c969c69305bdc27c9f9816f4f6a0a9c85f73deb728,416,416,5
test,glass810_jpg.rf.4fe9533ff569f486696512a4e1107d74.jpg,valid,glass810,289bc3b2ca05fa8f5450e807670957546ffd1da6bb8d082a3e357dc7d2cbbf55,416,416,1
train,glass817_jpg.rf.4dc4144a7828fad4672f7810dce82066.jpg,valid,glass817,031b0188da1a28db8ef36337c070b52c88d709401861185cb72c4ec40774061a,416,416,1
val,glass81_jpg.rf.cc4f35fc92952c2f4f883405bd3f9df8.jpg,valid,glass81,faddf326836bea6b5f3adabf74dbdc87b4c3b44de9d256f284940e1fb9b30520,416,416,1
train,glass827_jpg.rf.b5bc4fc1797fe17712ecb13553c8db76.jpg,valid,glass827,1a98344eb0a5a1e47c403c7289949303bd579fa358a96f35989859b1af74aeb3,416,416,1
train,glass82_jpg.rf.c50c805ffe987bb294f2d94cd7e7607e.jpg,valid,glass82,04486cd672865916249892b6c83b388420b95676e723462aed2418610bc4ff61,416,416,1
train,glass838_jpg.rf.64f75b1afe53a7174a5457dcaeab576c.jpg,valid,glass838,ac993fe4ab14aeb4f24fa1d5ead279a1c5f6e0a70e8ff473b65815b43758f67b,416,416,1
train,glass841_jpg.rf.9c58827c0f67173c789b9ca83aebd54a.jpg,valid,glass841,f292f474811640346e91378bae1b1e4b07a686cd6545c6fa296c454c31b93569,416,416,2
train,glass843_jpg.rf.4de24c4485aa0a1093c187ad32cc2e60.jpg,valid,glass843,14a9c1d426e53f4e03a65774b1be7cb82233822902fdb7d42755ea606d5d573b,416,416,1
train,glass873_jpg.rf.410d3207cdb54e9aa37089e9057a34d8.jpg,valid,glass873,1c2051aec2f43ab8e074cb6b063ead580a7792309857b35c6c642addad4365d6,416,416,1
train,glass874_jpg.rf.43f94f3a0e92e437aaa7685f4503917e.jpg,valid,glass874,d9462e3c85880618c8896bff4f3ecc7b674be735b688f40a7e1db2d22a7d2e30,416,416,1
train,glass875_jpg.rf.0af103cb988ef2ce83ad0aac3cca9d19.jpg,valid,glass875,dc3f405ec708c9dc3518d10fef4f1e0aa2d9d2c0358ee01f17fdb01b770ee09b,416,416,12
train,glass882_jpg.rf.8a1d8f34037570ec4ed3b20d682ceb23.jpg,valid,glass882,db75a4321e97ccc1602cf355e97553e8b5659f15191ab1c0095bc64761b53029,416,416,4
train,glass890_jpg.rf.474851d2f95d19d20663de9e70b9cb7f.jpg,valid,glass890,47cf951d127a63ca828e1ec4251bd51d89aa44e7bd96f076a8f4325bf6bf40ec,416,416,1
train,glass908_jpg.rf.1f67e935e23b055d7268f6a36a4c9123.jpg,valid,glass908,9ba09e78c8c9a1ef4f902be5bed5328d459cfc7b90c517b38dbf970f786d005c,416,416,1
train,glass916_jpg.rf.bf45f5223a0c7239c34de53187c31776.jpg,valid,glass916,a7f1a392b4b07dd1c0636058953d43e281f6bab455773949d37b7f617c7fd897,416,416,1
train,glass921_jpg.rf.b5451b4304cac9349a9e793efba7dccf.jpg,valid,glass921,d486fd2587937b128c27f3be10d136f42023d65d5f517b032b18e2159464dd5e,416,416,3
train,glass938_jpg.rf.f27653d67f6dbee054ccb6e756caaf06.jpg,valid,glass938,dee1be12182df2c370b2acbe2f2b542f6d734b0649678df244f7fce2b40d30b4,416,416,2
train,glass939_jpg.rf.15dfef91b3063922f42574bd16e9894e.jpg,valid,glass939,29e5da7d8bf1de0b956382eb0525315207dbd043cc9a5311ee0d43ef0a50e57a,416,416,12
train,glass941_jpg.rf.346c4fcc68d4b644dca837e617f0b9a4.jpg,valid,glass941,f02962e1d4969029904a982589c94e8d9e8f00e2949a12ab0fbb61cf235476db,416,416,1
val,glass94_jpg.rf.ff858aa1a7edbf9cd5f032f0874218f1.jpg,valid,glass94,6ea0a95c6a91e5957558191fbf6884d8768f62691b961dc584ad7202cb378f43,416,416,3
train,glass954_jpg.rf.9c851d2d6a30cf29e708b2dc327e2387.jpg,valid,glass954,9738510d7eba79b3ac52d34c7600ae2625b6e1e3adbae4049c2939bea93dd24a,416,416,1
test,glass957_jpg.rf.ecc6aca8c4da2477488880a985c74040.jpg,valid,glass957,b707948e3fcb83ee53e9384f523a09bd41137571f55d95da4bdebcac090e4a9b,416,416,7
train,glass959_jpg.rf.0515786794822010df25257b89a87f1c.jpg,valid,glass959,50d61ce1765eefa0674820cb1c77157bade4050cf82cd476a0ab31fba6f2402d,416,416,6
train,glass964_jpg.rf.37726ea4030288d906bcc15a4e4494e1.jpg,valid,glass964,5bda80f9a6c59859a60c186a4d822f340320439d9d48287dfac3c60680b10feb,416,416,4
train,glass968_jpg.rf.cfe47e9ad3cbda5c2e6c6aff88ac870d.jpg,valid,glass968,9b1e10c1bddc3d33a582cdbbbbddeacf699ca5e5fd978ad6a68f5feda660b75c,416,416,1
train,metal404_jpeg.rf.026e67c6482118d8fed09b9415d80197.jpg,valid,metal404,291c5d97f43016b3d9eae0559a817c156a04ee2f9fe2210664497ec34cf45089,416,416,33
train,metal408_jpg.rf.a7ec40baf7645581902faa514252c4c0.jpg,valid,metal408,96e9fd2b3d40a905bcd941daa79860363ae1e7ca1439b44148f91a1d6f782bd1,416,416,1
train,metal411_jpg.rf.e8a6968d5c46b59cc8146f3bdd2b6b3e.jpg,valid,metal411,e42139306a1f37c7f10d08852e0b45b431e89ef969b143778aadd9fb7fd9c796,416,416,1
train,metal414_jpg.rf.f0dcd459f9bb869fffd63dd954615ad5.jpg,valid,metal414,74d436a163afe445027c4bf1236d4e83502d31d1ca4b842f481d324823905818,416,416,1
train,metal419_jpg.rf.2a306df96e9556f377e814917822a83f.jpg,valid,metal419,9b7962e6bd6a2c86532da4266d36336520dc7deb80a22e830f7cb84e8c35ed1b,416,416,1
train,metal41_jpg.rf.9ffd0db88431742b00b476cc0cb9077c.jpg,valid,metal41,85ffb1a28e1be717a63b6a631d32a952b7a22f1d6a2ba56d3c338f6506bdd402,416,416,6
train,metal421_jpg.rf.a72610fcca7e64897f4401bceac2c89d.jpg,valid,metal421,803218b3739e7cb327a6ebfb8473ae281f4ffd617be26356affd0980de6ce9bb,416,416,1
train,metal424_jpg.rf.bbff6c47287c7d5bed388017f0371740.jpg,valid,metal424,b6aea2d67dae449685b9f600f7f46dda875b279ca33a4338ce6ff22773dc7f91,416,416,1
val,metal427_jpg.rf.8a06d3f834fb927655b648be9d205a80.jpg,valid,metal427,483670af6855ca76ab1d6dda9204ed8aa1fe9017dd8a00019f2e0334cf29ee09,416,416,1
train,metal428_jpg.rf.2d1d755346af25206d5c63c09a4f3d46.jpg,valid,metal428,206b5cf4c6d26fc07305e026b15d38f037c1e9292dd6b836f181cd67f1d08a07,416,416,1
train,metal431_jpg.rf.a65c091c58714c87b17467e489ae21e0.jpg,valid,metal431,7beecd0bfe3e4ef34b5aad50660d375ca1451930589a16aba27b7dcc22d69646,416,416,1
val,metal438_jpg.rf.680e16030f72910f9032ef18bde96832.jpg,valid,metal438,67bf4ae48f8b01c6b6a8396b5853563a3491df1bdb747e4f54af209849441ae2,416,416,1
train,metal439_jpg.rf.de1ac95f6076c35fc6d9e97ea6db71f0.jpg,valid,metal439,c000d233b3404443f786763e845a4881d813eeb1233dc01842f366be51ca8a69,416,416,1
train,metal443_jpg.rf.4ba238b27f29b07a3e86715a98f55fb8.jpg,valid,metal443,d6eabdf35832c88a4db0cb132465fa81490b937e0a1909fed24179e77b131436,416,416,1
train,metal448_jpeg.rf.a9bbe35fecfe8aff0c89717578ae9848.jpg,valid,metal448,39a374baac297ef1127d16d8b6258b5c024ac02ae1b0164ffba7f6b4817b652a,416,416,1
train,metal449_jpg.rf.01c67f453c6531b8ffdd2abf9515ea1d.jpg,valid,metal449,bb7ddac86c47db10f6754c09c104fef1b285a519b3c290456886c2d0cb6010ce,416,416,1
train,metal450_jpg.rf.d91c9db02d13bbc65b6191614dda6c9d.jpg,valid,metal450,aed7d7fc33d1babfeab4358dda3e025a0e525653bd7110f8df0ddd1f70d345ad,416,416,1
train,metal451_jpg.rf.b5570b77c74e078decd1beccc1f669cc.jpg,valid,metal451,309aa5a6e8d0bfc9f556747941acc80e5bbad8178c80471f55f1f6b7587459bb,416,416,1
train,metal453_jpg.rf.6737563aa7c6785d49eae0d9ee03bc3b.jpg,valid,metal453,625cab12a8801120592f10e31bcab55af7f958857b9bf7eab6116ecd38a7f58e,416,416,1
val,metal456_jpg.rf.774b1e692a7f5f8165bbf34e69b99152.jpg,valid,metal456,ce79dff058e14cb7da6711091b9feb5da3b0bbddb050a020468b1d757f338259,416,416,1
train,metal458_jpg.rf.f377b2ddcce88d9b7bb170f2f93a0557.jpg,valid,metal458,68b7b919550907817844f47043bd12b9becb514e3f7213eef3fcdffb562ab743,416,416,1
train,metal459_jpeg.rf.d856469a1c0e3a639cb9630879fba06b.jpg,valid,metal459,e3650b81a8134898e95edeaf1c0371aa57aa1120deae14c7300bf13c811af6b1,416,416,2
train,metal45_jpg.rf.76d175a02910494d818d50d9767c17a9.jpg,valid,metal45,f825838ed35687ff4d9172302bdcd11faf94e0098385143002b43abc821a1965,416,416,10
train,metal461_jpg.rf.6e777803b255e11bc851fec89b0102b4.jpg,valid,metal461,5209cae40e649f1548225324ee7313b5203bf1ce74bad3408483cf385f48faab,416,416,1
train,metal464_jpg.rf.cb65937f59da2a13f481d082dde4b5e7.jpg,valid,metal464,91c0700467fc3bbf19d9bb63456c2a75984ec86fe8aeed4d5732e6545aaa615e,416,416,1
train,metal465_jpg.rf.0b5fd0db20ff65e7ae9d1b797796976e.jpg,valid,metal465,bc69a49ca071c35fb0d54dee185cb3da1e74abb71a6285689ae6c0b0c09f1e9f,416,416,1
train,metal467_jpg.rf.af657ac960f3f86f089fd235983c66bb.jpg,valid,metal467,26509ef5def5d035c1ad05f71ae5a043d0f62084605cb304af2f04cd18055e43,416,416,1
val,metal470_jpeg.rf.de1fe11eca7111cb62f49c8353d06f59.jpg,valid,metal470,b6a223c83ef170d1cc20898cf606d5ced296ce6d4328c5f8ed8e8976fa436e6d,416,416,5
val,metal473_jpg.rf.4407b2204080da7d29d8ca4ed5cdb11a.jpg,valid,metal473,b9b4011b6d69de321fffc7c4b2f1455b2ac9ba8546c8de8a647e77fb4d05d0e1,416,416,1
train,metal479_jpg.rf.056e99b2bb8d4785ae379b5327358374.jpg,valid,metal479,359805150192727d4074074fd4049eac9456bf80878ed224dc9b86ea584c4d5f,416,416,1
test,metal483_jpg.rf.85473994f116d5c9b8ebb6a2dc7b3887.jpg,valid,metal483,8b2624218b54061e0bebad88556d1109440bee82c183b6eee8aab17025cf04c8,416,416,1
train,metal484_jpg.rf.215f22ceae07f1600a5813ef4e901360.jpg,valid,metal484,417ebf5906362440f803f6ffc834f0902e22eadb99e329f7981f08c43982be6d,416,416,1
train,metal487_jpg.rf.1cd5aeae77e7f3b2b61b45977afe544a.jpg,valid,metal487,ad8b3b06b638c21511e5c891a334951262d4f29afd486accea0d74213461619a,416,416,1
train,metal490_jpg.rf.8883789cbf6a575f4fe2b70d8825c2c0.jpg,valid,metal490,ba21e0341074b1eb04de1e4cd989eaef0419132416db433b939c277bf36a1fc1,416,416,1
val,metal500_jpg.rf.2469e149e7a3791ae4cb5decfc38b13a.jpg,valid,metal500,501bca99db8dde40da71911e6ceb96d7a626849e3a9c3d71acb2091cda18e941,416,416,1
train,metal501_jpg.rf.27586f29a5e4e1acff1caa39133a1496.jpg,valid,metal501,ef65cbf6a089aa7a6c0e737e8682abea6b05ae98da1fe7f63c310c32e9fbf59d,416,416,1
train,metal504_jpeg.rf.085fd2338aaa20ae4e9bbeb0f6d1e491.jpg,valid,metal504,85c0927907ca848f8293b0d47ae3f807ed5cf3c8e97a5481203c22266afbe3d1,416,416,4
test,metal506_jpg.rf.a7d28fb44f08821a3ad47f75ba763bf4.jpg,valid,metal506,2d1e9de67d88187800838f8e7b6f37b8ab9f1555d8d80ff2005fbb0f460bec3c,416,416,2
val,metal511_jpg.rf.4f19666db81031c1246860c7cf21065a.jpg,valid,metal511,619c72d3ceacf793a030d43106b13709c714e2a0457605b17deac1c2047b06bb,416,416,1
train,metal512_jpg.rf.cd179a6be1e18bc81f1887f5039ef480.jpg,valid,metal512,d9c57795fc18027ebf4a7b5c754f75ae3d9eba91e173c1a62f4f29fa08732cc8,416,416,1
test,metal514_jpg.rf.a06ea459bc01afffdbc17846251999f5.jpg,valid,metal514,6331e8867f2d34e25725b901325b57ae676a3fc0727662931e28969fe2827244,416,416,1
train,metal516_jpg.rf.37a748a313bf1e639d6d6c0e7056ec3b.jpg,valid,metal516,353344c7db58545b92f475fc453e97ad39bdcbbc238d85c37236c3917fc0a150,416,416,2
train,metal518_jpg.rf.40304432599cf19e0e283ebbd80fc7ad.jpg,valid,metal518,59f73e9a42e267959fa1c14d1127188c6c8a9191fb3af2b47ff82036591f1907,416,416,1
train,metal528_jpg.rf.6907fa3cb6ecfb35ff9a6567a92d73de.jpg,valid,metal528,d22dce5a1a55c3736ba23bfe692b91bad12cde84441e50237c469e3084fa7831,416,416,1
train,metal529_jpg.rf.552e9305f9fb0839fec116cb56ce0b93.jpg,valid,metal529,0cc7c5a354b54b4180f7ab9939e4c81bb7a0fbd9cb3c87bdf8b6fd029b548756,416,416,1
train,metal534_jpg.rf.8e7636cf5adfc1bc6887e03741a23cf9.jpg,valid,metal534,9075e87e290c886f3fd145a8a511bfe032f8527aeaf35a3e36e13419f001247c,416,416,1
train,metal535_jpg.rf.dfa27d751bf76e65298d97b878ed878a.jpg,valid,metal535,d52d745d5c9f18c4d66a76c3756fc243cd8dfa55389d3f6aa7a359c8099bcf7a,416,416,1
train,metal536_jpg.rf.abc0e7987240f0e182536b1755fceafb.jpg,valid,metal536,717f0857c26c5906bf039c048619b18b50ed68e5bc00046ae5e3baedecc5dfa4,416,416,1
train,metal537_jpeg.rf.f5acdee85e8f28016f2d498e85e4abf9.jpg,valid,metal537,55588162c9c84d4326791354f97691ebe4a74372e8a7f9c06910eb2d090fefa8,416,416,2
test,metal541_jpg.rf.3d27faaf04a39d270a1bb52eb888bff0.jpg,valid,metal541,f34e73251b42979fe023ff979b23edbdaf83a2e5a76cf0139f25dd7a6a1e2df8,416,416,1
train,metal543_jpg.rf.9982a2a145a4a67936644d7982e249e1.jpg,valid,metal543,3a9c1e444ceeaa35a89e1732dbfea8a95b6f9d512ca1b448ee9bd4ffe56936bc,416,416,1
train,metal546_jpg.rf.ecf9d43471662e8e23936db469d653a3.jpg,valid,metal546,7853d9d4de9f266c08b524e6f0adbbafb3220c6fac0ee0397a2e902dbae6f122,416,416,1
train,metal54_jpg.rf.3dc63185bd5e9ed110dccb5cfc3f42c0.jpg,valid,metal54,810fb77d4282ee8e7bba33e13688ac2d0f263c3db60a9b304f39912d013622ae,416,416,4
test,metal555_jpg.rf.7e5ad72ee01236bcac2d1e5eb0ac6692.jpg,valid,metal555,9f8012c42bc4c1b8ab5cbc9376d448aad12103bd246421ac96c07d050e99b8bc,416,416,1
train,metal559_jpeg.rf.6cbdfac70bff33836c86cdb8932a08b0.jpg,valid,metal559,c9a5b6bacf48b84cfe1fd1f546bcf105cf52e83d72e470d743495a39a0bd197a,416,416,8
train,metal561_jpg.rf.63e029a3b8adb8235fb7dc6f4cb7a4a7.jpg,valid,metal561,ff63480efaf1cba0c144b5954dc68d438819a6d1ddf220a315e34b7f2ae0c250,416,416,1
test,metal570_jpeg.rf.e879ff6911aaa0f0aefdeac571c7d8ac.jpg,valid,metal570,c030aa55b740702b1327fce30359c7fe17b70f26c2146177613fae3322271207,416,416,10
train,metal571_jpg.rf.62690b085502d932f261e1587692b165.jpg,valid,metal571,16f2ed145b12986d3d88ba6d6a70daea993ef3d02dda00795fd38546d1881c02,416,416,1
train,metal574_jpg.rf.6aa2e804f44232d6cb6a2f7256dc2764.jpg,valid,metal574,296196a1085269c30feb783c73f9683d077e720a29c22f8db216c5ea08116fd4,416,416,1
train,metal575_jpg.rf.83e4bb32a6afd20d4d6a8378bd7f2419.jpg,valid,metal575,563b804c77deb425a024d6bdb4660e88db029f791a7f42d1695ad2b5f3cd9f1d,416,416,1
train,metal577_jpg.rf.5e0f0f307a0489a3ac2f579c6161c5b3.jpg,valid,metal577,7e41ad8ca4a9052ec5bb805473dd34b41f51659d4089db887bc640a516a23317,416,416,1
train,metal582_jpg.rf.681dec9c833e0724bc9abc65842009f6.jpg,valid,metal582,214859bec61a1b93e739bc473a14f9377679034b9773f477d0f4263261012448,416,416,1
train,metal585_jpg.rf.b4fdf1663a7dc84ec1e1ecc17be86690.jpg,valid,metal585,434a73f33904cea6358dc70e953df54df406c2c7076f0a2dc6da1e6456b5c198,416,416,1
val,metal589_jpg.rf.424960ba70c64b780ba0a74cfb27c779.jpg,valid,metal589,ec9735c0a85065a95715bd8c6964fcf91e7cee407f623a57f2560fe14d27ceb3,416,416,2
train,metal594_jpg.rf.9140b4458fe0e4bee1f2dc47e9907fde.jpg,valid,metal594,e828b14ddcefba68eaf40616a45a03bef0fb486969a3fb442ef51c79fb88a0fb,416,416,2
train,metal598_jpg.rf.8102db232d63255a2a90a3d1a1872f8c.jpg,valid,metal598,989c6e7745bf20fdba55e41e04e7170d4e000f407b2260e7653071be5a32722d,416,416,1
train,metal59_jpg.rf.54ffe5ac501d456f486508d4d8bf60b3.jpg,valid,metal59,a3521ebb265f24dd4d94308e8d5b9d26cd1341d8efe2672bc862d6376390e8a1,416,416,6
test,metal601_jpg.rf.c5dc6c02f7082d52d6f0a0760253a98a.jpg,valid,metal601,bedfc965875cb97011096d5eeae81d5d84111e8add066c6ef28406559a79b02f,416,416,2
train,metal605_jpg.rf.852ac7e8d0843db9596e17f29034e799.jpg,valid,metal605,97a15d28884dbb4cb908f68bee8c0a7d093a1408aee7454c33b60a5bdf72c797,416,416,1
train,metal607_jpg.rf.7a195fb0e625ff046e083293f86fe70c.jpg,valid,metal607,74c9b79ae9099227155166d274c54b547b47449cd55e093ed4d8359c96b91d74,416,416,2
train,metal609_jpg.rf.896bfe87744efd05c7d5c15902950099.jpg,valid,metal609,7645c103625cc4a8254f6475f97e86e3dba294fc427b1cff7fa905cf4c1311a5,416,416,1
test,metal60_jpg.rf.a2ccbc83a4772af66eb8d10d0a5e9152.jpg,valid,metal60,3df4d811f21e902b352d8efd4147770842d0534539552784da8f7ba120ac0d75,416,416,2
train,metal615_jpeg.rf.82f7df6c7d81e0732f15e281df43a9c7.jpg,valid,metal615,6e4136478eccb0edf6c08f4e6429319c0f52bd8eab7e3ba88223b66f3e7a1d4e,416,416,4
train,metal61_jpg.rf.94b6bf316a3514dc16db27093736aab0.jpg,valid,metal61,89c4e97b6c7f1c1c56403310b53d02779abb0610af0e3c706e1f639324dc0a09,416,416,5
train,metal620_jpg.rf.0aeea76dafe1d02c485474b933760714.jpg,valid,metal620,9c768a358e8393e7b8b6d90cdacdb8f122069de280e2fc5a644345904c7dfc7b,416,416,1
train,metal622_jpg.rf.f63878d81acb30e7c458e42230c0a5ea.jpg,valid,metal622,cb887ffd55dbd84ae438e2293d99f70d945a3aa41bbbe44fe647980a1b808e24,416,416,1
val,metal628_jpg.rf.b9dc1d7f96e2533b391ac4bcc778115e.jpg,valid,metal628,5a9b595850ad69e9c27b93a985dbdd92a476f8d244580c7b2af0f3bd25f6f396,416,416,1
train,metal631_jpg.rf.8648ac98cef88c72571d2fa5522f28b8.jpg,valid,metal631,b9364adb95822698081b0d7456b1ac0bf9fab734b024b196d31d4b776752653a,416,416,1
test,metal633_jpg.rf.f7e67e5be570eead59e16e4345d23681.jpg,valid,metal633,6a1df758c994f396901227b3247b8f2a1b53fc5b5b2b482eeaeca245ab3a5728,416,416,1
train,metal634_jpg.rf.0c23aebb94a8c025d8baa5f3604fa82e.jpg,valid,metal634,5f2c2b17d3546490e37a470e16012f4dae4d37e9524659656cd1b0347985e6c9,416,416,1
train,metal63_jpg.rf.e8e46793a7f743816103ff68a0e7d304.jpg,valid,metal63,ee7a3f08bd93e461ec1f3b9cb628291221173495776c453e8d67f49ac458d45f,416,416,1
train,metal645_jpg.rf.59e8d68afb9092f75e0562e4a0c24311.jpg,valid,metal645,6c778e00c78c0af0ccfca21077bf8a59a95f1ae74bf23416b98c3a736eb1e139,416,416,1
train,metal64_jpg.rf.e8ac7a31cdc46b947e8a6642b74133c8.jpg,valid,metal64,8d710e29a0cbf04f3451c675f65e04a0aaf473e56c1ee3a6dd0e3614d0bafb16,416,416,3
train,metal650_jpg.rf.be073e4698ceeb1856cfaf9bded14129.jpg,valid,metal650,327c32cea81e66f72290d2db137047918d93e72f877694fff71f79b650be764c,416,416,1
train,metal652_jpg.rf.0b725f5b0f86212b3ede5221befb2b66.jpg,valid,metal652,91c4fc521dbe321b70648a798247da5ce89afb57de3bdb0d13a02baa40bb5f68,416,416,7
train,metal654_jpg.rf.b1c2e22370e748a24ef373955445435e.jpg,valid,metal654,2c868d850efbace8f645579aee8c29065078a53d9d501b6ed8d27a180a904ee6,416,416,1
train,metal655_jpg.rf.38342906506d842e46732f92a1f14bdf.jpg,valid,metal655,da7a13f6d0b966cb07b33cf0554fad36e6b2aba10a0237dbf155e40056c8e638,416,416,1
train,metal657_jpg.rf.7aa46822834b55e3bcd6dffc9daefd5a.jpg,valid,metal657,9a18b1c3e809db388a33a2c5917c4fc22a115a0c7415ffdb953e471f4973ea49,416,416,1
val,metal65_jpg.rf.0bc1a4360bb131765c047fa35ebcb24c.jpg,valid,metal65,3cfba4e39e3893e4933e87902c436a2832c853171b16bc06632367132fbbb4d6,416,416,2
test,metal662_jpg.rf.d3f506f696775a8706ee0e5965a1f0fc.jpg,valid,metal662,afe6e124cf354d44f9ffc431def4cb92a788810b8c30d0df6d77bc9ccdc10c4d,416,416,1
train,metal666_jpg.rf.40622cda3366c79e76c105f751eb0ea1.jpg,valid,metal666,4edb4a133f9bc0d6cf1c6452e8bfe2df829afddd504c8e9ff64b1a2b3b7bef49,416,416,1
train,metal667_jpg.rf.137a3ec6bde137d1b61d5575410d1400.jpg,valid,metal667,3e1e62efc380a2aabfc1a33c8927ff2d112449d6d914c4f9a775d992316ddc84,416,416,1
val,metal66_jpg.rf.7d9ad7b06225552f0d77e4ce37ada10b.jpg,valid,metal66,99a58254021ec452350fa87f011ddf52ff29ab675bf228c5db469a65054a0dbc,416,416,7
train,metal678_jpg.rf.f737dc120b55d340284d3dffb1b2d8b4.jpg,valid,metal678,76d47383565c68a412b0ddc35ed82a68ab099612a2209e2772355b0074f3b30a,416,416,1
train,metal67_jpg.rf.15f642ffc8a25df709da786eeae6b9cb.jpg,valid,metal67,27fa6b3a244c778b823eafc4cb0b78a74a161c6f98a96921b798e41f9a22840b,416,416,7
train,metal682_jpg.rf.0b7a0e57cbd456c766411644808abb11.jpg,valid,metal682,7f88431a847a2d58769eea04a4aaf15328f34f552b13a4176e4b84dd6dc79ac0,416,416,1
train,metal684_jpg.rf.31d895bcdae7ee36edbc915396e12851.jpg,valid,metal684,dff7505b10587251ee738dd8db18998683564ce6043e317c8fc37ba52e94923d,416,416,1
val,metal686_jpg.rf.f19bf260f98533f567094fe1a20013b1.jpg,valid,metal686,4502d1be44d0b38b1fba68c66fdbe03882acaaeae5b1f035d6b8ba4b543b7fb8,416,416,1
val,metal688_jpg.rf.e07d73ed4e25205eb8c2f23ccd55a275.jpg,valid,metal688,5c51a7ed94ccdccecc46d5f0029d8408d3f9a148bf919f10ee33c7779b366ce3,416,416,1
train,metal689_jpg.rf.7a5fb09f63f1748d60102407c95dde16.jpg,valid,metal689,c92272c14080a3a524a0d53a8019f88f6ef76f73fe726f88d20373ccb0fa9cd3,416,416,1
test,metal68_jpg.rf.eb5aea8995057a8d666586bab08da68d.jpg,valid,metal68,f0736b44d186b308ff58aa1eeac554df6edc9b161085e0d4000920d9474b1fd8,416,416,8
train,metal691_jpg.rf.b8a2f3c8bf40bac07fb8171908214ea3.jpg,valid,metal691,4ac29c8a6cc9f4f14100a2b8976f4bb053f8b86410ec6decffb7348fcfd5556f,416,416,1
train,metal692_jpeg.rf.52fc5e59de29116f3bef74c10aff6065.jpg,valid,metal692,14b5dc41a803b9592610c8b2623a3480287b544e26408d265e298f15c78b7d74,416,416,21
train,metal693_jpg.rf.886da19f8b04c2f1326d702aefd7d0ee.jpg,valid,metal693,18a1ef65fad75d299190e7017bd777b5655626e06925799f6ccaf1e4f87fec73,416,416,1
train,metal695_jpg.rf.425d54cec7824e2a69a6292201644ca1.jpg,valid,metal695,a9888e88047328f5448604a190a9509bdd14e8e97c0e79cdfc09e99029c51dc1,416,416,1
train,metal697_jpg.rf.4ecc13ee6d8b101937fd68ec92a25bbf.jpg,valid,metal697,37860bd238c126a3c3f060c05a4afa78e7a4985faff0cefe3794ec43ed149daf,416,416,1
train,metal699_jpg.rf.d8b5277463fa8d065b5fcb29aa371234.jpg,valid,metal699,8b15c06b7dbd3205d29fb8cdf5aae60ec06a50c9374111cce8e2cf20b997f27f,416,416,1
train,metal6_jpg.rf.69cdb75a214ab6fbfba9fe3e7ed8469c.jpg,valid,metal6,553d523dffbd11ea9dc99c52b0b9a1cfbe9e4a9f0e76f1d0b677fe3a270fcc0e,416,416,1
train,metal700_jpg.rf.9a52140eff5b09ffad959d5f0b5e115c.jpg,valid,metal700,6be41d4521584c287e38b26c53262a3197b5db5eab415e7641b131059b8b016c,416,416,1
train,metal701_jpg.rf.8aef0ffdd861f972162c1b7daf586083.jpg,valid,metal701,fa2a96ff649a724edb9064f217919b6d1502fae2acb6d29080030f1a12412003,416,416,1
train,metal708_jpg.rf.fab11a793baab3e9338a198db3b25198.jpg,valid,metal708,3512e639de57b64d7a89f409303c19d5cdc18b7884e8794aa30eb132ca5fd55b,416,416,2
train,metal712_jpg.rf.a4854d090766e98bbba0a3991fe9a129.jpg,valid,metal712,a152d1757ef6dc3027a27b4853b12e1422f14310a8c56b611a8dc612df47ef45,416,416,1
val,metal714_jpg.rf.efe9a3e254ee9e77cc66904084dd2cdd.jpg,valid,metal714,bef94ec4cc1dd573b982c3ad758435d3d17e8fafdcb9a2251a831802dcd2e466,416,416,3
train,metal715_jpeg.rf.fa2324cad04e6d1fe2ea5e0c6dc1a4cd.jpg,valid,metal715,17eb46b3fab3f78394083ee18416170717e196178e77523e745f3496f89e96f0,416,416,1
train,metal716_jpg.rf.3d52ca4fb197e5c74509adfd5bd77354.jpg,valid,metal716,4e0ee5ae6cecd203a2de82722edbc8334efaf1792c3acada6cfad5c3b1833f60,416,416,10
train,metal718_jpg.rf.fea6f8bb9354739068acb59194697d4d.jpg,valid,metal718,78cf51717a5f18c491ce215a3c416ce8bcfa60460a8a59f8da56147714a68c00,416,416,21
train,metal721_jpg.rf.e6d731b805c3372eed2b3222ced72101.jpg,valid,metal721,51a6b4adf8df422b7c0e0fcb78dc51613f5ce3ac064cfad176be020de322c474,416,416,1
train,metal723_jpg.rf.d29f18f0a1f60a4cc7ce2e119fc91fa0.jpg,valid,metal723,e845791afe9558450bac627bc76a4ca64f813f123f2f7e2178ead68a848ddd8e,416,416,4
train,metal724_jpg.rf.9f59deafb4d4829a92220bf209bfbb28.jpg,valid,metal724,08f7a86c9b42092179933e6b8dfb2e292a388cdc25430dc4df0cea691accbffc,416,416,1
train,metal725_jpg.rf.86d9efca960fc371eebd551015567ae5.jpg,valid,metal725,f9cd675783f79c20e0c10578eaefddb70b8283846f673bd544da38ea79e384b2,416,416,1
test,metal726_jpeg.rf.cf4f5de2b2263f2e0168fe6b0bc9d38f.jpg,valid,metal726,8766ee789188f1e411e32f1ca476fead5229c91b490090e7456e3c7ab18eb762,416,416,2
train,metal728_jpg.rf.d199ed26dd6803b401a1fa3b550cea64.jpg,valid,metal728,16e584e88e7138a3d94f49f6047d718aae9d0f857b53e0a2aa7eb32087c26faf,416,416,2
train,metal729_jpg.rf.b9d758efd008932857fd945fee5ac832.jpg,valid,metal729,81fe687e1ccf12f87037b07b3289c3a6f4d8c405c57aa5c8ac7153a0e9e515ef,416,416,1
val,metal72_jpg.rf.2e7588e8c483a4aeb28ab0f0ab66a6ce.jpg,valid,metal72,7961c5692b82000d52619e2232be2a7748cea9a127221b7754f0caf0c74b9c72,416,416,8
val,metal731_jpg.rf.ca7ff8f78ff05e6cbb90990580d118a7.jpg,valid,metal731,cea9a44f0e57fdbe84a5a28f946a57fef7128d39617dac1a83a7e0e7656acdc5,416,416,3
train,metal733_jpg.rf.9acba57c6a99fb467327c61d7ecd220e.jpg,valid,metal733,a575d8ce7bd8a87b9c22c0c4ab7770ad8183080da2e36ad857b2d5ba882edf24,416,416,1
train,metal736_jpg.rf.5ad0a0747e2a87646cd4cb950b5c5a4e.jpg,valid,metal736,1b4b376ec05f1778c9eef6d70b7068b6e6aea8648e84aa060edffee3afa69b37,416,416,2
train,metal739_jpg.rf.989850e3dd720599b5a7c81c9a408999.jpg,valid,metal739,efdc82d7916be82e3defccf67a408509d0ed63c6ab976d492cb5a2591bbda2fa,416,416,1
train,metal740_jpg.rf.37024f6a9e6044c3c3a85be7e410c134.jpg,valid,metal740,1c1ae240ba3e7270a5b279e41762446aea78232b72817c7330a62b5ee6650d79,416,416,1
val,metal741_jpg.rf.b73aef6a4a59f4a0eb0ac1e012f0a1d5.jpg,valid,metal741,901bb929b6dbdba0e8907b224c45c6fdc0a0f6b0529c7aafd8778e17dc3b4704,416,416,2
train,metal751_jpg.rf.c76bf1d8ca027078410ba49282a02e6a.jpg,valid,metal751,4496fd6dbc16bc400ab028715e6860b0ef53efe5a90287b5d5f19e22c21f12e4,416,416,5
train,metal756_jpg.rf.0420a52e06aa413a4f3f54bf6159fe1a.jpg,valid,metal756,f26cbe2d5af0b9585c9a1a3abbcbd53c6a172bbe5669bf2e713ae2c7d065da56,416,416,1
train,metal764_jpg.rf.04ebfb22cb7cfa049bc786652823dc22.jpg,valid,metal764,4a7b61bed7d165b1c9e2e06c84416db3c4ee52a4ffc3bebcaec64871b9d8b2ed,416,416,2
test,metal770_jpeg.rf.5302a5ad6c866ee2092e44f4fa8a584c.jpg,valid,metal770,6f13bdc3da77994f0d0440d51f23b457d357d102641bc83a7bedabcda14ff890,416,416,22
train,metal772_jpg.rf.32f1f13c5c1591f2454f8f1d318de74f.jpg,valid,metal772,3af0e6f2a29e0cac19d75438fdfc7915f87f5b56651de88f8d84b7f492bb32b5,416,416,2
train,metal777_jpg.rf.aa75a5aabf3538b441e1936d9343de47.jpg,valid,metal777,ddca4517fec9f9311738833ad1897789a2dabb805a2a9a4f88d8763f4f1dab26,416,416,6
train,metal780_jpg.rf.35064630117c65cc32790b2ff983df9e.jpg,valid,metal780,419b0194a0f54a5f447ac1ba5d716ce9f1a3be5af3ad37870cb925f764e55afd,416,416,20
train,metal781_jpeg.rf.d7da1dbe7153c8a8739be22777d6ea0c.jpg,valid,metal781,493827937f8c9b14e4159ec7a2c1a3bfd5d28aba7e323770ebf6fbae20dbb742,416,416,83
train,metal782_jpg.rf.54f3492b26fbdfb57a736b195547e4e2.jpg,valid,metal782,0c15081ac815c614a9c98c883b3933a688471b8e1815c53dc2c650a3157f2f38,416,416,6
train,metal784_jpg.rf.4b049677d986e9e18848db6960afe2a9.jpg,valid,metal784,b5312592a519af240b2098a8d007545fb8bca29d78eb476a6aefed2c2286b359,416,416,21
test,metal797_jpg.rf.9eeaac7673c76746d82db23b71df8e8e.jpg,valid,metal797,e98e8fd330eff52129d73a775465bf637fd6c8eeb7a901f2f87bbc576845e349,416,416,8
train,metal7_jpg.rf.99b21906ebcaaf6a97142e6b9067c05a.jpg,valid,metal7,ffd53512df3ac571f14a9ef54a11df072a6a8a3e424d892b805ec1df69192fc1,416,416,2
train,metal801_jpg.rf.6963bc485a17dc8e86faeeeddc81b1ca.jpg,valid,metal801,4507b0492d091458fca900c24664c069840b7270622c6bdfe4cf8fe511d435ee,416,416,3
train,metal810_jpg.rf.0c0fddc4cc796f65025e17ea40c185b8.jpg,valid,metal810,29ee3d10deaee4dad9151ab0db3f846ab79192da053cae6b4884344fae12c17e,416,416,2
train,metal812_jpg.rf.016942cfc11df1f5d5c8ee741a47f871.jpg,valid,metal812,9141ed6ad6011654c5f2adb09652ce024c3bd18806c79e728297a773ec870c82,416,416,5
train,metal817_jpg.rf.cea54e3854cd95eb83d374196431ab8e.jpg,valid,metal817,ab09674bab01924a75ee5b8bb6c94580dd84d4b4f8ba2a1a5f1de9f3cc4f8e98,416,416,3
train,metal818_jpg.rf.1b080cd970247c210278c552041d0119.jpg,valid,metal818,f9bfeb46c4b07292c488e7891cfdff5fd2f0ef2c7643aaf05137cb0665d3c446,416,416,2
test,metal81_jpg.rf.7c2b6bc1216af7a60a78b15423fe6664.jpg,valid,metal81,2181330e63a02cc6af8f9ef11640a77672f0a5b4911e4070a30e9b890ca318d5,416,416,1
train,metal820_jpg.rf.bfbc6b99f5365e31952e9b60ae748f28.jpg,valid,metal820,4c4744825e6ff87acd05432db30d08e45a6675ad7a9b8a57e94759f98dc9c7ad,416,416,1
train,metal821_jpg.rf.5fd177ae37fd610718b4ab18ea0bec2a.jpg,valid,metal821,446764d5778f640c2d89b90fb29b397128479b9e46e0403fae48093ffe937501,416,416,2
train,metal826_jpeg.rf.c7a2ac3465b529a3456d595f4d4366d1.jpg,valid,metal826,5103191904ec8dab43a0279248b9eb03104f421c6b4b6ba1c3dc4f4e61d14b59,416,416,2
val,metal82_jpg.rf.39c25c1d16ed279eb6d598721ebcfdf6.jpg,valid,metal82,8a3b0ff98a8ce964a340807f62b85778766329328a61ed615dde9a4659ffb956,416,416,2
train,metal843_jpg.rf.d4dae56411958a42c17e0a8a56d8656b.jpg,valid,metal843,01f9e235f4c89181d7de4702ae95d67899a0f7ff7fbe10e05c9969d111a4c9f2,416,416,1
train,metal849_jpg.rf.8632ccca839c18ad03038ee2e6c9c39a.jpg,valid,metal849,c446cde841b1dc0a845ebf7739073671647dcd161f7252961f62b20239db3c36,416,416,15
train,metal84_jpg.rf.140da045456f9604ead0a3528f8ed447.jpg,valid,metal84,ad88dfd673c295ec2895fd69859d22997b0706199630f650cfe4a4e8cb628b1b,416,416,2
train,metal852_jpg.rf.08509f1ded19ec77f26a927057a348b7.jpg,valid,metal852,1625020762daecc4d0397ea9533e4d045a5c89b670c39461a5716189005eb9d0,416,416,2
train,metal854_jpg.rf.3945feaede25e0e67d852625ba2662d2.jpg,valid,metal854,a5631567bbce8acfbb4ed1dd572d6629d46834ea86e4e80b577001abce3d87ba,416,416,1
train,metal855_jpg.rf.d2495e5ed34357b6d3cef1b04c5a1db5.jpg,valid,metal855,7a970c1f40d19b16e46cc90a7e2c5e3aa192209c77ebac8b6cfc93aca62cc7e4,416,416,7
train,metal859_jpeg.rf.e24965fe92749acf14e2f220aa97a097.jpg,valid,metal859,3d9b16e5e51bb70203f53b2fd7840c0c37ca8c44220c61261de19213e161f63c,416,416,17
train,metal863_jpg.rf.01745f0f9a5d31a1dc37ab0526de0762.jpg,valid,metal863,44dc92f18cebb81483b230b78d6ac9053650d4fa965d0785c18c49ef6b10e791,416,416,14
test,metal867_jpg.rf.1fbd3812618521f7b40689990821ecc9.jpg,valid,metal867,114dff685447bb1cb274543bcd3dfe32de08def9cca5910ac2fb17ac351e20fb,416,416,1
train,metal86_jpg.rf.e4934c7da8dea525ee41128df9cf0dba.jpg,valid,metal86,0de49a9efdc94c96fce4963e726fa603da2f946a6691bf16e88e9d266e36ec09,416,416,14
val,metal872_jpg.rf.f43590ae0bd88905a991d1f2f3f6289c.jpg,valid,metal872,d228de177680021c5ccf57e2c420143b17f886f4fca28b0c24b20ba1ca0a8085,416,416,13
train,metal875_jpg.rf.83dad78102bf67d67a450d203f26652b.jpg,valid,metal875,1070e8387a995d4f4cfc578f8ef8848c38c13a77be0aed29c4c218ea84478762,416,416,12
train,metal878_jpg.rf.0b09d0e69aef2f404e006309ffe46f41.jpg,valid,metal878,dc2fc08737ddee2d87cb73f5a11b420cbf2a2cbce6e288404fc75b41fc96b948,416,416,29
val,metal880_jpg.rf.315287f2a76c1a1fddbc22f7917b486f.jpg,valid,metal880,4ed5fd32eac8c59c1fe89c1d088bcd56322fe07562f0d9cf1e96f0d477cc2d5f,416,416,2
train,metal887_jpg.rf.eeb23448eaca9df03997e0802ef73375.jpg,valid,metal887,f7d4f6e9363076693ae527f2e0b2906dd04e541c9799219c5c7b7135526b7208,416,416,9
train,metal88_jpg.rf.0f9f121ea6dd4e95692887e5b1410495.jpg,valid,metal88,89ecfd4ecfc7b73f29109ee57fca5f8e273a274621e55fdd7b09334661a4756f,416,416,4
val,metal895_jpg.rf.063c67c76ff3e20e59b92058bb7199ab.jpg,valid,metal895,415cca9812102d6d64248a55b359c3abaa0731d86cffdd94e892720d217682a9,416,416,4
test,metal8_jpg.rf.712f7bef839bedfafab94e990ce176d5.jpg,valid,metal8,e6179f018d85d73136192ab36da2cb412bf59e3a47e8ed5c9423545c0256fd33,416,416,1
test,metal902_jpg.rf.2609467243e46ef585ea4d5c3fecb229.jpg,valid,metal902,d968b894c9143ff602cc62e5e451abed6f310669e69a25678668fe7917e3fe11,416,416,9
train,metal908_jpg.rf.3bd6b84f00ea1af2c44f97bdafaa390d.jpg,valid,metal908,3a464a2bb8bb81b3b22232c4fa5a9ddbf31ea5a9e0797bfa95d4dd936d9c8d13,416,416,3
train,metal909_jpg.rf.ed457c6a01d1c2b694c81eec2ccac577.jpg,valid,metal909,5e088711efaba9de1196ee47bb2f55fc3ebc4cef6b39fd8ee4b742fbc38ae34a,416,416,1
train,metal90_jpg.rf.1820b9f04977ab4d947c231d97f54e33.jpg,valid,metal90,edc7fd648ad690b88ac785235df2246a582df83465c71f165466f9b67885ed53,416,416,34
train,metal910_jpg.rf.799355d344c8b694c4014eb789f82eac.jpg,valid,metal910,a3d15ac0d66dc078d302c7d31fc1b14941ca123c957f6bb0a6343b0cd0d9e288,416,416,6
train,metal916_jpg.rf.d71d7bdbafd0e44e27ec1bedd3d38c2e.jpg,valid,metal916,5735cef5fb786f3038981c22e11c0a7cc778780e7f1782675b1f45926768e045,416,416,6
train,metal927_jpg.rf.33705788f29fabf451586fb770d85794.jpg,valid,metal927,213445d90379d527da84de89b77d3b6ef7b9b08c5f1273d07c76530fb09e39e1,416,416,7
train,metal931_jpg.rf.024c06e833ed6bb35f2660a96b87ab21.jpg,valid,metal931,bd24e37096c27e2d97b76b5d164835db0c35a76124d90d9cf42b1257417841a7,416,416,1
train,metal935_jpg.rf.37d1ba1fa67967befd855e7f3f3ea03e.jpg,valid,metal935,4e15f46096e03cc8f33453707997a77bb41ae1b0061710e1c299a234750349ab,416,416,4
train,metal936_jpg.rf.8b769918461c5bcf95e0aaa33f4a2906.jpg,valid,metal936,a66090af2b5648299062eb64dace105b017ec3f17d60f3f831924dc3081a7662,416,416,1
train,metal937_jpeg.rf.af4dd0ce2e650e8d67f8c9d60bcd4dc1.jpg,valid,metal937,f27fba726a11cd84f976491b4d9913c23511fc7169fc1aa3b6fd22da357517bf,416,416,6
train,metal938_jpg.rf.7a4f69de0fc89c932d2cc320c5e452f0.jpg,valid,metal938,195f3cbd4f04c12749bd155ea23aef8fdfae610195057b090921f7c32ebdb609,416,416,13
train,metal93_jpg.rf.8eb8a296914393ccb11613cc15aff927.jpg,valid,metal93,88a039c5c9bb6be1993c609e3a6da08f9c5faca6d443a788001d48c2066bf003,416,416,9
train,metal941_jpg.rf.548db76f054db95b5e9b49ab4ab9967e.jpg,valid,metal941,280a0b39efb7e27d28bd5639dc6622ce7f6baac497193ee6c49ef1d4af3d1437,416,416,5
train,metal944_jpg.rf.f368c3a1b1f3e45b242711626ecd3216.jpg,valid,metal944,b8ca69bf189a23dc3ccbc42eb70e0ab837563f32cb45e40a22524dbfbb8dd743,416,416,7
train,metal946_jpg.rf.acf1f9c7a425b64341f5b262be4d90ef.jpg,valid,metal946,0b9066de566bfd159de6c590375a84951a0f68313fce10813ed8e12e27301c6d,416,416,1
train,metal94_jpg.rf.049c9551c57f33355c0e7a005ae21e12.jpg,valid,metal94,66daa3b790f4ae3ffd80573004671fe2ade976cdd00374b5cf7029a0efbad216,416,416,3
train,metal952_jpg.rf.6fc0574bb5e848fda34a71ee07ca0acc.jpg,valid,metal952,0483d66b8220c1afeb99372438cf5df762cce54f662a16df907746a0ecfc6672,416,416,2
train,metal953_jpg.rf.d46c7a1054a74a021696d74b1f7dba46.jpg,valid,metal953,4f4ac899ee49814f43320ba4c054c1ce06a02c764070255b99bdbb871541bf1d,416,416,3
train,metal956_jpg.rf.e5db238b0b74d6b0950b89ae19b15c79.jpg,valid,metal956,f3eeb53f8b169c8b68710e3baec6e7f282cf3f48fab5aeaa6c1ca2b205a0da35,416,416,11
train,metal958_jpg.rf.0cefe129435d2531ab6fd1bc4365874f.jpg,valid,metal958,a0331eea36f848c48001f3965041decd41550d93bdf45032299dd700a33a12b0,416,416,4
train,metal95_jpg.rf.863cb5631e47d0411f6613816c128411.jpg,valid,metal95,5835e6b9ff1ed8b884c464502c7333d19b9a1292a7ff693c6c23e346917a4444,416,416,10
train,metal960_jpg.rf.e0528d33e037ec38675c5b25fb83b48b.jpg,valid,metal960,b626415ccf33be830a97f20d13a17c3ccff486d8e8c8205cf3387ab7eb0cf01a,416,416,1
train,metal967_jpg.rf.99423c3cc60911ac97b93267316f560f.jpg,valid,metal967,bd40736b63bfd7e0a5bbc52206cde919de613e16390902c1c8cdff964fede690,416,416,1
val,metal969_jpg.rf.7ef0a3d9f6f798c7c4c7240f3e6f2553.jpg,valid,metal969,8ed68bb6c6d5946575272721f3953fb1613ceea754cc6a96290bcf902d05a19f,416,416,1
test,metal973_jpg.rf.427f088f993f748a8251e844a6b63e34.jpg,valid,metal973,0f07c9ec31d5b0adf731d108f0bdb4924f481b9c2a5130a35b37062bb1123553,416,416,4
train,metal976_jpg.rf.d60d3dc09fea9c495d4ade339b1498bf.jpg,valid,metal976,c084533b2385b6321c26ec3faf3a569676c5634aa0ae778c710f709fca17f095,416,416,13
test,metal979_jpg.rf.bcd9b4e3eedfc6105608986f9f071e0e.jpg,valid,metal979,36e85764852bbd5a4caf2fdfcbee4024483f69acef6eda9f92340ed39b8c2855,416,416,1
train,metal982_jpg.rf.372786ef1b82bb290bdde411f72c945c.jpg,valid,metal982,7e449eb33be1724aafb70390c9ad31d4711f44de70d6fb245e1ea5d1e475d311,416,416,5
train,metal986_jpg.rf.7ee1f36b7dfbd77c96a921b2b01c553d.jpg,valid,metal986,41f4b924528bf97531a10545ef1a6184574266723dad7469fa346c1e0c40ef6e,416,416,1
train,metal993_jpg.rf.4c151973c2e06d47dc5c517c09328fcc.jpg,valid,metal993,5c1a6ce81997cd6069f7ef0670ded48cde1416e95c7d7dfaf5802d84497434a0,416,416,1
train,metal997_jpg.rf.78f86249ba1bbe38fb2413afdbf7e132.jpg,valid,metal997,580fca0840ebece485c4aba5708b509d62c43716bf1a68906315cb225214ab9a,416,416,2
train,metal998_jpg.rf.203899b6a12e04d001b8221865360361.jpg,valid,metal998,6f43b24862f19ad9b4a412577eb10c33ebdddaa2c5267666af6370bd6e6145dc,416,416,1
test,metal9_jpg.rf.e3905621bd2af8b2636cc66cc4102939.jpg,valid,metal9,5cac0ac8053e105625e9ea6c0e44030ab61bc9614e57964952e72fddab239bd4,416,416,2
train,metal1000_jpg.rf.f972491130c59d3bff7e97b22e8e2980.jpg,test,metal1000,9438adc72b0aae1b1cbd6b092d2cd127c6f3881ef174bbd837b24e18f6d4f545,416,416,1
test,metal1005_jpg.rf.d736ab336e8fa92ce57727666e624259.jpg,test,metal1005,a904925acbbebd06a8919bcc7538c1d383b94b5f0039a6ed68e4820eddffc5a4,416,416,1
train,metal100_jpg.rf.8605f3d87c15f6f37575fa2907d5bc6c.jpg,test,metal100,d06e4ea821785baae2e30bae532820a25ce77ed50620997a60a46ca5baa11edc,416,416,3
train,metal1014_jpeg.rf.7c66a5a281d17fde9891d5777c496391.jpg,test,metal1014,5d41dfa45c6848ff6d451cf8223a9d448216ab579aca51c18889f73852610b7e,416,416,1
train,metal1016_jpg.rf.e9045ffa8d93980005dca0adcce9f187.jpg,test,metal1016,14794b8c8878b907e23a5a780a20f47209472c0cdd58aa8077bb2a9addab8b05,416,416,2
train,metal1017_jpg.rf.52c6bf2e21ee24727bd9c29fc7955f22.jpg,test,metal1017,2018c3a3cabf199fea7a34536faa91179eb18ab175d82c9bdba10c35acd7ddfe,416,416,1
train,metal1021_jpg.rf.4cb79a4ecc66f08444b6493a7480ae9a.jpg,test,metal1021,ca5e4bdccd5f8354b2a6c1abf28a2a3f5bcdcee40aa1f2c679e9f6808ea238ab,416,416,4
val,metal1027_jpg.rf.97c4cd6662c7366606b0f2a96d2245b0.jpg,test,metal1027,b9d2fe7cb02df71208831005438670f0bceb64f374c9c47bc43a6cae0b20e760,416,416,6
train,metal1028_jpg.rf.bcd1921de5b9a4df22bbcce4e32344b6.jpg,test,metal1028,0774b8871d09b9ccd4f466a9715a2b8de2e1bbbf3444a1f68340cb01edc7499e,416,416,2
train,metal1032_jpg.rf.d0991459cb992a92cf44e9dd2b8cf608.jpg,test,metal1032,07067d4b36bda34d21695bb12a9e674e44fdcfde9f2f762be26c3441906a553b,416,416,3
train,metal1033_jpg.rf.18d8e320facc4cf861e71efb963cbff0.jpg,test,metal1033,8cf8e1f8925b32781ef6a892fa40c3681d04776c3325774569be6a9bd717bd33,416,416,2
train,metal103_jpg.rf.6a41c33575e78d7d9daa752d95ad0a71.jpg,test,metal103,4e92b7b5fe422c229f3a0264304c2080c709c40609ee7335a3be20808a6827f0,416,416,112
test,metal1040_jpg.rf.c6e8f2418b51b7d8891f49df3cecf80b.jpg,test,metal1040,9d90efb3d367d596545bb2fde20ef7313afcbee2e12d8af967c4ed82bb636b79,416,416,1
train,metal1043_jpg.rf.5b26249eef553f55a36e857bbd3673ea.jpg,test,metal1043,ecc357d04bdf163b8a7156edd0165d615b3d00a38b208220ff1b0736021dbf08,416,416,1
train,metal104_jpg.rf.c83369695e0e28f86fd33c7f172ab500.jpg,test,metal104,42cca292dc235c7afd54d51de906d2958f6897d69d45d6826402cad5959edd76,416,416,1
val,metal1053_jpg.rf.492204129cbc1001e9c01e243f1e29d4.jpg,test,metal1053,f1b9d5107d99bc7906d2cb770e921e389d582b8d599aa2eb83f1f75509d76edd,416,416,1
train,metal1054_jpg.rf.77028b250ec427debc8074bec7947e2a.jpg,test,metal1054,2f8b51bd66b0ec4c625db77da9cb52c7fd7eb90f754a8b88600080b245302a6f,416,416,1
train,metal1055_jpg.rf.446d1026ea8cd3eedc229b966a3518aa.jpg,test,metal1055,f313b0ccd6a3628625b8ace17f124caf4a84b46d6499824bf3bd111cf7fb70f0,416,416,2
train,metal1068_jpg.rf.8ab5900e2a6fd05841dfe67d9ba90071.jpg,test,metal1068,4f29cca8aee931d71c52a9d72e2fbf187968e5585a4ff012a85f18faee8db7e0,416,416,1
train,metal1071_jpg.rf.b8e8417ee13e84a02172838adb0de3c5.jpg,test,metal1071,acbb78c5e542a988b0a9a86c03155d7b54636be32b0454367e77fd4d121b0071,416,416,1
test,metal1072_jpg.rf.13c3060f96d906a8031aeb25a535690c.jpg,test,metal1072,8f337efcb85f28e42043954b640a8cb1d5d29eabe04d191a505457550d725eb9,416,416,3
test,metal1073_jpg.rf.1a9fd41b91e040527d38fd2cca1a2022.jpg,test,metal1073,a47a83f18d288c20dbbfcf73348caff6b5acb3927ec5c510784e459442145d2a,416,416,1
train,metal107_jpg.rf.a2458531400ef1d9a727115faae10668.jpg,test,metal107,ababc2f05f026c6401e9042060181bce56cbb5e398c50f6982272a798f4845ef,416,416,3
train,metal1083_jpg.rf.b3f36f295afad90d2e507a2f3e1af39e.jpg,test,metal1083,1c6bf45a6d9e96973d6625e7f00f4c57b518704ae1f781d4dcf96b50e0d04b67,416,416,1
train,metal1087_jpg.rf.77bacd7bbace158c62f5011d471cf54c.jpg,test,metal1087,d0324765ab0a1bbe67dd6d489f9780456bd984fc9f3b45ae846b1d7bd6963f5f,416,416,1
train,metal1090_jpg.rf.da2bba16cb9287ea92f45dbb62dcdeb4.jpg,test,metal1090,bbcee230d91ba7d93a8eaa75b5a85b50d002d6becd9617b7d1f5dbd3f6b2b6f3,416,416,1
train,metal1098_jpg.rf.507cf309a103c5f20e9b8eec1a968be6.jpg,test,metal1098,01bc7d1a1324629d5fdcae9883e443c1c109b7eb0ddc790c8d290c7ea1219616,416,416,1
train,metal109_jpg.rf.f8784bd5ecf753527793e03cb946d58f.jpg,test,metal109,dfd03ff76e57d8eb30db4d4d2805f8d727f707a1b194cb9c844f53bd023be59d,416,416,2
train,metal1102_jpg.rf.a7a2329c2dd38a0b268eed4d52e7f7aa.jpg,test,metal1102,7e3d83015446431f57ffb2a6b2ea8205f6667e90b1633aeb235ad0b371b0eacf,416,416,1
train,metal1103_jpeg.rf.5d10ee37d5ae097d6a7857c43ea64240.jpg,test,metal1103,33b245e9185ab880378ea8e5c03bbfcdfb7119cedda6a4984feac483e04c00a4,416,416,2
train,metal1104_jpg.rf.e8820c4d4aa054363ec9e5854a781e8e.jpg,test,metal1104,0fb1395d4ce0085c4c53e34279158097901b4a3542a29ae7158a2166cbb0c3f2,416,416,1
val,metal1107_jpg.rf.8c9ad83e86d60c440d309b8771ec5e03.jpg,test,metal1107,512df21b2ebcf4f527d74fc217ff5129303ddd5bff869d4979e08e72ffa7d655,416,416,1
train,metal1109_jpg.rf.87ca9515b5eda01c0f4328650bfab4f8.jpg,test,metal1109,c67f75b5a7700be66c391b39aee9439c71cc12c7d6e7f91b87f46e7284aac246,416,416,1
val,metal1110_jpg.rf.fb69d399b25ab24dc0d3dad340636c51.jpg,test,metal1110,e37c27279230f4ad8455ac7b7c3863c58e48936f0be221c39f8abc70a0c2957c,416,416,1
train,metal1112_jpg.rf.dca1ef6f02aa96b86cb93ad7c397ba89.jpg,test,metal1112,82b4f8b59eb69abaf0a2ee3f6cf5edfc6fd9293dc2fa28236d7a678aaaf73ee9,416,416,1
train,metal1115_jpg.rf.711608408599960a616d5fc5263995e3.jpg,test,metal1115,1b4822935e1cf83c9b99da179c0f330a797396eadbdd4388db4dcb5298ad69c5,416,416,2
val,metal1116_jpg.rf.bd0e3a3cec42f89e17700c00f108f564.jpg,test,metal1116,b38c9aeb806f52bf6b7153277dcce1e722082450b5fa4c5bf9a93edbebe32d70,416,416,4
train,metal1118_jpg.rf.451b5badef9b8cf6bb9e2d50d6a071cf.jpg,test,metal1118,e5e55b17ca31e5de1cca0a53d59860c0d4f7f8e590ca23d5620583daed0a2466,416,416,1
test,metal1120_jpg.rf.d18cf837b541dc54d3fea2e27ce0286c.jpg,test,metal1120,6800dff24040c822b48e3c57219ed16688f37be3d4e3d9e5bca446105f947ea1,416,416,1
train,metal1124_jpg.rf.64120bda05ac3be42254114a171e81a3.jpg,test,metal1124,00c1cfcd49f88ae99d53675637b79076d90f61d37f42f8260f52eb89c3180a3d,416,416,1
train,metal1127_jpg.rf.e64701711ecc551b2493bb10dc5348ff.jpg,test,metal1127,2cb54454e4fc6d48b38e9831ce81c261bdbffc2a693740f4249777a6b26e1b0d,416,416,1
train,metal1132_jpg.rf.3edfb55810126525325dcf554d07130f.jpg,test,metal1132,d176313000393a2eafea6be19cc7f7b545e8c0e31262484555458c031caceb16,416,416,1
train,metal1133_jpg.rf.883b6e29a13c233a18d676fe3f69b2a5.jpg,test,metal1133,5d804afe42d52effb9f76b92ff5f8159bf6e0b48a69128230b15e33a23448411,416,416,2
test,metal1138_jpg.rf.e34afb02948eba613f6615f96291c478.jpg,test,metal1138,d5f4ff94c1e21d982496ae4b7140eb788bb066b2f640bc91247865bd3f8ff1ec,416,416,2
test,metal1147_jpeg.rf.25fd41c8493e53e08b2247622f0287bb.jpg,test,metal1147,9463a542907eabf11f396fcc49cab22927cd03fa3124901f83424777f371889f,416,416,1
train,metal1149_jpg.rf.0e1b8c50984ae8052ba86ff9de8556f2.jpg,test,metal1149,83596cda33efe22d23676ff70fa24ba9f8653da0c1bd4b0886ba3cfb83f94b0a,416,416,7
train,metal1150_jpg.rf.84ddd28b2e35637e1a9d2ab4900941e6.jpg,test,metal1150,90c1e3f29e62f7f1832d9a317c4d78fac67ed4e49b5adbaf4f3e0afc95a84a9e,416,416,2
train,metal1152_jpg.rf.6dbbce6bc281069f6039e7ae63e03b81.jpg,test,metal1152,dc10eb67ee346ff9d98aa7f30d223c87f8e87fbcd2921a14bfec626d67dc4ca7,416,416,1
test,metal1153_jpg.rf.34e74d9d7c3273b419c871ae1fd338aa.jpg,test,metal1153,50088fa53f1b187d8a028f3ab04786e3c214229e347592167573f485f7dd7dd3,416,416,1
train,metal1154_jpg.rf.b3530016bbdf37fe33d6dc1974361b78.jpg,test,metal1154,2e8b0276dc16ec0074d74d25115b1b3d747095111196278120e49f27e0d5351f,416,416,4
test,metal1155_jpg.rf.e3d60e3023bb416f5f2e8c0675abd84c.jpg,test,metal1155,d5663d958ba85be57d08fc207bd244f598cefb96004f573f964bd46fac772541,416,416,5
train,metal1160_jpg.rf.1077e686f79862c3d9443ab49629b27c.jpg,test,metal1160,98bfe10abea945d4dde25f92b95baca4814aaf2892613b50d3a0e2d05c3a2a4e,416,416,1
val,metal1165_jpg.rf.b864bfe4c1041d36cb038ee304fb573a.jpg,test,metal1165,50c7fb39a5d9aa23e39d6283e02cf1d5ff9d898c7465ed9c8dff500704ead2bf,416,416,3
train,metal1172_jpg.rf.7e916154095046034c60a9d7c63bbad9.jpg,test,metal1172,7a476c7170ea222c4eef733738c3494c45fc08b533666b25781e945aceebfbd4,416,416,1
train,metal1181_jpg.rf.a6489be2a18fc1753a51e705fbc7f914.jpg,test,metal1181,ca46d49d10ca6bd2403872b0d3e122c0559863ab54020f08a78ae081a638f8c0,416,416,1
train,metal1183_jpg.rf.ff8fd318cdbc254780ba72391b075a85.jpg,test,metal1183,3a5d156600d6b79b6a22915fdaa318fc406bffdf918324c9d600f7d33a6aad4b,416,416,2
train,metal1184_jpg.rf.47caadf533bac29c860ae5295f36cec1.jpg,test,metal1184,274371abd5b0e555059e335df92239abbfe758f896f2e277c3c41c21eb0d8775,416,416,3
train,metal1188_jpg.rf.2f360831dd6f11a7170c000002f5d818.jpg,test,metal1188,2809cbfe52ac80b40eea3dffc8256184046aed5798d51b707af78cff039d8ccd,416,416,3
train,metal1189_jpg.rf.203b8e1241394b1f045d34b15e81b4c8.jpg,test,metal1189,67d28ded8310768977d19e362a9eeb6e203532865def1b24c2ef54d223aff354,416,416,1
val,metal1190_jpg.rf.2e839161a0c6be058728b05605df5e48.jpg,test,metal1190,6ba60ec24b9a12a680964dfc4cd3cd33bcdcfb463a1796b86f357e865a642537,416,416,1
train,metal1191_jpg.rf.b5e612251cb537c882701e905122e4fb.jpg,test,metal1191,73a6a53c89d5c10baa469c1ee378885dfffbb47001c3d41496217a0f894be3dc,416,416,1
train,metal1197_jpg.rf.7d43748416afbd5ec2a9a76362d0f2a9.jpg,test,metal1197,faf108dbbd71c3440771019220d623c4e34e9ff8d990c337b0938ac068f582ee,416,416,1
test,metal1199_jpg.rf.8f26d2b52d95aecec06bb483d5e6656d.jpg,test,metal1199,a037079b9d5da564beb94c71c1bc539269b43a2fa9af24608c8153a45c0ec627,416,416,5
train,metal1200_jpg.rf.3c59b4f57ee6ce4c4614faa1467c28db.jpg,test,metal1200,4c9a0baddd6507af28f1425715377632df538c8b6901bc0686d30d4a1864eae7,416,416,1
test,metal1202_jpg.rf.11da901287c83138a177a59aa3f6c6d7.jpg,test,metal1202,b26016b21768b364d388ec3ba8dc8df17d09ed602bffaf17df5729e422e54c05,416,416,1
train,metal1203_jpg.rf.c87bd7b3b435cb8af55a962f93f2688f.jpg,test,metal1203,7e2f73fe989bef21767830f2f6eb9cae1d2deb7ccc6cdab1f84776a84374b906,416,416,1
train,metal1204_jpg.rf.5e3741be9747b915bfe7ecacc2bcae97.jpg,test,metal1204,4a27977ed2297acc470004e872f885b1cb1cf17739f63947b4f264fd613925bc,416,416,1
train,metal1207_jpg.rf.6294cf1c1a13ba70f67b099d5f04c357.jpg,test,metal1207,85771847856ec385599a0976d6eb88214bb3efc9b02dee8b19d2e2298c1de46f,416,416,1
train,metal1209_jpg.rf.9259313b2f74015e73cbd40d57b1f95a.jpg,test,metal1209,01a80128b8bd92ce2fba40de9282cee2d05c7eb6ccca7a325e9b9ac13d6d700f,416,416,1
train,metal1210_jpg.rf.56ce703727f2dc9be71bbc8908e4cc65.jpg,test,metal1210,2dfc836454c4619d3cbbc20a56c79dabd5839079b4ecadc3e11b09030e337b29,416,416,2
val,metal1220_jpg.rf.21c371a0b15dd2f75e3e1ba171a00c31.jpg,test,metal1220,7c88ec72773d107c39931581816ec41af70a5f5c98a87a6799a0d05e9f7a709b,416,416,2
train,metal1221_jpg.rf.9afa70f5995ff9ff579360142ce15805.jpg,test,metal1221,1ff5653d731db3559096a1eaf84fe77dec51eada6a32a48e83c3c46d384612e9,416,416,1
train,metal1224_jpg.rf.c6d7f3bef2d95495e58fe4059d434244.jpg,test,metal1224,6ad28d1d18817de26dc80bda10ee07b190e04fa7b104f26e138cb2f7272ded91,416,416,1
train,metal1226_jpg.rf.8c117190a7c995850b4db568aa01acc8.jpg,test,metal1226,d5c3a0533312aa0d46c6c85bb4e588db91591cc8377567479ba44557aea8a6de,416,416,1
train,metal122_jpg.rf.53c6a049da6b4f1f10ca8f9b1d686662.jpg,test,metal122,5e25373ec5749a8d0c2f6ee69cb44b5572c0b7c0eaca156a98d8a876c66b4157,416,416,1
train,metal1236_jpg.rf.65d61f1f496d4d949ab4f8882a261652.jpg,test,metal1236,ab15a74c90a067bf1ddc4f035c5b4401254ed3df76ad74cd219fc6fa88991876,416,416,1
train,metal1244_jpg.rf.560d9507df7b2075d1dd5275d822aca3.jpg,test,metal1244,dd9602f4854b443a9c8d5eff87daa562e0b0932f91fdb089a20cfdb390aa0604,416,416,2
train,metal1247_jpg.rf.ff510126c5258177370d15fbfa1b00b7.jpg,test,metal1247,5cdf72b6aaf80b017524bcb39f71a25f577e783ccf3c39296ba7265fa461cfd8,416,416,6
train,metal1249_jpg.rf.275f19692c47eff8d371ea2d482fbc47.jpg,test,metal1249,36a887edc9ca722396afc4388d2fb30907fa3f60bcc809843cc924022d53756f,416,416,1
test,metal124_jpg.rf.63401770adf4cae91869a2fdd2b45e11.jpg,test,metal124,9fb184055c1c38e36edf4c8828949ea6e18fd6914e4f6529828cdea6f06d9fca,416,416,5
val,metal1250_jpg.rf.b4d7a56410e637dedc32eccfcd6cad91.jpg,test,metal1250,93fc28874cb7c1c52924909e635a010dbc70dabfcf28587d172d9f1978deb345,416,416,2
train,metal1251_jpg.rf.b0e1ca8ea00fc4af8edbb8371e19945f.jpg,test,metal1251,bf7008fbec63bc82c310d29e289f2f77982cbcb17125816f3b04bbe2b60948c1,416,416,1
test,metal1253_jpg.rf.c93299f221d8b9614552891bf14f23be.jpg,test,metal1253,97a116228d49217cc018884e25a47454162e0bf5c432f65e654f9ffc8a0bb2a5,416,416,1
train,metal1256_jpg.rf.7fa9a1bf1f14a65984aa528039452257.jpg,test,metal1256,18bc2be448d3e7b6686142c9043f032f90073822b61ff083f38e387c0b6d817a,416,416,1
train,metal125_jpg.rf.3d0be74cec55c1e098519d22294caace.jpg,test,metal125,0016a2ad19936ee7431a7b1b7ffeb4d692c73b4360e10b56a1ec05c7a410b982,416,416,1
train,metal126_jpg.rf.494b43ce7b5662e99f1d622c3b30e836.jpg,test,metal126,71bc7d6d755771bd6c3fc593ab35ac444228e01ed522814385db4e397a0ff080,416,416,7
test,metal129_jpg.rf.4981c824d2da10ecb274e009233c7729.jpg,test,metal129,ed537d532462bc9004cb40384aadb515ff94ee459ca7cc086357ea2874ac728e,416,416,9
test,metal131_jpg.rf.714702bd3924f88c2eb78de78833fe17.jpg,test,metal131,b015ef2b162d2e052544c81208465f7eacf69e45b1b39902552ce63d625da590,416,416,12
test,metal134_jpg.rf.5786f1ae5a29d20516e82d61697c0421.jpg,test,metal134,4d0f9d5e1d684a251c7d2a6dd210e58d0e494bf39c73b2b680b3ec224285db63,416,416,2
train,metal136_jpg.rf.2d1864df73e60d325705eb2f961e16a8.jpg,test,metal136,e666f4c63967590f61df438042431cfd37499eddda049acd231377993da45c2e,416,416,1
train,metal138_jpg.rf.fb69100b4571a0938bf2e12caeb84956.jpg,test,metal138,a6ed40e544297a98bda102c705b00077fb48eb89c74969d70e959883d8ac83df,416,416,3
val,metal139_jpg.rf.907bf662a10abd30090f560695897f2a.jpg,test,metal139,0c472f8931410fdcca8872439df324a7581a424cc73a16c56f8f4e0384667f83,416,416,4
test,metal144_jpg.rf.facaad1f39bd814f1f72d55dbc0e6363.jpg,test,metal144,72101786e978a473204a6f96d4bebb1348f8618b3c11ea6035c7081837d433e2,416,416,4
val,metal148_jpg.rf.256c2f0791f6a61ce6d6357eafd6ae73.jpg,test,metal148,9f65ea2234624cc190e5f4ce3ddacf72e2d6bec825efdcdde6991ded1580747f,416,416,6
test,metal152_jpg.rf.c2f378261b18b711ffae82c63bb893b6.jpg,test,metal152,2f679d8875f4fe959ace54b763da09fe65cf34981425c1a67ba61926c9c2547a,416,416,1
train,metal153_jpg.rf.b693d0fefd784f69438b481f217e6ce5.jpg,test,metal153,1e6a41f697f0602f7d62d778031ec3da26351aae4fc535abf592c3a9ce71f7e3,416,416,1
test,metal154_jpg.rf.87271548a3b6c87171b2bf89f7d2fa0b.jpg,test,metal154,513a7e1ef518da0383c47e32dcfe63f59df882d7f39530187066f80fad2ea88f,416,416,12
train,metal161_jpg.rf.0b98e8ba4e324f55bd70530db1501e27.jpg,test,metal161,15ade6f273ed53a64c9d912f5cdeb5da9b36652602787b71f7bc7aca41fcb344,416,416,5
train,metal166_jpg.rf.4799529af15e95cf8e91bb2a157989b3.jpg,test,metal166,2b2a180ba66c6e232777f6df8599c680a8ec2c703ea6b6af88244ddd7570b23a,416,416,1
train,metal16_jpg.rf.11f031c205383935e079f6b96e6bc3a4.jpg,test,metal16,df97825641d9005f3d06dc8e448e279e64ef414aca7a8566b5bcf60d5d84f7e7,416,416,2
train,metal175_jpg.rf.7cf40cf5bf652a6aa3fa4a6fb1389531.jpg,test,metal175,6afbcbe80ad7b4eb0d51dc9eeab9b86896b9e0eb868eea0e6ac70e4020ff0ef4,416,416,3
train,metal176_jpg.rf.ebf256e2c06e3ac920a21d6dad5a89aa.jpg,test,metal176,be507fc47eb03654fd256db48c976bb9961f94b5634c796b51fa0a9cdd976dfd,416,416,2
train,metal186_jpg.rf.61e81e05dcbc43a0bf882bdba7d8e216.jpg,test,metal186,cce6068cbc1b4a1dc896742d75dca17c7bda602441970ac30785ea8804c1ad69,416,416,6
test,metal190_jpg.rf.b577995902336ac86fc12db4fc7e37bd.jpg,test,metal190,a9d824570222259a2f2106c7d351b05f8cb4ae622f157826158f07bd377ef477,416,416,3
test,metal191_jpg.rf.12b2d197019153fac46e983f0d982cdb.jpg,test,metal191,c14bb87b8a2cba9e70394bf8d1aa2f575982a4ffe1b4b61385c6b2cd19cc5e87,416,416,1
val,metal201_jpg.rf.b989fdb2088122f12515aeb0e094d5c2.jpg,test,metal201,5c0c35ae230f595142b241a1055d5dd5361a9c6617afe9cb22d5afbf646211b6,416,416,6
train,metal211_jpg.rf.54516123010226f7d276a0a2ab4d394a.jpg,test,metal211,73149858fc144c6556fc287fc503ed6b061347d5917b443cece8cc8112fd7edb,416,416,5
train,metal216_jpg.rf.e2c9cdb5c721902147c2d6c12995609e.jpg,test,metal216,842315ab5611565a24ccb5b0444aba62cc73c200a8dda8efbb3310ce7264d787,416,416,2
train,metal21_jpg.rf.b7fd8075839e4b30784369e96ff367fa.jpg,test,metal21,f7993ecc7846382225170e1758f491046b1f2236016bbaf0b476c624d5bc2211,416,416,2
train,metal220_jpg.rf.5cfa05f50f97eed3ff82dcf5386b0f7b.jpg,test,metal220,2b43ec438a45ea3819b4eccd155a99af9815c693564b61dc8d53c7f56aed18c1,416,416,7
test,metal223_jpg.rf.f30481068885c806f2de3d9682ffc10d.jpg,test,metal223,e11b275a55dee0f669bf0f5a17a323e057d6fe6382cdf7409bc3fad5b9723b41,416,416,6
train,metal229_jpg.rf.bb8302fd85a428a88fa95fff225da194.jpg,test,metal229,3539812428ca7bcc5a70035dced7a2b073aac3d35fd9b37eea1e606d3d052c3b,416,416,8
train,metal232_jpg.rf.8497b9b21bf382327e2feb28431ffce6.jpg,test,metal232,22d87a06f8f46cccd138ba3bff2eb94bb4ab6bd24fd5b43afbd1e25591faf662,416,416,1
test,metal233_jpg.rf.b5babfbb6ac6b389b8f79b56f8da74d0.jpg,test,metal233,cefca5216fc89de66c469f14f4c9a40e1511fd4cf7e671ee33bd1d3d9a039e3d,416,416,10
train,metal234_jpg.rf.47667693f002e71328d16d75e713dfe0.jpg,test,metal234,6ce7acde1f012d66cb0f2d41c5fc42b8b8093ca32191b6f4001a98ee96264556,416,416,1
train,metal236_jpg.rf.0c5933a62165925f93c0456952b9bcee.jpg,test,metal236,cf83566a12aa93af71aad910044c6d272a4c3ec36bfcfe0ab23cc016c7322a24,416,416,1
train,metal237_jpg.rf.5e3829f624fcca3ac23b567f24baed4d.jpg,test,metal237,5a02a6469ebe6741360bbf988b0171b1accb91a43736e8b28211c4159d20c270,416,416,4
train,metal239_jpg.rf.200e5c51d2a080d488e29d59e24f9306.jpg,test,metal239,819bd5034e762cdd3126a4cd43e972dcd5f643d1c321182be796741c862b696c,416,416,10
test,metal242_jpg.rf.ff6c77b26562181f03bc6805ceb177ee.jpg,test,metal242,5b861306fabdd704e6a03be1afa28c8c44dfc2a337c4d6ae7665af80e3a6060f,416,416,1
train,metal246_jpg.rf.3f730341f6ac5503f111f3d5d0dfa378.jpg,test,metal246,39941a2d7dccee12ff8678a0a6ec38e0ce3c9b399a2a702027ca67f2fed85d1a,416,416,16
train,metal255_jpg.rf.257781c10381231ad57417af65a83bb8.jpg,test,metal255,74b0afce9576b04e8c209a4c0500c00aa175b5a7f102f09c5700753ca127d09f,416,416,4
train,metal259_jpg.rf.c4dc428a7503aa08cda313388479a546.jpg,test,metal259,46cfaf80918026935b8a337cae9997f4f48d520178fd1f388111bac39347811f,416,416,2
val,metal25_jpg.rf.fa3509cbd8f7b35637084d41d080bc80.jpg,test,metal25,698f7caaa816f3d310903e7e5c905e2c6341acc93836caf5d9cea8248f3e9dd4,416,416,1
train,metal261_jpg.rf.58de6a113e2d8df7e0591e42c35d2e09.jpg,test,metal261,1a4f3be8b54cccc6672e926788f19da91a7e07d02cc39ec8af232a728fd2fbc2,416,416,4
train,metal263_jpg.rf.850497c82ef26600ba795c93e4cded4d.jpg,test,metal263,2f58cb450f0290d5f1c84b4b28933a1b0f823a1a3bd96d7e8b93941f18f5bae8,416,416,2
train,metal264_jpg.rf.14b0685ec6041f48aa15a17622304859.jpg,test,metal264,c35bafd70926803d937451b2264c8b22f07b5e5bb1cfa48bfbb1081f643fe6ee,416,416,3
train,metal267_jpg.rf.73539f4fdc6a507f106d2a32a5b7a257.jpg,test,metal267,04d7dcc6706c197a9013ceaf94b947bdafd89fc6db037ba9fbfc1ae36e59bc84,416,416,1
train,metal268_jpg.rf.1783b794c05961089a58c065d2ad3580.jpg,test,metal268,631330c7cb29c57d6ee01e6fa1b521776a04525976d3d3d5d15e97a3787c5b1e,416,416,5
train,metal273_jpg.rf.5c6ecf6f5378d0b8feffa55c2580cbfe.jpg,test,metal273,096f6254422e05df60a2c5e8f71ec3f02f19c967c34fa343ff0fd561e8912020,416,416,7
train,metal279_jpg.rf.9ac58e7ab7c2aa5cb57471703f365511.jpg,test,metal279,55f41d811a811905f5f8fada7f46cfa62eff0d9f13ec2c694cb0cbb6a26d9707,416,416,1
train,metal280_jpg.rf.cb748931e748b5d52c8862e34c09ad39.jpg,test,metal280,ca6a92f197b6e897a86ca9107efb02ce1bcc3b378ac008e0c6074039e7c262cd,416,416,2
val,metal283_jpg.rf.77085f5929135008258b4aeb2ed3086c.jpg,test,metal283,61e0ec4d42d9d8d54f0f175ff9f2e52098e1c15a0646b05a10f9169a47be2917,416,416,11
val,metal287_jpg.rf.23cd2640e7edcf99c9cc75f43afe02ae.jpg,test,metal287,d7140b89b35e2347097371448e5c9be33b22b99101d9fb0f85475032d0151e6e,416,416,4
train,metal289_jpg.rf.40f6facb9aed48dd5a1f3ba04932f5c6.jpg,test,metal289,8ae9bff36d02bdd2475a4680946eb3a7e88ac89a4a9e8cd212f50847a4d685ae,416,416,2
test,metal292_jpg.rf.7b17daa581144a26f4f0bead419e5b6c.jpg,test,metal292,ec7089e3ac6e1b8ff2540377802ec5d0b5f1a4eafc2fb80a2b7ea2d869f67d93,416,416,1
val,metal295_jpg.rf.68ef535b4591eea66422b52f5dc8506a.jpg,test,metal295,6397049ce9ef450fc104c44a33c7dd2e507ec9634806d060ba11947c38369b06,416,416,1
train,metal296_jpg.rf.48e522ab37fa29eb6ede4e523034e7a9.jpg,test,metal296,a460616d9a1a4401c2ca8bab4c9ccc55c3d96e584cbb10bf79b5749641448a11,416,416,1
train,metal297_jpg.rf.906cd706315df5e10fb512351995fc35.jpg,test,metal297,5d63ff2802301fde7049170eb5488f1a9da3ff80f5ee95ceb94277ad1068a34e,416,416,1
train,metal298_jpg.rf.e8d080f95daed8a87c90bea281d18fc7.jpg,test,metal298,3ef5e5a7902b4ff143c7b493ff5574d3af310f7dd08ec9d04ee6107a92ed532e,416,416,1
train,metal299_jpg.rf.4a37905038be6d58838f86e25d66c260.jpg,test,metal299,57bb7adc80d614e902cab1f90390b07c8400975d700f60378feaff90d2995b1d,416,416,1
train,metal29_jpg.rf.5cadc019ff77d286f7a7b0e9affd13df.jpg,test,metal29,fc85db6b50633dbd41700da53100c55c9edf3052702e0d8d13d3a3332ba8f727,416,416,4
train,metal301_jpg.rf.0dd640126cac52357fa3131c42218312.jpg,test,metal301,0c4be520b96731de79b62daa42c5ec0cb86598ad87e389b8922dba958837212e,416,416,1
val,metal302_jpg.rf.4d08f269d51159b05db74462f195afb2.jpg,test,metal302,9a6c11ada0b875bae8b56058ba37348a5b4d4d2fe1f95be6b1568459c31ba34b,416,416,1
train,metal309_jpg.rf.1331778225b5da7058538ef5a1c3ff1d.jpg,test,metal309,6eacaaa7910b2318093d51abe7856b4181101f9e0e37dbf255831b3a9a070804,416,416,1
train,metal310_jpg.rf.b3569ee615042585a0952c3acd0f36d2.jpg,test,metal310,2705f7df15f809008e01e2213c49dd1d37c9ac0dd63f600e421a8d282985584a,416,416,1
train,metal313_jpg.rf.85bc0d2eaab6a7289bf5fa30db9e328c.jpg,test,metal313,bb105653b228c1b757b1fe7bc5f781b3a6c0096d223118d2eeb69019c830574d,416,416,1
train,metal323_jpg.rf.f7d267c52862071840a558e2fd5a9354.jpg,test,metal323,98b8aa6058925179ca415a346cbb58ccce0123cc1b95b747296bb67213de56d3,416,416,1
train,metal327_jpg.rf.aecd4fc462b07c8e4141398fb8432469.jpg,test,metal327,5a6b9f80a445f45949c70ecec75fc449841fac1c30428a85c944e958aa22dc5c,416,416,1
train,metal328_jpg.rf.d69958d38bbe3026a1908ffbcc7919e8.jpg,test,metal328,cb106827c7a187ac93f54b1c1a754199ee42cefa30496c0d3e8ed5bf437bef90,416,416,1
test,metal32_jpg.rf.ec6b4bac450c6e7b73b32ece688c49dc.jpg,test,metal32,5b582e7e5015751fdfbf995ad8e813078b5ea6adb9fe459c3d1899a0b4980693,416,416,14
test,metal334_jpg.rf.2d762dea209225a355276b3c87ed1d98.jpg,test,metal334,2feeda3ef8aff11a6d271c605f509f9264f6fd230489da5b295fb86f6b80fb39,416,416,1
test,metal338_jpg.rf.6c24a403a81736a17c2e55c5d59d46df.jpg,test,metal338,9cf6e1525933d9daebba7a5a3bc77832388a0d0fc5acc36dec7677c581b5b7bf,416,416,1
train,metal339_jpg.rf.8f04d4a4f2e55eb4fa18e3284171d9d4.jpg,test,metal339,421786244da9aec268909a8ea51751135618af309e13260a0251106a6f4e51af,416,416,1
val,metal344_jpg.rf.fa7dfcf7b257b653122e08836ade9c89.jpg,test,metal344,842c0a5d0dccc2eea7a0e88d6d207cd063ebcfea65d6738e5b6e485a843ce399,416,416,1
train,metal349_jpg.rf.73ad3177c03bdd62049987714bddcdbc.jpg,test,metal349,e678a9a2fddc54c5c0f2f33a33d039933b300ab2ce9a25aa3c9b1b6f4e0b5e82,416,416,1
train,metal351_jpg.rf.93e9c571970b81e3b3dd23023133bbc8.jpg,test,metal351,55b2311814b210235eaa473b2af5b6b4aba6f22b9135748fc269776a65ca779f,416,416,1
val,metal353_jpg.rf.c6fdff7e7266a9e45a13dc81eea7f099.jpg,test,metal353,7f5d68908eff137f11759a46cb89778272845f2b3b2c4aa88ec77ae0ac040107,416,416,1
train,metal356_jpg.rf.c2f3e1a5307eedb24d1b31269dac2485.jpg,test,metal356,87fe855b12170424ec223f08053454728e38166f1a4b653cc4e9d48fd3898541,416,416,1
train,metal361_jpg.rf.ee892461361e0e3dbf4d04e401650ea3.jpg,test,metal361,0d522619d1080bb731d87b4c7625ba2ce82bab312678cc620f17635bc8e31d52,416,416,1
test,metal372_jpg.rf.7671d4d39eb45c276d5442b2c0f892c5.jpg,test,metal372,09780e859bc0d9d336b605bb0f73ec6dfb9581eb3bc5ac080bfa4d7a29e9d91f,416,416,1
train,metal373_jpg.rf.955bce51f0681c36f60bb2fa81b1552d.jpg,test,metal373,0abe8279cca42493d347ef86eccb453626621d8fadae390723d02eaaeb2e8f57,416,416,1
val,metal375_jpg.rf.6d1f22005746758019e6d3643ae09c85.jpg,test,metal375,bca272f5cf3c9772ce076d3dcff093a16ded5a8cfba5199c405bdd39f78d5959,416,416,1
train,metal384_jpg.rf.28dcb5ee09f065c859740d8416520674.jpg,test,metal384,fe9f663db069376bf6ff27e3b6891c5af6096c534235c6c5a8414da89215ec44,416,416,1
train,metal389_jpg.rf.afcbe1c1af772aeac296ede18ef41adf.jpg,test,metal389,5520c34c07dbc140d14478fcc06d2489da99afcfb522dd437ce612f5ac83034f,416,416,2
train,metal391_jpg.rf.d2d79150c42df8cd64bea8d65acc58ab.jpg,test,metal391,201bf26c6da6bba79ae4087423ba82d7c454416e838759dca641c0a4db7a9196,416,416,1
train,metal393_jpeg.rf.90ba6c241ce0b165a2f2ed6f48a4a1e5.jpg,test,metal393,b79fd25f4f64090340549fe4bce8bf9eb75d3b60b0a2a507046f2c64ee97495f,416,416,1
test,metal394_jpg.rf.0117986e30ba1e6d4f7ef3bf262f34e7.jpg,test,metal394,c20e97469f3e3c0fc1a1a36be96639c41664a234c3a290a9aeec7e6c9b535e8b,416,416,1
train,metal39_jpg.rf.80f4a99bc70dcb67ed7094f278a77900.jpg,test,metal39,4aaf403b805e86513f12dc9e5a5d36abe191abf4c0140fd735c7ff10c646b95f,416,416,3
test,metal402_jpg.rf.591ac1464e67aeafaf0b0ca0f368b0e4.jpg,test,metal402,beaa2a222846119d930e940dd3ecf3243904ba3b9267bdba0052ce1b5db2a84b,416,416,1
train,metal4_jpg.rf.95bf1c428ead5f8f591d5597fd3f81a6.jpg,test,metal4,1bb3702d1dff4f4b48969b96ca7e653303fe21e872e3d8e3527172c0a79992df,416,416,1
train,paper1008_jpg.rf.faef6fdbc29790622981282c2c3f9b9d.jpg,test,paper1008,c4998628943da48670d0affc11dd896605f6c8195dff53d70f7eefdbf2958ab9,416,416,1
train,paper1010_jpg.rf.7bd2a337917707018059cab808a37869.jpg,test,paper1010,53be76aa796777abcce57ca1ea834bc634738cf48b4520305a0ddb7ff301de08,416,416,1
train,paper1016_jpg.rf.c2998aca47f2e942ab0e5d6787e9b843.jpg,test,paper1016,0e8f0126bbdaa32aadb898ac4a5ff22b18059420600907074f14113ca4aab057,416,416,3
train,paper1024_jpg.rf.78963fc77fa0f47d44087c4ccb9e7ec6.jpg,test,paper1024,3f1e8a9f0e10e5f2e87b3906c0eb9cb8772be155d9c7f88d630caa00e1d05e50,416,416,1
train,paper1027_jpg.rf.25db97910108b8fbfec6b1bd91ab9eb1.jpg,test,paper1027,4b702dd8a5dcfa25885626d7521cd0ec859b9e4be47f336ca71698f4537b2aee,416,416,3
train,paper1030_jpg.rf.61ba649130886c2eb2f520380feca7c4.jpg,test,paper1030,7f383dfdc1f64e8f8197f1bfe7d3fc30ff2232f59ac4d111472ff98c63d7c70b,416,416,1
train,paper1032_jpg.rf.3f96fdb03a5e56b9cf890720fe8f8fb1.jpg,test,paper1032,d4a64c79e790883fce1c5f6bef290ff43536164b9c9ec83f020f3fabbd0b1998,416,416,4
train,paper103_jpeg.rf.fece844ef6112cb772930e241c3cea50.jpg,test,paper103,9d80871b6e92bbb7543f600d31c0799d38e0be20028708f65c9577f4da945f29,416,416,1
train,paper1041_jpg.rf.a85979df543f1f06667e8f0c832452fd.jpg,test,paper1041,c7eb0592c43c7f72d48aa400f7e5f14f76de0ba5f8775afac9358907ec4bb8f9,416,416,1
train,paper1043_jpg.rf.4d12f7bb04120a102ce12d82edbd39d6.jpg,test,paper1043,342a6a7d62c4b621f816de3c5865a3fc60e4999c0fbdea762127fc4844f21796,416,416,6
train,paper1046_jpg.rf.4f6493b25c7b099ad741477e8d0dc9fa.jpg,test,paper1046,bb22da40e779b04593483cb1052966fe86def84dbc305e709a140ade3ecb4f5c,416,416,1
train,paper104_jpg.rf.73e66b3b017e3bca4500865511b5bd3c.jpg,test,paper104,316729abba6a3ab0ba8b031b02a5e26bc8ae4a2e0de61810f13011fec86f37ef,416,416,1
train,paper1052_jpg.rf.b6cb2de00e81fa7bb2f372a6c0c2ccaf.jpg,test,paper1052,cbc72ef31f3e6c02adc05fa91a35cd221fe5e59c975dd888fdbaed8f8e6f16bc,416,416,1
train,paper1053_jpg.rf.5bf3321b06101ce727e42ade6138deda.jpg,test,paper1053,55424287b86d1c6e1ebbcd8478d87a894b467d90c76e3f6c161ce6325864854a,416,416,1
test,paper105_jpg.rf.5c66fe04f116e0712c9157ce01ed86a7.jpg,test,paper105,f8e9a2824e568f024f8d9c2b0e0ea6da52d56b575c504764641c632167ca9304,416,416,1
train,paper1060_jpg.rf.3a08cbbf186526ba42ad55143fa5d3f3.jpg,test,paper1060,9f69f2f141a5a15a8a76d29d63faefe7ef68c4be12a1c27f91b65811a22b1600,416,416,1
val,paper1062_jpg.rf.dbf3ae3ee92a868924409766974fc53c.jpg,test,paper1062,de4e7f81c177322aadd0356d8159f662954c68a1e45cd1a77c879a4dc9863fb2,416,416,2
train,paper1068_jpg.rf.9f10638825ed2d248bf8db4e5ea94eb4.jpg,test,paper1068,259ce89fa20c042965de218c363a6603505e7faf0576225e03f2ed83a4ccdba6,416,416,1
val,paper1070_jpg.rf.b16489583f33c0689df8c618e76f4644.jpg,test,paper1070,089b074189f2a4aa69032727fab87d9efbba31fd4734fc57f43ec36a77c7859c,416,416,1
train,paper1079_jpg.rf.408daabd0e8d420df7824d11d95c7cf5.jpg,test,paper1079,7b316f2c02297d426723ad6e32f51d43cba5befd80e200d831ea725c7c85d640,416,416,1
val,paper1081_jpg.rf.b6df7d3ae4f4f2b422f43b70c2024506.jpg,test,paper1081,c98a546686b3e73007c4d7994ad89ad984035d056bd742b5a3740b4e3d2577ce,416,416,1
train,paper1083_jpg.rf.4bb79b10ea3255e6c730448738f72433.jpg,test,paper1083,fc355dcd0e31015f4649fa38bc3e65527fcafc4675f666dba755b344d1d1b2ec,416,416,5
train,paper1084_jpg.rf.bcc9b2ce2f4ba8f0ed88c7eb9a5bd21d.jpg,test,paper1084,4bc225ce6ed3af1a6e6845ddff5f9f307eb8393dbdd38abbf8d4a56a5da724b9,416,416,5
train,paper1087_jpg.rf.72fec7acf1f4560d865fad9e5b427b7f.jpg,test,paper1087,66405b3b5e0e20fc15941d2a95d126a2d16e09b41ce62c1e7065621275051982,416,416,1
train,paper108_jpg.rf.78a3172fae7e26031943fdb755c54675.jpg,test,paper108,7c8e45e994250b1d10d64f7d53a7950c1f40fe8e9ff9b38d694f358a09771031,416,416,1
train,paper1090_jpg.rf.f329d8e1cc616bf6a23e052c1a19561c.jpg,test,paper1090,7be11da50ba0d2a53340d29c7ba6eb95fa721e443357d17ff5bd038fb737e027,416,416,1
test,paper1092_jpg.rf.c7360b4975c0acf55d35948948db1628.jpg,test,paper1092,64455f1d9bf4d3f7f6834fed979dd7e9259c2b120b940621c1c68d9229f1a148,416,416,7
val,paper1095_jpg.rf.4625051dd2732618dcc80db20a4798ce.jpg,test,paper1095,65603085bb0328560d36f0add714f9232fd0b603129b4c91a8caa6bbe0019ef5,416,416,1
train,paper1097_jpg.rf.ee519d607c7dfe2e745266c5e2e3234e.jpg,test,paper1097,bb13c20af5ffde246527cf5da874f3205a612066305925f32498b6c965b9ea91,416,416,1
train,paper109_jpg.rf.a70df309ad6b68341935a2e4e0e558ce.jpg,test,paper109,a4b68fdabd1b5d4078d0ca283be337d649ae78e4f47a9e1c98b829e84846af70,416,416,1
train,paper1105_jpg.rf.31d7f8ed7d6c6e0a509d3ed9e173710b.jpg,test,paper1105,875f0163c30b0b4afbbf7960207c4b3426cfbd4c4b1fedbf2cd65e4980b3cdd4,416,416,1
test,paper1109_jpeg.rf.d89ad9341d1044455bd6f8882fb7350f.jpg,test,paper1109,7b30734960c03bf88b12759eabc705b0205c46ff098f3c48408e661c1d57b4be,416,416,1
train,paper1113_jpg.rf.1378001b270042bc8468bdd363dc7c30.jpg,test,paper1113,415d4c6c69da45fe30cabf806b0d1f8734f6ca8be564244e9e9fe4239d65b795,416,416,1
train,paper1117_jpg.rf.fe30073759db99be6f0aba86d4f80f24.jpg,test,paper1117,940b4c11fcaa1e579b2f754ec33753c5818d6b9ee0918e9aded2c6bc8690eb2a,416,416,1
test,paper1124_jpg.rf.2c376d76614c337a21968137bd72f755.jpg,test,paper1124,c75d139439c7eaeb2a10dfe91d446e9b46a2c8640add20d0f5bc4c9ad80e8181,416,416,2
train,paper1125_jpg.rf.8f5c9fa5a238d94950371aadc49e5c61.jpg,test,paper1125,6dfc2e2ea81c8f27c1fc6c95152a85726ae4d79f545c6a79af668acef3e072f3,416,416,1
train,paper1128_jpg.rf.e4fb03e4295744ae8f348d29baf18ad0.jpg,test,paper1128,dec5ba00ce9443bca232a82f98db420034f2678c123d8f071c521056746618e1,416,416,1
train,paper1132_jpg.rf.be415b33a7f5d37bbaebe8843b08f31f.jpg,test,paper1132,d474b1ec36f39459f5e09d583f3046ba271397676eab5a8e4803f44dfecb23a4,416,416,8
test,paper1134_jpg.rf.c54f9f56861672f989d40041ab7c90f3.jpg,test,paper1134,f26926842f8777a4bd944e9b3f5711f0fd24ce11ddd31c422b92b7ae7213881e,416,416,3
train,paper1136_jpg.rf.5ab51bb4d42f7b8f10693c8f16e7865f.jpg,test,paper1136,afbfa9daac9c81ea3667baf928369221f372a8935ed569a649978dcb1bcc6665,416,416,5
train,paper1138_jpg.rf.277c196770398f65b47df74ebbe39d5c.jpg,test,paper1138,c5ea5bc08bc9b0a86fbe8f9beb84197aa3ab8fce970519ca8c00ec70204e43c8,416,416,3
train,paper113_jpg.rf.5393a69e8573287b844f4d1a8915e2a3.jpg,test,paper113,1ef1e7327106b7bc37cb1bd93f40c8c72a3c4c764853dad77ff881fa57aa71a7,416,416,1
train,paper1141_jpg.rf.703a0b5153efe897c45e1fc0159727bb.jpg,test,paper1141,fa0491217dc96cc669a4bded12ebee0f81b55f4af6d92cd5269f98d43267d767,416,416,1
train,paper1142_jpg.rf.220087605710e96d9774159ee538c855.jpg,test,paper1142,0852224f07f8514afbf70a6a552584b25de81a0666150bd12b38dfb2165fb5c0,416,416,2
test,paper1143_jpg.rf.95c6679c591c633c350cc04a7c6cde0c.jpg,test,paper1143,9dc8f8b687980dd6fad0532a114bc9f6e724051f16f294b47d890d40d34db9d4,416,416,3
train,paper1147_jpg.rf.452ab89aef1a03a117890911754c9257.jpg,test,paper1147,a62d9885e759df55d5f0ffde05a04cd614d24dccb93ebbcbcd411f9cdf0c0766,416,416,2
train,paper1152_jpg.rf.738e1fb4a01d0a69592190bb86d8ccf2.jpg,test,paper1152,9f5286ecb162df045bbbffe971c2d91ca405c802c072316fd3e6b13dbf74fb33,416,416,2
train,paper1155_jpg.rf.c1f668ce68cb302541e2477abb881843.jpg,test,paper1155,1f7768855e0eff8f87b9930cc0b49525228ad9b17479c69ab6fe063f4fef0efa,416,416,1
train,paper1158_jpg.rf.66f6c64ca56184d756b417dd2efd9604.jpg,test,paper1158,4c738fba71a7240f0b5ae801f4e50ab3ec4292cbdac52cb4496fe8251114edca,416,416,2
val,paper1160_jpg.rf.cdce4a52a1a3fe24ead81115c614c72b.jpg,test,paper1160,44c5f77df0df3319cda55d6934a47cf31a43e103952fe86324293f6b6f1ecfb2,416,416,2
train,paper1162_jpg.rf.cd960b1df51547e5de272f760a44d902.jpg,test,paper1162,ab1a6ed704222cc9181c86cf4d7ff03e5de84855a1b24fa070ca6c5050aecabd,416,416,10
train,paper1165_jpg.rf.fb8e424a2f0493c1dce375495c7b61b7.jpg,test,paper1165,36bf513c81aeadc1bf3dae392781ffe9d9d21e34242d13e5fcd26439b1f634fc,416,416,4
val,paper1166_jpg.rf.14de3c7044af320cbdb7e3deef41c4f8.jpg,test,paper1166,1fcc740ee20996490c6e6378ac2bd7b456e1d9a9e2b5b2bd5f246a94ca74bdb5,416,416,1
train,paper1169_jpg.rf.0a7c530efc44a48891d3aff687cbac90.jpg,test,paper1169,975e9c12993ddfa78292c13e203fbe0405cacb3a09c0d07a9490fd1b1f872657,416,416,1
test,paper1176_jpg.rf.8ccb4fbf6dd3810ff364a40abead88ba.jpg,test,paper1176,06bd5d225665042915c0b7c60576d606a63a04906eb268b3dc53f1f09e04501f,416,416,1
train,paper1178_jpg.rf.e060fc420000147444e02a3312d00adf.jpg,test,paper1178,67bddfbdb47695abd1672dd18902801bf27a10776596cac08e996f0e68851529,416,416,1
train,paper1179_jpg.rf.68eec3891d4ea9255176aae9262f754d.jpg,test,paper1179,c02e8c829d84450b12b4f18501c30734b192e170ce81149186726c13256338c8,416,416,3
train,paper1180_jpg.rf.40da54d797cffa41677c2ad2993d8f24.jpg,test,paper1180,1fcfd6b0c8687b5d558e7ca663ae0c4edaf6f489a9156d97b2f717534a4d6f79,416,416,1
train,paper1182_jpg.rf.acc66bbcce976468a94c30bbd882fbdd.jpg,test,paper1182,3714b282d1378a68cb9b5ea4a949d9505a45f228ae069867b466cf21a1f5c250,416,416,3
train,paper1184_jpg.rf.f84870e45aee6413db72c01b348a4f9e.jpg,test,paper1184,1b5998250d6937dba4f02943573d049d4f8b00346deb36c5b17435186d6a0547,416,416,3
train,paper118_jpg.rf.f0bca8cbd83cdcc49b1f614f7e5baef7.jpg,test,paper118,b0210db7e4a008a9b9b92af8df4b40e3767a1b6cccd1bd9097ef82866842bda5,416,416,1
train,paper1192_jpg.rf.9ef85c58282210a6f2ce171959d274a2.jpg,test,paper1192,37415fea37dd310b7a9fe30f5cf283c218e1f22e0ea191b871c0469372688512,416,416,5
train,paper1195_jpg.rf.cf2feff31b6019f526235fe8e0d1b01f.jpg,test,paper1195,b09dfd756f4eac4fdbf441902eb66069e6b5fb1be0e5703f6449cd41f1088a6f,416,416,1
train,paper1199_jpg.rf.779c0ad3ec70189c606d205ca435df6f.jpg,test,paper1199,7c80ca696d8f78d8fb6bc5a2f3a398c948e3c702a59c44e3ec2cb3cffe20a346,416,416,6
train,paper1207_jpg.rf.647e7da30763080f5d53e65618421496.jpg,test,paper1207,062a709aefc98c983f7a022703a7191c40e343c50356b1e07c6ccdfef37367ab,416,416,3
train,paper1210_jpg.rf.646075edf83b07dcff73f66fb67158db.jpg,test,paper1210,947ccc180a5921f38de6c2cdf5f0955475ea4b1a767dc4027e5fccbc683072cd,416,416,119
train,paper1215_jpg.rf.63ee995553d36e7d382838f911dadfbf.jpg,test,paper1215,941438c3fd6f7364971def6096876a33c99787752f828ecf50e6be0eaed271d6,416,416,36
train,paper1217_jpg.rf.0543e22276bee3a67d132f03a6bec93f.jpg,test,paper1217,373da502c6a713a5c4217a78279bfe33338acade01b93150d1ffed48dd2709b9,416,416,3
train,paper1219_jpg.rf.a2718a43d4bb8de2e0ef6eb205a526ba.jpg,test,paper1219,4b7f411499230d575b3c8accdcec273054f3a6edfa8b5c86e7fc7cf6e2fd65ee,416,416,10
train,paper121_jpg.rf.1cc2bc6fb640e0dd98d61722388ecb20.jpg,test,paper121,784cf003f58f1b6a242d2c8cc538e3655fc0882bd6e7bda7cd034ab3e9a2f690,416,416,1
test,paper1220_jpg.rf.238a4a6f0814c199bdc3414a74f3ebfe.jpg,test,paper1220,403230201d3437228863024ceb25b9939ac428bd011bb13ec1bcbddb5e1e0fdd,416,416,84
test,paper1222_jpg.rf.21d41c7c6d88f3f21c968e6c65dd0b88.jpg,test,paper1222,fb461fca1dfa2d3be39b349b964a73a84eda051dfcc795064be4c186c836524f,416,416,1
train,paper1223_jpg.rf.78dc8fe7fafc9e7395ea3e19f97ed75c.jpg,test,paper1223,8a6cb954dd285bd77294a20080b057e4f93344a3ff6b86d6e193f8b8cd2a8be6,416,416,2
train,paper1228_jpg.rf.f500190a06dd042bbe09e742dee5e342.jpg,test,paper1228,992eacaa0bd59f17dd5c876fa8f93e76e75b8c792bfc7beab0eec20fce930b37,416,416,3
test,paper1229_jpg.rf.b08691310dcf65bc72f6b1d7e163b837.jpg,test,paper1229,787f26cb7f44cc11c71e929c7f04a8a275b41fd3212369b60296277058a2e7e0,416,416,1
train,paper1232_jpg.rf.8d0d1f0dc4e421040bf904118d842f1c.jpg,test,paper1232,6f42cf986bc5330eada514961863a54f4503d4b0578985a065956a263e01ff21,416,416,14
train,paper1237_jpg.rf.8ce961ac8370e446b86afbb0bbaf8b3a.jpg,test,paper1237,b1c2e81e9668bcb7e851454045470fde1a4bb47212daf2036785dcfefc541110,416,416,7
train,paper1242_jpg.rf.43152a5f4c1cfa7325c510c022ec1c88.jpg,test,paper1242,ec44d8660dbb3c12d82887dec5ae4cf76056e91d5cda376ee7bfc4a469fc8e6a,416,416,3
train,paper1245_jpg.rf.0afc325e33b12ddceed8c2949b8e7cbe.jpg,test,paper1245,f2c02c2a646709a6693d2a5916cd73b1db6e2b74f3f8f44b96c32eabae6f8ef6,416,416,10
test,paper1249_jpg.rf.68933b3d07a368275efc5d985b4da9db.jpg,test,paper1249,4a0b23f8d1009583a2e77fcfd5f201878002f9fd1ecb207af6c9719b85db5de8,416,416,23
train,paper1250_jpg.rf.d4ac56970a76abf118e70a2e9860186b.jpg,test,paper1250,e36914cb86c0972e3e4359c53daa88afcc632c47fb18661d9618925c3716cda8,416,416,7
val,paper1252_jpg.rf.e1c477fe703651d9957c9a83a2a968e2.jpg,test,paper1252,32973af6e9d4bc0b65149728bb54a45bdac82f076eff2140f0a9a8f5e30b029a,416,416,3
train,paper1255_jpg.rf.aa5bcab3d9b91ebc85aec9aa0096fb44.jpg,test,paper1255,99a0af747cd5fe903f08bb47bf54dc553a07ba9bda9827271f8c82ce66d5f730,416,416,1
train,paper1256_jpg.rf.a8154f48c939f118acc1c172749611a6.jpg,test,paper1256,6ed3610e7dddc215bcfb3fe0f2151958240690fc628c79c228e337e319ff5dce,416,416,3
val,paper1258_jpg.rf.b08865b024da3dcdaf1467a155522fdf.jpg,test,paper1258,bdaa019edf611b8ea37fbb408e5f2e488a76f29ec457a7c2f25f2dc2df9eca74,416,416,1
train,paper1259_jpg.rf.d6e23de52a248c6cf395d37c45a97a14.jpg,test,paper1259,4762a1be2215a3f6928f5c52414aa2cdbeab0e576a66940e6c9d76b51610b04c,416,416,13
test,paper1260_jpg.rf.9c0921fb6973f06a2b9771e63060d65b.jpg,test,paper1260,89ce2705dcbbed5191a3cad3ea70af8d26ad85af2884d9ec974645659a02f405,416,416,1
train,paper1262_jpg.rf.852fee63c89f1456630f4e83429cb4a3.jpg,test,paper1262,6369d778893edf666b8e5ac17072a43b9095a0754d3dfb3c6082b2530438c16a,416,416,1
val,paper1264_jpg.rf.612fcb2f9961cdd4c90133c529292735.jpg,test,paper1264,2fde3475262961ce807575ea0bf7122bf4e4220810f18753deb005261290db64,416,416,1
train,paper1265_jpg.rf.c4ee623657788eb0940a4f83fddd8c58.jpg,test,paper1265,e9f736b09f1314e145b312fd07ba869d09de43170f2f29d11c74407b75eadd6c,416,416,1
train,paper1266_jpg.rf.19a8200ca268cec6afa5dba64bae9525.jpg,test,paper1266,27ec2b95a88eef967ff9dac1c18ac4383da51664ab7a51dca47bf386251820eb,416,416,1
test,paper1268_jpg.rf.1231e8f6b4fae3fb8d04a547ced94abb.jpg,test,paper1268,3b3dc2e108adcb0e3c7b2fbff632db988c513e292068b50d3503641686eb0a41,416,416,1
val,paper1273_jpg.rf.6221648d2c7e78fd6829eccc6668ac3a.jpg,test,paper1273,459888381050c4fb3adf1d46e043f05d95e01809fb502b2ecbeedaeacc371467,416,416,1
train,paper1281_jpg.rf.787632783ce27ea232912c8f92a6db86.jpg,test,paper1281,583bc936a1fa00ead5fe8c45b696b9179c50e73d71454cacdd63381d4106bf55,416,416,1
train,paper1290_jpg.rf.89f2985bdade0818f972155d5d501f70.jpg,test,paper1290,375f26a2a655b5a36a63d46d90b6f2ab3b9cd3517f8182be8deae5453078e4c9,416,416,1
train,paper1295_jpg.rf.d55cc806417a6c8c29667ee082080f7f.jpg,test,paper1295,f25c6eb7d349b29649c756c8678547e2eb9210b328914c83858c1a0b00ba3f55,416,416,1
train,paper1298_jpg.rf.79844c7b761e53cc22995765688ae21f.jpg,test,paper1298,668d7ff1cce95800410b0567665d70590f8e40783cdddd5025a6366f2c891f67,416,416,1
train,paper1299_jpg.rf.0e2472e4a4198e9e0cda4153409aa3fb.jpg,test,paper1299,1b7f3aa202ae5d0e9537da84513f0461aea6c380c4e38fc987a33fb35ca14338,416,416,1
val,paper1304_jpg.rf.7d2f342565847fc95cf93792fb33fd8f.jpg,test,paper1304,030fe0ef4b764a72a5e3206ffc37fe344463a90f8c782dfff650fe36a5ce2a0c,416,416,1
train,paper1310_jpg.rf.e1c86c5684432a2428eee4932b574e68.jpg,test,paper1310,eb0b91642e0228ebd8e66db13a1dd575bd99e9fec61aa328dd4331955f7d09a8,416,416,1
train,paper1311_jpg.rf.7a08884c84817cefb0132ba3e4fbc7f2.jpg,test,paper1311,e6bc16214624fb6f34fc9b2208d2851bde7b1aaaaba6a579e962ab77a3805933,416,416,3
train,paper1313_jpg.rf.066d0743c74196ecac81e383642e0161.jpg,test,paper1313,9683b54dba7d11214108406ee70aacc205b8092db600018c073606ed0467c1ac,416,416,1
train,paper1314_jpg.rf.154299814151b89c3e16728043b53e4e.jpg,test,paper1314,7bb8ea7b2aee2d5eb22eaa317418b6108cbac71ec6cc90222e262e8af5701466,416,416,1
train,paper131_jpg.rf.0c880f85bdb100b9cc04265f51662026.jpg,test,paper131,97c6f3df90e0be47c6997c52e501294afcb7f8a688beb87fea0254819697e20c,416,416,1
test,paper1320_jpg.rf.2fd2a5ccbe96bda654afcc4a4c541199.jpg,test,paper1320,c7aae1b204f646fb3ec0d659f0ba42d50df80b98ce122fd334f78d7453bd0ec0,416,416,1
train,paper1323_jpg.rf.77255e2ccee473e472110c3590b95e2f.jpg,test,paper1323,799eae2e393c989c39ce64ace79146150d1ede974ab9b546db8c0260ced66f21,416,416,1
train,paper1324_jpg.rf.1ebc625612c01de5ab56db813d4febe6.jpg,test,paper1324,306d554d35df0c07170e10ecee5ee6aa569bf735a91c531986a11323a7b7cc8e,416,416,1
train,paper1329_jpg.rf.e15d400e8fe5fcb267bcc4aeafc1795f.jpg,test,paper1329,88c0ec54a0576a26a681d05e6541f5a3cfd7b378b7a087c769bb6a0d325a4edb,416,416,1
val,paper132_jpg.rf.8e1c63baa489b5937ebf3e5079eaa54e.jpg,test,paper132,fdda7e9502bdc9520631a36c67152f1eff812d25f444c24ecff8238356a0b7f6,416,416,1
test,paper1333_jpg.rf.e20f2a26c9b1abb487e23be1a0051cc6.jpg,test,paper1333,847ce32f93c844b1f1e637290333c86d7b3dd6a867b00303d6ff762ed4a3120b,416,416,1
train,paper1336_jpg.rf.39bab8911ab5c2814b56c1bd11aca0b5.jpg,test,paper1336,218f10734cb4dc723e8f409b1c800f22dbaf8ab956c9a1f31742ccbe3a56b6f9,416,416,1
train,paper1339_jpg.rf.daafd1a8793b44cbaae6e1807e094061.jpg,test,paper1339,6698627b0c122e23a5714c6ac98fe8611465505dc9836f3ddf152e4c692875be,416,416,1
train,paper1342_jpg.rf.ad3ae49f61dce44c77f97329f63644a6.jpg,test,paper1342,6c689d2c54ba80d5f286fd29717c46c9d3a5405f4df7698a3cff8a672f968dd0,416,416,2
train,paper1346_jpg.rf.f8a9e1402da188da8c6b6924700e7db0.jpg,test,paper1346,67e7771e400cf5ea10c44df83f6a6358c3f6f101ad42e893552d23883b9a4aca,416,416,1
train,paper1351_jpg.rf.930be20fc3c2cda0cd8542a236b9b7a9.jpg,test,paper1351,b4487922ac102a63deb23083bf26eb9e2cb504fc2121ac4965e30a1769ec016a,416,416,1
train,paper1352_jpg.rf.3b9643d3ecddba65840996ae8447e4ac.jpg,test,paper1352,d6dda8899c962f76d2a3796dd6cd4132c21013ff9dd3a15e94595cf1e4ef6c24,416,416,1
train,paper135_jpg.rf.8b8233d87f9e9ce9b41f6f753ba34328.jpg,test,paper135,e6fcccecc5425fc8c18bc4945c636aff9b96562b1716017c89ac3827b38cdbf8,416,416,1
val,paper1360_jpg.rf.3dd58251adce9ffc3c7eab257d13aa53.jpg,test,paper1360,e2e7dccfb59d2094a142a111a8a4a2c76d018a1b8cce51ffdc08ab042be8ac89,416,416,1
train,paper1362_jpg.rf.c52a90c77cda7cb409b31893fab8ee68.jpg,test,paper1362,d5757de1b5de734814cfed6c6f033a3dde304118fcab68b787dfc6f4717f140f,416,416,1
train,paper1367_jpg.rf.465ed49645b2f45e27bff1608be92f78.jpg,test,paper1367,5b406db27906d12afe1258bf23e0ac7216e31db4e0178c1dec86371b468c7557,416,416,1
train,paper1369_jpg.rf.f1b2cc39c25203a87eaf55a93e802638.jpg,test,paper1369,31896e6d6e6c69a33054ec7d8c3554f9b41b21dbd9cb02a64b6a805ba45ea224,416,416,3
test,paper1370_jpg.rf.3594482ef11714280e7bc3054724c7c8.jpg,test,paper1370,057a5468f30511ad1c7161ea968c82a73ad2482e315b654074aab1dd5c551b5c,416,416,1
train,paper1371_jpg.rf.269d5a984f34f799c9547db95d4d6a1b.jpg,test,paper1371,64fdb2785eaddfd18088befb79d512307e7a188a63eccd8ac94bcae641644407,416,416,2
test,paper1372_jpg.rf.721bf3cdfcd8706ef9a1180238eaec8a.jpg,test,paper1372,bb1ead7850b41eabc284ecd3fb2f00717c2d897798828959d9bed40450570387,416,416,1
train,paper1373_jpg.rf.2587a5c6ab9a315ddbe8c12bdf22a865.jpg,test,paper1373,724782dcf7a486106069bd68fad5976c1da4500de872ff070296d8ec5c689571,416,416,1
test,paper1374_jpg.rf.674d66bae84605eb248dfa2b7440f52a.jpg,test,paper1374,f50b121ae5203b62e9fba15f59d09f947debdf9d3d2a4efe0798792884cc6aa8,416,416,1
train,paper1377_jpg.rf.e144190bf9fc944912f92755c52b064a.jpg,test,paper1377,4a95c9e6bfe7a36c919c1a42f7a8fb043d0c515ee877f9495e7dd26d2e1c6865,416,416,2
train,paper1381_jpg.rf.8c8f0cfbe4fd464aaf3e4c82e7852294.jpg,test,paper1381,c7e5d1de4618fd640ef07e58bb2c96d11b36be83563b8b5ccad4e87f272993b2,416,416,4
train,paper1387_jpg.rf.2747df68245b2b3e53133a56b853a278.jpg,test,paper1387,3bf904759d9079cf8fb9c8cd239878e8f553abe545d170295d0ddbd6840a9266,416,416,10
test,paper1388_jpg.rf.f2c63be1196ad10511f512160ddf2d79.jpg,test,paper1388,df4a5c92f9a0e890d673c4ce5b26dc14035130a9a931b6cb64065a35eed8960d,416,416,1
test,paper1390_jpg.rf.0100e2cfdb93f4f69ad9ab6a698e3d0c.jpg,test,paper1390,636f52d65ab33b92ad5d9ac11486f2051c834fe56e8dee9f5e60ed7b4c174471,416,416,3
train,paper1391_jpg.rf.7c53ba83d84a5812f2643d7c13629a10.jpg,test,paper1391,28eae13e6ac9f98b5afd404c21b760bac3cdfd0927aa5077657d2aca2ce29340,416,416,1
val,paper1392_jpg.rf.f24af313c5cbf848f4431ba35ee0a46b.jpg,test,paper1392,c04498cc2ff24a233b7778d60b90486b2ea3ffe1670b529c158f77eaa204582d,416,416,1
val,paper139_jpg.rf.392098cbd72727f2547661f98f2f0aa4.jpg,test,paper139,fd6ceecc0cc6dd698706acb9dda3784f3a55d61b3d1ebffabf807bd111e61fd8,416,416,1
train,paper13_jpg.rf.720e3c8ecd2d18a4dc4b607b307bd95e.jpg,test,paper13,6db4f41bd806f5f3bcd3192f8961a10f06f9eca0555c2c57b45fadbcd513160e,416,416,1
train,paper1400_jpg.rf.dc0f028724d739a940e06417f6a7e75d.jpg,test,paper1400,8ef053ea234269b64c99440c6501c95a7889fc8bf96e0e630cd8fc9b2bdde8c8,416,416,2
train,paper1402_jpg.rf.e4d1e2a57fa7a374e583bba3f98b3b32.jpg,test,paper1402,1c62fbe4ab668c4e70a0a06139d953f09f66dbaebcfa0741b706302cc4208adf,416,416,1
train,paper1407_jpg.rf.cc7f161194cd45a09da938f6bfed183a.jpg,test,paper1407,a1a7093800cab204b23f5b8bf0262b1e123750a9aa30fe308e8b49156c5e127d,416,416,1
train,paper1408_jpg.rf.9b0a2287af91fba29b8631bc5b303f40.jpg,test,paper1408,9d840a247962f719601418c527d132487122c7a1ccde7d93c39d129a4531672b,416,416,8
val,paper1411_jpg.rf.dbcdc802daa77764f2192d2735a8de79.jpg,test,paper1411,bea48e789ac89569123dca7f38a01bfa29cb4cdcd09a5dfd6b79f59ce14ef84b,416,416,1
train,paper1412_jpg.rf.53a29822cb375d05cdd7c05cc5553668.jpg,test,paper1412,08ce6eca6fdab83fdd21d2075059d93023c9a5fb16f07f259c4a8db0c93b185c,416,416,2
test,paper1419_jpg.rf.f6e5288a0a8fd02f135e77b53d190d7d.jpg,test,paper1419,4694f9c09df1e8d7f845da2748a74c3db7368e4c7793610349282658666f8985,416,416,13
train,paper1421_jpg.rf.9724bfedf78e512000791778d267cd4d.jpg,test,paper1421,210742f487136467fb7e8aa38aa4740f35b1b17ee43f524182956afb456133ab,416,416,1
val,paper1424_jpg.rf.bfd7eeb512a0d3d7b31bbed8de29890a.jpg,test,paper1424,1dc1ebef64b8a9e6440b11622cbc29270bb29acbb284ae8ccb587c082527dde1,416,416,2
val,paper1426_jpg.rf.4f2f10a826f45063c711f45f482b2a83.jpg,test,paper1426,0cd1b61d42751fc9438fe6a60beda95090720c01d4436b899922bac95633ed76,416,416,8
train,paper1427_jpg.rf.24446e52299ef12c951a0b198eeca121.jpg,test,paper1427,0cf3faf2bdab7590b07d797f872dade52b16cff009cc8a94d3bc9882a32c967d,416,416,1
test,paper1430_jpg.rf.4da0e71eab5e1a13f510f439c7d7fd28.jpg,test,paper1430,7875f68fdcd040a2cb0f9b963ef032fe473f0880168d09f600cdd6a0b88dc413,416,416,11
train,paper1437_jpeg.rf.a1ace6bbc4f672621f277bb5dbdc31e2.jpg,test,paper1437,daa5c30c6e68543d9bdee9009440884b5852dc0049773a262253a5e99746ff40,416,416,1
train,paper1439_jpg.rf.5c6a1603f56b2bd773851cf86884c40a.jpg,test,paper1439,f13f43bffaa8ea7c930ca04657b49305ecd0ce3bcfed9c85b8f10fb85f15dbff,416,416,3
train,paper143_jpg.rf.08ff416b9446cbc5843678244401f14b.jpg,test,paper143,4a919e55d33d50af7a22eebee2919bc9f2e5143e9f4adec22004d5ca134f1a1b,416,416,1
train,paper1441_jpg.rf.f92ea62ec3db772d510282fd8c57a581.jpg,test,paper1441,b304979636d613910f6b22abcb090515d4b8ca0f982f443885d42f7f7192bb0b,416,416,1
train,paper1447_jpeg.rf.7d157b5245f53e24456a70dbf72d75f1.jpg,test,paper1447,e782b608043262cc01dd35f27ec6ba3cab6d22c7d5e83e368d33d36a4f52374c,416,416,1
train,paper1450_jpeg.rf.f4bc69a8808833bbe34d14bdab1a4ab6.jpg,test,paper1450,6cabb1453498f740c93a626ea65de195e3745399d53c90e9a612f9779a9994bc,416,416,1
train,paper1455_jpeg.rf.9be98392d6a04337a43fefcc3c395295.jpg,test,paper1455,680606988d5503c3734d9a764123a3b6835e42cbebd2c43489b425c6190866e2,416,416,1
test,paper1457_jpg.rf.28fcb91418fe6b651c9811a1c40f0634.jpg,test,paper1457,f6507b11e0bbaf8ac135b9509dee72204f715414df4d8334d892ae63953b86a6,416,416,1
val,paper1458_jpeg.rf.fdecb3f8f142789b45c4a86e159c5818.jpg,test,paper1458,ebc3a76729b3ba88e179effca0c64ffdcdc65aedc2769dc6171e1e9bd5a71abf,416,416,1
train,paper1461_jpeg.rf.af48fe54493f9cf5a71db93de852512f.jpg,test,paper1461,543a17a5a56a45dc230d232d660b955066d7b1036592f902fb54f172b1470eec,416,416,1
test,paper1462_jpeg.rf.287b6636e8f9ad0f85d9eae3cea46b96.jpg,test,paper1462,5b1386aacb08bfcb00f28997285807e3f48d5e5e2227f43501193b41c15d4e71,416,416,1
train,paper1463_jpeg.rf.76aaa4fa2da90f6e1099d55be9cb0ebe.jpg,test,paper1463,c4a4b06f12cac77283879376dbaa603b7d81e9d113b2a7be38130f7e4c3a166d,416,416,1
train,paper1469_jpeg.rf.5805c8791a20d9fbac83816214cde59c.jpg,test,paper1469,a3a70eac56a488c327e50dd42b28e3ee02ed4f5db995b7b40ddc597fdedf8e73,416,416,1
train,paper146_jpg.rf.8f76eabddb31902b5e6df19c8e5961a7.jpg,test,paper146,b5f88d4bc0572a2975ed8fc4b3ba341876b494f9510e486ae04dae507608f3cd,416,416,1
train,paper1471_jpeg.rf.c9662de4136121a0d5ef0d076c043243.jpg,test,paper1471,6c10609e010611006e9ff14386be00cc0c2fa91c6bc0215a72659edf456f1fe6,416,416,1
train,paper1472_jpeg.rf.08422d56861ef7f8d0a44496f6ae5628.jpg,test,paper1472,5da52abb6840d87ffebca392a8fcb43dc822906a374838ad703972b832942bfb,416,416,1
train,paper1474_jpeg.rf.7b1275fa33d8167b4a9ccf2f9e6d1e0a.jpg,test,paper1474,15666a08d664bb1973c4655097bbddcab7568dbdd4005d31af55573d98e1aa70,416,416,1
train,paper1480_jpeg.rf.e805e95aee2ef201503995ca69800e79.jpg,test,paper1480,26af93f1c4240e87ffafbbf8b5ffebfcb76647e0d2506116b9fc9d571519c5bb,416,416,1
val,paper1483_jpeg.rf.1beba755906060a23e4118a243e2ec8e.jpg,test,paper1483,3900034d7736059f3470d6d0338c79adaddf1dc6e7ff41a76a0cb09eb369d9e1,416,416,1
train,paper1484_jpeg.rf.9c6f1c34d0626655a3cc7e3e2629a435.jpg,test,paper1484,7fc0f2e1611bc92c286d26689ffe4463228bb7a3ad5a147756d1ffebbf7a5e73,416,416,1
train,paper1486_jpeg.rf.ac9dd28ca90ba7f7693ca4ba9b8ce44d.jpg,test,paper1486,f141a1d6d6a28954a92977a8078ba6eb113b7541f37e757113cbe3c428a114f1,416,416,1
train,paper1487_jpeg.rf.0ea4219ede88cfff02dfba177e4445ad.jpg,test,paper1487,4ce9d9c7f4ef5a457f9e005970318438d39c4f9fcdf9a752d53aeb1b75c2fd8d,416,416,1
train,paper1491_jpeg.rf.574016715e18e5f92f5bde4288dc76ef.jpg,test,paper1491,2bf5116c7d449fa6a90a35dc4843407acabfe16b0509c2a7157fa92d709351bd,416,416,1
train,paper1492_jpeg.rf.76e266a1bc949fd448fde497a3c19cf5.jpg,test,paper1492,44953f0e2975cbcafc14040a9ba147575fd027e8095f1b356cbfa535e22c73d0,416,416,1
train,paper1494_jpg.rf.36ec9c812f4d58dafdaceee496651b2a.jpg,test,paper1494,c10fe120e04c6ab715c62f7e456ea444e2328878232e548a859dcc75f50fbe6e,416,416,1
train,paper1499_jpeg.rf.3fa4f8a86bcfa5ba70718f1c7eede448.jpg,test,paper1499,2babf6b3f9a962d4a6998ae657c5396e3c417c33e4c56e60db8fa0efd2b581c8,416,416,3
train,paper149_jpg.rf.f9796ece1da38af52d3da7428887276f.jpg,test,paper149,6a621cf9c1754268b95bf1cd3f71b73f1c7a118e97aecb64b73764e5b7e971a1,416,416,1
train,paper1500_jpeg.rf.6f2baa1031b6102817392e06b9e6935b.jpg,test,paper1500,385d2d2dfb3f561c7e77cf66c6d674e9e8d3ff4fd80879e0c516f293194fab3c,416,416,1
train,paper1501_jpeg.rf.fda412c48eee5b77182836daf37066c7.jpg,test,paper1501,c4cad60f9a40245cffd4ccbb465c498fb49e5f9ae5181e9016852b39bcb92105,416,416,1
test,paper1503_jpeg.rf.417fb8d829f92bae36cf38ca140b64d8.jpg,test,paper1503,3a63fcc5f952606cf17dbb8d1bb47e6c1db27b82b8e349a0ca8b918a096c4e1c,416,416,1
train,paper1509_jpeg.rf.549384441b557ca900fbcec0a10d5950.jpg,test,paper1509,ca7be94a0dbeb68c3762e66ad002a3519912aa476271c1ffa73d78eb0940209b,416,416,1
train,paper1517_jpeg.rf.696a4aba453ad245d379280c36a47bd0.jpg,test,paper1517,3077e9cc004df359157f5cae40a9bc99464e90be417b85d4915ed12ae4e0f46f,416,416,1
val,paper1521_jpeg.rf.d4ca7d6fe8a200ec37536f2e15105448.jpg,test,paper1521,94c62c374b5c12089cd79d454a2403b66541e08978054584420648f9a7e0b140,416,416,1
train,paper1524_jpeg.rf.d1551c0fe1db19341a97d8df78ad00e7.jpg,test,paper1524,3ed1b3de996aa3dd1fa15907a208291ab34b880a6a5003463f555bf9ffade461,416,416,1
train,paper1528_jpg.rf.f3dcccbc810ed4d2e50ac40f95ad6648.jpg,test,paper1528,595cef52baa889070f890d0e82666b07bae5bc4e02396af1b1a1aba02f954b4f,416,416,1
train,paper1532_jpeg.rf.51a41301d41a77b4abba6f4a5cd4ebf7.jpg,test,paper1532,bb322e60e6b70b668107d788685bdbb4b1364c94f87d367eca8c1602eaaad479,416,416,1
train,paper1535_jpeg.rf.5d8937865f9cf740846f84049518a33b.jpg,test,paper1535,ccaf1f7abb3cf74330d400ecc7a4e5cba65b06b21ab8cfeca7b11dc909f725dd,416,416,1
train,paper1536_jpeg.rf.72451e4b21ccd794db1fecd0581804e0.jpg,test,paper1536,68fdb0696120a387d73f9bbc9173a6afcb99f094968a47cb402b5e9e11768eb0,416,416,1
train,paper1538_jpeg.rf.e1aecb33c3e0b03011bba2c1ae8729fc.jpg,test,paper1538,bee2ad528265eae2cbeef376ae125d305c709366a1025024509f4b218a0b0aad,416,416,1
train,paper1541_jpeg.rf.c37330a67bfd6531f49a52737636277c.jpg,test,paper1541,b5bce2dd9df181486f309a3fc350b12c368dcbbb4b9c21b545f8012552f27d4f,416,416,4
train,paper1542_jpeg.rf.84b1f69a8f47d9204ade434bd822a7ff.jpg,test,paper1542,0d51d6c062323aa351f72899917a9bfa96246b8fa5ee18093cfbb5a71af4c8c0,416,416,1
train,paper1546_jpeg.rf.6093ce9ca9e68d2d79303cb86ec287c9.jpg,test,paper1546,ef55e53a4b4a89aa16210c034eed0e6b410a9941924cc572cd677c9d80ccd44e,416,416,1
train,paper1549_jpeg.rf.1e988975f68ef0f79cfb5b8cd6e84e3e.jpg,test,paper1549,f12e4d164e32998f07655a4e655533fc821866ae7b7de529759b624ee7d3ef6d,416,416,1
train,paper154_jpg.rf.e4669cb3dd5dd9e7d4305fe67706699b.jpg,test,paper154,f7e51655c5829162704a8361232139495e54d5eac9c8205b263ccb7b0ba6f1ce,416,416,1
train,paper1552_jpeg.rf.ffe7fc932cf75a1867edfaeb19447b28.jpg,test,paper1552,e0caf3c99c66f2c0ffb5baa4cc91bf763a0eaacd5a9827d86b7fcf9e56980879,416,416,1
test,paper1553_jpeg.rf.d005570096bc5e6a1cc6387c839fd9f7.jpg,test,paper1553,f69d83bcc2a7eace8bb6f896c243c7648c623e58b3b363566c6f503f8f5d987f,416,416,5
train,paper1561_jpeg.rf.269f5d0a724c97cd65ea6c6b0d0f762f.jpg,test,paper1561,be76e2f4946421b7aa0e99cbb941496567d34b19a9ead86b0d8c405347ed132d,416,416,1
train,paper1562_jpeg.rf.556795e2e5553d575d25018c8bc9d31f.jpg,test,paper1562,6e7460f973cb9ab8bb6db563c9daa8e29549806c6d298042b5151479290a4a4f,416,416,1
train,paper1567_jpeg.rf.bbd205f93ebcb41e6327020230e4ec21.jpg,test,paper1567,469263eda510c3ce6fdec6278ee5b331024686706b8c41ec996da1fe7d0a7f51,416,416,1
train,paper1572_jpeg.rf.0fa54932116631f23d5f838bb0912d18.jpg,test,paper1572,b8e68dc0cc884611d0915a79dbb03fc0de1d918287cc231ce62f236df8376eb8,416,416,1
train,paper1574_jpeg.rf.e2f86857e19481160512f9544d12d697.jpg,test,paper1574,1bfc6bb6f904e1e8fbe73d9159188294aee13f07d820ce529b86e7b3e60c3da1,416,416,1
train,paper1575_jpeg.rf.c9265f3bfccdcafe2973e9b847f13288.jpg,test,paper1575,9215f288f1b4f45636680d083778926d448cc4ca6ef3b4f8e6d6aefc3f2fa055,416,416,1
train,paper157_jpg.rf.c0ce38237cb7a257216570af3e332720.jpg,test,paper157,4ece552f88220c7c29a6eb4e11309ab2779bd135b1660245f040f8ab7c6273e8,416,416,1
train,paper1581_jpg.rf.666aa0a0ec0102b5479e650e5c624eeb.jpg,test,paper1581,3b3e123c3bfa0e538aaf6d82f904ac7bffce6edbabfaffd5714d51693e3defd8,416,416,1
train,paper1584_jpeg.rf.c337933bac487efaaf59ada1173ac22d.jpg,test,paper1584,d130bad62358cf8f83d9dfa431265ff69f6efdbff718acc666ebf510459bc9b8,416,416,1
train,paper1586_jpeg.rf.c573e82440e60fa3ac4824db563cb474.jpg,test,paper1586,f65cca2032c79fd96f896147da7a2f1976d18927237d5f2403d521c10370e7f5,416,416,1
train,paper1591_jpeg.rf.f21d13eab98743b2dca458979587e910.jpg,test,paper1591,199a51cf0f50927f430e8dd7821a5028c0cb66c4b6e1a73bb333c915533ad1f9,416,416,1
train,paper1592_jpeg.rf.63cc08ad7993ddc4f7fd6cdd882373b1.jpg,test,paper1592,498ed2f54bed4c00ecb60400dcb859e9b252d0c62868d134e5d9120ce5f82a9f,416,416,1
train,paper1593_jpeg.rf.dbd3e8acf7f6bb5130256118b2d7d9bc.jpg,test,paper1593,20e366204827dcde6799921c3c879e0a5f72d486c0c47afa18e0b53bb293ffa1,416,416,1
test,paper1594_jpeg.rf.c1b63198dd76a2cb5aeec154139b88c2.jpg,test,paper1594,dd6388b7f9da56d318bd983c8690ff7fb2bc6f72e652d367eb18de16ea4751fb,416,416,1
val,paper1597_jpeg.rf.a344aff3f9917ca1c830c9e1ccb5cb58.jpg,test,paper1597,4d7f94a9108d6a81be833f37d66d85df38d98318bfb8898c0bdc218ce912cad8,416,416,1
train,paper1600_jpeg.rf.01c127f30597857aceac662472c60ee0.jpg,test,paper1600,686f1138dc0a9b6cef0529fd798cf218769d20370f9607ba720bd93ebc0d2c89,416,416,1
train,paper1608_jpg.rf.94afe671c0e7089d1732d8f859686de2.jpg,test,paper1608,5956fb28b8daabd879a39e97e819606d52d860812c11a403369d2425d2f04031,416,416,1
test,paper160_jpg.rf.c0e03f9ca15477b2220ff26aadae2c1f.jpg,test,paper160,7868975fcce2413e8f3400c2ef074ae00ca0007ecac9dbda78eebc33e3fdedb1,416,416,1
train,paper1610_jpeg.rf.a1bdbcd304ab1651a0ab9d7fc5723bc6.jpg,test,paper1610,31e5dd5cd7915c375811ca8b04013ee8e42a1b932a4fd476ca493d15a9cfdd5f,416,416,1
train,paper1628_jpeg.rf.330df3eee1c30052999921ba6c3b81e5.jpg,test,paper1628,cd2dcbb1f6428c9d5cbaada67603f5bf6f95bf6a5f9417dc1cf065cb0bf96782,416,416,1
train,paper1629_jpeg.rf.55eb3e1fd5d55eff702769ca8cf8b90f.jpg,test,paper1629,150159b7d1e586a5b463fb23335239be31ab8c2009c6f2d896ae0689274baf07,416,416,1
train,paper162_jpg.rf.e4885f24ebc165499eaf97a6f5efdcd4.jpg,test,paper162,124eb0d29f9fc4160ec72994158067942adeabc0e74e0c1386a359c7b9429821,416,416,1
train,paper1633_jpeg.rf.53ea8bef30bd0b31a7ee45e645237e26.jpg,test,paper1633,d6e6bf030029e4906e2e28a5c4a3cd1dfcac014dad810540c84126cedd4756ce,416,416,1
train,paper1634_jpeg.rf.ac54fe6fe371d836acab17fd46e90a49.jpg,test,paper1634,3d0ca5d496520e799ce55fe50ef2f74abdf5a0fc63fc502b184d5fd231bc4651,416,416,1
train,paper1638_jpeg.rf.7075f9962456b5023978bbaa66e86e8d.jpg,test,paper1638,19719ebc650d3dd6fc1306aa2e6ee7996d60691b12116e6c38d19ef1f507ccb4,416,416,1
train,paper1639_jpeg.rf.f32f3b3a3ee4851bb63a07bc13713fed.jpg,test,paper1639,08324c2bc911e3023741b42ed647cca55c16c0aafb5ad1063bdcb6f042f53462,416,416,1
test,paper1640_jpeg.rf.00e233c0534d348608237fb2a899fbbb.jpg,test,paper1640,ced457c223229dc05b3150c2d0ae01ed9801d57c00db40eb4a086640b92e08e2,416,416,1
train,paper1644_jpeg.rf.7cf65b23f7781597a666d2993e0fd3f5.jpg,test,paper1644,7575d291422e05eaa625826e85817b1d1fa35583a3f49b4e2be1d20b0637a001,416,416,1
test,paper1649_jpeg.rf.dbd8f20238a0945dfa23b45ca2bc03fb.jpg,test,paper1649,bd78669c757b4af05e40d9dc9510d414dc427dde2785d574f5fe384209c06649,416,416,1
train,paper1654_jpeg.rf.2bf5a71e22fb784a4139820343098787.jpg,test,paper1654,64645a289d96754b0a2a5d33dde0a0ee85e734e5e0061d924a3442a84ee610d8,416,416,1
test,paper1657_jpeg.rf.e206ed4574b6fcb895f2fb49c98c3386.jpg,test,paper1657,20c00a76edd47be6275c3c05e4550b311cdf6df5386884037fa1e0a50307e26f,416,416,1
train,paper1662_jpeg.rf.0a76f7b48afc0297dab1f452f1c88520.jpg,test,paper1662,912d6da4d23fae34ef55801a75c847f8389079a8e4db74f5e148aa9f220a6975,416,416,1
val,paper1674_jpeg.rf.9d1bb92262df3b2cae5b00482faa41a0.jpg,test,paper1674,e22c82acc7125554317682dba3dd368831a253fb4a75242eba5d2fad3633b9d7,416,416,2
train,paper1679_jpeg.rf.61995a96c11d1ec9e89670086fb9d57e.jpg,test,paper1679,8364b152d3cfa65b55b062a24ef4820f23b5905701f8798da55d6939ad6a7f47,416,416,1
train,paper1684_jpeg.rf.fafdd33f3ca3c25625f6d943964dcd4a.jpg,test,paper1684,9a4ed8f75c3e6872b08235be92b70a307e47e92defff07fa4bc20d5f2275b23b,416,416,1
val,paper1687_jpeg.rf.ff2d66aec90dbfe4f2aac661efb90849.jpg,test,paper1687,11feae9aa4bb18a0de7a45818ad8fc6ba52ce763f83e68274666f5182852e671,416,416,1
test,paper1688_jpeg.rf.394fcb5cbc548d5c1d8c8387c502237b.jpg,test,paper1688,0de4b2277c930065588b19c68a12c2a4722cacc12c9ea3e94f4d315cef5a5a41,416,416,1
train,paper1690_jpeg.rf.f7cf9c2f0e6eb3abe312cb0ef9d8feb6.jpg,test,paper1690,81dff80748972b53d2a23e24a49e9fb4d5423fd67a04ec497ce70aaf2542f147,416,416,1
test,paper1691_jpeg.rf.7c72ecba22b08fb900b12d5408a1de38.jpg,test,paper1691,037c373131539bb85027ce051316d8a31e5025a0afc1801acb5bafa5ee3dfead,416,416,1
train,paper1692_jpeg.rf.d5a17f7e57769764db3fcdfa86753674.jpg,test,paper1692,dcc7826237a44c0bbc9a4b2800cb29f27f8c6ce55dbb32e021733b0cef3b6697,416,416,1
train,paper1695_jpg.rf.c11903b75517e5c607f7121be0c2e874.jpg,test,paper1695,e4259aafab31feb1988460f1c0db6087cada012c65fc86252fb27a25d03ca796,416,416,1
train,paper169_jpg.rf.bf6b5886130900f078d6074713dcee33.jpg,test,paper169,678dab8699ce238a22fea331ac451147d2562e9ca6949c955baa0f40898881eb,416,416,1
train,paper1702_jpeg.rf.5214c2c16e38d765e1ad3cbf74ce4bba.jpg,test,paper1702,f45af2a1f81bd99754dd22f1c8d19951a0fe7853700541837e07b638bb7d4fbc,416,416,9
train,paper1706_jpeg.rf.1a253c37a8f67a9440e652e06fc45009.jpg,test,paper1706,68213f3dda609f6a7f3af5d0db10b17544852a634c3253dc1ba5ecba2463998a,416,416,8
val,paper1709_jpeg.rf.b484c9fded55f31a2cd506bfc805a5cf.jpg,test,paper1709,1daeda1d67f8a33f8364f1d2b5f972158eedf0c0bc2f408d3bfc5c37eadff192,416,416,1
train,paper1713_jpeg.rf.440f804d53b2ab8d8c1eec8957a88536.jpg,test,paper1713,256318842f813758bf22e8c0f8a238484a712d8d1d2a54cd46d4284836101367,416,416,4
train,paper1714_jpg.rf.e5c537725ffd7a42d29bbb7f9a95f564.jpg,test,paper1714,213ca755c669c25381ebb5b3f5aed46a5abff5cdc15446a9943ec250f939160a,416,416,4
train,paper1717_jpeg.rf.c7a79940bf373e78f9255e0cb60f95a3.jpg,test,paper1717,144ef61c2773433b7d389c2f9d376fc283ee5898b14e1004f501d6c524a14b01,416,416,1
train,paper171_jpg.rf.282475af5fb90ca5c57166f0f4978ae2.jpg,test,paper171,3f41ee263b53bfac2904f3106d75027eb8e7f8478a8c1d66e966555b3d27603f,416,416,1
train,paper1723_jpeg.rf.adac2942d51bb6059a395802e8b64cae.jpg,test,paper1723,193ae8af24dab7cb7af991cfc6c2df7b2dea98995f0783711db18863b7fb3b61,416,416,1
train,paper1724_jpg.rf.68e280409dc3fa835ecc0ff33393c511.jpg,test,paper1724,bad87edcd44184f3f9b4d2d0ef766bcce2784134d2bf3f5489e2f2f095c576d8,416,416,2
train,paper1732_jpeg.rf.230c52f8a1949fb512013e6103b2f888.jpg,test,paper1732,38f01597551bd9e5dfe5982daa43cc9f73cf60be6e69f728275acb3989818e71,416,416,1
train,paper1735_jpeg.rf.31c48be8fb1280df503320ed0f1a3fb2.jpg,test,paper1735,52a824914bf3f9b95a1a8d829a090963b9482b8cc2573cae936fe446d2215cbd,416,416,1
train,paper1737_jpeg.rf.e41a68ca9ca2bb4270f27aee284609a9.jpg,test,paper1737,78dfd071eea4d78256f818e85e64e31a6f5e238a747437682831e1a1c230715e,416,416,1
train,paper173_jpg.rf.483f8afc044501925a246dda42420f0b.jpg,test,paper173,1dcb572795fa91d9d84bac435e0a2d3d1035ca15ed98400e4fd4ed226807c595,416,416,1
train,paper1741_jpeg.rf.4ec3f1538ca91a5e8ddff3d15b183f52.jpg,test,paper1741,5112c84ab8aab22af0940386bf5a2e15c58d12a06c7815219e172780ebf2e68e,416,416,1
val,paper1745_jpeg.rf.374b747f9ca4e675b821244eca69cac6.jpg,test,paper1745,f1710ef73024bae86c4ffb043021665800dfc2c6400eb873fd16637d395131e2,416,416,1
train,paper1754_jpeg.rf.98932f4be5b81af4662cefb4346b287d.jpg,test,paper1754,070b8a66fc06be709a9cc50bd37e0e64a06c415b66cfcf4af17503fd6592dc35,416,416,1
train,paper1757_jpeg.rf.e9d10756022be25aa2aca72ebd18cde5.jpg,test,paper1757,897c56e9dd7e0d701dd71d30378e4556cc23bced1df777e5fe8e5d1ec83c2036,416,416,1
train,paper1760_jpeg.rf.a5ef79062a508e2ff013a6b646a323c2.jpg,test,paper1760,911df4f6eba0d9cfafdbd33a977da9e184ec543445342cea4bfe8da663914a70,416,416,5
train,paper1769_jpeg.rf.567b9ac0f848e28ed0213f55b4447fb9.jpg,test,paper1769,7cab05614d442326b70c0f92aa63dda0533649984354393d2fec03a34f35875f,416,416,1
train,paper176_jpg.rf.02d3f497612019f24e2341ddcfbfd36a.jpg,test,paper176,df3c6478fe5a1c3c869195068cfce157806c7d3ebabb01dd3e73968ac4827c5f,416,416,1
train,paper1770_jpeg.rf.8c0021d88d87d697c4669e3f033eb871.jpg,test,paper1770,a5daa0cf7de3c5777a7cc9f35f91191cc36d304deeb72b9d9471287227455bde,416,416,1
test,paper1772_jpeg.rf.1926adbf1a9636eb9dace52d1fb0cb69.jpg,test,paper1772,e856ae40717f65db20ecb3c045ba77ddc420a01fb3c362f5d5b3dd63fbfb096d,416,416,1
train,paper177_jpg.rf.ebba5d3e34e4c2a48b10b686d7aa784c.jpg,test,paper177,d53b0cc9143db8fce787cce6bc3c8cd66ea6118ac22552066aea69c0182e5a2e,416,416,1
test,paper1780_jpeg.rf.e9f5b6a5a53da82bb05a64c9b37ae999.jpg,test,paper1780,2d79262395dfbb5016fd74f461ac8612ac6979cc0c9bf745985e8a7f258cc8f2,416,416,1
val,paper1782_jpeg.rf.bade48f2eb29c8af24b3d46c885cd2d8.jpg,test,paper1782,6ad417636e5023e92c990abd7fb892e855e08602c2169abdd4a5ce66fa1889be,416,416,1
train,paper1789_jpeg.rf.e5efd33118fa2e3155bbbdac80c9878c.jpg,test,paper1789,9bf29254f9e693599a7b2f510434cbb570da00874bdcbd33a8f5d6cf43a6dc38,416,416,1
train,paper1790_jpeg.rf.84326b626a99aadb1536f033c0f55354.jpg,test,paper1790,03d5c653134ebc93bf8f9700d4e37ff7af4e23d26dcbfb0de9f6d7b4d19248f5,416,416,1
train,paper1791_jpeg.rf.6010babb90dccadbd887196b9014e3e4.jpg,test,paper1791,11f9ea25ffe88dd4b6411d29f866be29f85b5cab976ff9f4e53ef39cd1a853e4,416,416,1
test,paper1793_jpeg.rf.1b76b945469aa6a64d38eec68575eb1e.jpg,test,paper1793,1a31d7e3cfa2fcb92c279f507d501be7c515fe1d9dd0448f532a50da6c66c3d0,416,416,1
train,paper179_jpg.rf.a2e4648695b14094d700d199c285902d.jpg,test,paper179,a0774a7e1724d4aa68e81fc6de6bcc341dd8acf8cbd96f778e5630f4354a3025,416,416,1
train,paper1801_jpeg.rf.f9ae11cabf545a2ec90d715db3ba11c2.jpg,test,paper1801,6a9c356f7a5854c03dc81dd36abfd436fef17296f57ff9a6daefb592e388705b,416,416,1
train,paper1804_jpeg.rf.76ad580a915eb5cd3238fb8c04d3722f.jpg,test,paper1804,52046c8d05d297250a6050f395e62d6107209df3ee8eef48b8ef3986676ab4b5,416,416,1
train,paper1811_jpg.rf.ee5f13d5780b8111a3bd670cf74c6253.jpg,test,paper1811,e2e1567fd8da459ead3049aeb28b5d3ad054d5106fae3d21a8a4a1c54423d1be,416,416,1
train,paper1812_jpg.rf.e4aaa20430988a4504883320eb09971d.jpg,test,paper1812,cd83d67144407e7ca4352c4376867e8f67c1c702a2403ed615b30e0edaabd459,416,416,4
val,paper1813_jpg.rf.4a332da7220cad1708caa06223b804b8.jpg,test,paper1813,8a3cb37190287649550baa5bb7722992bea23bf6254183f5994cce1ed2ff5f16,416,416,1
train,paper1820_jpg.rf.c357fe4fcfe185f4f979e0209d542aaa.jpg,test,paper1820,52d01ae5604279ad3f3b8a411b577a74be53ac05b7afe0769ae60e5697bb4f40,416,416,8
train,paper1823_jpg.rf.0e225a881a53f8cebe68cb06f1cfca26.jpg,test,paper1823,2068e03ec108370f94e3e4f39bb443b0c6706758d906782740c49e6d40014f82,416,416,1
train,paper1832_jpg.rf.eab401b0c1287c9a0a5090abfeca379e.jpg,test,paper1832,b3ad1952d6f1fe108df3c25c76e94e1484342ead03bdd52bbe6f1de268a0b71c,416,416,1
train,paper183_jpg.rf.0a02cd08383d2d3c1c5ff1b465b3adda.jpg,test,paper183,37488d95859e4adbfe4c321df1ec73c6b4393050a1dccf363d6bc41b95480dc2,416,416,6
train,paper1847_jpg.rf.a8028504e1f27c35ee68256784df24a2.jpg,test,paper1847,421db3feaa6bbb77595e9d1182fa3a122e8cc582fec5ccc01611b99b29a4465f,416,416,1
train,paper1849_jpg.rf.79c94501cb38efba7d296c903d78b6f4.jpg,test,paper1849,5e83181205aa84440e40b7c33f845d42873667ebb4e93da26bbdc7537a367ceb,416,416,1
train,paper185_jpg.rf.9d6cd3d85b01ec05ee33e25bcfc34695.jpg,test,paper185,cdf4edaba5f70cd4452c0b6b0ab74f26070dcd0b4b6ec3c19a06cc5aab18748a,416,416,1
test,paper1871_jpg.rf.45fe4d67e7958fdf980956a36f78b275.jpg,test,paper1871,eb30b89b02ea358a11ab8596bb0dde97e72db07e6869740b070a236fec23afb3,416,416,1
val,paper1872_jpg.rf.6362a62c6b60b921d7dc998f2402e8bc.jpg,test,paper1872,88776b01b293351a0993cced15a5bca73a9da7370b469462a40d96991b39e035,416,416,1
val,paper1874_jpg.rf.b661c0fb7bf99e8631ae666f404c21ff.jpg,test,paper1874,475ba5c1a0efddb908ab2b0794b14d5202af27d549390771d00249e753ce44de,416,416,1
train,paper1879_jpg.rf.ca630a3dc00fc754e0d600c688c9053a.jpg,test,paper1879,b235ba36f7ebb9e5d043ca4fa5b1d7f7a0006c4b367b46ff01dc25c1a255f6fb,416,416,1
train,paper1880_jpg.rf.3a2cd3557ed0493f25135993234663de.jpg,test,paper1880,a002ff692b2f45a6dc48097097e7fc0b6330d1b84d9bac3ccd0425ffa09b4a8d,416,416,1
test,paper1881_jpg.rf.744ad7375580d2a4b52a696d277f8a2c.jpg,test,paper1881,abb65827adc6e437e3f1b4b08f78f28388bd499d13ddd247620122f5776207d6,416,416,4
train,paper1885_jpg.rf.c413af3146e4d89d16d7c382319e305b.jpg,test,paper1885,3cd318481561100e69f1b12cdf98459b138443fed224cbf87146b83ecdb5d633,416,416,1
train,paper1886_jpg.rf.9b8589fe44a9191442c5ae5e302438ce.jpg,test,paper1886,372bea90204d5f950b3a8b9b5e295ca9dadcfefd657f332c40eac6d8b39dece4,416,416,8
test,paper1888_jpg.rf.115250fb12746e29dfd7e0ae6d67cf96.jpg,test,paper1888,d4eaf5a88b02f2f9e77662a3c0f3ae448704957eb2cccb247dbed92171f91ba4,416,416,1
train,paper1890_jpg.rf.48a14b94d40f3d43c64a3fc7f485b4a9.jpg,test,paper1890,7e87e7b2dbd4689b422348583d1307d51ef61237f1ff35d89943d5d765a5fe7f,416,416,1
train,paper1891_jpg.rf.ef044dcd8424f3ccf56d42c291d0fb5e.jpg,test,paper1891,9f4b60c7fd5342633700bea54985e05f4e2f84d60719338d8cee4c95532733a5,416,416,1
train,paper1892_jpg.rf.528f955f63e89e4bbf87f839684d9a85.jpg,test,paper1892,98555ebcaa9ae2a8d557967e4992c82e99eec0ce3f11791063f3c0f698401b1d,416,416,1
train,paper1895_jpg.rf.12ba0035391404d9e7a432c6241365ce.jpg,test,paper1895,7b8a437831d33273c5defd579e275c1228387ef2d64708ea4c37d4b257362a58,416,416,1
train,paper1904_jpg.rf.6ab9a47d26b6c3f02b78345ef6504da3.jpg,test,paper1904,ef4b2e7266a1209a128cb75795938bef888cb97fb155b51602012c9aa1966efc,416,416,1
train,paper1908_jpg.rf.04bbd4e052d3e1656a0550fc1e5f645e.jpg,test,paper1908,b18b8161b9c23e669d875782798d27a424a76d100b8d531bfd858cac2ab1fc21,416,416,1
train,paper1919_jpg.rf.6b602c8ce430d50a1a9acc6e0964206f.jpg,test,paper1919,3813affbc7416af17189e33f1321988f503692c346276e7c702db70c8a491642,416,416,1
train,paper1923_jpg.rf.48dc1b53cafdf273abd65b4acfbd6f7d.jpg,test,paper1923,ff7f60bdccb78fff1f37cef34c067d9bfdfb8753c8cfceab8c7ce75b4a1e59f1,416,416,1
train,paper1927_jpg.rf.60bb941871f8e3f35e2012afdbcb1cdf.jpg,test,paper1927,c633ccd36c8dee0db92f7525ddc6f6e7a929dca88fe8f0de1da40f0169ed0d44,416,416,1
train,paper1930_jpg.rf.755fb69c284b334f50cb58c998f3b59e.jpg,test,paper1930,22a880faef85e19141b8a2764f3c3284bb17d11d5a7cfed8fb858d72a5fd739e,416,416,11
train,paper1933_jpg.rf.78b9ba014bb5b5a3b869347f18f81a2b.jpg,test,paper1933,740e546b1fd89bdee31eca17e23b5d397a5b7caf8e656cfd41ba018bebb6873e,416,416,1
train,paper1937_jpg.rf.548d7e1ae58223dd8c732adfeb30f21a.jpg,test,paper1937,61ffdae06d32dc8a02b8dcdffaab3f497cc3f2b911314aca2da090d26789c2fa,416,416,1
train,paper1938_jpg.rf.4dafc6f09d1fb64c90457f8b28d1acb0.jpg,test,paper1938,c173562efdf272284a5ced5c712cd73d6b7c4965e93f1e9a9eca17165b4f4508,416,416,4
train,paper1941_jpg.rf.97890b219d53f3aa9eb31b7746051afe.jpg,test,paper1941,dba717e0757cde4960f8df6f8a84c40a6f1b76dd9c5a72cf8a8ad08502b08d11,416,416,1
train,paper1945_jpg.rf.92be333614b2e6cd0b213550c4b61b7e.jpg,test,paper1945,48b601b0605f16564fd8c587498d4f7e76c10b27904d12d14baf0502738db4b7,416,416,1
train,paper1953_jpg.rf.41520746c0e3159824d91146c7cd72e6.jpg,test,paper1953,3b418a9ab1d963196ed954db586106bce09394f5ec2688890fdac229bf713b3a,416,416,29
train,paper1954_jpg.rf.870ce4c758f5e87dffd18227191decca.jpg,test,paper1954,d064052e06ff9a91ff20c27a560c0bcd8016d104f60e604d5248e47cf244c7c2,416,416,5
train,paper1960_jpg.rf.224c213092f9ba5089d019f0e15cc6e6.jpg,test,paper1960,c6cce9eb95a9cef5fa7371b55429636833984dc0e865bad9e17f8dedadbdecd8,416,416,1
val,paper1964_jpg.rf.bb2e063aa39767d1884703f1ce8f84df.jpg,test,paper1964,342a504dd93b567c2c80db8acc235fb79c1180f998f945147ceb4b0dbe19efe8,416,416,1
train,paper1965_jpg.rf.1b83196ecaa8313c24d47c4a3e371161.jpg,test,paper1965,f6cbd265be41061d31a9bdce73158e243b85d9f58e4a1d8d220c701f07b965f7,416,416,1
train,paper1969_jpg.rf.afa7e829fd7f0daa154771229be9341f.jpg,test,paper1969,f7f6c7709f58ee8525a3a5e2f0623231e495f09edbf87b231158763f4731a86f,416,416,1
train,paper1970_jpg.rf.9d3042fdcde02cb455aa1af54cf77000.jpg,test,paper1970,1756613f2ecb5bbc0f7ea1a598c551a30466525af69573ba1a3d2967ee66b9d6,416,416,3
train,paper1972_jpg.rf.475f24802dc077b13768998313c6e603.jpg,test,paper1972,c329b0bc80a5671c07ac84438c45ec127dee805db9953a40033cca002c9a99a3,416,416,1
train,paper1974_jpg.rf.f3b75927251f3b8c60265d6ab719a36e.jpg,test,paper1974,c02da1f320c7610643d807a427ab869612b462d647938a43f5161d11c5854208,416,416,1
train,paper197_jpg.rf.5d75fa4c807d25e39b9c1527a0a59f70.jpg,test,paper197,1e4662da7adc284ff958b8769d3839ef530a87f4b06d7f64246c101dd0b65d99,416,416,1
test,paper1982_jpg.rf.002ab77a31e072e853c90fb22ddee20b.jpg,test,paper1982,61008dd17fd4b6a332a756ecbcc0f9a93fc3448855a1d013c45b5e7a6edd8f6e,416,416,4
train,paper1991_jpg.rf.11f8cd9ed54f4f0ae3e145c13b7f88af.jpg,test,paper1991,cd65eac96eb059cc142d4dffd3d974bd496f9292383222ea3f633cd8cf6e4a48,416,416,1
train,paper1993_jpg.rf.55a094fe46fd1a651a93ada7ee89e243.jpg,test,paper1993,204d14e86f8747bc1773527530dde3262278a492739fc142fff8e9fcbdcc6c02,416,416,11
val,paper1997_jpg.rf.0552f0f4dd4bea3b4cc268545f4db649.jpg,test,paper1997,46b7b356cd70ee22974f85813c894b777372d199bd7e60deb048b8c3797e1706,416,416,6
train,paper2001_jpg.rf.c11bd30955691798b9bbc1c86e1d000c.jpg,test,paper2001,51f5ba7796fc7e5953763a2f13ee5790d7f214df179dd0b376ae3958a52e8323,416,416,4
train,paper2002_jpg.rf.2fd84aa5456d2f859590f8153fc75c5d.jpg,test,paper2002,a976f170d7ed332a10da84d205bd4b14d62b2e7d2a8df1fb60b63a01e3a3878e,416,416,1
train,paper2009_jpg.rf.19dff2f606aec7f0e53dace3d370afe3.jpg,test,paper2009,bccebf26e0cc3f349f03b8232dc8e58ad53c5b797bce6bbc18dff0fda7125f35,416,416,1
train,paper2014_jpg.rf.46088fcc7b1a5f2a0f42f5cf02c499aa.jpg,test,paper2014,fcc84e4bed015a1d88eea1853d017daef59b05a39216874fe13b56bcb983b7fd,416,416,1
train,paper2016_jpg.rf.f9499507eb33dd134f2a4592dc1774e3.jpg,test,paper2016,92e7f1aabfa0c4546162aad7046e90e00e5c2fea303a8da3d5eb49190ded7021,416,416,4
train,paper2017_jpg.rf.f3aa1e13a777f7022955dd05f95476aa.jpg,test,paper2017,13c8a1d5aa986f3a345a2fe2782c50bef7d0cbb69f35a835dd221dd35b60d236,416,416,1
train,paper2019_jpg.rf.587a67764676891b4da8718fd1e06bdd.jpg,test,paper2019,27e28fa65d35fac416026be1dd6c7d4515a5afad4a0a080632a49bd5caee4a82,416,416,1
val,paper2020_jpg.rf.5a0d7a923846ee8d776e9b2c44f49a64.jpg,test,paper2020,e16b4e5248cd4f8409c558bbfc84e07b2c517997c75447bfd9d5be95b4591d66,416,416,1
train,paper2022_jpg.rf.bbf2710b4266db471da44f65caf4303d.jpg,test,paper2022,4f001a7a23f94d28fe2d900d17c229ab798fca36d4e57d03fd57d887981cdf16,416,416,8
train,paper2023_jpg.rf.19c0554abfdae8ff34bc887fcbf6c4db.jpg,test,paper2023,75195dad35e40eeead30aec94429b3da85b00b7f4e5ee0de273c86bf581e137f,416,416,1
test,paper2027_jpg.rf.6779d1dbbace5ffa306f0d1840f3ffb6.jpg,test,paper2027,dfab5d8a77b4606506f0cd826bdc6cb111ee627e7dc78579a5e2e78137c0184a,416,416,1
test,paper2031_jpg.rf.b0b08293332acec67f5388bf639a2ca3.jpg,test,paper2031,ba0aaed5e2723ec57b06f8b6e8901803e45dee6e8e170109704a68aa5bf87675,416,416,1
train,paper2033_jpg.rf.2e9b8363c60fb79241a8213094207dc3.jpg,test,paper2033,b824c7f3a66c5eef4b7c273cd6e9176071a8c9db720cbb61a2e2bf8a75402e3e,416,416,13
train,paper2035_jpg.rf.dd34355a4d6224d18961626e6d34264c.jpg,test,paper2035,efdac60faacdf90e05870a41242c8557d7c5c688d0796d15d9b652ee74796cee,416,416,3
test,paper2036_jpg.rf.bd1287d3e2dd5c910f9bac32113d7795.jpg,test,paper2036,dfabbe16a09e06c638d4c1039d38a6ad46f81d4576d3f89caff85f51a3342253,416,416,1
val,paper2037_jpg.rf.5bedf37abdc3190ecc1faa9f19495256.jpg,test,paper2037,73f0bddb69ab6c55b31b927d32f375d3f6573151362afc05f9d7505b8c8c5ff6,416,416,1
train,paper203_jpeg.rf.e5df9fcc4865128dab0c05e72458a3b7.jpg,test,paper203,6bf04c45fa89b38814b07bdb9a6282df4b720a176370e0fd5585d0d643562b6f,416,416,1
train,paper2041_jpg.rf.cf28076c47a2c6d6fadc4fcdba2e6d76.jpg,test,paper2041,fe2a139561738c12bb8b98af889d314064b7bb4eb9b53546ecf31884cb1ee573,416,416,1
val,paper2043_jpg.rf.9d160c06f8cf1c864ab364f22ec9507f.jpg,test,paper2043,5b09e72645effaa3cfbf94a378649363346d2f21da7d3aac56b61275a96d0e43,416,416,1
train,paper2047_jpg.rf.e14156685f098d49eee45a61960b6469.jpg,test,paper2047,403486ce670718167ae1a4da3a934cd8f05225cb9d940dcae9c818f1cbc4ad6d,416,416,1
train,paper2052_jpg.rf.1f8b12c3a37eb20250426fcc75d034aa.jpg,test,paper2052,db7fdb0adb0097806ed018df0bb147942da803371c7ac997658cc764e7f26d13,416,416,2
test,paper2062_jpg.rf.fb5e4a83812ba8540b0309199662a0c6.jpg,test,paper2062,5e50472b9f1a07946b0e5b950338b35550fed0a714844cbb94b18acfe982d819,416,416,1
train,paper2064_jpg.rf.b0e97de2f7172d4665310444bd3864fd.jpg,test,paper2064,68288c2847fe8caca31d15b69712109fdcece65e12e0c5c141009043c61d14b8,416,416,2
train,paper2067_jpg.rf.ce07c24f278112990bfed277707f8565.jpg,test,paper2067,1c7316f83020d5017c7f7c43330e4a397157a7acb648578919f5dee398b94fa5,416,416,1
test,paper2073_jpg.rf.d677339d378467ebf274869d2f7b7b12.jpg,test,paper2073,d04e6794e5f97edb5828edfd4b88a2b0234aa75857ff29224250776516fc985a,416,416,1
train,paper2080_jpg.rf.2415d11a4d2ef1029e7fedd7a7b3eaa0.jpg,test,paper2080,b64dfe2d1e68bcf0e34e758468a9ec00705de66a8e0f519c78869a9e432905ab,416,416,11
test,paper2081_jpg.rf.2bf0c50a8c5a72e2fb6c2d96639db498.jpg,test,paper2081,d0250473452514264b3f3d3e95107287cc2243140708ffcc7a913f6446b257fe,416,416,3
train,paper2085_jpg.rf.cf18220d15ded99ae280023c6db5609b.jpg,test,paper2085,f935c3d8c07882667c3b3dc25559d18e17602ca70b94627c5f65f1db838f4c69,416,416,1
train,paper2094_jpg.rf.294326de859310533c8a5d8a8c56efb1.jpg,test,paper2094,e0fab828a0d0e35507072818020c008141045be3ef01b2cb8e773e41b7a2b257,416,416,1
train,paper2099_jpg.rf.c6a5dc168e1e5cf2086e255fe49546b6.jpg,test,paper2099,4449ef86066d1812efa54ecfaf891f292c1e3f10122ade890037269417da5797,416,416,3
train,paper2111_jpg.rf.ba38d825dc86e9d6cb9007ab61bc648b.jpg,test,paper2111,4fbac0d029fa9452f4df1f0ab0c2b0883bac35aa9dee58298451d890d7b21d5e,416,416,1
train,paper2113_jpg.rf.7032475057c506b531608db0df51cfa9.jpg,test,paper2113,c93249c149fc77fd058001b85df8363c062a90bceb076eeeb1914ef89d8db30f,416,416,1
train,paper2115_jpg.rf.b9845e846d154f22faec63d97fbba828.jpg,test,paper2115,0ae3c7ea5e101542955cfe67d328687b26f6cb1a63df337dfd1592562bf50a51,416,416,1
train,paper2116_jpg.rf.bc3ecb03a9117107054746b9db2cbf48.jpg,test,paper2116,bedcf9fc5c3680a6601b818035471d606c71e8844d5327f7a003a021b3627860,416,416,1
train,paper2120_jpg.rf.b72390054aac147a6f1975abf0d52eff.jpg,test,paper2120,b3c7257181949c0d5b5b4910cc2178403f1970057a425833efa35f086890e908,416,416,1
test,paper2126_jpg.rf.799e3357c76ee7f5a86c20c8cd717c59.jpg,test,paper2126,9409429f8454303e20ad7b01470a3b4f2d4c40b1c9aadfde9bf7d67e956f6461,416,416,1
val,paper2127_jpg.rf.29d4df8c7b05dac6a3c7608d009cbce1.jpg,test,paper2127,61fb4e8e83743c139efebbdb3cfd8cf28b57787d8c7e4c5f4adf8043a3889ae2,416,416,1
test,paper2128_jpg.rf.53900a2e1de6ffd7b51f95994500754d.jpg,test,paper2128,3a4424a29fdb09d435aa15c9ff8ed0b886638d4b7c1a071d4fb8527eb2498256,416,416,1
train,paper2130_jpg.rf.1311a84ec1c51cf2317300284fdb3729.jpg,test,paper2130,4475ddb4a60759bf528b478eae7e9880c5edffe82a90e57f05c01b9b00628c63,416,416,1
train,paper2133_jpg.rf.ecfcf2a34b2cd3f0bac03d38e0aa9d9d.jpg,test,paper2133,0992272c4481e5e6173e6fb8a0aea27b1dac2cbf5bb6bf4dfce522f270ea7616,416,416,1
train,paper2139_jpeg.rf.9e7c1068e4f61b1ba02068cbc4243221.jpg,test,paper2139,60d3968043084b0a5ff6f21235b8f72ba87827a1a141b5720136389ca03c9d2c,416,416,1
train,paper2140_jpg.rf.eda33ba7da4b6052a8bef891ea2e82e2.jpg,test,paper2140,6e05541bfc82df28369786359c4eeaf580259a864bde96db05225c8346313a34,416,416,1
train,paper2141_jpg.rf.56dd753962aeff54fe8d29a109202491.jpg,test,paper2141,85b357dd3a838362737364e063d941660d1f6c40e4883665fd6ea5f224a923fa,416,416,1
train,paper2142_jpg.rf.5857195c4f91022d7c0b2a1bfc866c9a.jpg,test,paper2142,5999f3e1cae145ff563a158397a43dce840ddf6c47914532359b7bd0152a270c,416,416,1
train,paper2144_jpg.rf.0f0824d2fd920fd3f3c937de74e7915d.jpg,test,paper2144,466e436a57c9d022ffbe1be9f27f2ed5c62de3105a97569a758b51d343fb0f58,416,416,1
train,paper2147_jpg.rf.d662257dc82f63f4b96d23201cbc46c2.jpg,test,paper2147,14fe7675298d6d28703606539738b2b4a6a784a6093f79351b7c8bdb37620853,416,416,1
train,paper2148_jpg.rf.b476b69b9881f01076f3e05447c0f757.jpg,test,paper2148,db6587ffc2e6bc2b5807e6e45e8071730047a399b874244fb0007e44f3ae803b,416,416,1
train,paper2149_jpg.rf.72c25979a527c9b0f8108496ae3d643b.jpg,test,paper2149,d2f71d7827f54f55fb85243887556ef0f1c4cba18018526d36e5e7d4f687c5de,416,416,1
test,paper214_jpg.rf.2504f590401f3dab6a1e18ead130a9de.jpg,test,paper214,469577fe4dde3babe8f6759bd4bbcf1c2833bac318d8534b6d4fffd870541835,416,416,1
train,paper2158_jpg.rf.19807eab14552c6ee1da59cf49307bec.jpg,test,paper2158,ebef87ac935e738cfa59477286cad1aa0fbcf59ee3c5961bffec20e40d016e1b,416,416,1
train,paper2163_jpg.rf.e59cf9903a9306fad977d735bb256e86.jpg,test,paper2163,2eaf82fff9332fd1cf26e474020e1364c4964cdccebca6746e551a7e7a46dcfa,416,416,1
train,paper2169_jpg.rf.787c6a816dd5a5c12bd22ce4924fbe0e.jpg,test,paper2169,7b805dda8b078b93cdf2c2a2777d68b01e4f0f725476923c20c1dc2070907df8,416,416,1
train,paper2170_jpg.rf.fc9637ccb617fcbfb0d861eca6779df0.jpg,test,paper2170,31ed1d21b00364f7e06f1a8865fbd7e84308fe9c32a070c26789f28f1781c695,416,416,1
train,paper2173_jpg.rf.1183e5d56ac3dc68425076ab5364db66.jpg,test,paper2173,31a16692482e7ce8cd1526aa4b733714eb60e66300454f6a44b1f68ac8ce74bf,416,416,1
val,paper217_jpg.rf.f0cd0719b595d0d459d60f5c37340f34.jpg,test,paper217,30c6836ab6afbdb071748951a638551cda80b412255543d516fa06157def47cc,416,416,1
train,paper2184_jpg.rf.7be3c48ddf7efb6c08f2627bfbe9cb69.jpg,test,paper2184,278c0500421dc95c5cb8bd92f1a38ebcf4195bdbfe6ac692f21d0574eb834343,416,416,1
train,paper2186_jpg.rf.1fb74c79d86aea1b0fd92f8109fbfdeb.jpg,test,paper2186,b73889b8e7460942499baf6f8337ddefb52a8e75b616c3d9897dfbe163e3daf3,416,416,1
train,paper2189_jpg.rf.fb8d89693e62d74bd48ddb5d5d70cb35.jpg,test,paper2189,9789a93a7b0e80f19bc4bb9e8f1333cda467f96af960ec07140df2053b2a1423,416,416,1
train,paper2194_jpg.rf.c628d798965c4554cfdb2125eee020a2.jpg,test,paper2194,fc67e2165d93981f80f6bf5522d124f66b7a3d8458ac4646a73b982e8c115513,416,416,1
val,paper2206_jpg.rf.783f2672444256a98a0464f1d26563b1.jpg,test,paper2206,ab88ce10d7210496a539ac895780aa03bb09692dc532a8c677a7185ccbc3f608,416,416,1
train,paper2213_jpg.rf.8d9281476741f36c397488030c16e26b.jpg,test,paper2213,58f2ef17752f648413db9129d8769574e7edb10def8fbabbef47e7eea90c5e85,416,416,10
train,paper2218_jpg.rf.41f7221df31f6b9f4b37b026d6624028.jpg,test,paper2218,86cd13bc13d81444d1135013ef399e9ac6ac946d092be3245e5eb40b79823a03,416,416,7
train,paper2222_jpg.rf.0ebf1ac8aa2a15389adc8a2670dd9438.jpg,test,paper2222,06d4759d1ad6687fc4774fda7430b46a266cdd582bd75084c490430b48991afb,416,416,6
test,paper2225_jpg.rf.7a9970a495dba06cbb86d9af99b38eb5.jpg,test,paper2225,eeb40ceb782e86aa282f44cc66c130da5746d277224499626514a33516c4392c,416,416,1
train,paper2226_jpg.rf.97c2d0798aaffb0b57b43868241eefd0.jpg,test,paper2226,553568c947a9c9c88bf5a4a283ab29f7181f14f57e09c0ddce3a63a7c180dc21,416,416,3
train,paper2227_jpg.rf.02c361e77f9f4bd8fe7bbbcfc0110b4b.jpg,test,paper2227,82e541f22b2d937750d6b5bc7f205da2df6a77872b404a98589b0bd626d9e6c3,416,416,1
train,paper222_jpg.rf.d874ed26a5c2e14221dca13e938b4de9.jpg,test,paper222,a3f39bae8c47fcda17d4484d016d2f328ce9d547958ed8a17a123bc2d4de7c21,416,416,1
train,paper2230_jpg.rf.66265d56d7b2373853fc3757a38de651.jpg,test,paper2230,f1efe12c5b706206dfb7c0d80cdc08cd9c449a136f28fa779f141b4f55eca9d5,416,416,1
val,paper2231_jpg.rf.ac7ab2286ea87168bde4bc54e176994b.jpg,test,paper2231,89a062ab8daee67b8157334c3dbbd0178cefc8ded045928f669eac7d5f29aaaa,416,416,1
test,paper2232_jpg.rf.dce49e3add0bc4b759642f2f66ff2031.jpg,test,paper2232,0491448f28dcb9651cd66b377df402b2a858cf5bacc40bf528f53b5bb21218f8,416,416,1
train,paper2234_jpg.rf.500354ebb88185b74e48401739c0ef77.jpg,test,paper2234,be85d969ffe2f7fab2069f2e04d53c2c42c610a7c44e0f6868d4397c0ce4d3a7,416,416,1
train,paper2236_jpg.rf.9c309611c09ef76981cbc7e9440bed71.jpg,test,paper2236,0d0237cbbfebe59ee4905a0d61d136d9ba408c79cbb8f121f01b66025a5f997b,416,416,1
train,paper2239_jpg.rf.4515558fb70e5f6c67c3b821afb4a0d4.jpg,test,paper2239,bb892541de8599d07feedf56dc2ff8a5d79d057c3ec522cc63ec3663fa54c821,416,416,1
train,paper2257_jpg.rf.ae63e59c8e208f49df4e18a6a94db747.jpg,test,paper2257,342dc06f979a861273fdb57a6674ea9f6eb5b40ec54f3f2fedadb55958a42d0d,416,416,1
val,paper2268_jpg.rf.cc588dae172b952714d54f8a2b0d8ee1.jpg,test,paper2268,5c263e123511c5ee56ed2d1427a60e8fcc2540cd6e71990537309b7c9f36746c,416,416,1
train,paper2285_jpg.rf.d6325da2de7060170ff9eb9bb8c98537.jpg,test,paper2285,67859230a5c3dc6465e8ee026b9d22889b6e98a10fc486b92f41f547676b56f1,416,416,1
train,paper2288_jpg.rf.230c0a86c336eb9778a95fbd51cba03c.jpg,test,paper2288,8b7c339c7f47b40bd275f2bdb99f869b87a413b271bba1fd5e84ca9b680f3955,416,416,2
train,paper2294_jpg.rf.a33df3755d0362a7a9f4cb1a5de8e2ae.jpg,test,paper2294,4a34cba45c9356ef74b2156780e3c872e5c879a5120fdf38a26b2a94c68049b7,416,416,1
val,paper2296_jpg.rf.6f3ed51db66b75fbb5b81d190c682991.jpg,test,paper2296,d4f1a5c16dd7923b514899ad05d14fd1f56ef9de844c3ab0dfcc3507364d46bc,416,416,1
train,paper229_jpg.rf.c2829d89d26fb453aac46b402096d7fa.jpg,test,paper229,54d795f9c32a57fec29c9293877f06e46373d6d3c185b2373765b093e426a018,416,416,1
train,paper22_jpg.rf.81cef5b8e329e771025d1fd9a8d25499.jpg,test,paper22,6289c9e0101999951a56d495c6fc38faa293ebd61b82db0ad4747caf27db2fbc,416,416,1
test,paper2300_jpg.rf.f935733dabaad3bb86780b11f2c2e1a9.jpg,test,paper2300,13d293f244a24b976deaf3b109b992272e5df5cada91790d25bd69cf52535fd6,416,416,1
train,paper2303_jpg.rf.21b3a057c7c808f1ccb5e61ad0b7ef65.jpg,test,paper2303,f45a028337aa97c44699b4f024744d6c90d897bd09b8eee41d3bb5c85aaa79a0,416,416,1
train,paper2309_jpg.rf.8ef3a3c070a40ea4c3675dadaecdd116.jpg,test,paper2309,ecaa9fd567d210c6f7974886ba733d6af66558d9b7940b43a23e0f97d1bcb6dc,416,416,1
train,paper2312_jpg.rf.7d3b2a703d88f15c33533c5566b16ce2.jpg,test,paper2312,0e744c9ce53fc8e8d23101b6d1123a72f5f03c658d3433335b77c448031e2fab,416,416,1
train,paper2316_jpg.rf.b7b89ad213cd4955462739ea44373500.jpg,test,paper2316,78ae28cfeaa7b96fe5b1c701a62e0013b688748c79e2ff71525dfb54bd293887,416,416,3
train,paper2318_jpg.rf.19cf1006b185737f8b16837e98d05e07.jpg,test,paper2318,33a00b5b0edceda0e20fa72eea803e86a888cf04e77b49cf2d42a2922eb902e2,416,416,1
train,paper2323_jpg.rf.06bed8eccf4b3404360f78f4531f3c99.jpg,test,paper2323,d432e054d8b635fbdd811ec974f483158d4e4abcf3a4bf021c1d49af3268d94d,416,416,4
val,paper2329_jpg.rf.af40575cd5b7642bf166115e19181fba.jpg,test,paper2329,60efeb57959e78b67a74dc7b3ccad14ea6533febff7e2d0eb4a3feb4f0498613,416,416,1
train,paper2334_jpeg.rf.4fe7445c42570372cc2326fcfb0bbed3.jpg,test,paper2334,10b81ffa11f99206ceba501a9c0e7c645b82a845a364bf2c2d36733c5447a5d0,416,416,1
train,paper254_jpg.rf.76049f1b811916c75a597d6a4d3edb05.jpg,test,paper254,74f55a039f90f8ac046d9344135213339e82902729f99b49a0c8598f9ad89fd4,416,416,2
train,paper270_jpg.rf.64922dcc4639383983d54952146b8f64.jpg,test,paper270,e7259831a7ca43c58c01401bd42341fe5ac815dfae18fb8c3c691f58ad6392a3,416,416,1
train,paper27_jpg.rf.bf5fd4382e53354b383a15f68f8541ff.jpg,test,paper27,9f1f2ed594c39d9afbe4e454529d23cf290a7f2f3f9cb7f3e91cea9327a2fc57,416,416,1
test,paper280_jpg.rf.2054bac2f30d3f0c1b3539c80a56118b.jpg,test,paper280,e84ca7dc6a74c865a3d9bce0771ee4e9c0fb258976036199d24275b8bc1e5788,416,416,1
train,paper289_jpg.rf.898654c22a49dc0bc110c8723069deac.jpg,test,paper289,7aff832adab67f994a478656a15c9c34d903cad54724ecfe08c498123421e046,416,416,3
train,paper305_jpg.rf.fe50060e4ff619ccfca8ece48dd09355.jpg,test,paper305,fed03e230f202074c1b4428067801f8f121f0bf63650858bd5f36b4ca7f0cf77,416,416,4
train,paper322_jpg.rf.f3c91ac9bb0bd49daa611df5b6c814ff.jpg,test,paper322,a6098963c82cad9984153d0cf28e27efaf61edd29c9e80cc644561d98e1ef399,416,416,1
train,paper348_jpg.rf.5285bdbe6774f4ea096976498372dc73.jpg,test,paper348,7e271c6ad88384f58d35a15938d585b2ca53a6c38526c294573ca49539e9d908,416,416,2
train,paper35_jpg.rf.1cb510cef6606f3a7db610610d94d05b.jpg,test,paper35,8dd4b8315b13b6e5dd1bc73bf06572cfb7bf67af9df37d25be1b617f8e0a5470,416,416,1
train,paper377_jpg.rf.740266af8a61f515da06b29b1321fa86.jpg,test,paper377,ef79c83b595171bac7f6f953712c202eaef0247ae029934fcc49ad15f0d02acb,416,416,11
train,paper38_jpg.rf.49dee0b013e1b41f508b473d1bde544d.jpg,test,paper38,d5aacb778186ae52506e1940e5805353cfc8d50d021049c6ce9225449d589569,416,416,1
train,paper392_jpg.rf.7cc088497906d8d8ddc56482b3f53f26.jpg,test,paper392,ddac5440904f6b17b2a2238e930ab55789d13eaf02f64ea89e24dd6cce40c426,416,416,1
train,paper408_jpg.rf.2a65ff92d39c4fe1f8e105f29c9c2c9d.jpg,test,paper408,758797a1cb54d05a19d3b893eb8dc5b391c536741eb7f6e00a02bd96b775e5c1,416,416,1
train,paper419_jpg.rf.28ac5751d2af3154e8da5d18d1a7a1c5.jpg,test,paper419,96e605b016acbd0dbe65c4143d53e23440401bf0a30363dcd2b64413d3d968d5,416,416,1
test,paper447_jpg.rf.add15c678d12562d64fe422fad7c9f55.jpg,test,paper447,f6a77ad5935fcef3a3d44fd66fed4c460e05c7b0907a35b725af2dc02e607677,416,416,10
train,paper44_jpg.rf.bc1032ba63310bc623768a370780cd8c.jpg,test,paper44,5b14d3e8b931d2d388935dd5f1f8de1fe0196c2df03c58d988ee9a8d6d042495,416,416,1
train,paper460_jpg.rf.6fe0e6094f13a327631e820d6788ca00.jpg,test,paper460,481fad55714f35fed75a9e623ee18548d59dd07ec7e84ee5c0cffad0438f2903,416,416,1
train,paper473_jpg.rf.063b774ccd80089de7da6b143ff04146.jpg,test,paper473,fd97f638f40fc93c90e7053378038da90a85a1f5beb4e38d102ad2d5603504fc,416,416,1
train,paper496_jpg.rf.0310eb16c833a323f9d6eda2f752411b.jpg,test,paper496,5c0ada6b655bec5584c103b59e3d0f25dd842bf3bd9bab0c434ce89cf5e7b831,416,416,1
train,paper501_jpg.rf.2a7f08034470eb93292c2ed6812731cc.jpg,test,paper501,27f8d62e4a7a5c6a192eb44e85f71ab6cf67c367897440875311d576da88b880,416,416,57
train,paper506_jpg.rf.b40c3f59c2a3e2181667ff3f3375697b.jpg,test,paper506,69f8e7e65718d963fff1d5d22815079a7f5d7fe0587c728262fb54b1dbe3c22d,416,416,9
train,paper518_jpg.rf.fc2563d0937a626810a5d5af9cbaa3f4.jpg,test,paper518,a5f0bef2faed013400023e34f10ce25c3e8ab674043bdd307f7f1bfdf63c6e21,416,416,1
train,paper51_jpg.rf.d56489a3d48bb802ae8cb67d89528937.jpg,test,paper51,44081d080372420f105fa9ac0fbde465234016931bcad11b020c583eece1d62b,416,416,1
test,paper547_jpg.rf.a2180320a97ac6e1ec4208a125e09b07.jpg,test,paper547,a6e59eb9a4f23c856edfef4376dba8d5f7db7fcd8013a2b39d70f91bdc54929f,416,416,1
test,paper562_jpg.rf.89315689cea2673047f5b88e01661eda.jpg,test,paper562,41f2b84a06f49d9729dc24ef89bb61ff62dd954e4ad734189dc2a919d3bd311f,416,416,1
train,paper56_jpg.rf.5cdada1ec08dbda453108ab4da50e6f7.jpg,test,paper56,1ee87827d18376798fb9055956682d7f644db1cbb90a9c3105b2ccb1ffffa73a,416,416,1
val,paper576_jpg.rf.0747fa954bb95fa62ebe62d03b6dae34.jpg,test,paper576,af64055df4cfb483b2addd3c870612b9cf304710bd4077aafe15335c3fc9704f,416,416,1
train,paper583_jpg.rf.90a8bcd3d6299bb5c95b9d19915f183c.jpg,test,paper583,614f16e18b49b659093cba60a473e651192f255f8ee93283c4833e566da022f9,416,416,1
train,paper603_jpg.rf.c6651fe176b21f946fba381b5415b304.jpg,test,paper603,9b89bc870740ddbe15ae520004200677c7c8acaae79045ad2479d08dfdde45fb,416,416,2
train,paper615_jpeg.rf.62db703bb87ba606c84d1e8cf58f316b.jpg,test,paper615,0eb0b71b97b10d2482a6d0e47eeb671e08f472bbbc967aa9314259a9e28161e0,416,416,1
train,paper634_jpg.rf.f62c079bf4a9c06fef430badbb3b717f.jpg,test,paper634,6eab76746c7c7136fc22155582bf044bd0b20982207132a774180e38fefbc46f,416,416,1
val,paper638_jpg.rf.e9124a6a52585c8fdd5c4f50d8afe35a.jpg,test,paper638,7bc9bf0464c9f687228c5fbfd61d10d3d6c1a8c4ec63ca47f4eb52b6cc4fc420,416,416,10
test,paper662_jpg.rf.efc89651f150494644b74f53cea67af9.jpg,test,paper662,957da5f6b8ae9bae1dd4f378a315e7edbf46d3eceae27d10c8016b5f5b6a98f8,416,416,1
test,paper66_jpg.rf.f682f25aceb205878a8d01fa5d620753.jpg,test,paper66,ccbee9dbbe8bcbbb40bacd36bb245b07fd01fea53526b82f06578d9e7882a3bc,416,416,1
train,paper699_jpg.rf.a0b83cad670f4456b8e7f7aa752d8021.jpg,test,paper699,2fa4f4a20006171da2ce0c1d347e860fb5cb2af22b0da3345a4abc4e8cd93a73,416,416,1
train,paper711_jpg.rf.de93795a10b332a3f0658c6d4acb7c5d.jpg,test,paper711,5d240d2486869745e0570db5371e69f118a68f2cd3d04fc67e470d24cad89e3b,416,416,1
train,paper726_jpg.rf.a433f27d491fde457ec2660379bd02d2.jpg,test,paper726,b782abe1282eb0723455f963a14bcda84148297d1f8fb011875723b6ed489d0e,416,416,1
test,paper742_jpg.rf.bff9e1071eecbab20312f12065eab494.jpg,test,paper742,c41412d19bfb54e22d65b25fc22ca52d1bc446440cf1f3f61c65e05ff1abd289,416,416,4
test,paper755_jpg.rf.0e21c630d3e1c5e34f871e7dcb940a3c.jpg,test,paper755,9a9a424e0afcedcb0f4812b402d87a80106dfab50e5c601649120552921bd24e,416,416,10
train,paper757_jpg.rf.8df196676cb35ea32fba8819d6acade7.jpg,test,paper757,377c605e06865f98ae684c77673a33205a485759fb39b5ed99d9eb8b099e8004,416,416,3
val,paper758_jpg.rf.915185f6d58b4bc4671bb640657bff46.jpg,test,paper758,d5efc716eebcca2e4f5be4120d76c2627fd8a645f92b9633b3a837b6f2380c92,416,416,1
train,paper762_jpg.rf.f221f81a8abf9af8907b3c691dd38f0c.jpg,test,paper762,e1c17e750fd0536ba663b11e0d1dc2fc2cfb75030772d5ab8df66560cebc5700,416,416,1
train,paper764_jpg.rf.1c5a3cb9041c333b2eafca75174072e0.jpg,test,paper764,65f50ea88d7329b9440ff5459c52381386bbb18dd5026558c5e79acb4f898bda,416,416,1
train,paper767_jpg.rf.70ce84042d9f09370d1a3a7739196545.jpg,test,paper767,60d675e48229911c787036827d6fe08feadd52b44bd7a9554db35f2d08a40ab4,416,416,1
train,paper769_jpg.rf.f98053948ba1f5ee0a7726757a022c57.jpg,test,paper769,296d2c4a718d3372bc8622cb3788aa8092c6625d23f45600f53309474edb3740,416,416,1
train,paper774_jpg.rf.228eef394185b9836b73c740723e92c5.jpg,test,paper774,70c784706544e53e5e2cb7314e53d708b951c9d32378b7e8476a4f0735233e5b,416,416,4
train,paper785_jpg.rf.ec7f90772ed18e5dbe9c7eafbeee3c30.jpg,test,paper785,9251e5dca2d313fd2a17388207baf0d2d109c4cce331ba66a28650cd89bc343d,416,416,5
train,paper793_jpg.rf.e08ea19e0b4f38ac77e548d58cf201ab.jpg,test,paper793,67aad0f635eed42f199d2575561f617c76bfc6614266227273e02422de7cbef4,416,416,1
train,paper794_jpg.rf.c979ef20d1ae13a3a34bb4e7313b4ed2.jpg,test,paper794,52ec6ffbfade66a16da28c0cfbe642611fbe99b08422b3077cbe26d84599911e,416,416,4
train,paper800_jpg.rf.1daddef667371d14af6f22e6507c6946.jpg,test,paper800,07c2bb498dad1e44e2b935042ae96419a3a1989ea66c597382a8f3a2836d55af,416,416,2
test,paper803_jpg.rf.773139c0a2ccfd21a5b55abc223d5acb.jpg,test,paper803,43d5bc4411bf2e8f259de8f8c79372207c12b579cd3383afce8b1f130e50402b,416,416,4
train,paper804_jpg.rf.c1cb03e3aa5beaa5e6a0b66cbe7c04c8.jpg,test,paper804,a993fe893553283c59ffd1cd8b878de7b960515d32c3c5db9513bc63d1768fa7,416,416,3
train,paper808_jpg.rf.8540b4c703e63e04dfb6a3a2a316ee74.jpg,test,paper808,cb8207b41bc68e1716dc0146ee4950888d622ded3fed62a982cfb2c99d563089,416,416,1
test,paper813_jpg.rf.dad45e3c090235f944f9cc890f2d5178.jpg,test,paper813,302a0c7c1a373fdde694a535f372124b8bf57ada2f06b85b75be142f32ed6f5f,416,416,1
train,paper817_jpg.rf.51c71ecf5409258bf671e5a2a16e4954.jpg,test,paper817,7dbc8a2f68ee96d91a187524b767a8892170717b646fab5d0ddf368956074022,416,416,1
train,paper832_jpg.rf.d18185db1663fb4576513d46b991dc90.jpg,test,paper832,3d3d78cd737b340cbab3cd279b4a13839ce9824e8a8f3662ac9fa917169b6849,416,416,2
val,paper839_jpg.rf.3e1ec0ff8ce9e6a30ec626fa7fbaa8ac.jpg,test,paper839,43448775ccc0b777924c29f04fb4369ebc438d4abebdbf93673f490fe589bed1,416,416,3
train,paper841_jpg.rf.0873ee17720f68657c7c95c40a1f3e6b.jpg,test,paper841,aa2384392212071f1424b07f3810fbb6262ce64164522f286a6bef537ef80266,416,416,1
val,paper842_jpg.rf.9ab4cc19a05165a8041d37a0ce80074a.jpg,test,paper842,033ccfa8053aef3e78e4dd9868ed5504db44ea2ba215f5d76c57322b0199586d,416,416,3
train,paper848_jpg.rf.38a2fcdf2902b8e858cdbaf95d1fe5df.jpg,test,paper848,188c9efe4bd306964f2bc0e6407fbc1c5417b0aa2f342290586bcf342f5e08da,416,416,2
train,paper849_jpg.rf.5b1a4acdd2e9a562fe0b61cd644e9211.jpg,test,paper849,008da0fff620127ef235a92622c58ae03c867886e53aba617532c033416e3666,416,416,7
train,paper850_jpeg.rf.9578c9dcaf437c287ab5bc6d3ffb3cde.jpg,test,paper850,815d1b7f7972291cfee511f3425b7dfef7c2cedb69beb50189443bc23876276e,416,416,1
train,paper858_jpg.rf.158c8f1c1d9bf8ecfe4f1a281b8b0dbe.jpg,test,paper858,11824315de1a151f5a810ab535f4d185c60ea923c7bbccbd91afc3390f69ada4,416,416,1
train,paper860_jpg.rf.251c19de49b68fce5146648af9f2c96d.jpg,test,paper860,ad0b7cdbbb1895360fac95517054641add205e84c98e09fb0416f303a666d3cf,416,416,3
train,paper861_jpg.rf.969f43ac9b87cc0b09539a50c95baf6d.jpg,test,paper861,4a9dcdc00dccf18e066d953617eb681de2795445b8386d7735f5c950e26935f4,416,416,5
train,paper864_jpg.rf.d564a763edd19380b62b1a43a51cb0a9.jpg,test,paper864,c231269fb62ea40b981d9fdaf250593c4312c0479007729711409fbd3b267b75,416,416,1
train,paper865_jpg.rf.36e50ce9ddf978d1adf29731e052383a.jpg,test,paper865,acfb6c6397895f7587836177a1ee35c2f47fa6f9c6161fd4acc4a1fa70d969cc,416,416,1
train,paper866_jpg.rf.25489bda91ec12e95194767fc02bbc9e.jpg,test,paper866,48b6f1309cd85d6bda493d0dab3ecefcd0d9d4d12bc1c4132752e18b1d49a9b0,416,416,5
train,paper867_jpg.rf.dd3ff2c05642feae0991508558002361.jpg,test,paper867,8819fa8010acf880f9a37d5ab9fc96853624c65286822dea72340d1cebb6b56c,416,416,6
train,paper869_jpg.rf.db09d0af7a5ccef6f0cb668e32344b37.jpg,test,paper869,b06d1033a39071bcaefb05bd503c0aa3aa18e2ef36f0f5d6e566ed415883aaa4,416,416,2
train,paper874_jpg.rf.87cc77b178e9eec7a40b61b6833f5b6d.jpg,test,paper874,27bb5d308bf661d68385bbbf8212f1c8b3053e10e0c649b495fcf3dcae0b36eb,416,416,1
train,paper875_jpg.rf.3d460c6f64d23d6787a3e8062455fa74.jpg,test,paper875,21f24ad27364032a7a490918a70a55bdf5bef21ff986910387d4eb8815518514,416,416,1
test,paper884_jpg.rf.ee44d6782377a6f7b39cfe7631c93828.jpg,test,paper884,192ebbed6f1669394bb23744c0a56fc08b8e83a2232b6f79b28ce171608dee50,416,416,1
train,paper885_jpg.rf.8cf6c5f127f42a9547d6afce4d097040.jpg,test,paper885,3bb82987355b6e5eb2b769bf245a2f94d615d1a16d7e9ddb61a07e2e222e091f,416,416,5
train,paper888_jpg.rf.e138370686200ecd0b15a7c33901c081.jpg,test,paper888,92f6902a9f2c58b6023120bf1398a63c4ba78d6a724994b6a86af667082d7b8e,416,416,1
test,paper889_jpg.rf.7993c55f279a24e423eaefa9f01ee73c.jpg,test,paper889,d7ff482b7c8a07db2fd933f093edcb9638d79ba897d80d79c13d3af13a1cf22f,416,416,4
train,paper891_jpg.rf.7054bb243bafd00c08baa1e04d5c2240.jpg,test,paper891,0e6fe222305590180e5d87c25f546d8124f96fc1f40361d765a5b4e4ec9b5729,416,416,4
val,paper899_jpg.rf.999e71699de641259b065666937e6c54.jpg,test,paper899,2c001dfd0a358c9b482cb698c32ff6b21d656646b567d0fc956d41be0b5cdd24,416,416,2
train,paper900_jpg.rf.ee4ec5fd0896ee853eee6c911a6eeabf.jpg,test,paper900,a0eac2d4bfd490e7b87750867da26d84e1c2138570f54ae76bd9f532c03c86fd,416,416,1
train,paper902_jpg.rf.690b6430fc8694346f8f94c17e088d92.jpg,test,paper902,3ca70e87b9e9c03b43bc61253c2bc9ac57bcaaf581a85bbaf7a2e458a99e8145,416,416,9
train,paper905_jpg.rf.7cde30543f0b1d4ac163bd961342071d.jpg,test,paper905,28ace3ae9207e4c6b785e37b4fa0f94818054de20f78883e355db573d69ffe3f,416,416,1
train,paper908_jpg.rf.351a6146efde2d04392b76383d064c93.jpg,test,paper908,bc453f20c4e402562d6e3f1fbd3fb25f46495e875d855ae6006916b20f00ffcf,416,416,5
train,paper909_jpg.rf.a382f3773871dd1c5dfd3c0bbfa30cff.jpg,test,paper909,729d9d41fb229975ea8793d6d9e7ced1e4cc7c82f597feda466844c266902617,416,416,9
train,paper911_jpg.rf.2a4553d9c0937925ccc868da2d909e57.jpg,test,paper911,6a25995a797d05b6b904395d7a71073bdfb46b3e77dcacbbed533e18d63650dc,416,416,1
train,paper915_jpg.rf.ae8945f846874176b82c5cc1b9c8a24f.jpg,test,paper915,93861c302a1864016ac03c5722e13451f3ea4a1c399d7a60679510d34a94453e,416,416,1
train,paper917_jpg.rf.3328df889ab71b4b63d719dfb0b8b887.jpg,test,paper917,851e64bc1c95546f38a717e6f11aa1435c9db55307871eab081c31c651be19a1,416,416,1
train,paper919_jpg.rf.d6a8c87ff66df19dd0da05a362e52e98.jpg,test,paper919,e70ebb8f5b64ea6769da24347aa1e0c4162f149852264909ab557556c98393b5,416,416,1
train,paper922_jpg.rf.3640774a80015258dca5f7b875bb3637.jpg,test,paper922,8521d80844e3dd9a1226e15385f0a3540e1e4812f0d265951c2a42c28cb91eec,416,416,1
train,paper928_jpg.rf.41cc5f7b5bebbe47ce31937390eeb0f1.jpg,test,paper928,292ec2871e1b9cd2e066a3558bbe420448456b6c279d4ab1317b53102a83f24c,416,416,1
train,paper933_jpg.rf.0962f60627f9c3ddab49f110699d6e56.jpg,test,paper933,b145f0494ac735ac2a38eaae55b34f68e280b7f0ee100b2113b03cea71128418,416,416,1
val,paper935_jpg.rf.ecebea00a83120218064700f2c555928.jpg,test,paper935,3e68ff1f1076c927563e15e56951f4e01003f608048cd73580b09ab5de30d0e8,416,416,7
train,paper936_jpg.rf.bd3ffc68edc9f34d3d9cff6273f074e0.jpg,test,paper936,e648058187c2db8c1e4a566ee96203cbd47ff292930c03eff5aed705f86ca4b7,416,416,2
train,paper937_jpg.rf.f3755c1737189244813fde7084ab7fde.jpg,test,paper937,d3772319749f090ce6e0c8882d6dcd78397e48377e4d7689ab8b1b901526c3a3,416,416,1
train,paper942_jpg.rf.fd0ed6b5f12c94fa022900de0c9a3762.jpg,test,paper942,2d6f29b7de791d757a99b380779da70d257b479d728d7d0055ff1fd3e1beef5b,416,416,1
train,paper946_jpg.rf.aabd5fd53f4dc1dd1a02479ce52db5fa.jpg,test,paper946,5cb4be6e629bdebe6fa5d4f6ddb8283042ba9f79629c54f808e4854f252ecb16,416,416,1
train,paper955_jpg.rf.54395ea437cfb1e9debc3e240777c2a8.jpg,test,paper955,e56c852415fbfbebf56878cf066ebde5184edd2e5c8c335a3df0ea8459f06da4,416,416,1
train,paper959_jpg.rf.1d78681ac096ba518b5eaf838c1325df.jpg,test,paper959,78f0fc1c91ea3ccb1fdc263c066941b33c2e250702fb4e7bbbfb0ac2ffd7d1e9,416,416,1
train,paper960_jpg.rf.c120e205b94dae6f03737e26a4868863.jpg,test,paper960,c9e2bfc5b5444984c83c9c2f99d67699eec898883ecafd000d480c745a099dfc,416,416,1
train,paper961_jpg.rf.bdd773c997da38c4cb8ae52e848e4859.jpg,test,paper961,fb5dbcc636b18e28003a4fa0645938031ac16301dd2f8482728da97d54e0fc5e,416,416,1
train,paper962_jpg.rf.42e96d39842e84737caba1b2a47cd93e.jpg,test,paper962,9da797fe308443b2570e701678062ac1e3b51a5dfd3f3e8ac240cd84b5cd6db8,416,416,1
train,paper964_jpg.rf.6d60976ac42fc860db4b0a4f525def1a.jpg,test,paper964,8d7e80857d9aec30c2f98fdec617b42358b8d0fa61f1d372cc6a391a43625f24,416,416,3
val,paper972_jpg.rf.192fdb82f746a8b1b26751c3bdb84eb2.jpg,test,paper972,a54207c9ce3a8089550f254254159f0dec728f42ece2700130240c1c2e06182e,416,416,1
train,paper978_jpg.rf.bfe244c6c9691774d58ca6be0a18fc69.jpg,test,paper978,19ca1e54b226f5581f06f96977388c4be4067fb4837a85d1d7679389e61a5714,416,416,1
train,paper979_jpg.rf.bfab45e9cb6ed8beddca6b5438e3d6b0.jpg,test,paper979,61e42c4700531a7550ac4ef2bb1a1e4bda98551faaf3af75c29e6289e3a9c3e3,416,416,1
val,paper982_jpg.rf.f4edaded08f1061a8db21279d918d668.jpg,test,paper982,c9e2f9c53c2cdfc13095cf3b5468e64bfd1c5686ad487fddd64e6a0474bc65da,416,416,5
train,paper986_jpg.rf.e15f004a90f51c7022fba01eb29c735b.jpg,test,paper986,f7965ade1030f6ad96b2c873c068cfc478eeb5752f7fded1dfe2f33fcb042985,416,416,1
train,paper989_jpg.rf.9f9d905888ae49d47318511740ad5a1f.jpg,test,paper989,ba71b78024fd31eae92997e6ee98a7873a03ecbb8e29f0c487a31d1736e28c0c,416,416,1
test,paper991_jpg.rf.3cbe06397af5ddb2f429340fedc676e3.jpg,test,paper991,a391c91bda63be2ddf8cf34c8cf1390085d5ba6ca988fdddc48cad2e4c70ea2b,416,416,1
train,paper994_jpg.rf.cfcc3ca0909f6b67ef58c305db4ed700.jpg,test,paper994,b7738d039c4a09e0fecf0677028c5ef45d6af386f16ecb1e628316a96a41e660,416,416,5
train,plastic1000_jpg.rf.95ce60bfa39d5f58268fed7c803e16bd.jpg,test,plastic1000,9fa02f76660bd108fc9f0ab3e4271f5388e15d75687d325c0524a5b48f3a3fc8,416,416,2
train,plastic1002_jpg.rf.050ef38d1953a38ae07d3ad0f5ecdeae.jpg,test,plastic1002,cf7d9894f224afaff6c153947af5aa6d70362f48298bcda3029c5c12b6824801,416,416,1
train,plastic1005_jpg.rf.a15dffbe756cdbf4776badf294e7eb2d.jpg,test,plastic1005,3c8722f23ccd53e6296b99ba7f552afce8348d987ead451ca624b6370af013bb,416,416,1
train,plastic1008_jpg.rf.a0800dd441d06efc27f04e74bcb17bbf.jpg,test,plastic1008,4071fc6da277f7dee51aaec77b444f597fbe5bb6482815764f03353e8c36f201,416,416,2
test,plastic1011_jpg.rf.5e011fd11806d79ed4373fa3ee00e230.jpg,test,plastic1011,2837c938e701302129d82c86ed0cae215d2e657fe765e8f0310808c2c71ebb82,416,416,2
train,plastic1014_jpg.rf.819f5f6039c59284a07a84654711e086.jpg,test,plastic1014,4daf11e6f089a7b1bb9d8042bca4369960f1a84c7e13a9e1058be4f48d17169f,416,416,3
train,plastic1017_jpg.rf.b6ce50719f98188dbcc68963ea02cce6.jpg,test,plastic1017,f7a1aff3a04fee45304caacc7691d2fe7a13f0d7c70d6b40fab9c769c74088e0,416,416,2
train,plastic101_jpg.rf.64a6e8898b121dfb844736d06598f9fa.jpg,test,plastic101,8bd79d1a27e0b73b9d543614593ab105908f458fc7e6cf41f2bc65110324b9a8,416,416,4
val,plastic1020_jpg.rf.4e9a9f7c246cd99a212989e76e8f1f50.jpg,test,plastic1020,fb2836bb98ccde988d1aad892b389dbc8bf8836391079978b3ef1043603ef2c4,416,416,1
train,plastic1024_jpg.rf.88933b6bb1bc184254cbd3c89bee28c5.jpg,test,plastic1024,41e91ba7b3a3300df9d4bf53322e7a5d3f4be9993f87f13071ee1386f1c99d76,416,416,2
train,plastic1029_jpg.rf.08ce629a36fc4b3ad66d9e9e88a814d6.jpg,test,plastic1029,54a1ae361723e3a42895a4357d5933e77268f79af1366dba6e55fdf18157f13b,416,416,2
test,plastic1035_jpg.rf.a522719a29d43d9b773d6e64e9e58d60.jpg,test,plastic1035,a03eef227dc72edef49ea0983b584362c2c8f432209ad41a27250a4c28a9dfca,416,416,12
train,plastic1036_jpg.rf.453f3fc06f5cae9eb31f1086740d736c.jpg,test,plastic1036,7b6b8fa4f08ad3b553fbbf131c19ab2ad8c3d5efe064e1a337123b48f719d83b,416,416,4
test,plastic1037_jpg.rf.b9c9d92098e9a2e4cf849e130070bedc.jpg,test,plastic1037,31f716a07837837d40995e344bef7303a7d2299033baf68c98ec720295e1345d,416,416,1
train,plastic103_jpg.rf.73d937bf968bb443f529dd4517a3e581.jpg,test,plastic103,747403cc71bb7aa0b57b34a8dd68a1b49c7a7c1cf52342efc80fdc4e3f320420,416,416,1
train,plastic1042_jpg.rf.7156dc527a30d9e2047bd1a652cc7509.jpg,test,plastic1042,64a8ad7c8ca57fe254c7e8507d048ba8f3e7faa4c2979b6246b9f0372b36ae14,416,416,10
train,plastic1043_jpg.rf.fc76d8e9d47500d35a7c4bd4debd7d3a.jpg,test,plastic1043,7cb5002736b7bf13f76aa8870f3db12bd6c0807ba19bb3197f1d0bbd245fcfd5,416,416,5
test,plastic1044_jpg.rf.a98503825b68b636b22df5ed96073695.jpg,test,plastic1044,ef2a785b6788f7909ab4945886b8460245c1b0d71c2e00d95cc3c62ecef898af,416,416,25
train,plastic1046_jpg.rf.0d7c0c20f26ac6ca342bfc6bf8487739.jpg,test,plastic1046,13a85fd4f75cba3440bf2cfa422319a259ec0010bf87e35d982f6eaab6e87de7,416,416,11
train,plastic1048_jpg.rf.f3b65940675153f10623046c95742fb3.jpg,test,plastic1048,98c231aefabb6fb3f915187d37ee0c43c545a3e466e048d21055dc497845f7e2,416,416,3
test,plastic1050_jpg.rf.92d4396b7a953d335b3e4a3c30080e73.jpg,test,plastic1050,1e8fae7ac403f2c8ce21c9da2f40fafea638fed0fd7acb16108cee29b803f5e5,416,416,1
train,plastic1051_jpg.rf.015e8aa1fde1cf491f2cba3a2cee9c77.jpg,test,plastic1051,e85a6658d94cf5e7d6472efc1415a11fae1260a6de3d33895f7594e463b14c66,416,416,2
train,plastic1052_jpg.rf.eec7a7107cf3a6dc6c3add848d2ff4d1.jpg,test,plastic1052,aac637e5310c389429f97e22d5e8c0b7e8c95b4c01a4b47c3e9257ac6a1d2628,416,416,2
train,plastic1056_jpg.rf.f63be477cad13b04cdb64c99beca7b4e.jpg,test,plastic1056,1583188b5805ed70f942834ecf5734484c2e92ce4f0e4285c7b4c7a2bfefc2a4,416,416,9
train,plastic1063_jpg.rf.6b3c8bf2c5e544548b2bee978b6ddc42.jpg,test,plastic1063,da748e3e8793fca7ffc8dc7e3ab43f9c57a8c5473679ec305547e810598e420d,416,416,10
train,plastic1065_jpg.rf.02d4099b0ef672bb9937195616b1eac5.jpg,test,plastic1065,0871b98e3225d65dd796b3a4b2c6b7a5f20506dfe6259b427df57e0dcdf589b3,416,416,1
train,plastic1067_jpg.rf.c1075440656785e46bc440ac699dd5a8.jpg,test,plastic1067,416bcc0c0a525b55267ff11e70097e75db90fc06b4415d43702be289e0fbbbd5,416,416,1
train,plastic1070_jpg.rf.75f888a0feffa542a2750e4a09ad9853.jpg,test,plastic1070,9c5d5c69dd841122dbd1995a6cd280632da6907bb6a0358b44050a15c73dc3af,416,416,4
train,plastic1072_jpg.rf.2481cd669a065842b9673e29ab639c1e.jpg,test,plastic1072,3cb22951a4da7b339b8b5763bbcf1f326af3db060ce930e74c63bb6c94e089ac,416,416,37
train,plastic1073_jpg.rf.a2b088c76a6292a82da25f0e128f1b59.jpg,test,plastic1073,72b5b2fa06371f493d02a2f6f039e7ff19006801df3e87b293305f317aa7d0e9,416,416,4
train,plastic1077_jpg.rf.6f59a27f402df18c6089913f05334ecc.jpg,test,plastic1077,3c77406544cdaff43b98600687d911abcfe698b1b132a8778d608a031d4990b9,416,416,65
train,plastic107_jpg.rf.34aedd16c6281cf16aa8be858d14af84.jpg,test,plastic107,e3df4d96379cb34ef57c5b001dc8bf118a90c89e97627b6d70ef5288a18eda3f,416,416,2
test,plastic1085_jpg.rf.c195b23a0b44e2a856e2749b2c0b499b.jpg,test,plastic1085,8991ba548c58dc9220f8b5098c7b05500a7436cd98545c3c763d752347fc2486,416,416,1
train,plastic1087_jpg.rf.a5b8ea52dcb5813e43041793e8969281.jpg,test,plastic1087,1a031830162c0d13e8f9309bcf1de12cad559390e540b2ac58e8ad9229df568d,416,416,1
train,plastic1090_jpg.rf.3de032c2dca415d7dd0630efd2dff365.jpg,test,plastic1090,b9623b062abb322b0d6e8071484b2ef877cc093f2e7da65e7b5d012c80f77337,416,416,76
train,plastic1100_jpg.rf.9af6ba9019b43b0985dc351e66d38338.jpg,test,plastic1100,f2c87a1f0a5a5b2298865d4e13dec7efb4ce0364dbcadeaec43d0323f8065f7c,416,416,14
val,plastic1103_jpg.rf.324a4d333f5db24b99a3e5228cc90f6e.jpg,test,plastic1103,d6b7ebdaa56df451da9da5ccccd1e5742d0662ddc561e79d17fbe6c02711e3a2,416,416,1
train,plastic1106_jpg.rf.546a42c3e7ffdee4f211df10b5246f85.jpg,test,plastic1106,b4d21b7665319ceb054cf32f9da80191e4b4d427a341bdfb0f107170f0f3c7b5,416,416,2
train,plastic1108_jpg.rf.a177e3d8318f1b4a0f2f296c710a9903.jpg,test,plastic1108,b039703c8a1aa5e6d76f1f0b1f381928700f38280bd8ef3240dbc3441b19aecb,416,416,2
train,plastic1117_jpg.rf.148604128e6475e71065ad443c98c6b1.jpg,test,plastic1117,953fc4be4d0f5951c059ddabe023d0e27bebdfeea049c5a63adeeea343984c80,416,416,13
test,plastic1119_jpg.rf.25ea69edabae9dc5a9332fb141acf818.jpg,test,plastic1119,8ccfcc4d9c6205e11cb0a23c04433e41cb5944e4404726da51ad313f1ca175b3,416,416,1
train,plastic111_jpg.rf.a322427797b93216fbc616aa9bab22a3.jpg,test,plastic111,38f8b2cb5ee7da216e7e5681620eb78c052f3780e09058939de05ad16f31eb2c,416,416,61
train,plastic1120_jpg.rf.7f37d3f8578d8202a2ef5f7482e7d001.jpg,test,plastic1120,2e52fba5a461ec42fca940dbbb67bbd01cbda48eec7308b95673fcf97e688173,416,416,1
train,plastic1121_jpg.rf.f54f3de93a5d0708492a21a28b3c45a4.jpg,test,plastic1121,9c028b7a33ec9dca5b6e4d34f65436db5ce70f0290c6e32e94551e04203ccb29,416,416,2
val,plastic1122_jpg.rf.e7ca38914994e4702e6230bc48f4b84c.jpg,test,plastic1122,b04c50914cec6d3b9303e73d76228feafe278d255a391d7c7700ae4d8c61c09b,416,416,1
train,plastic1126_jpg.rf.dd88c6a67b05b637fff69e5fbe62ed14.jpg,test,plastic1126,0c8e3f6879146fce0fecc6b47f02353af99ae2565929d2e050accff6e2d13cd9,416,416,2
train,plastic1128_jpg.rf.d8e7c4b20912e49bb6cce5cdf82f1f5f.jpg,test,plastic1128,dfa0b85066e5813c9258d21f0ed21daffc48a541c1c72450918c40a7944b3113,416,416,1
train,plastic1130_jpg.rf.6bfe9e04d67020ff98b362a81d97b307.jpg,test,plastic1130,fa1380d86c72cf1f2f508c8ec493780482038bef02c497ff9f10f420d67db276,416,416,3
train,plastic1131_jpg.rf.2038396af8062ce13116f81e41c612ae.jpg,test,plastic1131,c2664eb7543e57de573aee683b08913d0265dfa0a0fa76c927d1b298e883dc2a,416,416,2
train,plastic1135_jpg.rf.e348d8b8bf226d5a07e3277dc4d7abeb.jpg,test,plastic1135,0ac63f96b6b5410b056ea9de1f059e98ba2545484c2e1b56f2ac7988e2b221fa,416,416,1
train,plastic1136_jpg.rf.abdef2536761ccb0ed3040f8ded5bd3e.jpg,test,plastic1136,0f0c2fe82c4c89611bfbc80ac2e9e69df240adfd4619d08ae51e42e39699f5c8,416,416,1
train,plastic1144_jpg.rf.517bfd022dc761cc878fbe68826644b6.jpg,test,plastic1144,ac104e6aeb0242c95b5fc9e83f9f7a8c42336af68fd2234f0aff587818546e7b,416,416,6
train,plastic1145_jpg.rf.1d40d3f101cbb069c4177b0b5491fe8a.jpg,test,plastic1145,1ec0c3acf2b61ad0fb6c881f8c9ccd9890f209f710a291ee9229dbc5e6667fbb,416,416,6
train,plastic1147_jpg.rf.b31faca8f206919d817078f70c6abf2d.jpg,test,plastic1147,48b8b1e780506faa21d07dcb746e7425c01a008f76030197bbe05e761d994750,416,416,62
train,plastic1150_jpg.rf.0f3cd75d881833d6513079e6efa023c5.jpg,test,plastic1150,bf21f841a9eb05177fd62696059948705fc9bdfb27ac8823ff2041d40d9f091e,416,416,2
train,plastic1151_jpg.rf.8b1894837e64f381fc5d1b64577c8fb1.jpg,test,plastic1151,abef1c3994a2c74bef5e6c79a616fe6956f4bd138543353f9d7438f44d7a1157,416,416,1
train,plastic1154_jpg.rf.64b60c3948c7c4114afea9f67bd8eabc.jpg,test,plastic1154,d20e6b926b285c401daad31574984e93b65e4c904f76d8e83ab1683666c5323c,416,416,3
train,plastic1155_jpg.rf.5023afd1e1545cc8df56e0f495afcd92.jpg,test,plastic1155,1889baec4f12e6cf627bf6672b16e09fa97fdee504344e0860bace1bc84858dc,416,416,3
train,plastic1159_jpg.rf.42409a90c97bc7c157add229d295c3d1.jpg,test,plastic1159,ce5ad3abec0e9d9aaa025ef0f1d51c9a6c62e4e0b6ea61e0b3b5a780ed256150,416,416,2
train,plastic115_jpg.rf.44ac99495e3f88b19e5c908057fc81a4.jpg,test,plastic115,fb25d1ad78faebf559776144910a0233e7b1ffc5f250c0b6d86b1a6f15c53d36,416,416,3
test,plastic1161_jpg.rf.75af89fd4dc0c39790194564a9851a99.jpg,test,plastic1161,da0d8f28c009cc8626206fb42a3df83bc0f89ca3a7b9506c53c779a3e1f86213,416,416,1
train,plastic1162_jpg.rf.426e8004f939e38ac59fc37f0cd226c6.jpg,test,plastic1162,a4784d364c7c932bc82a660f11d556d015c1069bcd45e9b38e1f6b6fd82a524d,416,416,2
train,plastic122_jpg.rf.23e3bd37474ea824b8b05f374dd60ab9.jpg,test,plastic122,c143705fa511730657cdc278cb6d1c903866c9cbe1c1167eab9a6121cb712e42,416,416,1
train,plastic124_jpg.rf.ac4e6a3d7d6815c92272f60000ece9bf.jpg,test,plastic124,32b62ddc2a457ed7aab2210a2f8522f533c4558e7cc342427a3a8cffc74da48a,416,416,14
train,plastic127_jpg.rf.a641a9c64d2244d0cd9ad1c94dd6ac0e.jpg,test,plastic127,0bd23a8cc3d3d0f6344359c7c0ba63e535c81d5fa4ee4decc46f29ff11bb1842,416,416,2
train,plastic130_jpg.rf.9fee68bd7e84a04bc2ce2c8857ef824d.jpg,test,plastic130,30c547ec20cd24085e914a3dfa577d5a2b4a5f131f0338b066ea6cb4e41c2ab9,416,416,2
train,plastic132_jpg.rf.3ff5aef2c1e1130267013b611a808b44.jpg,test,plastic132,15da341ffe9bb8675e3209fa009129d5674f602b1fea93aec003168ff244774f,416,416,1
test,plastic134_jpg.rf.30660e9fc873b7059a9648f7b4cc71a7.jpg,test,plastic134,1f9a42867f330e7d02deaf397ffe8b4fe94ed5c64fc93e06f2582091ca4fa64e,416,416,1
train,plastic139_jpg.rf.a7cc5c65dfe7fc376e7c6a6b19a07ffd.jpg,test,plastic139,1066d8a1fbbbce01734a5f5d172df16943ec3be688ec501d4926ee9612994b1c,416,416,2
test,plastic140_jpg.rf.a065e1ad09255014369d2d41571c5798.jpg,test,plastic140,c000518fc6a75cf483ea04fbdb8cdb40a1eee8ecae47220b7bef05645f484902,416,416,7
val,plastic142_jpg.rf.8d3f1d69064a6da810a457df81dc4789.jpg,test,plastic142,bf6147ff5938cd6014e8ec49282cab822c1e3338a62e2f1bfb81255fa8be1284,416,416,2
val,plastic146_jpg.rf.310a873d1ea3be5571b73c5f582e37ea.jpg,test,plastic146,30b4b9e722787ddedace00cce016ab53d33c9ecabf6ce423cf17b7b517c9e2a6,416,416,2
train,plastic148_jpg.rf.e8c639289800792a254ef85e2d9141f4.jpg,test,plastic148,eebd8041e8e96561fb10e034de2d648e4569134d91af6a0f6c8bbf429d55465f,416,416,3
train,plastic14_jpg.rf.f5c06706fd16387a89d049e1d8e0bd5d.jpg,test,plastic14,2050ed0bdc40bdd73fd68c4126d36615120ec0a5103da4e5797c30578e1fc01c,416,416,2
train,plastic152_jpg.rf.246260a8d05c223e7d363b50a96a2c5c.jpg,test,plastic152,6fed1015df22e7865ee7711e4ffa3a0bfab8fb139a21cc71903938c904beb122,416,416,4
train,plastic157_jpg.rf.6b65d12923e6c4cc9e86d580a358d8c8.jpg,test,plastic157,aafd21899f1d7e3a13e3f4b65c6d1b68822d5e9e2323395d1caf82bfb15cd978,416,416,1
train,plastic158_jpg.rf.55e967f004e41d5c79cfda6100e4efa9.jpg,test,plastic158,405d1b1cb1264791c867cda30fcc2c3d5d8c2d600da159912c3c13b7d0376a5b,416,416,1
train,plastic159_jpg.rf.9f83db1e84fc31a93267cbead83532ae.jpg,test,plastic159,a33a8ad2a2322d43e8b44a1dd02ecd72d605bebb513b2ac08672c4572d5b4e9a,416,416,1
train,plastic160_jpg.rf.24ca6a76eac2f15714334dfa6d26486e.jpg,test,plastic160,6b218f249ade56e1bb56fd5658091415a9e8d58cb620cb9b95f9ac487b5c70ab,416,416,1
train,plastic161_jpg.rf.5103ec4dba5af9171232c91259f28d3c.jpg,test,plastic161,f1a25c9d2f751bce27bd80ffec41220d176be97f3038dfc97083db841058152b,416,416,2
train,plastic162_jpg.rf.e9665971246e8d443058f4864c7c79e9.jpg,test,plastic162,2fcf0ed14ddb8adec53e72c75e227d1f6250c0fbc2a9d0f02ee4305faee4d985,416,416,1
train,plastic167_jpg.rf.8cc4daa3c49622fccea39b166fbb69e7.jpg,test,plastic167,abf5291901c9935e2cf1cb52f5f118438edc5497ab9291b4be264c320ab1fee1,416,416,2
train,plastic171_jpg.rf.ab270d3c04899bb1447e0da799b64864.jpg,test,plastic171,5471a47f371be0660e182b18fcaa2b37625718bbce95c5a3cac837e3d2b837eb,416,416,1
train,plastic176_jpg.rf.dc9ddb1abc3c80e2d87cf65867ce5d04.jpg,test,plastic176,66b6194d289a6159f808de28b47c507aed28af76a35a24c4e381f8fd92e827d3,416,416,14
train,plastic177_jpg.rf.dfb488784791a3d398641797a7aae6ed.jpg,test,plastic177,d340db324334257662212fce4a8422158e541831136450ab9cc6df3ddd1e03f4,416,416,2
val,plastic17_jpg.rf.1e6aa688deaafcbf58d07dc1e8cbda21.jpg,test,plastic17,76a715b6a2a1154ec2fd327491d0adcfb5c78b1c33dc3b25774e6c08dc2431ca,416,416,4
train,plastic182_jpg.rf.d41da2ecd4b9ae32af0912f100f5778d.jpg,test,plastic182,ac64312045977526b3a131154b0961aaef508efb418c37d062b60a35d1281c8a,416,416,14
train,plastic184_jpg.rf.2c91c5aa1db5bb367ca13499dfeb4853.jpg,test,plastic184,1dd6d75ce880e017a0513a6152aee5a2ebabeb58c49d63ee307a4f1690fa8d20,416,416,10
train,plastic186_jpg.rf.79f11837d65001519e9f29139654aee7.jpg,test,plastic186,7522c53560f6522857cce5bd4ca8764e45de8bd73913d5e703fef0f94d8b1ffa,416,416,1
train,plastic193_jpg.rf.c974b31a3ad13a963eb8ceead825fa95.jpg,test,plastic193,452d658783a0022c9f0fdf4b204a04bea4b4724152830304ad9983548e38cf34,416,416,1
train,plastic199_jpg.rf.c98379d1796bcb8053586b46b93f3e00.jpg,test,plastic199,f4c689fcbc529403e45c5c30596b3fea484b1d03f2f1df032e5fd520469d8fe0,416,416,1
train,plastic19_jpg.rf.7ec140cacb6a0f1dcb483dd46f4d4ddc.jpg,test,plastic19,88d9af14f5712b5c3d55633045d47c5971f1a409ca616e16737d8b207f848781,416,416,1
train,plastic200_jpg.rf.d602961aecfad99d0ebb86d23d126d5b.jpg,test,plastic200,cb09fec7093f7a48aa3f955e5272f864aaa5f4c55f8219bc25e84eee05b19c7e,416,416,3
train,plastic201_jpg.rf.8c8fe7781adfa87c1e9aadca31de4ee8.jpg,test,plastic201,9286a7a6c1730c48a7556b355b5773b8fe42ac62f5656e0a1c5167b444ae4f03,416,416,1
train,plastic202_jpg.rf.88b016357e7b20ba8f302931e182d9e0.jpg,test,plastic202,0acef012f1dc24d6aa99dc931e8645fce301a3fe6c83a6458b3c787d79e005af,416,416,4
test,plastic205_jpg.rf.2a08660bffb24d4c32aaf7f2db06aeb9.jpg,test,plastic205,07bbd3d1216801c65c899ebe49642ed25b94d43f67aad28f68c307b75a88f00d,416,416,2
train,plastic20_jpg.rf.6b6841696757c2e821b31cf4a0fd8399.jpg,test,plastic20,d9e9ba0cfd7b542ba145a1fd8a0949e1d0c9fce2afe3c54d2c48a54d1b45c174,416,416,1
train,plastic212_jpg.rf.daa0f4a0582c73e3dacadc7b7dac2e88.jpg,test,plastic212,2e830bb3d2658d23f24510e780ed5fb7424841d3846f15e5ae3dbe8bc573128f,416,416,2
train,plastic213_jpg.rf.bb92ed29b80074c6c3d28a116c45756f.jpg,test,plastic213,dd331d7e92f13d05c7eb236a996d313a93e9a72e26218eebbba9abb845f0ed4d,416,416,3
train,plastic21_jpg.rf.7edbeac41766cdbf5b3b0199c2406a4f.jpg,test,plastic21,c207cf72be7eadd4617d7b7b0e21698d0d0e8893d1459ae39d754d278f66e32e,416,416,10
test,plastic222_jpg.rf.72f77dacff1d20a004f2a23ebdb2d217.jpg,test,plastic222,53c4647bd3e63a7c5ffbc3ab88bcf924b6b414c445fccf6b70db314001ef4f85,416,416,3
train,plastic223_jpg.rf.0a2e5ce825a467110aca41437fce4daa.jpg,test,plastic223,027c9ef5a99bbb95d65f7cb2076b10dc1909aa6d53ffbb3e6c4d7fb33d3c66b1,416,416,3
val,plastic23_jpg.rf.51ff85a83046763f0d525bc9d2094c2b.jpg,test,plastic23,76838ebdd78a4fe6f82a6d005ad9494f6861f42baf5b3c0404b032731797ee11,416,416,4
train,plastic241_jpg.rf.b4d1c2176ce711eabe1ee76559d4ff7a.jpg,test,plastic241,e7d12fd520434b5d5c79e003a30ea856c9ba7648a199667a219cb257be334a31,416,416,2
test,plastic248_jpg.rf.86ad3a6dc0a5612276ff55d673ef5c4b.jpg,test,plastic248,bddceae60f16d1a70faa73d9653059aa5843b85d71f9b180be3d81d7ed2a773f,416,416,1
train,plastic254_jpg.rf.8df71a4fe5f4499657970080b2dec683.jpg,test,plastic254,690a3c9fe6afdbd30e11d858b61c389fda2b213db1cdd98a50b20205494b9515,416,416,3
train,plastic255_jpg.rf.e6e140038bd944122c7ac05aace3acb3.jpg,test,plastic255,68c31cd297a57329744d54911b7703204757f834b4433e734784483d9eeac18e,416,416,2
train,plastic260_jpg.rf.d5a6b59066e68472e196599469e8ca79.jpg,test,plastic260,1c1268a27db010c8706368645efe25eef6e64e1ade10807d9ed589d6d3c9174f,416,416,1
train,plastic262_jpg.rf.6515d8fff3d9e05ba8672fae0dc87994.jpg,test,plastic262,c3bd6a126ec12dc18142c0c6f2a43853141d5a1b399300667700ea28c023c347,416,416,2
train,plastic264_jpg.rf.d1af29a89df530d08cc51ee1c4b579ef.jpg,test,plastic264,044dd7b4820709409d2337b08dd28de0ea5e044b10a135892699596930be5bec,416,416,1
train,plastic266_jpg.rf.b6800ab17258d9ae974d28b1651c20f9.jpg,test,plastic266,623982c7ca2e58f63852ae7a3136ae276696ff0e790e8bfe923e0cef0a91377b,416,416,2
train,plastic276_jpg.rf.beedefacc49c06b1a9f8a574f8a41aee.jpg,test,plastic276,85c73e3f5ce51364fee27c50fa68659b366bef09b7963133a3d576f9753f14eb,416,416,1
train,plastic281_jpg.rf.324e1dc261fd75f16de63b6b5eeeaf47.jpg,test,plastic281,3dd22ed561a01a02bf44525a8f0a3e1695c7830b1c971b3775483b22947ee908,416,416,1
train,plastic28_jpg.rf.f589ff53f213208261e668997fd969d6.jpg,test,plastic28,bc78acd454147d6f7fdb593adb504914808cc408f2dd295ed2001eee42dca3c4,416,416,10
train,plastic293_jpg.rf.65ff36ba85207ece1f0e225716a5d232.jpg,test,plastic293,747ce432b9dc3914df7ec20e603c17e378310a11f920c76896a0bd29fecd3507,416,416,1
train,plastic298_jpg.rf.8b67d603d377ebd14b4aaaa858e16744.jpg,test,plastic298,5bc8b7217d55cdab91515e827681db6bfe452f9c5e8b41da94337db2a4819fcb,416,416,1
train,plastic299_jpg.rf.d65a31940af5ec9332211d1c414f8e5d.jpg,test,plastic299,b08fe9333a6d118ad1da3477d4c809e99997a01e9d86c70dc7203994da26dadf,416,416,1
train,plastic29_jpg.rf.adc5f9f51e64a89a4e92f57799a0c250.jpg,test,plastic29,3d5181c1bc663243d2406239a66b8d4e52f96edad8f3f4cc9d05d2e813c59d0e,416,416,3
train,plastic2_jpg.rf.15aab72adc72a1f0ce990b4f84309f31.jpg,test,plastic2,539c2dd2a1ab3fc9ce11846ac33f80eedeac1b8032d7cf61f98add55a3fbf328,416,416,1
train,plastic301_jpg.rf.7fc463768f7357e178c1246aea842da9.jpg,test,plastic301,31cee8bbc9f74178c2416baee6ad8521e6ed258261a0cb7bfb63bb62f8928a7a,416,416,2
train,plastic303_jpg.rf.03ce27310be2a5789f5b7c4b9e98e0de.jpg,test,plastic303,65641e30563d8a7e949f517374bb1c28e4dc5cb1969d18c700fcb683e0a3fe6a,416,416,1
test,plastic310_jpg.rf.793dc6ad0bbba727137fa5f6029aff28.jpg,test,plastic310,32bf64c034c1854f341043c0630cfa7ddc316ed2296a1bae28eb0ba6144f6dc5,416,416,1
train,plastic311_jpg.rf.15c294fc4dcc73c441d91fa8f300ee94.jpg,test,plastic311,023594b5704cd752ba437c0820dace1063f37b9e1ee4d0b9c7f38aff5e5f3938,416,416,1
train,plastic312_jpg.rf.f2368dc3e8f41dfd435fcc38546fde47.jpg,test,plastic312,5bd3a9e822acc0c633391feaab0ffc07358742b2b26572150dcf74958778319d,416,416,2
val,plastic314_jpg.rf.aad089e9bc8491619610cd79d138bbce.jpg,test,plastic314,c914f16d734bac74c1884bf9ebc17322a68cf2ced2963341c94e8b69b24b83e1,416,416,1
test,plastic317_jpg.rf.ce381d4d0452b76c883e68fd949fbb34.jpg,test,plastic317,443ad65209cc7fbd38c7d8aea5c7e8ba9f3df6fb3ead35e0898034b154812285,416,416,3
train,plastic31_jpg.rf.8825a4c50f86b829c904e9a7b8dbe784.jpg,test,plastic31,5b7c9a827dd0c280b762b61f79cf26ef90c354015623d74a3fada89931e4e17b,416,416,34
train,plastic324_jpg.rf.b1957a776623e8c48877794924afb9ea.jpg,test,plastic324,236bc6ed9d9bfde46dca8b8ac3f5ef205ee4277ea73f9e768c9874681a64b696,416,416,2
test,plastic326_jpg.rf.b936718c41cea979e7d7301d9c233097.jpg,test,plastic326,25cf5f3c83a3b89e3381f993f8608d30c24175fdb45ada4de50a6d088c306f31,416,416,1
train,plastic333_jpg.rf.aad9bc91911f70809ca9d63504bd2084.jpg,test,plastic333,14bc208b9f0e81989820b9f89be7d8d2a3a8fe6eecba60e18f2d4d21b56aba0c,416,416,3
train,plastic334_jpg.rf.ab309b8dd757973dcfd40ba1c9ad5a90.jpg,test,plastic334,fb8cd3c8cd8fe3700b2b584d58bad5698fda29469383029926ee222ac09ee649,416,416,3
train,plastic336_jpg.rf.0610b0032c3db2d9a7dbc64884c85d8c.jpg,test,plastic336,4b9cdbf8dca152e8d2b59b2e917996de44362d353087d4caabc7e6c137682e97,416,416,1
val,plastic339_jpg.rf.725ea0eeeab4e11092b9455726f69d83.jpg,test,plastic339,c21b2cde7d2e16319b9ed555a93af50cba6ef4a7fe6237c3af03b369c6fe2777,416,416,1
train,plastic341_jpg.rf.cad7a33fd6e55b9c5dacd2070828c43c.jpg,test,plastic341,686790a05a33e465805b8e70d02629049799b3eb9e6a1b71650849b67e0b8213,416,416,1
train,plastic343_jpg.rf.d5e325dc2b2a1b7e5ee13b05df48fa3e.jpg,test,plastic343,8bc4652f08c2c803f037b01a82aa79db99a033ce35d4bb606940be64be68009f,416,416,1
val,plastic350_jpg.rf.f0db59656de9977ab04c9ffe4bbc3147.jpg,test,plastic350,afb7a7cd850154b7f43eb2863dcffc7cd518332283f7c05f8b27e464573fa177,416,416,1
train,plastic351_jpg.rf.d4e3fc1b04bd97839e743b1e74ebdb28.jpg,test,plastic351,8b343f195947de0256c49ea3e598f5f004c31edc873e4c107173b7e42f22d887,416,416,11
train,plastic355_jpg.rf.ec6dc9f4b8904416df9c82e5646f0855.jpg,test,plastic355,f267bd330923684e23a2531860b1bab95f943e06f960c5b7c325d8e4a6b65cbb,416,416,2
train,plastic359_jpg.rf.0178e72c666b199e3dac66e38357f1c7.jpg,test,plastic359,cb3351997cf05a0ab0b654d236db557045109bf0530a3234ffea40e7e0f0ddd7,416,416,1
train,plastic35_jpg.rf.6991eb70aae027776078f24632768230.jpg,test,plastic35,b72e37f0af96c25116f683724169d089e5341f1f728e8bcdc9e1c1981da51d32,416,416,16
train,plastic360_jpg.rf.43c6d0ba8924418ef8d260f895dde69e.jpg,test,plastic360,61df820c41b385a8b56b2c062b924beb9dd0a0915b4bc108990764cd2f599974,416,416,1
val,plastic361_jpg.rf.06df40782f324829ba996707897b5358.jpg,test,plastic361,f034aeac48f63ed6d057ec10658ffdfe4554dbc7f4449d37003d6d1ab69b1153,416,416,1
train,plastic366_jpg.rf.38c642ef712868ba99977c55932986d6.jpg,test,plastic366,ccc679f002e385f0622f571bcf8ebcfc70fb0532c97178d99303a8c0f32338ff,416,416,1
train,plastic367_jpg.rf.7f843d95f2cdf0c0c15e19b39d4ba7d7.jpg,test,plastic367,ab36eabf7e7554aa1673fe374448df61107ae9b4412cc42f99e703696b97c238,416,416,2
test,plastic370_jpg.rf.3b5d564fca5802e0a785363ad3aa5905.jpg,test,plastic370,f320bbe64a9c42c5f1d4f3ed7b36f7bc673f53b631cf17063c71714103704d97,416,416,1
test,plastic371_jpg.rf.6876225c20f5a744c6cb6fa37811b7c1.jpg,test,plastic371,276a6959f1d16a9dfd5dbbb568976c5678114a73d2e13066342ba97284d19f56,416,416,1
train,plastic372_jpg.rf.7a28433bc74522194bd45adf5769353f.jpg,test,plastic372,7fa61051c4ec2de178cac3ae8270b958d0523a8f5e31c110b1b9d44915941925,416,416,1
train,plastic373_jpg.rf.5b28b2b1f76d74ed5aa0d2da66ce5586.jpg,test,plastic373,7b3faaa4a65eb092fb43fbcc481d1ffcae2ed6886317bdebe7defd43c6ffd9b3,416,416,3
test,plastic375_jpg.rf.e1eb628730b5b654baa7f5ee66dc170b.jpg,test,plastic375,033c506cd07e671de64e80d0d11c90c156860ba86ad46169d7cefc2013be0367,416,416,3
train,plastic383_jpg.rf.6f3ef81465f9015a063ce67bef0893e9.jpg,test,plastic383,0b3c82bf9a660cba8ebed0ec204f2cfee0cc188b5538730e70f54d85c9f1b269,416,416,2
train,plastic389_jpg.rf.09762b06d5c612b10368b26ddd9445c2.jpg,test,plastic389,0992c0198a8682627d4e9e49b7ab81dad116b6442ebbfe2c72ff8a5b329fb098,416,416,1
train,plastic399_jpg.rf.a7031665b248252a246579182214ed26.jpg,test,plastic399,87916f6c9f040edf197e9a104ead0ce415d04f1249827455c141d83928fa1969,416,416,1
train,plastic400_jpg.rf.6062a12f95730672d5011a5bcb2f08c2.jpg,test,plastic400,e258ce71dfe5fa012143ccb3ee24b0ea591f7fa01027bf84d4ac20339e28d8de,416,416,3
train,plastic401_jpg.rf.d1835f2fbbd03857d4ab7c102ff3b08a.jpg,test,plastic401,3c249ee6c3fcd430cfa18ca708207226933cbc5076d7888eb4d7aeadd4d2b12d,416,416,1
train,plastic402_jpg.rf.fd6033a92b970d42bfc8fab15e80bebb.jpg,test,plastic402,b7f6b6ccc7fd974c0ded8f2f1ba227a2b09cafcb42209c260db9f03ae04974aa,416,416,3
train,plastic403_jpg.rf.4070222850ae041a77585f4c4c2f1163.jpg,test,plastic403,76c0e26231ed96d05ea350e2742e0644853c4897a5aecf222251ea49db90d936,416,416,1
train,plastic405_jpg.rf.fe65ae6f02fc4250e1b3735d4a9a7b79.jpg,test,plastic405,d6da5f5b731e08135ecc789f489f376eee7bb2660938148424e25752debcf715,416,416,1
train,plastic406_jpg.rf.449829c069824c620a2eaf8e65a265f8.jpg,test,plastic406,dd550f56ca32e277780cdbf42e8dd623853e3ce84fc11bc8fea334c8de761d54,416,416,2
train,plastic409_jpg.rf.225036fef9192c50ee5177b5ee5810db.jpg,test,plastic409,b0f49707933eeb70efb15397a641e4d8750cc403830abbe8d34d81d47e93c110,416,416,1
train,plastic40_jpg.rf.68395edd9938bfc8e500b963db1d1a1e.jpg,test,plastic40,8b6490b6fa241be7018458cd80de9c5276af203ef830b23eafec0a506550b335,416,416,1
train,plastic411_jpg.rf.35c3abc03b352f93bd37be89c86711c9.jpg,test,plastic411,b6775bbeecfc25408b584fdb8852eee4e0d565579590f270e3fe6cd9d022612e,416,416,1
train,plastic413_jpg.rf.f988ab359d9a0e7e50ae27da44800950.jpg,test,plastic413,494d63e67a49105810d1e2eada14871fdcccfd0978589047df92688c29215548,416,416,2
train,plastic418_jpg.rf.aba669eaca9dd39a95c99fb95cb3d62a.jpg,test,plastic418,9594449edc31e086733e20b8c274c936e51d2ce153e1290211fc4b9e6c72106a,416,416,1
val,plastic422_jpg.rf.a5745eaff976a19ce7c3c00ce0be3cb1.jpg,test,plastic422,89f397f67d054cf08c082dc8dff40575570afaca286a69769df247a35ca4aa45,416,416,2
test,plastic425_jpg.rf.7eb6a23b0a77c7413a7c8600ac9a682b.jpg,test,plastic425,8a2be06eadea6486ce48403c3fbb59bc09b47062f384cf9fab5bfd7998b5087d,416,416,2
train,plastic427_jpg.rf.074770bda98107553cd18c79cc953469.jpg,test,plastic427,4e87eda1860efdef72f3eaeb98af58dbec92c9781b4fe8b498a48f3313b97e5c,416,416,3
train,plastic431_jpg.rf.f24286e90b0e16a98a05872c5531d899.jpg,test,plastic431,dad94814226f8d13806be793fedd9cf38a2b79eb6351aa8d80fb2d28063b8b08,416,416,2
train,plastic448_jpg.rf.a09e34495d8cceb1467c9126606d36eb.jpg,test,plastic448,c70e58869480e426a3b384f07190eb46d0bd2b86d276c45ba271cf30a1423cc6,416,416,3
train,plastic454_jpg.rf.606fecf85a9c0e5371e8859d544806d5.jpg,test,plastic454,bc67278ea3523ed8215b0e6d101eceae53ca4ec7c6daeaa5c71953a611db7310,416,416,1
train,plastic455_jpg.rf.814ec005fa75a1f692d2dd6188f35af9.jpg,test,plastic455,d8a129d08f0407ea3b2c5f4fdcc49ca0e1de032810948f583fbd34cd8aa2adb5,416,416,1
train,plastic461_jpg.rf.3a62a33946059491fca1366c57cf3c9c.jpg,test,plastic461,b93e963d5db771a9944e1761b99b928f1e877ad723c997c0eaad81d817ad1e3d,416,416,3
train,plastic470_jpg.rf.b64a3a2ab42789bae2e4ff7b58c2e69e.jpg,test,plastic470,6bc656cbab4e4b3ecbc3ad5ca050830cb8d376996d7ea47ec0f049c23a0bfb94,416,416,1
train,plastic475_jpg.rf.4747c34a0d9c2a9ee0465805ae8d2e7d.jpg,test,plastic475,6b303a36d2c97b8eb666d59f435625c10ce067fd15f2ede20f62ebb5931e46b7,416,416,1
train,plastic477_jpg.rf.0e5cf5f0aa12b659ceb0d9dff33edc8a.jpg,test,plastic477,21c1a9427ff5f36cffc33c519dd87df8f71ef95ba995ac00a0f188278739e5c7,416,416,3
val,plastic478_jpg.rf.7b160c151dec8d693cb3507f16bd7fb5.jpg,test,plastic478,79cfe516c170fa3e3ee422142a1941da3425bc184f167185d2ba46be923888a6,416,416,1
train,plastic479_jpg.rf.6b9662b2cf71e58a9d2e1cc90f3b91df.jpg,test,plastic479,927f0556d9b056d7fb2564dc720703eba5932883b78e7a96cf6b132bae4eaf25,416,416,2
train,plastic482_jpg.rf.3fef3391d66b7027c5b4928eaf7d7240.jpg,test,plastic482,471c1a8c488650f3c7c639a29eb1244cb561f37361dee4b5be5cdd89236aa61f,416,416,3
train,plastic483_jpg.rf.38e2484bfe62eb15259b3465f1bfaf1d.jpg,test,plastic483,8e998e5561e263a9feb5e7d626bf15647367ac09e39d6c703e664b94d1a4a655,416,416,2
val,plastic484_jpg.rf.24fd3ef38d9ef71e7946b93b4112291f.jpg,test,plastic484,4a49f7175edcfdacd590bbcc5df1544bd8c298590c45d98099eb8f1dd1b0ad33,416,416,2
train,plastic488_jpg.rf.74ca86a0e28c133545ac677c05435110.jpg,test,plastic488,3fba75a6459e311ed249450de5bd6f77a4916b1e791aca64851b55ad6eaab5f9,416,416,2
train,plastic48_jpg.rf.c8f780e15d51cafeedf0e145d8f4cd27.jpg,test,plastic48,b4cc001587c77af5e98081f5e89d0369f51c9ee234793ed92361ba5ad5263f51,416,416,2
train,plastic494_jpg.rf.2c76bf2840e73e06ab5ecc88306e104f.jpg,test,plastic494,299997f6e636b39f24b00451298e7443fa583223c9d72cdad77982335ed7317b,416,416,2
val,plastic497_jpg.rf.e2b1b09d695ef3ca8b35f498c3b5c4dc.jpg,test,plastic497,528dbbf4fe746c9047f2367aa932e464e0e1be1f39f5d3ab30ee91def0e2b18b,416,416,1
train,plastic498_jpg.rf.1ca4b21a468e4c82f6ebb66292562416.jpg,test,plastic498,0ed699946a8b0baf7bd5ed52df70a339280b9f499d7b648ce08642c27e51144e,416,416,1
train,plastic500_jpg.rf.1418aca53e6d65c360dad26c97ddb7d4.jpg,test,plastic500,0ca83a08654dda9b8e8f4d683e088c6badbfabccbf90f0f66564aebbca21d6a7,416,416,1
train,plastic503_jpg.rf.f533e95f435c8c0a005e9066c9dab08c.jpg,test,plastic503,08424dd50e85dba6b4ec0b6862ae21ae25ac93788149af3308e60a041e47e250,416,416,2
train,plastic505_jpg.rf.6c07ec0a3ca992e7184333532fe9bbd3.jpg,test,plastic505,4eb26cf489d82568c2abac4a4c2e40018fc900c8c19477ff6be7368d4a41e9fb,416,416,1
val,plastic506_jpg.rf.1dfe68ebedfd82534d5907334367d16c.jpg,test,plastic506,302df5e34deaf7a8498a51e5f3fae7187f611ab5f8891642685fef016f0d6671,416,416,1
train,plastic509_jpg.rf.06bdacbd0f22900e5b90b6f3523b474a.jpg,test,plastic509,f611e344c51af22067536fe27fae2c6149d8cc2cb337a24b757ead6b2016bd08,416,416,2
test,plastic511_jpg.rf.2e344fd7c7f61077ae82f53adf53b38a.jpg,test,plastic511,b4d877ec9972ea9727a1a0a2e411435b77c5d936afc008f26f8cac13104d770c,416,416,1
train,plastic513_jpg.rf.68da1f0ff965040bb88d56fcce8fb829.jpg,test,plastic513,e2826708519e6e8afc5a4f007e01ac6e334068890fd7428b17e0e64b23d80057,416,416,1
train,plastic522_jpg.rf.79a9eb91e6fb4a9ba6a0986ac416b6d8.jpg,test,plastic522,a3430eb6aa822083afdd11fa3f355b8e46e00af07de5579b1e6180d82c52e6e7,416,416,1
train,plastic528_jpg.rf.7db009e828a81925b777191bf623b48f.jpg,test,plastic528,325a825445c45b6f826a290e75338356632ce23475920f378d634d172dd191b9,416,416,2
val,plastic529_jpg.rf.eb2f4e030207b381f9383197b95bc4e5.jpg,test,plastic529,0cbf109f856d9ee6f085a3500c695fdd171df111d2b6ffa886953b4fba8603e3,416,416,2
test,plastic533_jpg.rf.d895c9e044467d0ca6496a02a2528ec5.jpg,test,plastic533,8bc48be4cd4fa60f0dcad3d5a708024ee0a263b21e2d0a8a2c269884ca07eee5,416,416,3
train,plastic541_jpg.rf.fe4833fc1555f2c3abb02407687ca2ea.jpg,test,plastic541,4ff421cc8f0550508da952388c065fde8c5dccc1a970fdf988db668bbe017bfe,416,416,3
train,plastic545_jpg.rf.5acc39cd42225a107bc29dd8b4e30052.jpg,test,plastic545,5df8a9f3c3533d94ce82300dd1db83307b69d143bdee3c8987a06bdb0cbedf21,416,416,1
train,plastic547_jpg.rf.a47f144577a7be2a4854332f6282ec2b.jpg,test,plastic547,558d8baf926c419022430b6e814c6df99867ad44a5039cff7a10c3894d94d93c,416,416,1
train,plastic548_jpg.rf.463109a83041ca3c5470b188bdf07b45.jpg,test,plastic548,e0ea6998e2762bdd262bf9ecf7c831fd94cc2e3aa58f8ab26cb713e53b293ae2,416,416,1
train,plastic551_jpg.rf.3b298b2a7eb9fa2aefe12f3d7ab570d2.jpg,test,plastic551,eaeaad9d574c3b837178049afb169360d58a48478b417dc91864410b6e43cd9c,416,416,3
train,plastic555_jpg.rf.9b4d994dd2446c6d050b8c009210df93.jpg,test,plastic555,a1d4612e4bb2f7b6b0089b4aab4cf63b71f8374b7c98a5c222c714a54f723807,416,416,1
train,plastic556_jpg.rf.5a51d3675b4686d23872985494b4be0a.jpg,test,plastic556,bacc631fdffab33871342937e383f656afcbcd1d0273cca426325297b1493370,416,416,1
train,plastic558_jpg.rf.9e5e8bddcd2382037ac1e7d685f03c52.jpg,test,plastic558,cf1930658439e50389ffb321de763b40633bc6982699ce654377e2029759c270,416,416,1
val,plastic55_jpg.rf.1c8e1c2bf6e588a6b409472558ffa5c9.jpg,test,plastic55,2f68db8762196d258586c816f76e83b609fc1b51c8c6bc2d996889e8e4acb224,416,416,1
val,plastic562_jpg.rf.7cd9840c83398ab8c164305514fce8a3.jpg,test,plastic562,a778258a4b9f4a51fb3cfae258318da521bbecec9dce7c42a03d1fb54177e532,416,416,1
train,plastic566_jpg.rf.b06369920226a4fc318b6d28aef4d5f8.jpg,test,plastic566,28c81ad4a0dafa556b73bd6c5b791b6ad9b35dffc6266c43c195c3b946817614,416,416,1
train,plastic568_jpg.rf.82bad9dff102b19d98be86ea2d087376.jpg,test,plastic568,54f70dc6c367ad0b5cb4510c2772ab943bdc13ea113c6ac44552e786ce110f03,416,416,3
train,plastic56_jpg.rf.6253c7fa380db02e3ed21422f12f60d5.jpg,test,plastic56,f25feb7cc11c17861761cb74f62a643dc9c05b90d834d2fc1a86a857ee93ed9a,416,416,2
train,plastic570_jpg.rf.897204bbd1b8dc2e8346027f36199445.jpg,test,plastic570,984b4d4d25d375c1a134b7ba6fbbc6b0a90f71048d90ed142b06abf0e088cc41,416,416,2
train,plastic584_jpg.rf.19bf267d841e0a9c4d33716e1e546806.jpg,test,plastic584,611569fdc398e47c786111f676d6dbd2411b5db0782e608cc4b276e5cf7deb00,416,416,4
train,plastic585_jpg.rf.2df1a0eaab404f18bf68993a561637fb.jpg,test,plastic585,7ee94132d7f98bb4fcb3ad451e58ee66270f9c63e5f36ab887c1b6729604494d,416,416,10
train,plastic589_jpg.rf.671d7eaa24a2aa9eb27abbf7b56deb94.jpg,test,plastic589,1b33fec5652f8eabd6a86bb6af643e39a13565eb6f59103be0b743d8f206c9f9,416,416,1
train,plastic592_jpg.rf.35ba511f2ef2bccd800c4eae488c5524.jpg,test,plastic592,3e2a7084d77b2d98d729634a4fefdd42e057c726740e6be83eff06bf828be602,416,416,1
test,plastic594_jpg.rf.35fa59b8c2da5fc893222e7c53b159bc.jpg,test,plastic594,f7c95e9a3fb6faccca1e338c1166567b63106110105d0a8ca3f294b8799da5cf,416,416,1
train,plastic599_jpg.rf.58d10b0075d0830f508bf515b8b02137.jpg,test,plastic599,de0e4ee3662c7cab4eee20f6647592cdad06718ea9ceb5b6d51b69a11e4321cf,416,416,1
train,plastic602_jpg.rf.d419e53641985bfab6ea091d420d3a23.jpg,test,plastic602,2ef73bf3b7feeea2d182bada3b4639149b88314ad36a2ef309ea8be0ba19f085,416,416,1
train,plastic604_jpg.rf.f7051df18b42e13a47c8aa689f30e427.jpg,test,plastic604,0acd1ba6f806375033ee334527818a76f2c8c9c9a91cfaa9bd7b4220207aa4d7,416,416,1
train,plastic607_jpg.rf.47b5dbba2fe32e8701d1fec241667705.jpg,test,plastic607,becc674892f0f4e24ad9387cf222eda06fb9f020f0fab3ab413cfcec047a3783,416,416,1
train,plastic609_jpg.rf.45d9365f306994734079098aad4c1a83.jpg,test,plastic609,a188fa2d60228e557ae0056d6a8c855759eb1adc1a38861bad463a6970226d18,416,416,1
train,plastic60_jpg.rf.c51805ba2562cba1906940255bea8342.jpg,test,plastic60,4688b24850a431f8d7738940933d112efec43980ce0f18047deca3408ac15f8f,416,416,2
train,plastic615_jpg.rf.806dc2d9d611f2355ad7dbd115890df3.jpg,test,plastic615,e5c7751af532fed6c69ff7142e4756aadc828246986725f18ac4c2a196fc86ae,416,416,1
train,plastic617_jpg.rf.60ab6209a57bf60156baf8278bd553f2.jpg,test,plastic617,1584250bbd5656ec283fccacf267073296cd7fd0241b2e7604dfe6c9f640ada6,416,416,2
train,plastic618_jpg.rf.195d5c2d30475521526a8dac2be8785a.jpg,test,plastic618,bc1c98259959c622119e85809c54423d86930a70acdea2569f036d761bf2227b,416,416,1
train,plastic61_jpg.rf.b4446e5fea3dd15602887c101cc09af3.jpg,test,plastic61,e29c3cca1900d5f623c11f008b4745ae75564db03a1763a333596e1c75f0fb68,416,416,1
val,plastic622_jpg.rf.cfbe8e8bebdbb0ae5f85d87481f3139b.jpg,test,plastic622,05a8b2f9009537155b44b17f90b2eb0180455ea950969a090ec07fd4ab7abb25,416,416,12
train,plastic625_jpg.rf.be7128a3f30fe7a9560cdceade9d0e2a.jpg,test,plastic625,e1568d2361204944d34cdd8011dc9453896ab28182ccb0a8db69f8c655f40cf3,416,416,1
test,plastic634_jpg.rf.b6c1e18071ce2a66c6fdb49303cec39e.jpg,test,plastic634,c879011e7a6d30e71c0ce9a38414cd521bf2697379e9254d9b99d2fc0082d820,416,416,2
train,plastic638_jpg.rf.993617d8baa5e7f47e8619de088e2710.jpg,test,plastic638,9f66892fd8b876c8126b7f63fd6814884d6aad5447d8abcbd3b1b60844ca6f32,416,416,1
train,plastic639_jpg.rf.42727877071794a48905404cceeaa6da.jpg,test,plastic639,4e1a5ef08708c3010104e76f0c89233353a6b16baeb7e7f7b9c44a771268dd9e,416,416,2
train,plastic63_jpg.rf.f86f259c721ee77392389ac25c9cb4b1.jpg,test,plastic63,6a4623a3de2acf0557badaa0ddfd3e54d5af620ea93461c6f058824b2d4935fa,416,416,4
train,plastic642_jpg.rf.616ea70d413996a8a566252b0d7e68df.jpg,test,plastic642,5594418b11f7868e04d0a2d488c1ccc66e15de1ed7b24a1e9b1d6b177bdcb616,416,416,5
train,plastic644_jpg.rf.eb1aea2a7e6b056dbafb742284fde863.jpg,test,plastic644,beae4fe9e7cee2c80b2e9e211137c421d115d052963d7f590e626d77a7f68791,416,416,8
test,plastic645_jpg.rf.8fdfe76bd96a94ff62d828b16473a9a4.jpg,test,plastic645,5690185ac53a22361c9782e475bae26f42e8ba9710c479eb8df48d3d22ea760a,416,416,10
train,plastic652_jpg.rf.b591c8394fbff3aeaa6c82800b36a54a.jpg,test,plastic652,496fdb02083f4c8cdf68ca07c41e9539b4b25f0a10dd863050dcce52c58dbb1e,416,416,2
test,plastic654_jpg.rf.213266c638bedf698ff4132e393e3136.jpg,test,plastic654,ba7a015909da37a8a38cba9b130f6f2ae4fecf0cf7f2e3b711b33eef99df76a5,416,416,8
train,plastic655_jpg.rf.2a04ba88a1aceed34553f7ca61d8d123.jpg,test,plastic655,38cbe08a830693578254dde7ca9d54f5c188d4a3d5d3cedba2206282a60a19d5,416,416,2
train,plastic660_jpg.rf.6449fccea23c82482f9acd1044c5ca7d.jpg,test,plastic660,8985fe7a7e0d26d5c60e8ae4ff2cb3935671a6c0f60bef48f60cd092bf125148,416,416,3
train,plastic661_jpg.rf.2caad6b48cd6bf8cd9e945b4745ab37f.jpg,test,plastic661,58f4aac684b2a4a64f50249b30040ea14dcef7fcd485a8765ec7c87ddf673940,416,416,2
train,plastic662_jpg.rf.124345c469bc264e714c7d9fbb522774.jpg,test,plastic662,266a5f829fecab29d77a12d6e722fd6b44553c82d7cea4cf04e1a8bfa66685dd,416,416,4
train,plastic666_jpg.rf.541119ae38c912492bedcdac172c56af.jpg,test,plastic666,0ec6888886c5be729601204f8dd25d3e6c1382dfaf082c3d50029ae84bba7a34,416,416,1
train,plastic668_jpg.rf.497bd36fa37da099e4fa5a5bdd00aa66.jpg,test,plastic668,860ed67150681cc44169026df9c4235d42a7b069ac21fb7e33e45c23ff735255,416,416,2
train,plastic672_jpg.rf.a715b2a7dfb01c0646cca0e29abb40a3.jpg,test,plastic672,b057e87b1097115c4054d332a8e19fc007420dd8753ad785f3d8961e811e8484,416,416,1
val,plastic673_jpg.rf.94b2aafe8e9c947b060d27e2af5cd7b1.jpg,test,plastic673,1888eaa47d31b60dc827a7346012284a29b459cab5b4b8825205a8812601c937,416,416,21
test,plastic674_jpg.rf.67ff74547c52a395cf7d75ab05d50051.jpg,test,plastic674,fb2030e6638b2b44b1dd3857cf43891395ac80bb0ee277251270ed7bc55fd9a8,416,416,6
train,plastic677_jpg.rf.c72e8c96e1440d803ce13ccf4653e5a3.jpg,test,plastic677,b1409d176404c94d4e365fbd6dde5e28aa8536c348b2cc471347ae928d8d9d6d,416,416,1
train,plastic681_jpg.rf.437e9f8283a9ea46b3b4aa59cc331d5f.jpg,test,plastic681,7cbef83e6eadacfe68fe31760fb99567266366dfa6dff2d941f01863bf1127f4,416,416,11
train,plastic682_jpg.rf.3598a8aa7feabaf40a7333484c08ede3.jpg,test,plastic682,6da2cc087385aa86da9629d73be1c8a06a8aa8d5b2fabe0f8df9abebedc36e22,416,416,3
train,plastic68_jpg.rf.322d01d9b1cd2c714e6fcf1abd54e2e0.jpg,test,plastic68,4642936c270ca4246093eab43b3fcbcfd361215af8887b99a573f87ae7b20329,416,416,25
train,plastic695_jpg.rf.ff5ca874263cdce5e3f5d9334efc908c.jpg,test,plastic695,bb9f25d96424951d7052bc9af0502fcb5d2678899e168290d8df87152872216e,416,416,2
train,plastic697_jpg.rf.5ec6fc9d4f8242645c53d0a5be4e6a4f.jpg,test,plastic697,f10c4160e45442ff5abb742b517c826cef5522f3e2f181cfd95b5f3af573e530,416,416,5
train,plastic69_jpg.rf.dd76e727a3a0050b9d0da7a856c1db64.jpg,test,plastic69,e15d7292c249a3f8e509559127d6923b925f0cca2653706fc697740a66a9496e,416,416,2
train,plastic700_jpg.rf.d398eefe30d10a17e1d40b087092c28c.jpg,test,plastic700,af6740e5b08180817001383e033e3a83a90d0c35a4f51173529385d879008617,416,416,3
train,plastic701_jpg.rf.0c3adfbc8c016b3c2c2587303d1a318b.jpg,test,plastic701,7286eb744b5e0d0a211c38f8246cfb2a8ee00b7ce8dde2cf725abcd77cfde1df,416,416,2
train,plastic706_jpg.rf.bfe8e0770321236a89b43208f24132c0.jpg,test,plastic706,9552ead4598da0db3bcd7df306b6a13c36f615e1a2a848bc76d3d1d892ae9443,416,416,29
train,plastic707_jpg.rf.d6685ce737a254a3ea8c77c80d543001.jpg,test,plastic707,1cc88502598015a418d3b5d27d6d8410bcf932ab9ea81590b0725a2af411c25c,416,416,2
val,plastic709_jpg.rf.38eacd3744c1d28dd4cdf79fecceb5a0.jpg,test,plastic709,caa2fcafd5b82eaccc8ead2fe426851f6e045c21f36c4ef6815b9069192b205b,416,416,38
train,plastic70_jpg.rf.09b7c0623eaab0bdbd8ce2dc7191919f.jpg,test,plastic70,c1ef09d45cb12128bb50df2e0ff16444646e5f0b0bd17847fca32b4525091281,416,416,4
val,plastic713_jpg.rf.688ba3b5e5999fca7af2d1a0d0da631b.jpg,test,plastic713,27eb5683c04fa1d121bc4f8d97880eafc1291d16591dc289243d2f1072ea37cd,416,416,4
train,plastic717_jpg.rf.84b266ac2408250402a833255b9116b5.jpg,test,plastic717,6031b8ea9540b1024c7d5c1c5e4da238cdfc92d685de5a34e2ca50aae31fb99e,416,416,3
val,plastic719_jpg.rf.fb706924826cd0f57a7b620854d1b6b5.jpg,test,plastic719,5ce06a8dfcc11d205ce616eba0d4ea463eb38f6c5f436cca58c13ff22f5796b2,416,416,34
train,plastic71_jpg.rf.984ded2af3b84dd6c90896c5365f3c4e.jpg,test,plastic71,12956b5ceae5ebe1137080db1ab1a17fe7fb7a0f7b3b927d585a1b2cd7692bbf,416,416,8
train,plastic721_jpg.rf.53ea2029229e18dd1a28b3c2df980b5c.jpg,test,plastic721,bef5e2da774d9f49930cd9821fd5026b448f711b0239ed0cc5a801e0fae94c60,416,416,2
train,plastic722_jpg.rf.f014921c6ea105e41f828682472daf17.jpg,test,plastic722,a0ad34d96a8150d69475ee5ba8c500ffd2d16dcb6e205c11126168fb3fb6ea07,416,416,3
train,plastic727_jpg.rf.1ef02410f9ccd573ec566107169bf85f.jpg,test,plastic727,de6384ba9ccee372a4423cf3436d5b1285fb529268d39260feda608ca84bd836,416,416,1
train,plastic728_jpg.rf.e4dc2f010c36363cb9bd26eb59d7f22b.jpg,test,plastic728,cf176e81dbe7507c1099ca4b15e87d398deb5dcd20ccf9fce04d541432dff826,416,416,2
train,plastic732_jpg.rf.76d0cb2a7d236b4a28b8f18354356ff0.jpg,test,plastic732,0447aa3c53b484a48de9c59950df62396cd5a788bfb3ed1a35a5deb7d0fb83ff,416,416,1
train,plastic749_jpg.rf.d0f6141222d48ddebbaba1f519e7ea17.jpg,test,plastic749,0215bf93a1ea7faff25404ebc68601bb7402c1c3eeafcd9ea5bc67a06ca199ed,416,416,3
train,plastic753_jpg.rf.834462be3e4b47f94a722a93ad4c1bd6.jpg,test,plastic753,c5cbf840ad3e38f176b51e18260b0b96d5ba265fe25bc8511b5ced352b4f7452,416,416,4
train,plastic756_jpg.rf.59d4de7365c1e6b701d91f838714f4a3.jpg,test,plastic756,e32fa65a18f344584f05bcbf3c8269bb4a479ebb11395628309e972257169d28,416,416,6
train,plastic757_jpg.rf.4cf64781fc95557a50d8055a45274e8e.jpg,test,plastic757,5a46397214327dd044b58ed037842e72b5f3b94f20fda76438eac2247e0102d8,416,416,4
train,plastic758_jpg.rf.63e189056beaff6f976dc5b13aba01cf.jpg,test,plastic758,4f3fe60788ee050a6b16790372bd807242dac85e65595b7dfdcb3912bbf85158,416,416,58
train,plastic759_jpg.rf.8f1e5c2808c9763c1a68cb16495d570e.jpg,test,plastic759,2d94b51f644aa38f774f3b593734aab3d2e2d00dfe80cc3b019df3bea87d4f9d,416,416,24
train,plastic75_jpg.rf.39da851896cbf5682a1c782d0c07c578.jpg,test,plastic75,8d24cf40ed9c847c98ed20958a3bcf2cfea8df155eee58d045a796ca7270e126,416,416,8
train,plastic76_jpg.rf.fe0538dd4e3ae66d8a31de0eb22d2a92.jpg,test,plastic76,505e1ac4551c5b8e6a55b6fbb398756c6a1e2f844cb4fe80225b7ea47004baf6,416,416,2
train,plastic770_jpg.rf.3577d686d55b0efd99bd77ee519f210e.jpg,test,plastic770,cf44e125c3f177d4c6cdf4883ec27d8422c38f884b29a7cdead4ac377405e99e,416,416,12
train,plastic771_jpg.rf.8b424277d7b7e0715a5713ae14c89613.jpg,test,plastic771,186a9695ba5944efa20a285cab3faaa74e5b41a588efc861b3b3faa3b582b3df,416,416,3
train,plastic775_jpg.rf.bc9d7037dc471579601c13bb2e75aae5.jpg,test,plastic775,523eea590a95f5542a75615fc23818d4a489b62e0896eb4c1164f1e747347103,416,416,1
train,plastic777_jpg.rf.256c29710fba1dc08be67295b5fc2e5d.jpg,test,plastic777,353e6f3b1acd7a7c5e7adfa8462fc9cf27efc744bf8856f13d5aa934c2176dc7,416,416,4
train,plastic77_jpg.rf.ce0491e31a40cde6651d45ac62d0efec.jpg,test,plastic77,33efdd784809a53970773186231560c3b90145011dfcb0a28e047093fbef2398,416,416,2
train,plastic789_jpg.rf.b2ed5e670b4dba754f970402a9e07b5d.jpg,test,plastic789,844dbc0496e904df5cd1e585d0ed168cdd4117562691df23fad0a0ba1e6bc950,416,416,2
train,plastic792_jpg.rf.720e6ac1c46800ef43341b4b98ddae35.jpg,test,plastic792,da2a503e7f1dd8efc6183070283b24bf183443bd753ed84c3494d1350ad9a6f6,416,416,18
train,plastic796_jpg.rf.512dbecb35bb68729c696f8198ca8230.jpg,test,plastic796,549fd07f62d441e92e3ff970506d587e2348e26721be068169d12875d8282dda,416,416,2
train,plastic797_jpg.rf.c5db880401bc9d3a83a9d6ccd587119e.jpg,test,plastic797,c16fd9baf9344b52080ccacf50cb15d4ee14342a965ab79cce1bc48866d0c22b,416,416,2
train,plastic803_jpg.rf.8075fa6032ca06c55db6d259a390ce32.jpg,test,plastic803,941138b38bd58faf0451f861d8010550d288b01ecee245ac968ed946937cf97e,416,416,1
train,plastic806_jpg.rf.5a0c9ba2b774d952c3b582db7a55180a.jpg,test,plastic806,51250885df5e0c53d617ba3f00f2425618bfdf5def2b89987e5189e1eec7473d,416,416,2
train,plastic807_jpg.rf.7514fc08845a419226284e54507c0f05.jpg,test,plastic807,798f5e292290cc98d5a65b232c87f0b36eb7a6d55fef38b246b6ac5f8c5baaea,416,416,2
val,plastic809_jpg.rf.42324f740056805b727acd393e1d04f9.jpg,test,plastic809,deecd9d83e1b88a5a19f645397e7643ca8d9088136635778fec6f77ad18011eb,416,416,2
train,plastic812_jpg.rf.936f98897ce2f144b826605e60974a70.jpg,test,plastic812,1b9488e5a756e7b8efc4e0c08eea5141e0870a386dcc707ba502e3ac7731bf25,416,416,2
train,plastic816_jpg.rf.18675916dff6a8c7627575b301353db6.jpg,test,plastic816,614f56cf69eedf47e369fc9046ebb30186357d678e269784655fcb565e1f8f8c,416,416,2
train,plastic820_jpg.rf.ef96800b65924606632ca1458ab577e2.jpg,test,plastic820,902ef46ef5f1ea113e2bbc763bc65b5e9a0d29c033a2f31fae97db89001804ec,416,416,24
train,plastic821_jpg.rf.1798c9726689fac6ddf5e6b3f92123fb.jpg,test,plastic821,6011345c23e330b40a445189d80b97dd6e71281d356aaf5436e84929f8cc5f65,416,416,10
train,plastic824_jpg.rf.b6ad28d91e513ba4cba4d639762dc936.jpg,test,plastic824,50d6bbe4ad65d1e87eb3760cfc20ec02e1fa74d4647e0d9efa2ee64f5e6e7a15,416,416,25
train,plastic83_jpg.rf.dba50c536fb325eb4c3ec6a5c604f8f3.jpg,test,plastic83,efab4d4299ea979c40b9db303c381786904e54334a43b7b05dc1580519726a61,416,416,1
train,plastic852_jpg.rf.777f662a63f74e2a415c74178dc31edd.jpg,test,plastic852,2d2a2c8587b814e3000195fa4ae9c4ff953d18d72d14426fd90fe5d54105838d,416,416,4
train,plastic854_jpg.rf.60d760ecdc750d80c434c68a601d492a.jpg,test,plastic854,d6a2a61ed71a79e88a01f0f71c5c81e6ff64864680a59febabfe25fd0e522ce6,416,416,1
train,plastic855_jpg.rf.572a8d04a9f2f18de7ecbcda158a4b67.jpg,test,plastic855,8bbf15ce44f5572398bb6bce858636c63ccd3c98e66255beec4945dc5d35abc0,416,416,2
train,plastic859_jpg.rf.89d24d95f627aeb8575aa3ce75575923.jpg,test,plastic859,0ed0567d0395d86b3b93fb68abf67215e7cc8835a11b6d34555d2cc8f4e442bf,416,416,1
train,plastic85_jpg.rf.fb436f8a8436987bb3b949fdd486458e.jpg,test,plastic85,62422b605394906cc3afdb35be1a1fa4fef8ef35c839cbec191185d02a579526,416,416,2
train,plastic860_jpg.rf.ea3fc51af23c99b318d1d09a4253758c.jpg,test,plastic860,6a437970a4359792269b85251e6feb3e9c1659ee1a7dbe23f666db4af3176b45,416,416,2
test,plastic861_jpg.rf.097004241d6759210f1705cc8276b6e5.jpg,test,plastic861,a950913e2957830f244835b99eb476bd590a5cad2e01c1c223438a0401a29461,416,416,2
train,plastic868_jpg.rf.c7c6fcd7c8a67499bed82c2b65106994.jpg,test,plastic868,8054b7526c374f1f1bcf473c47478f378f97efeab3fff947d9015f7b7dcecd8e,416,416,1
train,plastic86_jpg.rf.d116a0427c334f25d7ac75119441563b.jpg,test,plastic86,00d346d55069d7137a824e910f2c7df931715780c2cb70f497fcddeeed44304d,416,416,7
train,plastic871_jpg.rf.d4e3bfc6a4873499fa0269431dfc2b5a.jpg,test,plastic871,e4b57fcc46e80224b6ccdc88f9d73b45408ac5297e24ce50ecb84df027f3059c,416,416,1
train,plastic872_jpg.rf.9ed367de593871bf6fb3704384a8fcc8.jpg,test,plastic872,89658842764f3e6242c0506862657244430c464dc23d7a08f406ef9f1b545ee8,416,416,2
train,plastic878_jpg.rf.339cd8afb9f12db88fc74664fe1d7be3.jpg,test,plastic878,b37b5277042ba9b8e292c14df9fc69c56e8612a3f396fc71bad7ca167c9c6c71,416,416,4
train,plastic879_jpg.rf.58648721bd2ccfca3e0ea93b34499da6.jpg,test,plastic879,a9f565eeaf72fc9454c5850766e74694571c9feec8cd3ca4dce95f3c839a1d7a,416,416,2
train,plastic882_jpg.rf.87c168b3c2867944bd6e6542a180463f.jpg,test,plastic882,4f64c5fd8cece0504775d8c60777ca646b7d670936cb82561543d044c671a282,416,416,1
train,plastic888_jpg.rf.562731426f3365e590505319aeba0611.jpg,test,plastic888,b68b32036cd75432ffb0deae4af7d99c4c02091e7422881eccfc0aaf174d07b9,416,416,3
train,plastic891_jpg.rf.6a420a11cdeb2ad5d7674cc073f5bf0b.jpg,test,plastic891,44f36304d0fb945d6b2c20917c518e53a1271c8eb323d9a303d306a4b86945d9,416,416,2
test,plastic892_jpg.rf.bad5db0d9aac17826ed0c90185901352.jpg,test,plastic892,83cf7b5ec34323bfe02931df1f920c2a271f93a6b886ee4e5b33fefc6b408716,416,416,2
train,plastic897_jpg.rf.565039395d7f0c429c48ffbeedfabcd7.jpg,test,plastic897,25a406ae5e93e3e6b54df230d53497bc36cd67fa224d4ede09e6e94d24cf3c21,416,416,2
test,plastic902_jpg.rf.b5145d20397c23e1ad77448c1c0a419a.jpg,test,plastic902,9b34879ef01672ee798995ad358e82b7c8cf3e156f5c3eb308abedfb550895a4,416,416,1
train,plastic905_jpg.rf.1913f2e5c91217b94f36b9a54b4c9907.jpg,test,plastic905,fe1cc81e9e2348a3ff29a2ec7bbb8bb5ca78416bf2f34509341a0b2eaf5d8360,416,416,3
val,plastic906_jpg.rf.7b12589e95e9e8503ec664549993f181.jpg,test,plastic906,2a67078fc8a589aee1b26fc9e48e049aa9a0606ac36137ba76725d3a15a4f64a,416,416,2
train,plastic912_jpg.rf.1bc98d1567eefbd9c2079171835c541c.jpg,test,plastic912,2daf03ff6d08b3ba7da41d865b8bee65af10396419aef354014a681fe8f9d2a6,416,416,1
train,plastic915_jpg.rf.701c5518a468cb7f91f9e0cf4a38dc74.jpg,test,plastic915,db4e3c482f12a0f716b400fc80ffae6052b6ce11b465d5bb9ad563e6bc715448,416,416,2
val,plastic916_jpg.rf.72f22345a6c9ddc30707994447c6d1f5.jpg,test,plastic916,ee39df979c27c2da554e66c2c6f6137982b6e39c9f4270b22b005462187a681e,416,416,4
val,plastic917_jpg.rf.cf592a05665aae899d01dd9d8844c1d7.jpg,test,plastic917,650ede5ebd880003963cb2d8f104773e186ec48e75af565ec1cc7e51bb7bbcb4,416,416,24
train,plastic921_jpg.rf.2e47031e435fbba624731db8f47e2592.jpg,test,plastic921,d1cdc6dc4ab239724d24f44c0742d046cb6709247a5475ca0d20cf73aa3c2cb9,416,416,24
train,plastic924_jpg.rf.fe0d930c43f77e495189439d05b7402e.jpg,test,plastic924,69f98212af18bfd58663592e81aa8f4b77ad9a7e2cd6b5ad10d74d081abe720a,416,416,2
train,plastic925_jpg.rf.a6db63007267218995d4468eeae0cf11.jpg,test,plastic925,bb81b4962c903b0944b5cb74dfab8b987ba3504eb160b716237773163a4e7769,416,416,3
train,plastic929_jpg.rf.527a371c7f7bcf1069a3e7fca621bd01.jpg,test,plastic929,4386c42e4ac23a15cf14df6a017d2872102c4cc12d7ccd412f238e79d77c65a4,416,416,1
test,plastic92_jpg.rf.80ff2ef902acd67cad017d715f225230.jpg,test,plastic92,c39bc136d663cd1a95e6be72e01f485d981c8e11ea76ef52d578989c4c700381,416,416,1
test,plastic930_jpg.rf.0d3ae8b3b83330049fc8daf790c1de67.jpg,test,plastic930,101228a1ded98e22557a5efe6618d587233c7c5f992789d5dccaa10c2b7033bf,416,416,1
val,plastic936_jpg.rf.bae2ba45120a24e6ce26f818f34695f6.jpg,test,plastic936,e5f3b66c8cf9397d3009f3eed927a87e954c0d400ae465dab8479e0ef884dfa9,416,416,3
train,plastic938_jpg.rf.f9e67b89ccca5bc9fd6123e1e81574f5.jpg,test,plastic938,e75f771dfd7a29c863c7a8c0db9416f2ae419a3cd849098df75b42bd61b3d53a,416,416,4
train,plastic941_jpg.rf.a5aed164f615fe73eb69ea78f838d070.jpg,test,plastic941,e06d2d4d667a9cb8af422f54b13951ae3fa72f3c15c75450ff2433a3b4c437b6,416,416,1
test,plastic945_jpg.rf.d3592eeba5e25332acf660cb1551ae44.jpg,test,plastic945,1411935a256cc565c00a8f509a02f6cb933d12ad2405829005c7d57e05debfcb,416,416,1
train,plastic949_jpg.rf.b39900e4447f402a30a461372353d368.jpg,test,plastic949,f9573b46a064f1d3a7249dcfcbdefb04feadb544ad62bf234dc56bed23259881,416,416,1
train,plastic950_jpg.rf.c4c5c441fb8481854b1942bc567eba64.jpg,test,plastic950,d45771fba2a23726dc4723939163e726955c7980bdb548f5c0610b708fdbd1f9,416,416,1
train,plastic952_jpg.rf.bd12896a3a9d716d3dbbf1252f59aea7.jpg,test,plastic952,d76e2c3b504d9c4f347cebb6351ad80ef3191bd2a6bbba461a667357997619a0,416,416,2
train,plastic957_jpg.rf.3fb49e5db42c49419c577f4dbb5b7cce.jpg,test,plastic957,91026071cb68e0a1ebf195e313783ca7bd3c64df986adc1986795f8588f8bf2c,416,416,2
test,plastic961_jpg.rf.6d38d88b2728b232c192745ba58d7d5a.jpg,test,plastic961,5b454819ea67d04990334328c89c59d1026408fce007dd915ca9f99b4ea5138c,416,416,2
train,plastic962_jpg.rf.e127d8b092ad93dfce64de9509ae9190.jpg,test,plastic962,43ad6db0599ec2217bdaa91b5cda54cfb9aea5a4a4248e7e14a84f8906f69acf,416,416,2
train,plastic963_jpg.rf.32dd358443b38f8a681c627775242863.jpg,test,plastic963,df7bd46332ba3f7b70c3f416276f6738aaac718fb2c83948688887c4f3f4e6ea,416,416,2
train,plastic968_jpg.rf.726e8a702be9ea005a79b4c72511f497.jpg,test,plastic968,d6862b2c14c865e724a2ad9ca172d34e840df770d87dbb64ad27de5f23217346,416,416,2
train,plastic969_jpg.rf.3b64ce479400892e2ecd0e8dc1b3ce67.jpg,test,plastic969,4747ff307b91493e46ec6c50d213e9c49e2bd8da072ccace100d06a9ac7725e6,416,416,2
train,plastic970_jpg.rf.fef05f55b1f22d03ab4cb37a174b1cb3.jpg,test,plastic970,2d90f53af18ea40b62f1f04cec5471971f641a0d5b304b86f327f846c918518c,416,416,2
train,plastic972_jpg.rf.03e1beae33cf4e4275b02e9b994c7c69.jpg,test,plastic972,28d30cbe280769e4c65be37bed57c90938899a1e026c3a347836412b3bf57b64,416,416,2
train,plastic976_jpg.rf.717231e71af93e6067232e4fa3b708eb.jpg,test,plastic976,607fe84a19884a034613018b20111428a401143f2ec014ae7b0e0bf4ccc96ba4,416,416,2
train,plastic980_jpg.rf.2805146f05425789f675ec6391be2df2.jpg,test,plastic980,b23c9dc95965deb1753ebcdce8ff5d8b595268fd64d0d3f41b911b44bb94576e,416,416,1
train,plastic982_jpg.rf.e01e21d88239110d498a9a1d5ab2ea61.jpg,test,plastic982,2c9c5a6e504c9fb6fd96e3d202150e14bc2e0205aa98c338fb66ac34dbec9c2b,416,416,2
train,plastic984_jpg.rf.171620a2c4692c73be42ca26302719d3.jpg,test,plastic984,85a513b0c1042bb0a207f7e3f53b57f3f524c174e85aa4e9d0fa804bd3f03780,416,416,2
train,plastic991_jpg.rf.7b997be851162f96e98706d8f3bec428.jpg,test,plastic991,bf104c69862f3e3abb2b87fe2037870444c0652e5fcc0be854a06eafff35944c,416,416,3
train,plastic992_jpg.rf.dae1f1ca5ce171a8eb9af72dc980591f.jpg,test,plastic992,1c0171552589015cff27d52ed2ae9c4567c6a3c0ef18aa1df5aa692b496fb5c9,416,416,2
train,plastic994_jpg.rf.e5f30862a7a48fc6262a5093a78fef9b.jpg,test,plastic994,8ad008a15a177b0df8891807ae84f7ddca2540a3a2783e1c6c9d6d5b58417417,416,416,6
train,plastic996_jpg.rf.ead94660f77ad62ef69a67289b2f24b3.jpg,test,plastic996,944878c166f77c4225e8b8bed78ab4ce249d030b47cf14867c3fc4e51ea459d9,416,416,1
train,plastic997_jpg.rf.ba6b8a1b42c7ca040e9edb04bbb374dd.jpg,test,plastic997,67aaeff07a255e9f196e489e2b2f1583d6369e2b301b1da5184073da025fae8f,416,416,2
test,plastic999_jpg.rf.d6f8fc1a8acc7875177dd0a0215c487b.jpg,test,plastic999,8f9752e8d00818a820765355f04e12db1eb035918ddbed9b0a33be8b22c3cbc5,416,416,1
