crop_filename,source_image_id,source_image_path,source_split,target_class_id,target_class,original_bbox_norm,original_bbox_px,crop_window_px,crop_size_px,source_size_px,resulting_bbox_norm,original_rel_area,new_rel_area,area_gain,original_bucket,new_bucket,boxes_in_crop
crop_batch_10_000000_000_bottle.jpg,batch_10_000000,data/raw/batch_10/000000.jpg,train,1,bottle,"0.855263,0.341500,0.208333,0.037500","1370.0,1291.0,380.0,150.0","1064,986,1824,1746",760x760,1824x4000,"0.652631,0.500000,0.499999,0.197368",0.00781249,0.09868405,12.6,tiny,medium,1
crop_batch_10_000001_001_bottle_cap.jpg,batch_10_000001,data/raw/batch_10/000001.jpg,train,2,bottle_cap,"0.071375,0.253316,0.019250,0.038377","247.0,427.0,77.0,70.0","190,366,382,558",192x192,4000x1824,"0.497396,0.500252,0.401042,0.364582",0.00073876,0.14621237,197.9,tiny,medium,1
crop_batch_10_000001_000_bottle.jpg,batch_10_000001,data/raw/batch_10/000001.jpg,train,1,bottle,"0.119000,0.164500,0.114500,0.218202","247.0,101.0,458.0,398.0","18,0,934,916",916x916,4000x1824,"0.500000,0.327563,0.500000,0.434498",0.02498413,0.21724915,8.7,small,large,2
crop_batch_10_000001_002_bottle.jpg,batch_10_000001,data/raw/batch_10/000001.jpg,train,1,bottle,"0.665274,0.270037,0.042000,0.076206","2577.1,423.0,168.0,139.0","2493,325,2829,661",336x336,4000x1824,"0.500286,0.498653,0.500000,0.413690",0.00320065,0.20684486,64.6,tiny,large,1
crop_batch_10_000002_002_bag_wrapper.jpg,batch_10_000002,data/raw/batch_10/000002.jpg,train,0,bag_wrapper,"0.014500,0.400219,0.025500,0.044956","7.0,689.0,102.0,82.0","0,628,204,832",204x204,4000x1824,"0.284314,0.499997,0.500000,0.401960",0.00114638,0.20097976,175.3,tiny,large,1
crop_batch_10_000002_001_bottle_cap.jpg,batch_10_000002,data/raw/batch_10/000002.jpg,train,2,bottle_cap,"0.310125,0.645559,0.008250,0.020285","1224.0,1159.0,33.0,37.0","1144,1081,1336,1273",192x192,4000x1824,"0.502604,0.502602,0.171875,0.192708",0.00016735,0.0331216,197.9,tiny,small,1
crop_batch_10_000002_000_bottle.jpg,batch_10_000002,data/raw/batch_10/000002.jpg,train,1,bottle,"0.356750,0.599781,0.101500,0.109649","1224.0,994.0,406.0,200.0","1021,688,1833,1500",812x812,4000x1824,"0.500000,0.500001,0.500000,0.246305",0.01112937,0.12315257,11.1,small,medium,2
crop_batch_10_000003_006_cup.jpg,batch_10_000003,data/raw/batch_10/000003.jpg,train,6,cup,"0.295000,0.487664,0.025000,0.055373","1130.0,839.0,100.0,101.0","1079,788,1281,990",202x202,4000x1824,"0.500000,0.502471,0.495050,0.500002",0.00138433,0.24752562,178.8,tiny,large,1
crop_batch_10_000003_001_bottle.jpg,batch_10_000003,data/raw/batch_10/000003.jpg,train,1,bottle,"0.160000,0.255482,0.062000,0.097588","516.0,377.0,248.0,178.0","392,218,888,714",496x496,4000x1824,"0.500000,0.499998,0.500000,0.358872",0.00605046,0.179436,29.7,tiny,medium,4
crop_batch_10_000003_002_bottle.jpg,batch_10_000003,data/raw/batch_10/000003.jpg,train,1,bottle,"0.196875,0.223958,0.061250,0.104715","665.0,313.0,245.0,191.0","542,163,1032,653",490x490,4000x1824,"0.501020,0.501019,0.500000,0.389796",0.00641379,0.19489812,30.4,tiny,medium,4
crop_batch_10_000003_008_bag_wrapper.jpg,batch_10_000003,data/raw/batch_10/000003.jpg,train,0,bag_wrapper,"0.546375,0.360471,0.071750,0.079496","2042.0,585.0,287.0,145.0","1898,370,2472,944",574x574,4000x1824,"0.500871,0.500870,0.500000,0.252614",0.00570384,0.12630723,22.1,tiny,medium,2
crop_batch_10_000005_001_bottle.jpg,batch_10_000005,data/raw/batch_10/000005.jpg,train,1,bottle,"0.780428,0.786500,0.311952,0.055500","1139.0,3035.0,569.0,222.0","686,2577,1824,3715",1138x1138,1824x4000,"0.648067,0.500000,0.500000,0.195079",0.01731334,0.09753962,5.6,small,medium,1
crop_batch_10_000005_002_bag_wrapper.jpg,batch_10_000005,data/raw/batch_10/000005.jpg,train,0,bag_wrapper,"0.287555,0.949375,0.131031,0.059250","405.0,3679.0,239.0,237.0","285,3522,764,4000",479x478,1824x4000,"0.500001,0.576360,0.498957,0.495816",0.00776359,0.24739096,31.9,tiny,large,1
crop_batch_10_000005_003_bag_wrapper.jpg,batch_10_000005,data/raw/batch_10/000005.jpg,train,0,bag_wrapper,"0.028235,0.926875,0.054276,0.060750","2.0,3586.0,99.0,243.0","0,3464,486,3950",486x486,1824x4000,"0.105968,0.501029,0.203703,0.500000",0.00329727,0.10185126,30.9,tiny,medium,1
crop_batch_10_000006_001_bag_wrapper.jpg,batch_10_000006,data/raw/batch_10/000006.jpg,train,0,bag_wrapper,"0.719024,0.416875,0.183662,0.097750","1144.0,1472.0,335.0,391.0","920,1276,1702,2058",782x782,1824x4000,"0.500639,0.500639,0.428388,0.500000",0.01795296,0.21419405,11.9,small,large,2
crop_batch_10_000006_000_bag_wrapper.jpg,batch_10_000006,data/raw/batch_10/000006.jpg,train,0,bag_wrapper,"0.611294,0.389250,0.222588,0.161000","912.0,1235.0,406.0,644.0","471,913,1759,2201",1288x1288,1824x4000,"0.500000,0.500000,0.315218,0.500000",0.03583667,0.15760889,4.4,small,medium,2
crop_batch_10_000008_001_bag_wrapper.jpg,batch_10_000008,data/raw/batch_10/000008.jpg,train,0,bag_wrapper,"0.340186,0.258250,0.122259,0.069500","509.0,894.0,223.0,278.0","342,755,898,1311",556x556,1824x4000,"0.500898,0.500000,0.401080,0.500000",0.008497,0.20053994,23.6,tiny,large,1
crop_batch_10_000008_000_bag_wrapper.jpg,batch_10_000008,data/raw/batch_10/000008.jpg,train,0,bag_wrapper,"0.298246,0.547750,0.153509,0.148500","404.0,1894.0,280.0,594.0","0,1597,1188,2785",1188x1188,1824x4000,"0.457913,0.500000,0.235691,0.500000",0.02279609,0.11784529,5.2,small,medium,1
crop_batch_10_000009_000_bag_wrapper.jpg,batch_10_000009,data/raw/batch_10/000009.jpg,train,0,bag_wrapper,"0.580750,0.463268,0.033000,0.061404","2257.0,789.0,132.0,112.0","2191,713,2455,977",264x264,4000x1824,"0.500000,0.500003,0.500000,0.424246",0.00202633,0.21212291,104.7,tiny,large,1
crop_batch_10_000011_002_bottle_cap.jpg,batch_10_000011,data/raw/batch_10/000011.jpg,train,2,bottle_cap,"0.365875,0.534265,0.037750,0.042215","1388.0,936.0,151.0,77.0","1312,823,1614,1125",302x302,4000x1824,"0.501656,0.501654,0.500000,0.254967",0.00159362,0.12748371,80.0,tiny,medium,1
crop_batch_10_000011_001_bag_wrapper.jpg,batch_10_000011,data/raw/batch_10/000011.jpg,train,0,bag_wrapper,"0.239625,0.248355,0.060750,0.110746","837.0,352.0,243.0,202.0","716,210,1202,696",486x486,4000x1824,"0.498971,0.499999,0.500000,0.415639",0.00672782,0.20781965,30.9,tiny,large,2
crop_batch_10_000011_010_bag_wrapper.jpg,batch_10_000011,data/raw/batch_10/000011.jpg,train,0,bag_wrapper,"0.398125,0.128838,0.092250,0.257675","1408.0,0.0,369.0,470.0","1123,0,2062,940",939x940,4000x1824,"0.500000,0.250001,0.392971,0.499999",0.02377052,0.19648529,8.3,small,medium,2
crop_batch_10_000011_003_bottle_cap.jpg,batch_10_000011,data/raw/batch_10/000011.jpg,train,2,bottle_cap,"0.418625,0.612390,0.042750,0.050439","1589.0,1071.0,171.0,92.0","1504,946,1846,1288",342x342,4000x1824,"0.498538,0.499998,0.500000,0.269008",0.00215627,0.134504,62.4,tiny,medium,1
crop_batch_10_000012_000_bottle.jpg,batch_10_000012,data/raw/batch_10/000012.jpg,train,1,bottle,"0.836075,0.620500,0.104715,0.034500","1429.5,2413.0,191.0,138.0","1334,2291,1716,2673",382x382,1824x4000,"0.500002,0.500000,0.500000,0.361257",0.00361267,0.18062842,50.0,tiny,medium,1
crop_batch_10_000022_000_bag_wrapper.jpg,batch_10_000022,data/raw/batch_10/000022.jpg,train,0,bag_wrapper,"0.521930,0.324000,0.244518,0.087000","729.0,1122.0,446.0,348.0","506,850,1398,1742",892x892,1824x4000,"0.500000,0.500000,0.500001,0.390135",0.02127307,0.19506763,9.2,small,medium,1
crop_batch_10_000022_002_cigarette.jpg,batch_10_000022,data/raw/batch_10/000022.jpg,train,5,cigarette,"0.925713,0.614250,0.021382,0.014500","1669.0,2428.0,39.0,58.0","1593,2361,1785,2553",192x192,1824x4000,"0.497399,0.500000,0.203129,0.302083",0.00031004,0.06136189,197.9,tiny,medium,1
crop_batch_10_000022_001_cigarette.jpg,batch_10_000022,data/raw/batch_10/000022.jpg,train,5,cigarette,"0.452303,0.500875,0.042763,0.012250","786.0,1979.0,78.0,49.0","729,1907,921,2100",192x193,1824x4000,"0.500004,0.500000,0.406249,0.253886",0.00052385,0.10314081,196.9,tiny,medium,1
crop_batch_10_000022_003_bag_wrapper.jpg,batch_10_000022,data/raw/batch_10/000022.jpg,train,0,bag_wrapper,"0.263158,0.966875,0.099781,0.056250","389.0,3755.0,182.0,225.0","255,3550,705,4000",450x450,1824x4000,"0.500000,0.705556,0.404446,0.500000",0.00561268,0.20222283,36.0,tiny,large,1
crop_batch_10_000025_000_can.jpg,batch_10_000025,data/raw/batch_10/000025.jpg,train,3,can,"0.701480,0.612875,0.140899,0.047750","1151.0,2356.0,257.0,191.0","1022,2195,1536,2708",514x513,1824x4000,"0.500972,0.500000,0.500000,0.372320",0.00672793,0.18615968,27.7,tiny,medium,1
crop_batch_10_000026_001_carton.jpg,batch_10_000026,data/raw/batch_10/000026.jpg,train,4,carton,"0.478375,0.546327,0.112250,0.240680","1689.0,777.0,449.0,439.0","1464,548,2362,1446",898x898,4000x1824,"0.500557,0.499444,0.500000,0.488864",0.02701633,0.24443225,9.0,small,large,1
crop_batch_10_000026_000_carton.jpg,batch_10_000026,data/raw/batch_10/000026.jpg,train,4,carton,"0.366875,0.835526,0.108750,0.246711","1250.0,1299.0,435.0,450.0","1017,924,1918,1824",901x900,4000x1824,"0.500000,0.666666,0.482797,0.500001",0.02682982,0.24139891,9.0,small,large,1
crop_batch_10_000032_000_bag_wrapper.jpg,batch_10_000032,data/raw/batch_10/000032.jpg,train,0,bag_wrapper,"0.331086,0.601000,0.050987,0.026500","557.4,2351.0,93.0,106.0","498,2298,710,2510",212x212,1824x4000,"0.499532,0.500000,0.438681,0.500000",0.00135116,0.2193403,162.3,tiny,large,1
crop_batch_10_000033_000_straw.jpg,batch_10_000033,data/raw/batch_10/000033.jpg,train,7,straw,"0.574561,0.499250,0.037281,0.022000","1014.0,1953.0,68.0,88.0","952,1901,1144,2093",192x192,1824x4000,"0.499996,0.500000,0.354169,0.458333",0.00082018,0.16232769,197.9,tiny,medium,1
crop_batch_10_000034_014_bag_wrapper.jpg,batch_10_000034,data/raw/batch_10/000034.jpg,train,0,bag_wrapper,"0.022752,0.767125,0.024671,0.011250","19.0,3046.0,45.0,45.0","0,2972,192,3164",192x192,1824x4000,"0.216144,0.502604,0.234375,0.234375",0.00027755,0.05493152,197.9,tiny,medium,1
crop_batch_10_000034_000_can.jpg,batch_10_000034,data/raw/batch_10/000034.jpg,train,3,can,"0.504112,0.467250,0.110197,0.023500","819.0,1822.0,201.0,94.0","719,1668,1120,2070",401x402,1824x4000,"0.500001,0.500000,0.501245,0.233831",0.00258963,0.11720659,45.3,tiny,medium,3
crop_batch_10_000034_008_cigarette.jpg,batch_10_000034,data/raw/batch_10/000034.jpg,train,5,cigarette,"0.120340,0.792250,0.022478,0.019000","199.0,3131.0,41.0,76.0","124,3073,316,3265",192x192,1824x4000,"0.497397,0.500000,0.213541,0.395833",0.00042708,0.08452665,197.9,tiny,medium,1
crop_batch_10_000034_007_cigarette.jpg,batch_10_000034,data/raw/batch_10/000034.jpg,train,5,cigarette,"0.223410,0.712875,0.021382,0.014750","388.0,2822.0,39.0,59.0","311,2756,503,2948",192x192,1824x4000,"0.502603,0.497396,0.203129,0.307292",0.00031538,0.06241985,197.9,tiny,medium,2
crop_batch_10_000036_000_carton.jpg,batch_10_000036,data/raw/batch_10/000036.jpg,train,4,carton,"0.751096,0.444125,0.103070,0.031750","1276.0,1713.0,188.0,127.0","1182,1589,1558,1964",376x375,1824x4000,"0.499998,0.500000,0.499999,0.338667",0.00327247,0.16933305,51.7,tiny,medium,1
crop_batch_10_000036_009_cigarette.jpg,batch_10_000036,data/raw/batch_10/000036.jpg,train,5,cigarette,"0.814419,0.831125,0.026864,0.003750","1461.0,3317.0,49.0,15.0","1390,3228,1582,3420",192x192,1824x4000,"0.497397,0.502604,0.255208,0.078125",0.00010074,0.01993813,197.9,tiny,small,1
crop_batch_10_000036_003_cigarette.jpg,batch_10_000036,data/raw/batch_10/000036.jpg,train,5,cigarette,"0.753015,0.685125,0.018092,0.009250","1357.0,2722.0,33.0,37.0","1277,2644,1469,2836",192x192,1824x4000,"0.502601,0.502604,0.171874,0.192708",0.00016735,0.03312155,197.9,tiny,small,2
crop_batch_10_000038_000_carton.jpg,batch_10_000038,data/raw/batch_10/000038.jpg,train,4,carton,"0.589364,0.454000,0.158991,0.082500","930.0,1651.0,290.0,330.0","745,1486,1405,2146",660x660,1824x4000,"0.500000,0.500000,0.439393,0.500000",0.01311676,0.21969665,16.7,small,large,1
crop_batch_10_000039_000_bottle_cap.jpg,batch_10_000039,data/raw/batch_10/000039.jpg,train,2,bottle_cap,"0.600864,0.442661,0.069627,0.029250","1032.5,1712.1,127.0,117.0","969,1644,1223,1898",254x254,1824x4000,"0.499905,0.498598,0.499999,0.460630",0.00203659,0.23031432,113.1,tiny,large,1
crop_batch_10_000040_000_bag_wrapper.jpg,batch_10_000040,data/raw/batch_10/000040.jpg,train,0,bag_wrapper,"0.356196,0.413677,0.063750,0.151864","1297.3,616.0,255.0,277.0","1148,478,1702,1032",554x554,4000x1824,"0.499610,0.499182,0.460289,0.500000",0.00968133,0.23014435,23.8,tiny,large,1
crop_batch_10_000041_000_cigarette.jpg,batch_10_000041,data/raw/batch_10/000041.jpg,train,5,cigarette,"0.901316,0.400750,0.016447,0.011000","1629.0,1581.0,30.0,44.0","1548,1507,1740,1699",192x192,1824x4000,"0.500002,0.500000,0.156247,0.229167",0.00018092,0.03580649,197.9,tiny,small,1
crop_batch_10_000041_001_bag_wrapper.jpg,batch_10_000041,data/raw/batch_10/000041.jpg,train,0,bag_wrapper,"0.780702,0.641750,0.199561,0.108500","1242.0,2350.0,364.0,434.0","956,2133,1824,3001",868x868,1824x4000,"0.539171,0.500000,0.419354,0.500000",0.02165237,0.209677,9.7,small,large,1
crop_batch_10_000041_003_bag_wrapper.jpg,batch_10_000041,data/raw/batch_10/000041.jpg,train,0,bag_wrapper,"0.834704,0.470000,0.082785,0.044000","1447.0,1792.0,151.0,176.0","1347,1704,1699,2056",352x352,1824x4000,"0.498580,0.500000,0.428977,0.500000",0.00364254,0.21448841,58.9,tiny,large,2
crop_batch_10_000042_001_bag_wrapper.jpg,batch_10_000042,data/raw/batch_10/000042.jpg,train,0,bag_wrapper,"0.958882,0.673375,0.058114,0.019750","1696.0,2654.0,106.0,79.0","1612,2588,1824,2799",212x211,1824x4000,"0.646230,0.500000,0.500000,0.374408",0.00114775,0.18720368,163.1,tiny,medium,1
crop_batch_10_000042_002_bag_wrapper.jpg,batch_10_000042,data/raw/batch_10/000042.jpg,train,0,bag_wrapper,"0.827851,0.645250,0.065789,0.022500","1450.0,2536.0,120.0,90.0","1390,2461,1630,2701",240x240,1824x4000,"0.500001,0.500000,0.499996,0.375000",0.00148025,0.18749865,126.7,tiny,medium,1
crop_batch_10_000046_000_carton.jpg,batch_10_000046,data/raw/batch_10/000046.jpg,train,4,carton,"0.464090,0.233375,0.105811,0.036750","750.0,860.0,193.0,147.0","654,741,1039,1126",385x385,1824x4000,"0.500000,0.500000,0.501297,0.381818",0.00388855,0.19140423,49.2,tiny,medium,1
crop_batch_10_000047_000_bottle.jpg,batch_10_000047,data/raw/batch_10/000047.jpg,train,1,bottle,"0.448191,0.475500,0.089364,0.036500","736.0,1829.0,163.0,146.0","655,1739,981,2065",326x326,1824x4000,"0.498467,0.500000,0.500000,0.447853",0.00326179,0.22392629,68.7,tiny,large,1
crop_batch_10_000048_001_bag_wrapper.jpg,batch_10_000048,data/raw/batch_10/000048.jpg,train,0,bag_wrapper,"0.733553,0.387125,0.037281,0.024250","1304.0,1500.0,68.0,97.0","1241,1452,1435,1646",194x194,1824x4000,"0.500003,0.497423,0.350518,0.500000",0.00090406,0.17525913,193.9,tiny,medium,1
crop_batch_10_000048_000_bag_wrapper.jpg,batch_10_000048,data/raw/batch_10/000048.jpg,train,0,bag_wrapper,"0.482182,0.404875,0.189145,0.039250","707.0,1541.0,345.0,157.0","534,1274,1225,1965",691x691,1824x4000,"0.500000,0.500000,0.499277,0.227207",0.00742394,0.11343923,15.3,tiny,medium,1
crop_batch_10_000049_000_bag_wrapper.jpg,batch_10_000049,data/raw/batch_10/000049.jpg,train,0,bag_wrapper,"0.546327,0.457875,0.045504,0.020750","955.0,1790.0,83.0,83.0","901,1736,1093,1928",192x192,1824x4000,"0.497398,0.497396,0.432288,0.432292",0.00094421,0.1868745,197.9,tiny,medium,1
crop_batch_10_000050_003_bag_wrapper.jpg,batch_10_000050,data/raw/batch_10/000050.jpg,train,0,bag_wrapper,"0.531875,0.680373,0.012750,0.030702","2102.0,1213.0,51.0,56.0","2032,1145,2224,1337",192x192,4000x1824,"0.497396,0.500002,0.265625,0.291669",0.00039145,0.07747458,197.9,tiny,medium,1
crop_batch_10_000050_002_bag_wrapper.jpg,batch_10_000050,data/raw/batch_10/000050.jpg,train,0,bag_wrapper,"0.381625,0.440241,0.035750,0.093202","1455.0,718.0,143.0,170.0","1356,633,1697,973",341x340,4000x1824,"0.500000,0.499999,0.419355,0.500001",0.00333197,0.20967797,62.9,tiny,large,1
crop_batch_10_000053_000_bag_wrapper.jpg,batch_10_000053,data/raw/batch_10/000053.jpg,train,0,bag_wrapper,"0.206500,0.475877,0.068000,0.166667","690.0,716.0,272.0,304.0","522,564,1130,1172",608x608,4000x1824,"0.500000,0.499999,0.447368,0.500001",0.01133336,0.22368466,19.7,small,large,1
crop_batch_10_000054_000_bag_wrapper.jpg,batch_10_000054,data/raw/batch_10/000054.jpg,train,0,bag_wrapper,"0.632401,0.645875,0.086075,0.023250","1075.0,2537.0,157.0,93.0","996,2426,1311,2741",315x315,1824x4000,"0.499998,0.500000,0.498415,0.295238",0.00200124,0.14715117,73.5,tiny,medium,1
crop_batch_10_000054_001_cigarette.jpg,batch_10_000054,data/raw/batch_10/000054.jpg,train,5,cigarette,"0.186129,0.209125,0.009320,0.006250","331.0,824.0,17.0,25.0","243,740,435,932",192x192,1824x4000,"0.502600,0.502604,0.088540,0.130208",5.825e-05,0.01152865,197.9,tiny,small,1
crop_batch_10_000055_000_bag_wrapper.jpg,batch_10_000055,data/raw/batch_10/000055.jpg,train,0,bag_wrapper,"0.367976,0.612469,0.074000,0.173246","1323.9,959.1,296.0,316.0","1156,801,1788,1433",632x632,4000x1824,"0.499848,0.500227,0.468354,0.500001",0.0128202,0.23417774,18.3,small,large,1
crop_batch_10_000057_000_bag_wrapper.jpg,batch_10_000057,data/raw/batch_10/000057.jpg,train,0,bag_wrapper,"0.623081,0.706958,0.318531,0.127250","846.0,2573.3,581.0,509.0","555,2247,1718,3409",1163x1162,1824x4000,"0.500000,0.499855,0.499571,0.438038",0.04053307,0.21883082,5.4,small,large,1
crop_batch_10_000058_000_bag_wrapper.jpg,batch_10_000058,data/raw/batch_10/000058.jpg,train,0,bag_wrapper,"0.751371,0.490625,0.185307,0.078250","1201.5,1806.0,338.0,313.0","1033,1625,1709,2300",676x675,1824x4000,"0.499261,0.500000,0.500000,0.463704",0.01450027,0.23185183,16.0,small,large,1
crop_batch_10_000062_000_bag_wrapper.jpg,batch_10_000062,data/raw/batch_10/000062.jpg,train,0,bag_wrapper,"0.368625,0.197643,0.053750,0.136513","1367.0,236.0,215.0,249.0","1226,112,1723,610",497x498,4000x1824,"0.500000,0.498998,0.432596,0.499999",0.00733757,0.21629754,29.5,tiny,large,1
crop_batch_10_000062_001_bag_wrapper.jpg,batch_10_000062,data/raw/batch_10/000062.jpg,train,0,bag_wrapper,"0.600375,0.261787,0.057750,0.125548","2286.0,363.0,231.0,229.0","2170,246,2632,708",462x462,4000x1824,"0.501082,0.501081,0.500000,0.495670",0.0072504,0.24783501,34.2,tiny,large,1
crop_batch_10_000063_001_bag_wrapper.jpg,batch_10_000063,data/raw/batch_10/000063.jpg,train,0,bag_wrapper,"0.477250,0.460526,0.068500,0.212719","1772.0,646.0,274.0,388.0","1521,452,2297,1228",776x776,4000x1824,"0.500000,0.499999,0.353093,0.499999",0.01457125,0.17654614,12.1,small,medium,2
crop_batch_10_000063_000_bag_wrapper.jpg,batch_10_000063,data/raw/batch_10/000063.jpg,train,0,bag_wrapper,"0.393625,0.506031,0.100750,0.097588","1373.0,834.0,403.0,178.0","1172,520,1978,1326",806x806,4000x1824,"0.499380,0.500001,0.500000,0.220844",0.00983199,0.11042215,11.2,tiny,medium,2
crop_batch_10_000066_000_bag_wrapper.jpg,batch_10_000066,data/raw/batch_10/000066.jpg,train,0,bag_wrapper,"0.588500,0.471765,0.122500,0.174890","2109.0,701.0,490.0,319.0","1864,370,2844,1350",980x980,4000x1824,"0.500000,0.500510,0.500000,0.325510",0.02142402,0.16275478,7.6,small,medium,1
crop_batch_10_000068_000_bag_wrapper.jpg,batch_10_000068,data/raw/batch_10/000068.jpg,train,0,bag_wrapper,"0.453125,0.408750,0.138706,0.055500","700.0,1524.0,253.0,222.0","574,1382,1079,1888",505x506,1824x4000,"0.500000,0.500000,0.500990,0.438735",0.00769818,0.21980176,28.6,tiny,large,1
crop_batch_10_000073_000_bag_wrapper.jpg,batch_10_000073,data/raw/batch_10/000073.jpg,train,0,bag_wrapper,"0.609375,0.599232,0.062500,0.060307","2312.5,1038.0,250.0,110.0","2188,843,2688,1343",500x500,4000x1824,"0.499000,0.499998,0.500000,0.220000",0.00376919,0.10999997,29.2,tiny,medium,1
crop_batch_10_000075_002_cigarette.jpg,batch_10_000075,data/raw/batch_10/000075.jpg,train,5,cigarette,"0.020011,0.869875,0.038925,0.007750","1.0,3464.0,71.0,31.0","0,3384,192,3576",192x192,1824x4000,"0.190105,0.497396,0.369788,0.161458",0.00030167,0.05970527,197.9,tiny,medium,1
crop_batch_10_000075_000_bottle.jpg,batch_10_000075,data/raw/batch_10/000075.jpg,train,1,bottle,"0.513706,0.422250,0.026316,0.015500","913.0,1658.0,48.0,62.0","841,1593,1033,1785",192x192,1824x4000,"0.499999,0.500000,0.250002,0.322917",0.0004079,0.08072981,197.9,tiny,medium,2
crop_batch_10_000075_001_bottle.jpg,batch_10_000075,data/raw/batch_10/000075.jpg,train,1,bottle,"0.527138,0.424875,0.022478,0.010750","941.0,1678.0,41.0,43.0","865,1604,1057,1796",192x192,1824x4000,"0.502603,0.497396,0.213541,0.223958",0.00024164,0.04782429,197.9,tiny,small,2
crop_batch_10_000076_001_cigarette.jpg,batch_10_000076,data/raw/batch_10/000076.jpg,train,5,cigarette,"0.381031,0.991500,0.026316,0.014500","671.0,3937.0,48.0,58.0","599,3808,791,4000",192x192,1824x4000,"0.500003,0.822917,0.250002,0.302083",0.00038158,0.07552144,197.9,tiny,medium,1
crop_batch_10_000076_000_bag_wrapper.jpg,batch_10_000076,data/raw/batch_10/000076.jpg,train,0,bag_wrapper,"0.788377,0.722625,0.071272,0.023250","1373.0,2844.0,130.0,93.0","1308,2760,1568,3021",260x261,1824x4000,"0.499999,0.500000,0.500000,0.356322",0.00165707,0.17816109,107.5,tiny,medium,1
crop_batch_10_000077_000_cigarette.jpg,batch_10_000077,data/raw/batch_10/000077.jpg,train,5,cigarette,"0.212719,0.154125,0.026316,0.015250","364.0,586.0,48.0,61.0","292,520,484,712",192x192,1824x4000,"0.499997,0.502604,0.250002,0.317708",0.00040132,0.07942772,197.9,tiny,medium,1
crop_batch_10_000077_001_bag_wrapper.jpg,batch_10_000077,data/raw/batch_10/000077.jpg,train,0,bag_wrapper,"0.662829,0.636250,0.128289,0.036000","1092.0,2473.0,234.0,144.0","975,2311,1443,2779",468x468,1824x4000,"0.500000,0.500000,0.499998,0.307692",0.0046184,0.15384559,33.3,tiny,medium,1
crop_batch_10_000081_000_bottle.jpg,batch_10_000081,data/raw/batch_10/000081.jpg,train,1,bottle,"0.494375,0.413651,0.085250,0.089364","1807.0,673.0,341.0,163.0","1636,413,2318,1095",682x682,4000x1824,"0.500733,0.500732,0.500000,0.239003",0.00761828,0.11950142,15.7,tiny,medium,1
crop_batch_10_000081_001_cigarette.jpg,batch_10_000081,data/raw/batch_10/000081.jpg,train,5,cigarette,"0.560500,0.096217,0.011000,0.014803","2220.0,162.0,44.0,27.0","2146,79,2338,271",192x192,4000x1824,"0.500000,0.502603,0.229167,0.140629",0.00016283,0.03222736,197.9,tiny,small,1
crop_batch_10_000081_002_cigarette.jpg,batch_10_000081,data/raw/batch_10/000081.jpg,train,5,cigarette,"0.306125,0.228893,0.011250,0.009320","1202.0,409.0,45.0,17.0","1128,322,1320,514",192x192,4000x1824,"0.502604,0.497400,0.234375,0.088540",0.00010485,0.02075156,197.9,tiny,small,1
crop_batch_10_000088_000_carton.jpg,batch_10_000088,data/raw/batch_10/000088.jpg,train,4,carton,"0.660910,0.437375,0.237390,0.096750","989.0,1556.0,433.0,387.0","773,1317,1638,2182",865x865,1824x4000,"0.500000,0.500000,0.500577,0.447399",0.02296748,0.2239577,9.8,small,large,1
crop_batch_10_000092_000_bag_wrapper.jpg,batch_10_000092,data/raw/batch_10/000092.jpg,train,0,bag_wrapper,"0.614309,0.522375,0.099781,0.023250","1029.5,2043.0,182.0,93.0","938,1907,1303,2272",365x365,1824x4000,"0.499999,0.500000,0.498632,0.254795",0.00231991,0.12704861,54.8,tiny,medium,1
crop_batch_10_000093_003_cigarette.jpg,batch_10_000093,data/raw/batch_10/000093.jpg,train,5,cigarette,"0.766000,0.738213,0.009500,0.019189","3045.0,1329.0,38.0,35.0","2968,1251,3160,1443",192x192,4000x1824,"0.500000,0.497399,0.197917,0.182295",0.0001823,0.03607932,197.9,tiny,small,1
crop_batch_10_000093_000_bottle.jpg,batch_10_000093,data/raw/batch_10/000093.jpg,train,1,bottle,"0.017750,0.791393,0.035500,0.058662","0.0,1390.0,142.0,107.0","0,1302,284,1586",284x284,4000x1824,"0.250000,0.498242,0.500000,0.376759",0.0020825,0.18837938,90.5,tiny,medium,1
crop_batch_10_000093_002_bottle.jpg,batch_10_000093,data/raw/batch_10/000093.jpg,train,1,bottle,"0.664875,0.922423,0.035750,0.152961","2588.0,1543.0,143.0,279.0","2380,1266,2939,1824",559x558,4000x1824,"0.500000,0.746415,0.255814,0.500002",0.00546836,0.12790737,23.4,tiny,medium,1
crop_batch_10_000093_001_bag_wrapper.jpg,batch_10_000093,data/raw/batch_10/000093.jpg,train,0,bag_wrapper,"0.279750,0.782621,0.068000,0.064145","983.0,1369.0,272.0,117.0","847,1156,1391,1700",544x544,4000x1824,"0.500000,0.499082,0.500000,0.215074",0.00436186,0.10753721,24.7,tiny,medium,1
crop_batch_10_000095_000_cigarette.jpg,batch_10_000095,data/raw/batch_10/000095.jpg,train,5,cigarette,"0.716557,0.174250,0.032895,0.013000","1277.0,671.0,60.0,52.0","1211,601,1403,793",192x192,1824x4000,"0.500000,0.500000,0.312502,0.270833",0.00042763,0.08463609,197.9,tiny,medium,1
crop_batch_10_000096_000_cup.jpg,batch_10_000096,data/raw/batch_10/000096.jpg,train,6,cup,"0.400167,0.423750,0.077667,0.047500","1084.0,1600.0,233.0,190.0","968,1462,1434,1928",466x466,3000x4000,"0.498929,0.500000,0.500002,0.407725",0.00368918,0.20386354,55.3,tiny,large,2
crop_batch_10_000096_002_cigarette.jpg,batch_10_000096,data/raw/batch_10/000096.jpg,train,5,cigarette,"0.753333,0.613875,0.019333,0.008750","2231.0,2438.0,58.0,35.0","2164,2360,2356,2552",192x192,3000x4000,"0.499995,0.497396,0.302078,0.182292",0.00016916,0.05506632,325.5,tiny,medium,1
crop_batch_10_000096_001_cigarette.jpg,batch_10_000096,data/raw/batch_10/000096.jpg,train,5,cigarette,"0.462500,0.419125,0.021667,0.006750","1355.0,1663.0,65.0,27.0","1292,1580,1484,1772",192x192,3000x4000,"0.497396,0.502604,0.338547,0.140625",0.00014625,0.04760815,325.5,tiny,small,1
crop_batch_10_000099_000_bag_wrapper.jpg,batch_10_000099,data/raw/batch_10/000099.jpg,train,0,bag_wrapper,"0.561952,0.551875,0.264254,0.096250","784.0,2015.0,482.0,385.0","543,1726,1507,2689",964x963,1824x4000,"0.500000,0.500000,0.499999,0.399792",0.02543445,0.19989587,7.9,small,medium,1
crop_batch_11_000000_001_carton.jpg,batch_11_000000,data/raw/batch_11/000000.jpg,train,4,carton,"0.718500,0.793860,0.034000,0.067982","2806.0,1386.0,136.0,124.0","2738,1312,3010,1584",272x272,4000x1824,"0.500000,0.500002,0.500000,0.455879",0.00231139,0.22793965,98.6,tiny,large,1
crop_batch_11_000006_003_carton.jpg,batch_11_000006,data/raw/batch_11/000006.jpg,train,4,carton,"0.726425,0.362750,0.142544,0.057000","1195.0,1337.0,260.0,228.0","1065,1191,1585,1711",520x520,1824x4000,"0.499998,0.500000,0.500000,0.438462",0.00812501,0.21923099,27.0,tiny,large,1
crop_batch_11_000010_001_carton.jpg,batch_11_000010,data/raw/batch_11/000010.jpg,train,4,carton,"0.309485,0.297625,0.168311,0.017750","411.0,1155.0,307.0,71.0","258,884,871,1497",613x613,1824x4000,"0.500001,0.500000,0.500814,0.115824",0.00298752,0.05800624,19.4,tiny,medium,2
crop_batch_11_000010_003_carton.jpg,batch_11_000010,data/raw/batch_11/000010.jpg,train,4,carton,"0.754112,0.288375,0.395285,0.055250","1015.0,1043.0,721.0,221.0","382,433,1824,1874",1442x1441,1824x4000,"0.688974,0.500000,0.500000,0.153366",0.0218395,0.07668284,3.5,small,medium,5
crop_batch_11_000013_000_carton.jpg,batch_11_000013,data/raw/batch_11/000013.jpg,train,4,carton,"0.083333,0.893500,0.165570,0.212500","1.0,3149.0,302.0,850.0","0,2450,1550,4000",1550x1550,1824x4000,"0.098064,0.725161,0.194839,0.548387",0.03518362,0.10684692,3.0,small,medium,1
crop_batch_11_000015_002_cigarette.jpg,batch_11_000015,data/raw/batch_11/000015.jpg,train,5,cigarette,"0.206963,0.313875,0.027961,0.006750","352.0,1242.0,51.0,27.0","282,1160,474,1352",192x192,1824x4000,"0.497399,0.497396,0.265629,0.140625",0.00018874,0.03735415,197.9,tiny,small,1
crop_batch_11_000015_000_cigarette.jpg,batch_11_000015,data/raw/batch_11/000015.jpg,train,5,cigarette,"0.640077,0.372000,0.011513,0.011500","1157.0,1465.0,21.0,46.0","1072,1392,1264,1584",192x192,1824x4000,"0.497398,0.500000,0.109374,0.239583",0.0001324,0.02620407,197.9,tiny,small,1
crop_batch_11_000019_000_bottle.jpg,batch_11_000019,data/raw/batch_11/000019.jpg,train,1,bottle,"0.486667,0.480151,0.077000,0.070012","2689.0,1780.6,462.0,280.0","2458,1459,3382,2383",924x924,6000x4000,"0.500002,0.499571,0.500000,0.303082",0.00539092,0.15154113,28.1,tiny,medium,2
crop_batch_11_000019_001_bottle_cap.jpg,batch_11_000019,data/raw/batch_11/000019.jpg,train,2,bottle_cap,"0.453250,0.493800,0.010833,0.025022","2687.0,1925.2,65.0,100.1","2619,1875,2820,2075",201x200,6000x4000,"0.500000,0.501000,0.323373,0.500440",0.00027106,0.16182885,597.0,tiny,medium,1
crop_batch_11_000023_000_bottle_cap.jpg,batch_11_000023,data/raw/batch_11/000023.jpg,train,2,bottle_cap,"0.419095,0.469530,0.085333,0.084250","2258.6,1709.6,512.0,337.0","2003,1366,3027,2390",1024x1024,6000x4000,"0.499580,0.500117,0.499998,0.329102",0.00718931,0.16455014,22.9,tiny,medium,1
crop_batch_11_000024_000_bottle_cap.jpg,batch_11_000024,data/raw/batch_11/000024.jpg,train,2,bottle_cap,"0.546083,0.489278,0.057833,0.062194","3103.0,1832.7,347.0,248.8","2930,1610,3623,2304",693x694,6000x4000,"0.499997,0.500161,0.500719,0.358467",0.00359687,0.17949103,49.9,tiny,medium,1
crop_batch_11_000026_001_bottle_cap.jpg,batch_11_000026,data/raw/batch_11/000026.jpg,train,2,bottle_cap,"0.552333,0.587177,0.047667,0.068427","3171.0,2211.9,286.0,273.7","3028,2063,3600,2635",572x572,6000x4000,"0.499997,0.499490,0.500003,0.478510",0.00326171,0.23925692,73.4,tiny,large,1
crop_batch_11_000026_002_straw.jpg,batch_11_000026,data/raw/batch_11/000026.jpg,train,7,straw,"0.523417,0.394866,0.161500,0.119623","2656.0,1340.2,969.0,478.5","2172,610,4110,2548",1938x1938,6000x4000,"0.499743,0.500239,0.500000,0.246900",0.01931911,0.12344995,6.4,small,medium,3
crop_batch_11_000026_000_bottle.jpg,batch_11_000026,data/raw/batch_11/000026.jpg,train,1,bottle,"0.492917,0.489065,0.166167,0.264147","2459.0,1428.0,997.0,1056.6","1901,900,4014,3013",2113x2113,6000x4000,"0.500001,0.499886,0.471842,0.500042",0.04389251,0.23594062,5.4,small,large,3
crop_batch_11_000030_000_bag_wrapper.jpg,batch_11_000030,data/prepared_run_002/images/train/batch_11_000030.jpg,train,0,bag_wrapper,"0.591731,0.616764,0.253230,0.058140","1080.0,2426.0,588.0,240.0","786,1958,1962,3134",1176x1176,2322x4128,"0.499999,0.500002,0.500000,0.204083",0.01472279,0.10204164,6.9,small,medium,1
crop_batch_11_000031_000_carton.jpg,batch_11_000031,data/prepared_run_002/images/train/batch_11_000031.jpg,train,4,carton,"0.511628,0.570615,0.297158,0.131541","843.0,2084.0,690.0,543.0","498,1665,1878,3045",1380x1380,2322x4128,"0.500000,0.500361,0.500001,0.393479",0.03908846,0.19673983,5.0,small,medium,1
crop_batch_11_000032_000_bag_wrapper.jpg,batch_11_000032,data/prepared_run_002/images/train/batch_11_000032.jpg,train,0,bag_wrapper,"0.558355,0.352834,0.205426,0.170785","1058.0,1104.0,477.0,705.0","591,751,2002,2161",1411x1410,2322x4128,"0.500000,0.500354,0.338058,0.500000",0.03508368,0.16902888,4.8,small,medium,1
crop_batch_11_000038_000_cup.jpg,batch_11_000038,data/raw/batch_11/000038.jpg,train,6,cup,"0.530209,0.531724,0.126972,0.056085","1616.3,2326.0,439.7,259.0","1396,2016,2276,2895",880x879,3463x4618,"0.500129,0.500002,0.499664,0.294654",0.00712122,0.14722771,20.7,tiny,medium,1
crop_batch_11_000041_000_can.jpg,batch_11_000041,data/prepared_run_002/images/train/batch_11_000041.jpg,train,3,can,"0.444779,0.500541,0.095478,0.088566","1374.9,2107.0,330.6,409.0","1131,1903,1949,2720",818x817,3463x4618,"0.500330,0.499998,0.404206,0.500609",0.0084561,0.20234916,23.9,tiny,large,1
crop_batch_11_000042_000_cup.jpg,batch_11_000042,data/prepared_run_002/images/train/batch_11_000042.jpg,train,6,cup,"0.547162,0.612884,0.114970,0.106323","1695.8,2584.8,398.1,491.0","1404,2339,2386,3321",982x982,3463x4618,"0.499819,0.500304,0.405439,0.500000",0.01222396,0.20271935,16.6,small,large,1
crop_batch_11_000043_000_bag_wrapper.jpg,batch_11_000043,data/raw/batch_11/000043.jpg,train,0,bag_wrapper,"0.534776,0.593870,0.114423,0.086779","1490.0,2290.0,357.0,361.0","1308,2109,2030,2831",722x722,3120x4160,"0.499309,0.500691,0.494460,0.500001",0.00992951,0.24723019,24.9,tiny,large,1
crop_batch_11_000044_002_bag_wrapper.jpg,batch_11_000044,data/raw/batch_11/000044.jpg,train,0,bag_wrapper,"0.487019,0.476803,0.127244,0.062260","1321.0,1854.0,397.0,259.0","1122,1586,1917,2381",795x795,3120x4160,"0.499999,0.500001,0.499373,0.325788",0.00792221,0.16268971,20.5,tiny,medium,2
crop_batch_11_000044_001_bag_wrapper.jpg,batch_11_000044,data/raw/batch_11/000044.jpg,train,0,bag_wrapper,"0.342949,0.540625,0.105128,0.063462","906.0,2117.0,328.0,264.0","742,1921,1398,2577",656x656,3120x4160,"0.500001,0.500000,0.499999,0.402442",0.00667163,0.20122058,30.2,tiny,large,1
crop_batch_11_000045_000_bag_wrapper.jpg,batch_11_000045,data/raw/batch_11/000045.jpg,train,0,bag_wrapper,"0.475481,0.483173,0.116346,0.099038","1302.0,1804.0,363.0,412.0","1072,1598,1895,2422",823x824,3120x4160,"0.500001,0.500000,0.441069,0.499998",0.01152268,0.22053331,19.1,small,large,1
crop_batch_11_000046_000_cup.jpg,batch_11_000046,data/raw/batch_11/000046.jpg,train,6,cup,"0.153501,0.732422,0.143229,0.106337","283.0,3130.0,495.0,490.0","36,2880,1025,3870",989x990,3456x4608,"0.499999,0.500001,0.500505,0.494950",0.01523054,0.24772514,16.3,small,large,1
crop_batch_11_000046_001_bag_wrapper.jpg,batch_11_000046,data/raw/batch_11/000046.jpg,train,0,bag_wrapper,"0.536603,0.282335,0.068576,0.075087","1736.0,1128.0,237.0,346.0","1508,955,2201,1647",693x692,3456x4608,"0.500000,0.500000,0.341989,0.500001",0.00514917,0.17099514,33.2,tiny,medium,1
crop_batch_11_000047_000_bag_wrapper.jpg,batch_11_000047,data/raw/batch_11/000047.jpg,train,0,bag_wrapper,"0.459028,0.585938,0.168750,0.184375","1133.0,1990.8,510.3,743.4","645,1619,2132,3106",1487x1487,3024x4032,"0.499731,0.500001,0.343174,0.499933",0.03111328,0.17156401,5.5,small,medium,1
crop_batch_11_000051_000_bag_wrapper.jpg,batch_11_000051,data/raw/batch_11/000051.jpg,train,0,bag_wrapper,"0.388393,0.426753,0.158730,0.234458","1246.0,936.0,640.0,709.0","857,582,2275,2000",1418x1418,4032x3024,"0.500000,0.499648,0.451339,0.500001",0.03721552,0.22567005,6.1,small,large,1
crop_batch_11_000054_000_carton.jpg,batch_11_000054,data/raw/batch_11/000054.jpg,train,4,carton,"0.654762,0.110243,0.226190,0.088046","1638.0,267.0,684.0,355.0","1296,0,2664,1368",1368x1368,3024x4032,"0.500000,0.324927,0.499999,0.259504",0.01991512,0.12975173,6.5,small,medium,1
crop_batch_11_000057_000_bottle_cap.jpg,batch_11_000057,data/raw/batch_11/000057.jpg,train,2,bottle_cap,"0.517301,0.605760,0.253818,0.195121","1180.5,2049.1,767.5,786.7","778,1656,2351,3229",1573x1573,3024x4032,"0.499884,0.499952,0.487950,0.500145",0.04952522,0.24404578,4.9,small,large,1
crop_batch_11_000059_000_bag_wrapper.jpg,batch_11_000059,data/raw/batch_11/000059.jpg,train,0,bag_wrapper,"0.717427,0.437996,0.048611,0.061012","2096.0,1643.0,147.0,246.0","1923,1520,2415,2012",492x492,3024x4032,"0.501015,0.500000,0.298780,0.500001",0.00296585,0.14939014,50.4,tiny,medium,1
crop_batch_11_000063_002_bag_wrapper.jpg,batch_11_000063,data/raw/batch_11/000063.jpg,train,0,bag_wrapper,"0.531746,0.359127,0.039021,0.047619","1549.0,1352.0,118.0,192.0","1416,1256,1800,1640",384x384,3024x4032,"0.500000,0.500000,0.307290,0.499999",0.00185814,0.15364503,82.7,tiny,medium,1
crop_batch_11_000063_000_bag_wrapper.jpg,batch_11_000063,data/raw/batch_11/000063.jpg,train,0,bag_wrapper,"0.571263,0.766989,0.253638,0.127728","1344.0,2835.0,767.0,515.0","960,2325,2495,3860",1535x1535,3024x4032,"0.500000,0.500000,0.499675,0.335504",0.03239667,0.16764322,5.2,small,medium,2
crop_batch_11_000066_000_bag_wrapper.jpg,batch_11_000066,data/raw/batch_11/000066.jpg,train,0,bag_wrapper,"0.496197,0.520337,0.325728,0.144841","1008.0,1806.0,985.0,584.0","515,1113,2486,3083",1971x1970,3024x4032,"0.500000,0.499999,0.499747,0.296446",0.04717877,0.14814809,3.1,small,medium,1
crop_batch_11_000067_001_straw.jpg,batch_11_000067,data/raw/batch_11/000067.jpg,train,7,straw,"0.474537,0.486855,0.028439,0.026786","1392.0,1909.0,86.0,108.0","1327,1855,1543,2071",216x216,3024x4032,"0.499999,0.499997,0.398146,0.500005",0.00076177,0.19907512,261.3,tiny,medium,1
crop_batch_11_000067_000_carton.jpg,batch_11_000067,data/raw/batch_11/000067.jpg,train,4,carton,"0.467593,0.593626,0.166667,0.200149","1162.0,1990.0,504.0,807.0","607,1586,2221,3201",1614x1615,3024x4032,"0.500001,0.500000,0.312268,0.499691",0.03335823,0.15603761,4.7,small,medium,2
crop_batch_11_000070_000_bottle.jpg,batch_11_000070,data/raw/batch_11/000070.jpg,train,1,bottle,"0.509755,0.510541,0.379960,0.087550","967.0,1882.0,1149.0,353.0","393,910,2690,3208",2297x2298,3024x4032,"0.500000,0.499783,0.500217,0.153613",0.0332655,0.07683964,2.3,small,medium,2
crop_batch_11_000070_001_bottle_cap.jpg,batch_11_000070,data/raw/batch_11/000070.jpg,train,2,bottle_cap,"0.692130,0.504712,0.016534,0.024802","2068.0,1985.0,50.0,100.0","1993,1935,2193,2135",200x200,3024x4032,"0.500006,0.499994,0.249994,0.500008",0.00041008,0.12499912,304.8,tiny,medium,1
crop_batch_11_000071_001_bag_wrapper.jpg,batch_11_000071,data/raw/batch_11/000071.jpg,train,0,bag_wrapper,"0.440807,0.396329,0.020503,0.019841","1302.0,1558.0,62.0,80.0","1237,1502,1429,1694",192x192,3024x4032,"0.500002,0.499992,0.322922,0.416661",0.0004068,0.13454911,330.8,tiny,medium,1
crop_batch_11_000071_003_bag_wrapper.jpg,batch_11_000071,data/raw/batch_11/000071.jpg,train,0,bag_wrapper,"0.214451,0.435392,0.220569,0.085565","315.0,1583.0,667.0,345.0","0,1088,1334,2423",1334x1335,3024x4032,"0.486132,0.500000,0.500000,0.258426",0.01887299,0.12921289,6.8,small,medium,4
crop_batch_11_000075_002_bag_wrapper.jpg,batch_11_000075,data/raw/batch_11/000075.jpg,train,0,bag_wrapper,"0.718750,0.909970,0.112765,0.133433","2003.0,3400.0,341.0,538.0","1635,2956,2712,4032",1077x1076,3024x4032,"0.500000,0.662639,0.316622,0.500002",0.01504657,0.1583113,10.5,small,medium,1
crop_batch_11_000075_001_bottle_cap.jpg,batch_11_000075,data/raw/batch_11/000075.jpg,train,2,bottle_cap,"0.478671,0.530258,0.029431,0.025298","1403.0,2087.0,89.0,102.0","1345,2036,1550,2240",205x204,3024x4032,"0.500005,0.500001,0.434143,0.500008",0.00074455,0.21707484,291.6,tiny,large,1
crop_batch_11_000075_000_bottle.jpg,batch_11_000075,data/raw/batch_11/000075.jpg,train,1,bottle,"0.559524,0.480531,0.192460,0.124752","1401.0,1686.0,582.0,503.0","1110,1356,2274,2520",1164x1164,3024x4032,"0.500000,0.499571,0.499999,0.432131",0.02400977,0.21606496,9.0,small,large,2
crop_batch_11_000079_000_bag_wrapper.jpg,batch_11_000079,data/raw/batch_11/000079.jpg,train,0,bag_wrapper,"0.137029,0.672784,0.169395,0.117394","211.0,1857.0,683.0,355.0","0,1351,1366,2717",1366x1366,4032x3024,"0.404466,0.500365,0.500000,0.259882",0.01988596,0.12994136,6.5,small,medium,1
crop_batch_11_000080_000_bag_wrapper.jpg,batch_11_000080,data/raw/batch_11/000080.jpg,train,0,bag_wrapper,"0.242725,0.449529,0.171296,0.103423","475.0,1604.0,518.0,417.0","216,1295,1252,2331",1036x1036,3024x4032,"0.500000,0.499518,0.499999,0.402511",0.01771595,0.20125522,11.4,small,large,1
crop_batch_11_000082_002_bag_wrapper.jpg,batch_11_000082,data/raw/batch_11/000082.jpg,train,0,bag_wrapper,"0.656581,0.030506,0.385913,0.061012","1402.0,0.0,1167.0,246.0","690,0,3024,2334",2334x2334,3024x4032,"0.555056,0.052699,0.500000,0.105399",0.02354532,0.05269935,2.2,small,medium,3
crop_batch_11_000082_000_bag_wrapper.jpg,batch_11_000082,data/raw/batch_11/000082.jpg,train,0,bag_wrapper,"0.589782,0.556548,0.185516,0.133929","1503.0,1974.0,561.0,540.0","1223,1683,2345,2805",1122x1122,3024x4032,"0.499555,0.500001,0.500000,0.481285",0.02484597,0.24064265,9.7,small,large,1
crop_batch_11_000086_000_bag_wrapper.jpg,batch_11_000086,data/raw/batch_11/000086.jpg,train,0,bag_wrapper,"0.466104,0.711558,0.249008,0.179563","1033.0,2507.0,753.0,724.0","656,2116,2162,3622",1506x1506,3024x4032,"0.500331,0.500001,0.500000,0.480742",0.04471262,0.24037125,5.4,small,large,1
crop_batch_11_000088_000_cup.jpg,batch_11_000088,data/raw/batch_11/000088.jpg,train,6,cup,"0.438301,0.452524,0.087179,0.059375","1231.5,1759.0,272.0,247.0","1096,1611,1639,2154",543x543,3120x4160,"0.499998,0.500000,0.500918,0.454880",0.00517625,0.22785773,44.0,tiny,large,1
crop_batch_11_000090_001_cigarette.jpg,batch_11_000090,data/raw/batch_11/000090.jpg,train,5,cigarette,"0.105086,0.406454,0.039216,0.080065","279.0,897.0,128.0,196.0","147,799,539,1191",392x392,3264x2448,"0.500002,0.499998,0.326533,0.499998",0.00313983,0.16326588,52.0,tiny,medium,1
crop_batch_11_000093_000_bottle_cap.jpg,batch_11_000093,data/raw/batch_11/000093.jpg,train,2,bottle_cap,"0.612898,0.518587,0.025429,0.034722","1959.0,1227.0,83.0,85.0","1904,1174,2096,1366",192x192,3264x2448,"0.502599,0.497401,0.432293,0.442705",0.00088295,0.19137849,216.7,tiny,medium,1
crop_batch_11_000095_002_bag_wrapper.jpg,batch_11_000095,data/prepared_run_002/images/train/batch_11_000095.jpg,train,0,bag_wrapper,"0.752008,0.528709,0.105087,0.018261","2090.0,2760.0,314.0,97.0","1933,2495,2561,3123",628x628,2988x5312,"0.500000,0.499207,0.500000,0.154462",0.00191899,0.07723122,40.2,tiny,medium,1
crop_batch_11_000095_001_bottle_cap.jpg,batch_11_000095,data/prepared_run_002/images/train/batch_11_000095.jpg,train,2,bottle_cap,"0.631861,0.617282,0.056225,0.012425","1804.0,3246.0,168.0,66.0","1720,3111,2056,3447",336x336,2988x5312,"0.500002,0.500006,0.500001,0.196433",0.0006986,0.09821684,140.6,tiny,medium,1
crop_batch_11_000095_000_bottle.jpg,batch_11_000095,data/prepared_run_002/images/train/batch_11_000095.jpg,train,1,bottle,"0.617135,0.532285,0.123159,0.182794","1660.0,2342.0,368.0,971.0","873,1856,2815,3798",1942x1942,2988x5312,"0.500000,0.500256,0.189495,0.500001",0.02251273,0.09474762,4.2,small,medium,3
crop_batch_11_000096_000_carton.jpg,batch_11_000096,data/prepared_run_002/images/train/batch_11_000096.jpg,train,4,carton,"0.564377,0.567641,0.119478,0.071724","1507.9,2824.8,357.0,381.0","1305,2634,2067,3396",762x762,2988x5312,"0.500470,0.500406,0.468504,0.499997",0.00856944,0.23425084,27.3,tiny,large,2
crop_batch_11_000096_001_straw.jpg,batch_11_000096,data/prepared_run_002/images/train/batch_11_000096.jpg,train,7,straw,"0.501841,0.542895,0.036479,0.004895","1445.0,2870.9,109.0,26.0","1391,2775,1609,2993",218x218,2988x5312,"0.497711,0.499350,0.499997,0.119276",0.00017856,0.05963776,334.0,tiny,medium,1
crop_batch_11_000096_002_cigarette.jpg,batch_11_000096,data/prepared_run_002/images/train/batch_11_000096.jpg,train,5,cigarette,"0.327708,0.629962,0.035475,0.009601","926.2,3320.9,106.0,51.0","873,3240,1085,3452",212x212,2988x5312,"0.500903,0.501689,0.499997,0.240568",0.0003406,0.12028343,353.2,tiny,medium,1
crop_batch_11_000096_003_cigarette.jpg,batch_11_000096,data/prepared_run_002/images/train/batch_11_000096.jpg,train,5,cigarette,"0.534168,0.661100,0.026104,0.012801","1557.1,3477.8,78.0,68.0","1500,3416,1692,3608",192x192,2988x5312,"0.500490,0.498767,0.406243,0.354161",0.00033416,0.1438756,430.6,tiny,medium,1
crop_batch_11_000097_000_carton.jpg,batch_11_000097,data/prepared_run_002/images/train/batch_11_000097.jpg,train,4,carton,"0.526256,0.466738,0.092704,0.041604","1434.0,2368.8,277.0,221.0","1295,2202,1849,2756",554x554,2988x5312,"0.500818,0.500564,0.499999,0.398918",0.00385686,0.19945857,51.7,tiny,medium,2
crop_batch_11_000097_001_straw.jpg,batch_11_000097,data/prepared_run_002/images/train/batch_11_000097.jpg,train,7,straw,"0.486908,0.484079,0.009036,0.015813","1441.4,2529.4,27.0,84.0","1359,2475,1551,2667",192x192,2988x5312,"0.499381,0.502227,0.140623,0.437493",0.00014289,0.06152147,430.6,tiny,medium,1
crop_batch_11_000097_007_cigarette.jpg,batch_11_000097,data/prepared_run_002/images/train/batch_11_000097.jpg,train,5,cigarette,"0.026941,0.729480,0.013722,0.014307","60.0,3837.0,41.0,76.0","0,3779,192,3971",192x192,2988x5312,"0.419269,0.499988,0.213549,0.395827",0.00019632,0.08452831,430.6,tiny,medium,1
crop_batch_11_000097_002_cigarette.jpg,batch_11_000097,data/prepared_run_002/images/train/batch_11_000097.jpg,train,5,cigarette,"0.972557,0.779085,0.025435,0.009224","2868.0,4114.0,76.0,49.0","2796,4042,2988,4234",192x192,2988x5312,"0.572918,0.502602,0.395832,0.255197",0.00023461,0.10101532,430.6,tiny,medium,1
crop_batch_11_000098_001_cigarette.jpg,batch_11_000098,data/prepared_run_002/images/train/batch_11_000098.jpg,train,5,cigarette,"0.285643,0.210843,0.021084,0.017696","822.0,1073.0,63.0,94.0","758,1024,950,1216",192x192,2988x5312,"0.497403,0.499990,0.328120,0.489589",0.0003731,0.16064393,430.6,tiny,medium,1
crop_batch_11_000098_000_bottle.jpg,batch_11_000098,data/prepared_run_002/images/train/batch_11_000098.jpg,train,1,bottle,"0.566432,0.410674,0.326975,0.106363","1204.0,1899.0,977.0,565.0","715,1204,2670,3159",1955x1955,2988x5312,"0.499999,0.500000,0.499745,0.289003",0.03477804,0.14442762,4.2,small,medium,1
crop_batch_11_000099_001_bottle_cap.jpg,batch_11_000099,data/prepared_run_002/images/train/batch_11_000099.jpg,train,2,bottle_cap,"0.509036,0.540569,0.024766,0.013742","1484.0,2835.0,74.0,73.0","1425,2776,1617,2968",192x192,2988x5312,"0.499998,0.497409,0.385421,0.380195",0.00034033,0.14653522,430.6,tiny,medium,1
crop_batch_11_000099_000_bottle.jpg,batch_11_000099,data/prepared_run_002/images/train/batch_11_000099.jpg,train,1,bottle,"0.560576,0.506777,0.128514,0.081702","1483.0,2475.0,384.0,434.0","1241,2258,2109,3126",868x868,2988x5312,"0.500001,0.499999,0.442396,0.500001",0.01049985,0.22119858,21.1,small,large,2
crop_batch_12_000000_000_bottle.jpg,batch_12_000000,data/prepared_run_002/images/train/batch_12_000000.jpg,train,1,bottle,"0.489020,0.571361,0.093708,0.039345","1321.2,2930.6,280.0,209.0","1181,2755,1741,3315",560x560,2988x5312,"0.500342,0.500124,0.499999,0.373215",0.00368694,0.18660738,50.6,tiny,medium,2
crop_batch_12_000000_003_cigarette.jpg,batch_12_000000,data/prepared_run_002/images/train/batch_12_000000.jpg,train,5,cigarette,"0.900435,0.139495,0.019076,0.007530","2662.0,721.0,57.0,40.0","2594,645,2786,837",192x192,2988x5312,"0.502603,0.499987,0.296870,0.208330",0.00014364,0.06184698,430.6,tiny,medium,1
crop_batch_12_000000_002_bag_wrapper.jpg,batch_12_000000,data/prepared_run_002/images/train/batch_12_000000.jpg,train,0,bag_wrapper,"0.886435,0.054593,0.026774,0.035015","2608.7,197.0,80.0,186.0","2463,104,2835,476",372x372,2988x5312,"0.499107,0.499995,0.215056,0.499999",0.00093749,0.10752765,114.7,tiny,medium,1
crop_batch_12_000000_001_bottle_cap.jpg,batch_12_000000,data/prepared_run_002/images/train/batch_12_000000.jpg,train,2,bottle_cap,"0.527427,0.581003,0.016734,0.019202","1551.0,3035.3,50.0,102.0","1474,2984,1678,3188",204x204,2988x5312,"0.499764,0.501411,0.245104,0.500005",0.00032133,0.12255317,381.4,tiny,medium,1
crop_batch_12_000001_000_cup.jpg,batch_12_000001,data/prepared_run_002/images/train/batch_12_000001.jpg,train,6,cup,"0.473728,0.525226,0.186412,0.138554","1137.0,2422.0,557.0,736.0","680,2054,2151,3526",1471x1472,2988x5312,"0.499999,0.500000,0.378653,0.499999",0.02582813,0.18932637,7.3,small,medium,1
crop_batch_12_000002_000_bottle_cap.jpg,batch_12_000002,data/prepared_run_002/images/train/batch_12_000002.jpg,train,2,bottle_cap,"0.454819,0.396649,0.240295,0.138178","1000.0,1740.0,718.0,734.0","625,1373,2093,2841",1468x1468,2988x5312,"0.499999,0.500000,0.489102,0.500001",0.03320348,0.24455142,7.4,small,large,1
crop_batch_12_000003_000_cigarette.jpg,batch_12_000003,data/prepared_run_002/images/train/batch_12_000003.jpg,train,5,cigarette,"0.447456,0.618976,0.365462,0.107304","791.0,3003.0,1092.0,570.0","245,2196,2429,4380",2184x2184,2988x5312,"0.499999,0.500000,0.500000,0.260988",0.03921553,0.1304943,3.3,small,medium,1
crop_batch_12_000010_004_bag_wrapper.jpg,batch_12_000010,data/prepared_run_002/images/train/batch_12_000010.jpg,train,0,bag_wrapper,"0.967035,0.131777,0.060576,0.059488","2799.0,542.0,181.0,316.0","2356,384,2988,1016",632x632,2988x5312,"0.844146,0.499999,0.286394,0.500000",0.00360355,0.14319718,39.7,tiny,medium,2
crop_batch_12_000010_003_bag_wrapper.jpg,batch_12_000010,data/prepared_run_002/images/train/batch_12_000010.jpg,train,0,bag_wrapper,"0.607597,0.115211,0.054552,0.043298","1734.0,497.0,163.0,230.0","1586,382,2045,842",459x460,2988x5312,"0.500000,0.500002,0.355123,0.499998",0.00236199,0.17756062,75.2,tiny,medium,1
crop_batch_12_000013_001_bottle_cap.jpg,batch_12_000013,data/raw/batch_12/000013.jpg,train,2,bottle_cap,"0.366529,0.292169,0.048946,0.089692","1817.0,739.0,260.0,268.0","1679,605,2215,1141",536x536,5312x2988,"0.500004,0.500002,0.485077,0.499999",0.00439006,0.24253811,55.2,tiny,large,1
crop_batch_12_000015_000_cigarette.jpg,batch_12_000015,data/raw/batch_12/000015.jpg,train,5,cigarette,"0.343149,0.470085,0.080048,0.076068","1261.0,1011.0,333.0,178.0","1095,767,1760,1433",665x666,4160x2340,"0.500000,0.499998,0.500751,0.267266",0.00608909,0.1338338,22.0,tiny,medium,1
crop_batch_12_000015_001_bottle_cap.jpg,batch_12_000015,data/raw/batch_12/000015.jpg,train,2,bottle_cap,"0.461418,0.569872,0.055529,0.092735","1804.0,1225.0,231.0,217.0","1688,1102,2150,1565",462x463,4160x2340,"0.501080,0.500001,0.500001,0.468682",0.00514948,0.23434179,45.5,tiny,large,1
crop_batch_12_000017_001_bag_wrapper.jpg,batch_12_000017,data/prepared_run_002/images/train/batch_12_000017.jpg,train,0,bag_wrapper,"0.402108,0.464608,0.217871,0.153238","876.0,2061.0,651.0,814.0","387,1654,2015,3282",1628x1628,2988x5312,"0.500306,0.499999,0.399876,0.500000",0.03338612,0.19993819,6.0,small,medium,1
crop_batch_12_000017_000_cup.jpg,batch_12_000017,data/prepared_run_002/images/train/batch_12_000017.jpg,train,6,cup,"0.457664,0.281250,0.088019,0.044051","1236.0,1377.0,263.0,234.0","1104,1231,1631,1757",527x526,2988x5312,"0.500000,0.500000,0.499053,0.444865",0.00387732,0.222011,57.3,tiny,large,1
crop_batch_12_000017_002_cup.jpg,batch_12_000017,data/prepared_run_002/images/train/batch_12_000017.jpg,train,6,cup,"0.650937,0.655968,0.107095,0.074360","1785.0,3287.0,320.0,395.0","1550,3090,2340,3880",790x790,2988x5312,"0.500000,0.499370,0.405063,0.500000",0.00796358,0.20253172,25.4,tiny,large,1
crop_batch_12_000019_001_cup.jpg,batch_12_000019,data/prepared_run_002/images/train/batch_12_000019.jpg,train,6,cup,"0.591700,0.555817,0.109772,0.062312","1604.0,2787.0,328.0,331.0","1437,2621,2099,3284",662x663,2988x5312,"0.499999,0.500000,0.495466,0.499248",0.00684011,0.24736053,36.2,tiny,large,1
crop_batch_12_000019_003_bottle_cap.jpg,batch_12_000019,data/prepared_run_002/images/train/batch_12_000019.jpg,train,2,bottle_cap,"0.355756,0.430911,0.030120,0.019578","1018.0,2237.0,90.0,104.0","959,2185,1167,2393",208x208,2988x5312,"0.499995,0.499996,0.432685,0.499992",0.00058969,0.21633923,366.9,tiny,large,1
crop_batch_12_000019_002_bottle.jpg,batch_12_000019,data/prepared_run_002/images/train/batch_12_000019.jpg,train,1,bottle,"0.440428,0.472139,0.198126,0.102033","1020.0,2237.0,592.0,542.0","724,1916,1908,3100",1184x1184,2988x5312,"0.499999,0.500002,0.500000,0.457770",0.02021539,0.22888503,11.3,small,large,3
crop_batch_12_000019_000_bag_wrapper.jpg,batch_12_000019,data/prepared_run_002/images/train/batch_12_000019.jpg,train,0,bag_wrapper,"0.970047,0.099398,0.058568,0.079443","2811.0,317.0,175.0,422.0","2144,106,2988,950",844x844,2988x5312,"0.893958,0.500003,0.207347,0.500001",0.00465282,0.10367399,22.3,tiny,medium,1
crop_batch_12_000022_000_cup.jpg,batch_12_000022,data/prepared_run_002/images/train/batch_12_000022.jpg,train,6,cup,"0.480820,0.436442,0.262048,0.160015","1045.2,1893.4,783.0,850.0","587,1468,2287,3168",1700x1700,2988x5312,"0.499818,0.500223,0.460588,0.500000",0.04193161,0.23029386,5.5,small,large,1
crop_batch_12_000025_000_cigarette.jpg,batch_12_000025,data/prepared_run_002/images/train/batch_12_000025.jpg,train,5,cigarette,"0.414491,0.194371,0.166332,0.064194","990.0,862.0,497.0,341.0","741,535,1735,1529",994x994,2988x5312,"0.500502,0.500502,0.500000,0.343057",0.01067752,0.17152844,16.1,small,medium,1
crop_batch_12_000025_001_bottle_cap.jpg,batch_12_000025,data/prepared_run_002/images/train/batch_12_000025.jpg,train,2,bottle_cap,"0.474063,0.503294,0.156961,0.086785","1182.0,2443.0,469.0,461.0","948,2204,1885,3142",937x938,2988x5312,"0.500000,0.500531,0.500533,0.491473",0.01362186,0.24599861,18.1,small,large,1
crop_batch_12_000026_005_cup.jpg,batch_12_000026,data/prepared_run_002/images/train/batch_12_000026.jpg,train,6,cup,"0.507028,0.391943,0.100402,0.051958","1365.0,1944.0,300.0,276.0","1215,1782,1815,2382",600x600,2988x5312,"0.499999,0.500002,0.500002,0.460001",0.00521669,0.23000165,44.1,tiny,large,3
crop_batch_12_000026_013_cup.jpg,batch_12_000026,data/prepared_run_002/images/train/batch_12_000026.jpg,train,6,cup,"0.582831,0.682982,0.138889,0.080196","1534.0,3415.0,415.0,426.0","1315,3202,2168,4054",853x852,2988x5312,"0.499999,0.500000,0.486519,0.500001",0.01113834,0.24325994,21.8,small,large,3
crop_batch_12_000026_012_cigarette.jpg,batch_12_000026,data/prepared_run_002/images/train/batch_12_000026.jpg,train,5,cigarette,"0.244980,0.388742,0.029451,0.011672","688.0,2034.0,88.0,62.0","636,1969,828,2161",192x192,2988x5312,"0.500001,0.499987,0.458331,0.322925",0.00034375,0.14800675,430.6,tiny,medium,1
crop_batch_12_000026_003_cigarette.jpg,batch_12_000026,data/prepared_run_002/images/train/batch_12_000026.jpg,train,5,cigarette,"0.402443,0.267319,0.024431,0.015060","1166.0,1380.0,73.0,80.0","1106,1324,1298,1516",192x192,2988x5312,"0.502603,0.499992,0.380207,0.416660",0.00036793,0.15841723,430.6,tiny,medium,1
crop_batch_12_000027_001_cigarette.jpg,batch_12_000027,data/prepared_run_002/images/train/batch_12_000027.jpg,train,5,cigarette,"0.065428,0.011766,0.020415,0.008848","165.0,39.0,61.0,47.0","99,0,291,192",192x192,2988x5312,"0.502598,0.325526,0.317708,0.244795",0.00018063,0.07777333,430.6,tiny,medium,1
crop_batch_12_000027_000_cup.jpg,batch_12_000027,data/prepared_run_002/images/train/batch_12_000027.jpg,train,6,cup,"0.499833,0.652767,0.090027,0.052899","1359.0,3327.0,269.0,281.0","1213,3186,1775,3748",562x562,2988x5312,"0.499112,0.500887,0.478649,0.499999",0.00476234,0.23932401,50.3,tiny,large,1
crop_batch_12_000029_001_bottle.jpg,batch_12_000029,data/prepared_run_002/images/train/batch_12_000029.jpg,train,1,bottle,"0.296352,0.559111,0.243976,0.057229","521.0,2818.0,729.0,304.0","156,2241,1615,3699",1459x1458,2988x5312,"0.500000,0.499998,0.499657,0.208505",0.0139625,0.10418114,7.5,small,medium,2
crop_batch_12_000029_000_straw.jpg,batch_12_000029,data/prepared_run_002/images/train/batch_12_000029.jpg,train,7,straw,"0.288655,0.204631,0.092704,0.092997","724.0,840.0,277.0,494.0","369,593,1357,1581",988x988,2988x5312,"0.499495,0.500000,0.280364,0.500000",0.00862119,0.14018198,16.3,tiny,medium,1
crop_batch_12_000029_002_bottle_cap.jpg,batch_12_000029,data/prepared_run_002/images/train/batch_12_000029.jpg,train,2,bottle_cap,"0.410977,0.546781,0.013387,0.021649","1208.0,2847.0,40.0,115.0","1113,2790,1343,3020",230x230,2988x5312,"0.499997,0.497829,0.173915,0.499998",0.00028982,0.08695691,300.0,tiny,medium,1
crop_batch_12_000032_000_cigarette.jpg,batch_12_000032,data/prepared_run_002/images/train/batch_12_000032.jpg,train,5,cigarette,"0.398092,0.932135,0.055221,0.028803","1107.0,4875.0,165.0,153.0","1024,4787,1354,5117",330x330,2988x5312,"0.501512,0.498488,0.500001,0.463641",0.00159053,0.231821,145.8,tiny,large,1
crop_batch_12_000032_001_bag_wrapper.jpg,batch_12_000032,data/prepared_run_002/images/train/batch_12_000032.jpg,train,0,bag_wrapper,"0.484772,0.470444,0.075971,0.081325","1335.0,2283.0,227.0,432.0","1017,2067,1880,2931",863x864,2988x5312,"0.499999,0.499998,0.263037,0.499998",0.00617834,0.13151825,21.3,tiny,medium,1
crop_batch_12_000033_005_bottle_cap.jpg,batch_12_000033,data/prepared_run_002/images/train/batch_12_000033.jpg,train,2,bottle_cap,"0.446954,0.371800,0.057898,0.029179","1249.0,1897.5,173.0,155.0","1162,1802,1508,2148",346x346,2988x5312,"0.501441,0.500005,0.499998,0.447974",0.00168941,0.22398577,132.6,tiny,large,2
crop_batch_12_000033_002_straw.jpg,batch_12_000033,data/prepared_run_002/images/train/batch_12_000033.jpg,train,7,straw,"0.468206,0.601374,0.042169,0.054782","1336.0,3049.0,126.0,291.0","1108,2903,1690,3486",582x583,2988x5312,"0.499999,0.499998,0.216497,0.499146",0.0023101,0.10806332,46.8,tiny,medium,1
crop_batch_12_000033_001_carton.jpg,batch_12_000033,data/prepared_run_002/images/train/batch_12_000033.jpg,train,4,carton,"0.459170,0.673946,0.139224,0.115776","1164.0,3272.5,416.0,615.0","757,2965,1987,4195",1230x1230,2988x5312,"0.500000,0.500001,0.338212,0.500002",0.0161188,0.16910681,10.5,small,medium,3
crop_batch_12_000033_004_bottle.jpg,batch_12_000033,data/prepared_run_002/images/train/batch_12_000033.jpg,train,1,bottle,"0.432731,0.383377,0.084337,0.053276","1167.0,1895.0,252.0,283.0","1010,1753,1576,2320",566x567,2988x5312,"0.500000,0.499998,0.445228,0.499122",0.00449314,0.22222296,49.5,tiny,large,2
crop_batch_12_000034_003_bottle_cap.jpg,batch_12_000034,data/prepared_run_002/images/train/batch_12_000034.jpg,train,2,bottle_cap,"0.481593,0.225151,0.024766,0.021837","1402.0,1138.0,74.0,116.0","1323,1080,1555,1312",232x232,2988x5312,"0.499999,0.500009,0.318969,0.499992",0.00054082,0.15948195,294.9,tiny,medium,2
crop_batch_12_000034_002_bottle.jpg,batch_12_000034,data/prepared_run_002/images/train/batch_12_000034.jpg,train,1,bottle,"0.399096,0.186653,0.189759,0.097703","909.0,732.0,567.0,519.0","625,425,1759,1559",1134x1134,2988x5312,"0.500440,0.499560,0.500000,0.457670",0.01854002,0.2288352,12.3,small,large,4
crop_batch_12_000034_001_can.jpg,batch_12_000034,data/prepared_run_002/images/train/batch_12_000034.jpg,train,3,can,"0.517403,0.232492,0.064257,0.038780","1450.0,1132.0,192.0,206.0","1340,1029,1752,1441",412x412,2988x5312,"0.500000,0.499994,0.466019,0.499998",0.00249189,0.23300888,93.5,tiny,large,2
crop_batch_12_000034_004_bag_wrapper.jpg,batch_12_000034,data/prepared_run_002/images/train/batch_12_000034.jpg,train,0,bag_wrapper,"0.563922,0.180346,0.207497,0.105422","1375.0,678.0,620.0,560.0","1065,338,2305,1578",1240x1240,2988x5312,"0.499999,0.499998,0.500001,0.451614",0.02187475,0.2258075,10.3,small,large,4
crop_batch_12_000035_002_bag_wrapper.jpg,batch_12_000035,data/prepared_run_002/images/train/batch_12_000035.jpg,train,0,bag_wrapper,"0.452477,0.388366,0.087015,0.013178","1222.0,2028.0,260.0,70.0","1092,1803,1612,2323",520x520,2988x5312,"0.500002,0.500000,0.500002,0.134618",0.00114668,0.06730938,58.7,tiny,medium,1
crop_batch_12_000035_001_cup.jpg,batch_12_000035,data/prepared_run_002/images/train/batch_12_000035.jpg,train,6,cup,"0.394244,0.478916,0.127845,0.076431","987.0,2341.0,382.0,406.0","772,2138,1584,2950",812x812,2988x5312,"0.500001,0.500002,0.470444,0.500002",0.00977132,0.23522306,24.1,tiny,large,1
crop_batch_12_000035_000_carton.jpg,batch_12_000035,data/prepared_run_002/images/train/batch_12_000035.jpg,train,4,carton,"0.724732,0.687877,0.148260,0.070030","1944.0,3468.0,443.0,372.0","1722,3211,2609,4097",887x886,2988x5312,"0.499999,0.500003,0.499437,0.419864",0.01038265,0.20969566,20.2,small,large,1
crop_batch_12_000038_003_bottle.jpg,batch_12_000038,data/prepared_run_002/images/train/batch_12_000038.jpg,train,1,bottle,"0.800680,0.776786,0.122739,0.037791","2288.9,3128.6,380.0,156.0","2099,2827,2859,3587",760x760,3096x4128,"0.499875,0.499438,0.500000,0.205265",0.00463843,0.10263238,22.1,tiny,medium,1
crop_batch_12_000038_001_bag_wrapper.jpg,batch_12_000038,data/prepared_run_002/images/train/batch_12_000038.jpg,train,0,bag_wrapper,"0.451435,0.568031,0.105620,0.058382","1234.1,2224.3,327.0,241.0","1071,2018,1725,2672",654x654,3096x4128,"0.499454,0.499743,0.499999,0.368503",0.00616631,0.18425118,29.9,tiny,medium,1
crop_batch_12_000038_002_bag_wrapper.jpg,batch_12_000038,data/prepared_run_002/images/train/batch_12_000038.jpg,train,0,bag_wrapper,"0.256183,0.456978,0.062661,0.029797","696.1,1824.9,194.0,123.0","599,1692,987,2080",388x388,3096x4128,"0.500367,0.501044,0.499996,0.317016",0.00186711,0.15850649,84.9,tiny,medium,1
crop_batch_12_000041_000_bottle_cap.jpg,batch_12_000041,data/prepared_run_002/images/train/batch_12_000041.jpg,train,2,bottle_cap,"0.543340,0.315889,0.175703,0.113328","1361.0,1377.0,525.0,602.0","1022,1076,2225,2280",1203x1204,2988x5312,"0.500000,0.500002,0.436409,0.499999",0.01991207,0.21820412,11.0,small,large,1
crop_batch_12_000042_000_bottle_cap.jpg,batch_12_000042,data/prepared_run_002/images/train/batch_12_000042.jpg,train,2,bottle_cap,"0.461345,0.468656,0.138220,0.081890","1172.0,2272.0,413.0,435.0","943,2055,1813,2925",870x870,2988x5312,"0.500573,0.499426,0.474714,0.500000",0.01131884,0.23735693,21.0,small,large,1
crop_batch_12_000045_000_bottle.jpg,batch_12_000045,data/prepared_run_002/images/train/batch_12_000045.jpg,train,1,bottle,"0.478495,0.394405,0.031586,0.033266","1377.0,1499.0,94.0,132.0","1292,1433,1556,1697",264x264,2976x3968,"0.500004,0.499996,0.356060,0.499998",0.00105074,0.17802949,169.4,tiny,medium,1
crop_batch_12_000047_010_cigarette.jpg,batch_12_000047,data/prepared_run_002/images/train/batch_12_000047.jpg,train,5,cigarette,"0.649698,0.674521,0.019153,0.007308","1905.0,2662.0,57.0,29.0","1838,2580,2030,2772",192x192,2976x3968,"0.497402,0.502601,0.296871,0.151032",0.00013997,0.0448371,320.3,tiny,small,1
crop_batch_12_000047_007_cup.jpg,batch_12_000047,data/prepared_run_002/images/train/batch_12_000047.jpg,train,6,cup,"0.528058,0.278604,0.026546,0.027470","1532.0,1051.0,79.0,109.0","1462,996,1681,1215",219x219,2976x3968,"0.500003,0.500003,0.360735,0.497721",0.00072922,0.17954533,246.2,tiny,medium,3
crop_batch_12_000047_001_carton.jpg,batch_12_000047,data/prepared_run_002/images/train/batch_12_000047.jpg,train,4,carton,"0.347110,0.353453,0.060484,0.241683","943.0,923.0,180.0,959.0","74,444,1992,2361",1918x1917,2976x3968,"0.500000,0.500001,0.093848,0.500260",0.01461795,0.04694837,3.2,small,small,10
crop_batch_12_000047_006_bottle.jpg,batch_12_000047,data/prepared_run_002/images/train/batch_12_000047.jpg,train,1,bottle,"0.497648,0.266381,0.020833,0.046875","1450.0,964.0,62.0,186.0","1295,871,1667,1243",372x372,2976x3968,"0.500001,0.499999,0.166664,0.500000",0.00097655,0.083332,85.3,tiny,medium,5
crop_batch_12_000051_000_cigarette.jpg,batch_12_000051,data/prepared_run_002/images/train/batch_12_000051.jpg,train,5,cigarette,"0.097278,0.147681,0.022177,0.050739","342.0,364.0,88.0,151.0","235,288,537,590",302x302,3968x2976,"0.499997,0.501651,0.291385,0.499998",0.00112524,0.1456919,129.5,tiny,medium,1
crop_batch_12_000051_001_cigarette.jpg,batch_12_000051,data/prepared_run_002/images/train/batch_12_000051.jpg,train,5,cigarette,"0.029738,0.503360,0.009073,0.136425","100.0,1295.0,36.0,406.0","0,1092,812,1904",812x812,3968x2976,"0.145321,0.499999,0.044337,0.500001",0.00123778,0.02216856,17.9,tiny,small,2
crop_batch_12_000052_000_cup.jpg,batch_12_000052,data/prepared_run_002/images/train/batch_12_000052.jpg,train,6,cup,"0.476238,0.372741,0.275770,0.147214","1011.0,1589.0,824.0,782.0","599,1156,2247,2804",1648x1648,2988x5312,"0.499999,0.500000,0.500000,0.474515",0.0405972,0.23725773,5.8,small,large,1
crop_batch_12_000055_000_bag_wrapper.jpg,batch_12_000055,data/raw/batch_12/000055.jpg,train,0,bag_wrapper,"0.244231,0.916827,0.185256,0.164904","473.0,3471.0,578.0,686.0","76,2788,1448,4160",1372x1372,3120x4160,"0.500001,0.747814,0.421282,0.500000",0.03054946,0.21064113,6.9,small,large,1
crop_batch_12_000055_002_bag_wrapper.jpg,batch_12_000055,data/raw/batch_12/000055.jpg,train,0,bag_wrapper,"0.837340,0.659014,0.211859,0.142067","2282.0,2446.0,661.0,591.0","1798,2080,3120,3402",1322x1322,3120x4160,"0.616113,0.500377,0.500000,0.447049",0.03009817,0.22352451,7.4,small,large,2
crop_batch_12_000058_003_carton.jpg,batch_12_000058,data/prepared_run_002/images/train/batch_12_000058.jpg,train,4,carton,"0.717758,0.877976,0.032077,0.025298","2122.0,3489.0,97.0,102.0","2068,3438,2273,3642",205x204,3024x4032,"0.500001,0.499996,0.473175,0.500008",0.00081148,0.236591,291.6,tiny,large,1
crop_batch_12_000058_004_carton.jpg,batch_12_000058,data/prepared_run_002/images/train/batch_12_000058.jpg,train,4,carton,"0.362930,0.850818,0.051918,0.028522","1019.0,3373.0,157.0,115.0","941,3273,1255,3587",314x314,3024x4032,"0.498409,0.501587,0.500000,0.366244",0.00148081,0.18312218,123.7,tiny,medium,1
crop_batch_12_000058_001_bag_wrapper.jpg,batch_12_000058,data/prepared_run_002/images/train/batch_12_000058.jpg,train,0,bag_wrapper,"0.679067,0.907118,0.041336,0.035962","1991.0,3585.0,125.0,145.0","1908,3513,2198,3802",290x289,3024x4032,"0.501719,0.499999,0.431035,0.501726",0.00148653,0.21626127,145.5,tiny,large,2
crop_batch_12_000058_002_bag_wrapper.jpg,batch_12_000058,data/prepared_run_002/images/train/batch_12_000058.jpg,train,0,bag_wrapper,"0.532738,0.956473,0.041667,0.032490","1548.0,3791.0,126.0,131.0","1480,3725,1742,3987",262x262,3024x4032,"0.499999,0.501905,0.480920,0.499999",0.00135376,0.24045935,177.6,tiny,large,1
crop_batch_12_000059_003_bottle_cap.jpg,batch_12_000059,data/prepared_run_002/images/train/batch_12_000059.jpg,train,2,bottle_cap,"0.916997,0.572421,0.019841,0.020337","2743.0,2267.0,60.0,82.0","2677,2212,2869,2404",192x192,3024x4032,"0.499994,0.500008,0.312496,0.427077",0.00040351,0.13345975,330.8,tiny,medium,1
crop_batch_12_000059_000_bottle.jpg,batch_12_000059,data/prepared_run_002/images/train/batch_12_000059.jpg,train,1,bottle,"0.195767,0.600694,0.234788,0.071925","237.0,2277.0,710.0,290.0","0,1712,1420,3132",1420x1420,3024x4032,"0.416901,0.499999,0.499999,0.204226",0.01688713,0.10211308,6.0,small,medium,1
crop_batch_12_000059_005_bag_wrapper.jpg,batch_12_000059,data/prepared_run_002/images/train/batch_12_000059.jpg,train,0,bag_wrapper,"0.105324,0.054067,0.055225,0.024802","235.0,168.0,167.0,100.0","151,51,486,385",335x334,3024x4032,"0.499999,0.499994,0.498509,0.299406",0.00136969,0.14925657,109.0,tiny,medium,2
crop_batch_12_000059_004_bag_wrapper.jpg,batch_12_000059,data/prepared_run_002/images/train/batch_12_000059.jpg,train,0,bag_wrapper,"0.081680,0.088790,0.074735,0.046627","134.0,264.0,226.0,188.0","21,132,473,584",452x452,3024x4032,"0.500001,0.500003,0.499997,0.415929",0.00348467,0.20796342,59.7,tiny,large,2
crop_batch_12_000060_000_bag_wrapper.jpg,batch_12_000060,data/prepared_run_002/images/train/batch_12_000060.jpg,train,0,bag_wrapper,"0.461404,0.460425,0.106140,0.193619","1862.0,785.4,484.0,418.2","1620,511,2588,1479",968x968,4560x2160,"0.500002,0.499502,0.499998,0.432042",0.02055072,0.21602048,10.5,small,large,1
crop_batch_12_000061_029_bottle.jpg,batch_12_000061,data/prepared_run_002/images/train/batch_12_000061.jpg,train,1,bottle,"0.193000,0.514375,0.059333,0.070750","490.0,1916.0,178.0,283.0","296,1774,862,2340",566x566,3000x4000,"0.500000,0.500883,0.314486,0.500000",0.00419781,0.15724293,37.5,tiny,medium,3
crop_batch_12_000061_026_bag_wrapper.jpg,batch_12_000061,data/prepared_run_002/images/train/batch_12_000061.jpg,train,0,bag_wrapper,"0.250500,0.783625,0.069000,0.036750","648.0,3061.0,207.0,147.0","544,2928,958,3342",414x414,3000x4000,"0.501208,0.498792,0.500000,0.355072",0.00253575,0.17753623,70.0,tiny,medium,2
crop_batch_12_000061_030_bag_wrapper.jpg,batch_12_000061,data/prepared_run_002/images/train/batch_12_000061.jpg,train,0,bag_wrapper,"0.268333,0.479000,0.083333,0.029500","680.0,1857.0,250.0,118.0","555,1666,1055,2166",500x500,3000x4000,"0.499998,0.500000,0.499998,0.236000",0.00245832,0.11799953,48.0,tiny,medium,2
crop_batch_12_000062_021_straw.jpg,batch_12_000062,data/raw/batch_12/000062.jpg,train,7,straw,"0.866625,0.562333,0.055750,0.046667","3355.0,1617.0,223.0,140.0","3244,1464,3690,1910",446x446,4000x3000,"0.498879,0.499998,0.500000,0.313904",0.00260169,0.15695179,60.3,tiny,medium,2
crop_batch_12_000062_010_straw.jpg,batch_12_000062,data/raw/batch_12/000062.jpg,train,7,straw,"0.550250,0.194000,0.013000,0.023333","2175.0,547.0,52.0,70.0","2105,486,2297,678",192x192,4000x3000,"0.500000,0.500000,0.270833,0.364578",0.00030333,0.09873991,325.5,tiny,medium,1
crop_batch_12_000062_008_bag_wrapper.jpg,batch_12_000062,data/raw/batch_12/000062.jpg,train,0,bag_wrapper,"0.701625,0.533000,0.013250,0.018000","2780.0,1572.0,53.0,54.0","2710,1503,2902,1695",192x192,4000x3000,"0.502604,0.500000,0.276042,0.281250",0.0002385,0.07763672,325.5,tiny,medium,1
crop_batch_12_000062_013_bag_wrapper.jpg,batch_12_000062,data/raw/batch_12/000062.jpg,train,0,bag_wrapper,"0.684750,0.968833,0.082000,0.059667","2575.0,2817.0,328.0,179.0","2411,2344,3067,3000",656x656,4000x3000,"0.500000,0.857468,0.500000,0.272867",0.00489269,0.13643369,27.9,tiny,medium,1
crop_batch_12_000063_001_bag_wrapper.jpg,batch_12_000063,data/raw/batch_12/000063.jpg,train,0,bag_wrapper,"0.752113,0.890209,0.230346,0.127376","1508.3,3478.0,545.5,536.0","1236,3117,2326,4208",1090x1091,2368x4208,"0.500003,0.576535,0.500421,0.491291",0.02934055,0.24585241,8.4,small,large,1
crop_batch_12_000063_000_carton.jpg,batch_12_000063,data/raw/batch_12/000063.jpg,train,4,carton,"0.568921,0.293726,0.053700,0.056559","1283.6,1117.0,127.2,238.0","1109,998,1585,1474",476x476,2368x4208,"0.500431,0.499998,0.267146,0.500001",0.00303722,0.13357326,44.0,tiny,medium,1
crop_batch_12_000064_000_bag_wrapper.jpg,batch_12_000064,data/raw/batch_12/000064.jpg,train,0,bag_wrapper,"0.598478,0.569154,0.240913,0.152567","1132.0,2074.0,570.5,642.0","775,1753,2059,3037",1284x1284,2368x4208,"0.500153,0.500000,0.444301,0.500002",0.03675537,0.22215098,6.0,small,large,1
crop_batch_12_000065_000_bag_wrapper.jpg,batch_12_000065,data/raw/batch_12/000065.jpg,train,0,bag_wrapper,"0.581081,0.620010,0.282939,0.144487","1041.0,2305.0,670.0,608.0","706,1939,2046,3279",1340x1340,2368x4208,"0.500000,0.500002,0.500000,0.453732",0.04088101,0.226866,5.5,small,large,1
crop_batch_12_000067_000_straw.jpg,batch_12_000067,data/raw/batch_12/000067.jpg,train,7,straw,"0.378012,0.293726,0.444820,0.107414","368.5,1010.0,1053.3,452.0","0,230,2013,2242",2013x2012,2368x4208,"0.444676,0.500000,0.523266,0.224651",0.0477799,0.11755223,2.5,small,medium,1
crop_batch_12_000074_003_bag_wrapper.jpg,batch_12_000074,data/raw/batch_12/000074.jpg,train,0,bag_wrapper,"0.270192,0.284255,0.014103,0.014183","821.0,1153.0,44.0,59.0","747,1087,939,1279",192x192,3120x4160,"0.499995,0.497400,0.229174,0.307298",0.00020002,0.07042471,352.1,tiny,medium,1
crop_batch_12_000074_002_straw.jpg,batch_12_000074,data/raw/batch_12/000074.jpg,train,7,straw,"0.420673,0.905649,0.216346,0.060337","975.0,3642.0,675.0,251.0","638,2810,1987,4160",1349x1350,3120x4160,"0.500000,0.709259,0.500370,0.185927",0.01305367,0.09303252,7.1,small,medium,1
crop_batch_12_000074_001_straw.jpg,batch_12_000074,data/raw/batch_12/000074.jpg,train,7,straw,"0.484135,0.363101,0.091346,0.025240","1368.0,1458.0,285.0,105.0","1226,1226,1796,1795",570x569,3120x4160,"0.499125,0.500000,0.499999,0.184531",0.00230557,0.09226557,40.0,tiny,medium,2
crop_batch_12_000074_000_cup.jpg,batch_12_000074,data/raw/batch_12/000074.jpg,train,6,cup,"0.394071,0.353005,0.112500,0.050240","1054.0,1364.0,351.0,209.0","879,1118,1581,1820",702x702,3120x4160,"0.499290,0.499289,0.500000,0.297719",0.005652,0.14885926,26.3,tiny,medium,2
crop_batch_12_000075_001_straw.jpg,batch_12_000075,data/raw/batch_12/000075.jpg,train,7,straw,"0.814904,0.546154,0.178365,0.036538","3019.0,1647.0,742.0,114.0","2648,962,4132,2446",1484x1484,4160x3120,"0.500000,0.500000,0.499999,0.076818",0.0065171,0.03840914,5.9,tiny,small,1
crop_batch_12_000075_000_straw.jpg,batch_12_000075,data/raw/batch_12/000075.jpg,train,7,straw,"0.085938,0.687821,0.073317,0.134615","205.0,1936.0,305.0,420.0","0,1726,840,2566",840x840,4160x3120,"0.425598,0.500002,0.363094,0.499999",0.00986957,0.18154634,18.4,tiny,medium,1
crop_batch_12_000079_001_bottle_cap.jpg,batch_12_000079,data/raw/batch_12/000079.jpg,train,2,bottle_cap,"0.342308,0.231490,0.121795,0.048077","878.0,863.0,380.0,200.0","688,583,1448,1343",760x760,3120x4160,"0.500001,0.499998,0.500001,0.263158",0.00585554,0.1315793,22.5,tiny,medium,1
crop_batch_12_000084_008_can.jpg,batch_12_000084,data/raw/batch_12/000084.jpg,train,3,can,"0.060817,0.974679,0.056250,0.045513","136.0,2970.0,234.0,142.0","19,2652,487,3120",468x468,4160x3120,"0.499997,0.831193,0.500000,0.303420",0.00256011,0.15171,59.3,tiny,medium,1
crop_batch_12_000084_002_bottle.jpg,batch_12_000084,data/raw/batch_12/000084.jpg,train,1,bottle,"0.612620,0.799038,0.059856,0.133974","2424.0,2284.0,249.0,418.0","2131,2075,2966,2911",835x836,4160x3120,"0.499999,0.499998,0.298205,0.499999",0.00801915,0.14910197,18.6,tiny,medium,1
crop_batch_12_000084_007_bag_wrapper.jpg,batch_12_000084,data/raw/batch_12/000084.jpg,train,0,bag_wrapper,"0.862620,0.946154,0.114663,0.105769","3350.0,2787.0,477.0,330.0","3112,2166,4065,3120",953x954,4160x3120,"0.499999,0.823900,0.500523,0.345911",0.01212779,0.17313639,14.3,small,medium,1
crop_batch_12_000084_004_bag_wrapper.jpg,batch_12_000084,data/raw/batch_12/000084.jpg,train,0,bag_wrapper,"0.646995,0.572115,0.072837,0.089103","2540.0,1646.0,303.0,278.0","2388,1482,2995,2088",607x606,4160x3120,"0.499999,0.499998,0.499179,0.458748",0.00649,0.22899763,35.3,tiny,large,1
crop_batch_12_000085_004_bag_wrapper.jpg,batch_12_000085,data/raw/batch_12/000085.jpg,train,0,bag_wrapper,"0.272940,0.201717,0.080128,0.068269","726.6,697.1,250.0,284.0","568,555,1136,1123",568x568,3120x4160,"0.499248,0.500251,0.440140,0.499998",0.00547026,0.22006912,40.2,tiny,large,2
crop_batch_12_000085_003_bag_wrapper.jpg,batch_12_000085,data/raw/batch_12/000085.jpg,train,0,bag_wrapper,"0.329579,0.260623,0.069231,0.052885","920.3,974.2,216.0,220.0","808,864,1248,1304",440x440,3120x4160,"0.500651,0.500436,0.490911,0.500004",0.00366128,0.24545715,67.0,tiny,large,1
crop_batch_12_000086_000_carton.jpg,batch_12_000086,data/raw/batch_12/000086.jpg,train,4,carton,"0.532372,0.726322,0.117308,0.239183","1478.0,2524.0,366.0,995.0","666,2026,2656,4017",1990x1991,3120x4160,"0.500000,0.500000,0.183920,0.499750",0.02805808,0.09191397,3.3,small,medium,2
crop_batch_12_000086_001_bag_wrapper.jpg,batch_12_000086,data/raw/batch_12/000086.jpg,train,0,bag_wrapper,"0.631410,0.137861,0.200000,0.136298","1658.0,290.0,624.0,567.0","1346,0,2594,1248",1248x1248,3120x4160,"0.499999,0.459537,0.500000,0.454327",0.0272596,0.22716333,8.3,small,large,2
crop_batch_12_000086_003_bag_wrapper.jpg,batch_12_000086,data/raw/batch_12/000086.jpg,train,0,bag_wrapper,"0.758173,0.934135,0.352244,0.123077","1816.0,3630.0,1099.0,512.0","922,1962,3120,4160",2198x2198,3120x4160,"0.656733,0.875342,0.500001,0.232939",0.04335313,0.11646973,2.7,small,medium,2
crop_batch_12_000089_004_bag_wrapper.jpg,batch_12_000089,data/raw/batch_12/000089.jpg,train,0,bag_wrapper,"0.265224,0.988582,0.246474,0.021394","443.0,4068.0,769.0,89.0","59,2622,1596,4160",1537x1538,3120x4160,"0.499999,0.969116,0.500325,0.057867",0.00527306,0.02895215,5.5,tiny,small,1
crop_batch_12_000089_005_bag_wrapper.jpg,batch_12_000089,data/raw/batch_12/000089.jpg,train,0,bag_wrapper,"0.620833,0.964663,0.232051,0.069231","1575.0,3869.0,724.0,288.0","1213,2712,2661,4160",1448x1448,3120x4160,"0.499999,0.898479,0.499999,0.198896",0.01606512,0.09944772,6.2,small,medium,1
crop_batch_12_000090_003_bottle.jpg,batch_12_000090,data/raw/batch_12/000090.jpg,train,1,bottle,"0.826202,0.540545,0.111538,0.234295","3205.0,1321.0,464.0,731.0","2698,956,4160,2418",1462x1462,4160x3120,"0.505472,0.499658,0.317372,0.500000",0.0261328,0.15868616,6.1,small,medium,1
crop_batch_12_000090_002_bottle_cap.jpg,batch_12_000090,data/raw/batch_12/000090.jpg,train,2,bottle_cap,"0.636058,0.940545,0.028846,0.032372","2586.0,2884.0,120.0,101.0","2526,2815,2766,3054",240x239,4160x3120,"0.500005,0.500002,0.499997,0.422597",0.0009338,0.21129728,226.3,tiny,large,1
crop_batch_12_000090_000_bag_wrapper.jpg,batch_12_000090,data/raw/batch_12/000090.jpg,train,0,bag_wrapper,"0.135096,0.358974,0.153365,0.207692","243.0,796.0,638.0,648.0","0,472,1296,1768",1296x1296,4160x3120,"0.433641,0.499999,0.492283,0.499999",0.03185268,0.24614099,7.7,small,large,1
crop_batch_12_000090_001_bag_wrapper.jpg,batch_12_000090,data/raw/batch_12/000090.jpg,train,0,bag_wrapper,"0.517909,0.735897,0.180529,0.245513","1779.0,1913.0,751.0,766.0","1389,1530,2921,3062",1532x1532,4160x3120,"0.499675,0.499999,0.490209,0.500000",0.04432222,0.24510483,5.5,small,large,2
crop_batch_12_000091_004_straw.jpg,batch_12_000091,data/raw/batch_12/000091.jpg,train,7,straw,"0.877885,0.328526,0.241827,0.200641","3149.0,712.0,1006.0,626.0","2148,19,4160,2031",2012x2012,4160x3120,"0.747516,0.500001,0.500000,0.311133",0.04852041,0.15556663,3.2,small,medium,2
crop_batch_12_000091_007_bag_wrapper.jpg,batch_12_000091,data/raw/batch_12/000091.jpg,train,0,bag_wrapper,"0.045072,0.559455,0.090144,0.141346","0.0,1525.0,375.0,441.0","0,1305,882,2186",882x881,4160x3120,"0.212584,0.500000,0.425169,0.500567",0.01274149,0.21282556,16.7,small,large,1
crop_batch_12_000091_006_bag_wrapper.jpg,batch_12_000091,data/raw/batch_12/000091.jpg,train,0,bag_wrapper,"0.446154,0.955449,0.283173,0.087821","1267.0,2844.0,1178.0,274.0","678,764,3034,3120",2356x2356,4160x3120,"0.500000,0.941002,0.500000,0.116299",0.02486854,0.05814971,2.3,small,medium,5
crop_batch_12_000092_001_bag_wrapper.jpg,batch_12_000092,data/raw/batch_12/000092.jpg,train,0,bag_wrapper,"0.505769,0.869351,0.114744,0.056490","1399.0,3499.0,358.0,235.0","1220,3258,1936,3975",716x717,3120x4160,"0.499999,0.500000,0.500002,0.327752",0.00648189,0.16387674,25.3,tiny,medium,2
crop_batch_12_000092_000_cup.jpg,batch_12_000092,data/raw/batch_12/000092.jpg,train,6,cup,"0.450641,0.803726,0.253846,0.177163","1010.0,2975.0,792.0,737.0","614,2552,2198,4135",1584x1583,3120x4160,"0.500000,0.500000,0.500000,0.465570",0.04497212,0.2327851,5.2,small,large,2
crop_batch_12_000094_000_bottle_cap.jpg,batch_12_000094,data/raw/batch_12/000094.jpg,train,2,bottle_cap,"0.512019,0.922596,0.075321,0.041827","1480.0,3751.0,235.0,174.0","1362,3603,1833,4073",471x470,3120x4160,"0.499998,0.499999,0.498942,0.370213",0.00315045,0.18471491,58.6,tiny,medium,1
crop_batch_13_000004_001_straw.jpg,batch_13_000004,data/raw/batch_13/000004.jpg,train,7,straw,"0.648443,0.501889,0.235684,0.078846","1655.5,1923.9,735.3,328.0","1288,1353,2758,2823",1470x1470,3120x4160,"0.500097,0.499904,0.500227,0.223129",0.01858274,0.11161512,6.0,small,medium,3
crop_batch_13_000004_002_bag_wrapper.jpg,batch_13_000004,data/raw/batch_13/000004.jpg,train,0,bag_wrapper,"0.592109,0.634867,0.114103,0.059135","1669.4,2518.0,356.0,246.0","1491,2285,2203,2997",712x712,3120x4160,"0.500534,0.500066,0.500002,0.345508",0.00674748,0.17275459,25.6,tiny,medium,1
crop_batch_13_000005_001_bag_wrapper.jpg,batch_13_000005,data/raw/batch_13/000005.jpg,train,0,bag_wrapper,"0.930288,0.731490,0.137500,0.118750","2688.0,2796.0,429.0,494.0","2132,2549,3120,3537",988x988,3120x4160,"0.779857,0.499998,0.434211,0.500000",0.01632812,0.21710526,13.3,small,large,1
crop_batch_13_000005_002_carton.jpg,batch_13_000005,data/raw/batch_13/000005.jpg,train,4,carton,"0.606571,0.579808,0.108013,0.122596","1724.0,2157.0,337.0,510.0","1383,1902,2403,2922",1020x1020,3120x4160,"0.499511,0.500001,0.330393,0.499999",0.01324196,0.16519615,12.5,small,medium,1
crop_batch_13_000005_003_carton.jpg,batch_13_000005,data/raw/batch_13/000005.jpg,train,4,carton,"0.298077,0.600000,0.058974,0.018750","838.0,2457.0,184.0,78.0","746,2312,1114,2680",368x368,3120x4160,"0.500001,0.500000,0.499997,0.211957",0.00110576,0.10597762,95.8,tiny,medium,1
crop_batch_13_000006_000_bag_wrapper.jpg,batch_13_000006,data/raw/batch_13/000006.jpg,train,0,bag_wrapper,"0.670032,0.473077,0.094551,0.036538","1943.0,1892.0,295.0,152.0","1796,1673,2385,2263",589x590,3120x4160,"0.500000,0.500001,0.500847,0.257624",0.0034547,0.12903024,37.3,tiny,medium,1
crop_batch_13_000009_003_carton.jpg,batch_13_000009,data/raw/batch_13/000009.jpg,train,4,carton,"0.853147,0.652653,0.158654,0.166667","3219.1,1776.3,660.0,520.0","2840,1376,4160,2696",1320x1320,4160x3120,"0.537191,0.500210,0.500000,0.393940",0.02644239,0.19697028,7.4,small,medium,1
crop_batch_13_000009_005_bottle_cap.jpg,batch_13_000009,data/raw/batch_13/000009.jpg,train,2,bottle_cap,"0.079580,0.844844,0.042548,0.030128","242.6,2588.9,177.0,94.0","154,2459,508,2813",354x354,4160x3120,"0.500149,0.499755,0.499999,0.265535",0.00128189,0.13276722,103.6,tiny,medium,1
crop_batch_13_000009_004_bottle.jpg,batch_13_000009,data/raw/batch_13/000009.jpg,train,1,bottle,"0.074651,0.683204,0.092788,0.353409","117.5,1580.3,386.0,1102.6","0,915,2205,3120",2205x2205,4160x3120,"0.140838,0.551744,0.175056,0.500062",0.03279211,0.08753871,2.7,small,medium,2
crop_batch_13_000009_001_bag_wrapper.jpg,batch_13_000009,data/raw/batch_13/000009.jpg,train,0,bag_wrapper,"0.843530,0.024375,0.083173,0.047756","3336.1,1.6,346.0,149.0","3163,0,3855,692",692x692,4160x3120,"0.500123,0.109899,0.500000,0.215316",0.00397201,0.10765794,27.1,tiny,medium,1
crop_batch_13_000010_002_cigarette.jpg,batch_13_000010,data/raw/batch_13/000010.jpg,train,5,cigarette,"0.946875,0.398878,0.059615,0.084936","3815.0,1112.0,248.0,265.0","3630,979,4160,1509",530x530,4160x3120,"0.583019,0.500942,0.467922,0.500001",0.00506346,0.23396104,46.2,tiny,large,1
crop_batch_13_000011_000_bag_wrapper.jpg,batch_13_000011,data/raw/batch_13/000011.jpg,train,0,bag_wrapper,"0.362019,0.524359,0.034135,0.008974","1435.0,1622.0,142.0,28.0","1364,1494,1648,1778",284x284,4160x3120,"0.499997,0.500000,0.500006,0.098588",0.00030633,0.04929436,160.9,tiny,small,1
crop_batch_13_000012_000_bottle_cap.jpg,batch_13_000012,data/raw/batch_13/000012.jpg,train,2,bottle_cap,"0.552764,0.541346,0.179808,0.244872","1925.5,1307.0,748.0,764.0","1535,925,3063,2453",1528x1528,4160x3120,"0.500326,0.500000,0.489530,0.500000",0.04402994,0.24476502,5.6,small,large,1
crop_batch_13_000013_001_bottle.jpg,batch_13_000013,data/raw/batch_13/000013.jpg,train,1,bottle,"0.342027,0.578012,0.121911,0.282452","1182.7,1034.3,513.0,668.8","770,700,2108,2038",1338x1338,4208x2368,"0.500187,0.499800,0.383409,0.499885",0.03443401,0.19166056,5.6,small,medium,3
crop_batch_13_000013_003_carton.jpg,batch_13_000013,data/raw/batch_13/000013.jpg,train,4,carton,"0.529943,0.617286,0.208175,0.193998","1792.0,1232.0,876.0,459.4","1354,586,3106,2338",1752x1752,4208x2368,"0.500000,0.499848,0.500000,0.262207",0.04038553,0.13110373,3.2,small,medium,3
crop_batch_13_000013_002_straw.jpg,batch_13_000013,data/raw/batch_13/000013.jpg,train,7,straw,"0.285231,0.421564,0.017586,0.043129","1163.3,947.2,74.0,102.1","1098,896,1302,1100",204x204,4208x2368,"0.501236,0.501292,0.362754,0.500635",0.00075847,0.1816074,239.4,tiny,medium,1
crop_batch_13_000015_002_bag_wrapper.jpg,batch_13_000015,data/raw/batch_13/000015.jpg,train,0,bag_wrapper,"0.351122,0.344591,0.046474,0.019952","1023.0,1392.0,145.0,83.0","951,1288,1240,1578",289x290,3120x4160,"0.500002,0.501719,0.501726,0.286208",0.00092725,0.14359806,154.9,tiny,medium,1
crop_batch_13_000015_003_carton.jpg,batch_13_000015,data/raw/batch_13/000015.jpg,train,4,carton,"0.103846,0.562260,0.118590,0.073077","139.0,2187.0,370.0,304.0","0,1969,740,2709",740x740,3120x4160,"0.437837,0.500002,0.500001,0.410811",0.0086662,0.20540607,23.7,tiny,large,2
crop_batch_13_000025_026_carton.jpg,batch_13_000025,data/raw/batch_13/000025.jpg,train,4,carton,"0.217949,0.407818,0.054487,0.067079","595.0,1557.0,170.0,279.0","401,1417,959,1976",558x559,3120x4160,"0.500002,0.500041,0.304658,0.499193",0.00365493,0.15208325,41.6,tiny,medium,3
crop_batch_13_000025_033_cigarette.jpg,batch_13_000025,data/raw/batch_13/000025.jpg,train,5,cigarette,"0.686348,0.405712,0.018910,0.020673","2111.9,1644.8,59.0,86.0","2045,1592,2237,1784",192x192,3120x4160,"0.502113,0.498760,0.307287,0.447915",0.00039093,0.13763868,352.1,tiny,medium,1
crop_batch_13_000025_031_bag_wrapper.jpg,batch_13_000025,data/raw/batch_13/000025.jpg,train,0,bag_wrapper,"0.216964,0.414503,0.058013,0.066346","586.4,1586.3,181.0,276.0","401,1448,953,2000",552x552,3120x4160,"0.499869,0.500602,0.327900,0.499999",0.00384893,0.1639494,42.6,tiny,medium,3
crop_batch_13_000025_027_bag_wrapper.jpg,batch_13_000025,data/raw/batch_13/000025.jpg,train,0,bag_wrapper,"0.230609,0.295599,0.017628,0.018990","692.0,1190.2,55.0,79.0","624,1134,816,1326",192x192,3120x4160,"0.497396,0.498395,0.286455,0.411450",0.00033476,0.11786191,352.1,tiny,medium,2
crop_batch_13_000026_000_can.jpg,batch_13_000026,data/raw/batch_13/000026.jpg,train,3,can,"0.372207,0.899989,0.119231,0.144712","975.3,3443.0,372.0,602.0","559,2956,1763,4160",1204x1204,3120x4160,"0.500237,0.654447,0.308971,0.500002",0.01725416,0.15448584,9.0,small,medium,1
crop_batch_13_000026_001_bottle_cap.jpg,batch_13_000026,data/raw/batch_13/000026.jpg,train,2,bottle_cap,"0.359455,0.247247,0.047115,0.023798","1048.0,979.0,147.0,99.0","975,882,1268,1176",293x294,3120x4160,"0.499999,0.498461,0.501702,0.336734",0.00112124,0.16894005,150.7,tiny,medium,1
crop_batch_13_000026_002_bottle.jpg,batch_13_000026,data/raw/batch_13/000026.jpg,train,1,bottle,"0.479983,0.069483,0.193269,0.137500","1196.0,3.0,603.0,572.0","895,0,2101,1206",1206x1206,3120x4160,"0.499624,0.239676,0.499999,0.474295",0.02657449,0.23714731,8.9,small,large,2
crop_batch_13_000031_001_bag_wrapper.jpg,batch_13_000031,data/raw/batch_13/000031.jpg,train,0,bag_wrapper,"0.268750,0.299279,0.195192,0.087500","534.0,1063.0,609.0,364.0","230,636,1447,1854",1217x1218,3120x4160,"0.500000,0.500001,0.500410,0.298851",0.0170793,0.14954783,8.8,small,medium,2
crop_batch_13_000031_000_bag_wrapper.jpg,batch_13_000031,data/raw/batch_13/000031.jpg,train,0,bag_wrapper,"0.450000,0.333413,0.300641,0.152404","935.0,1070.0,938.0,634.0","466,449,2342,2325",1876x1876,3120x4160,"0.500000,0.499999,0.500000,0.337953",0.04581889,0.1689767,3.7,small,medium,2
crop_batch_13_000039_001_bottle_cap.jpg,batch_13_000039,data/raw/batch_13/000039.jpg,train,2,bottle_cap,"0.369872,0.443630,0.064103,0.022356","1054.0,1799.0,200.0,93.0","954,1645,1354,2046",400x401,3120x4160,"0.500002,0.500002,0.500003,0.231923",0.00143309,0.11596209,80.9,tiny,medium,1
crop_batch_13_000043_001_bottle_cap.jpg,batch_13_000043,data/raw/batch_13/000043.jpg,train,2,bottle_cap,"0.460897,0.205409,0.139103,0.094471","1221.0,658.0,434.0,393.0","1004,421,1872,1289",868x868,3120x4160,"0.499998,0.499426,0.500002,0.452764",0.0131412,0.22638283,17.2,small,large,1
crop_batch_13_000045_001_can.jpg,batch_13_000045,data/raw/batch_13/000045.jpg,train,3,can,"0.524679,0.764303,0.209615,0.205048","1310.0,2753.0,654.0,853.0","784,2327,2490,4033",1706x1706,3120x4160,"0.499999,0.499707,0.383352,0.500000",0.04298114,0.19167601,4.5,small,medium,1
crop_batch_13_000045_000_can.jpg,batch_13_000045,data/raw/batch_13/000045.jpg,train,3,can,"0.321474,0.339183,0.165385,0.225000","745.0,943.0,516.0,936.0","67,475,1939,2347",1872x1872,3120x4160,"0.499999,0.500001,0.275642,0.500000",0.03721163,0.13782083,3.7,small,medium,1
crop_batch_13_000053_000_carton.jpg,batch_13_000053,data/raw/batch_13/000053.jpg,train,4,carton,"0.564063,0.397917,0.032452,0.058013","2279.0,1151.0,135.0,181.0","2166,1061,2528,1423",362x362,4160x3120,"0.498625,0.498622,0.372929,0.500002",0.00188264,0.18646511,99.0,tiny,medium,1
crop_batch_13_000054_001_can.jpg,batch_13_000054,data/raw/batch_13/000054.jpg,train,3,can,"0.241346,0.560897,0.061538,0.052564","876.0,1668.0,256.0,164.0","748,1494,1260,2006",512x512,4160x3120,"0.499999,0.499997,0.499996,0.320312",0.00323468,0.16015474,49.5,tiny,medium,3
crop_batch_13_000054_004_can.jpg,batch_13_000054,data/raw/batch_13/000054.jpg,train,3,can,"0.318029,0.633173,0.062981,0.088782","1192.0,1837.0,262.0,277.0","1046,1698,1600,2252",554x554,4160x3120,"0.500001,0.500902,0.472926,0.500000",0.00559158,0.23646282,42.3,tiny,large,5
crop_batch_13_000056_002_cigarette.jpg,batch_13_000056,data/raw/batch_13/000056.jpg,train,5,cigarette,"0.249199,0.025841,0.034295,0.022837","724.0,60.0,107.0,95.0","671,0,885,214",214x214,3120x4160,"0.497668,0.502330,0.500002,0.443934",0.00078319,0.22196793,283.4,tiny,large,1
crop_batch_13_000056_000_cup.jpg,batch_13_000056,data/raw/batch_13/000056.jpg,train,6,cup,"0.574038,0.325601,0.172436,0.226683","1522.0,883.0,538.0,943.0","848,411,2734,2298",1886x1887,3120x4160,"0.499999,0.500000,0.285260,0.499736",0.03908831,0.1425546,3.6,small,medium,3
crop_batch_13_000056_001_straw.jpg,batch_13_000056,data/raw/batch_13/000056.jpg,train,7,straw,"0.571154,0.315625,0.041667,0.245673","1717.0,802.0,130.0,1022.0","760,291,2804,2335",2044x2044,3120x4160,"0.500000,0.500000,0.063601,0.500000",0.01023646,0.03180064,3.1,small,small,3
crop_batch_13_000056_003_carton.jpg,batch_13_000056,data/raw/batch_13/000056.jpg,train,4,carton,"0.114744,0.113101,0.161538,0.224760","106.0,3.0,504.0,935.0","0,0,1870,1870",1870x1870,3120x4160,"0.191445,0.251604,0.269518,0.500001",0.03630728,0.1347592,3.7,small,medium,5
crop_batch_13_000059_006_straw.jpg,batch_13_000059,data/prepared_run_002/images/train/batch_13_000059.jpg,train,7,straw,"0.568618,0.306052,0.274802,0.070437","1304.0,1092.0,831.0,284.0","888,403,2551,2065",1663x1662,3024x4032,"0.500001,0.500001,0.499700,0.170880",0.01935623,0.08538858,4.4,small,medium,3
crop_batch_13_000073_000_bottle_cap.jpg,batch_13_000073,data/raw/batch_13/000073.jpg,train,2,bottle_cap,"0.492548,0.443910,0.177885,0.240385","1679.0,1010.0,740.0,750.0","1299,635,2799,2135",1500x1500,4160x3120,"0.500000,0.499999,0.493334,0.500001",0.04276089,0.24666759,5.8,small,large,1
crop_batch_13_000083_002_cigarette.jpg,batch_13_000083,data/raw/batch_13/000083.jpg,train,5,cigarette,"0.895072,0.252885,0.045913,0.073718","3628.0,674.0,191.0,230.0","3493,559,3953,1019",460x460,4160x3120,"0.501086,0.500003,0.415213,0.500000",0.00338461,0.20760675,61.3,tiny,large,1
crop_batch_13_000084_005_bottle_cap.jpg,batch_13_000084,data/raw/batch_13/000084.jpg,train,2,bottle_cap,"0.650841,0.421474,0.102163,0.139103","2495.0,1098.0,425.0,434.0","2273,881,3141,1749",868x868,4160x3120,"0.500574,0.499999,0.489629,0.500002",0.01421118,0.24481533,17.2,small,large,3
crop_batch_13_000084_003_bottle_cap.jpg,batch_13_000084,data/raw/batch_13/000084.jpg,train,2,bottle_cap,"0.502524,0.402564,0.104567,0.131410","1873.0,1051.0,435.0,410.0","1656,821,2525,1691",869x870,4160x3120,"0.500000,0.500000,0.500574,0.471263",0.01374115,0.23590218,17.2,small,large,2
crop_batch_13_000087_000_cigarette.jpg,batch_13_000087,data/raw/batch_13/000087.jpg,train,5,cigarette,"0.698237,0.343510,0.067628,0.163942","2073.0,1088.0,211.0,682.0","1497,747,2860,2111",1363x1364,3120x4160,"0.500000,0.500001,0.154805,0.499999",0.01108707,0.07740241,7.0,small,medium,1
crop_batch_13_000087_001_cigarette.jpg,batch_13_000087,data/raw/batch_13/000087.jpg,train,5,cigarette,"0.469391,0.771875,0.188141,0.114904","1171.0,2972.0,587.0,478.0","878,2624,2051,3798",1173x1174,3120x4160,"0.500000,0.500000,0.500426,0.407156",0.02161815,0.20375131,9.4,small,large,1
crop_batch_13_000089_001_cigarette.jpg,batch_13_000089,data/raw/batch_13/000089.jpg,train,5,cigarette,"0.564103,0.722716,0.137179,0.077163","1546.0,2846.0,428.0,321.0","1332,2579,2188,3434",856x855,3120x4160,"0.500002,0.499998,0.499998,0.375436",0.01058514,0.18771751,17.7,small,medium,1
crop_batch_13_000089_000_cigarette.jpg,batch_13_000089,data/raw/batch_13/000089.jpg,train,5,cigarette,"0.397436,0.240144,0.118590,0.076923","1055.0,839.0,370.0,320.0","870,629,1610,1369",740x740,3120x4160,"0.500000,0.499999,0.500001,0.432432",0.0091223,0.21621647,23.7,tiny,large,1
crop_batch_13_000092_001_bottle_cap.jpg,batch_13_000092,data/raw/batch_13/000092.jpg,train,2,bottle_cap,"0.499199,0.120553,0.145833,0.063221","1330.0,370.0,455.0,263.0","1103,47,2012,956",909x909,3120x4160,"0.500001,0.500001,0.500549,0.289328",0.00921971,0.14482293,15.7,tiny,medium,1
crop_batch_13_000095_002_bottle_cap.jpg,batch_13_000095,data/raw/batch_13/000095.jpg,train,2,bottle_cap,"0.689904,0.125721,0.125962,0.052885","1956.0,413.0,393.0,220.0","1759,130,2546,916",787x786,3120x4160,"0.500001,0.499999,0.499367,0.279900",0.0066615,0.13977281,21.0,tiny,medium,1
crop_batch_14_000003_001_cigarette.jpg,batch_14_000003,data/raw/batch_14/000003.jpg,train,5,cigarette,"0.712260,0.462019,0.151923,0.210577","2647.0,1113.0,632.0,657.0","2306,784,3620,2098",1314x1314,4160x3120,"0.500001,0.500380,0.480974,0.500000",0.03199149,0.24048703,7.5,small,large,1
crop_batch_14_000006_001_bottle_cap.jpg,batch_14_000006,data/raw/batch_14/000006.jpg,train,2,bottle_cap,"0.239904,0.886538,0.241987,0.145192","371.0,3386.0,755.0,604.0","0,2650,1510,4160",1510x1510,3120x4160,"0.495696,0.687416,0.500000,0.399999",0.03513458,0.19999943,5.7,small,medium,1
crop_batch_14_000007_001_bottle_cap.jpg,batch_14_000007,data/raw/batch_14/000007.jpg,train,2,bottle_cap,"0.842548,0.522917,0.071635,0.181731","3356.0,1348.0,298.0,567.0","2938,1065,4072,2199",1134x1134,4160x3120,"0.500000,0.499560,0.262788,0.500001",0.0130183,0.13139417,10.1,small,medium,1
crop_batch_14_000013_001_bottle_cap.jpg,batch_14_000013,data/raw/batch_14/000013.jpg,train,2,bottle_cap,"0.158534,0.568590,0.093510,0.174359","465.0,1502.0,389.0,544.0","116,1230,1204,2318",1088x1088,4160x3120,"0.499542,0.500001,0.357538,0.500000",0.01630431,0.17876914,11.0,small,medium,1
crop_batch_14_000021_000_can.jpg,batch_14_000021,data/prepared_run_002/images/train/batch_14_000021.jpg,train,3,can,"0.446429,0.508681,0.115741,0.060020","1175.0,1930.0,350.0,242.0","1000,1701,1700,2401",700x700,3024x4032,"0.500002,0.500003,0.500001,0.345715",0.00694677,0.17285799,24.9,tiny,medium,1
crop_batch_14_000021_001_bottle.jpg,batch_14_000021,data/prepared_run_002/images/train/batch_14_000021.jpg,train,1,bottle,"0.567130,0.767609,0.186508,0.061508","1433.0,2971.0,564.0,248.0","1151,2531,2279,3659",1128x1128,3024x4032,"0.500001,0.500000,0.500000,0.219858",0.01147173,0.10992923,9.6,small,medium,1
crop_batch_14_000021_002_carton.jpg,batch_14_000021,data/prepared_run_002/images/train/batch_14_000021.jpg,train,4,carton,"0.574735,0.408482,0.097222,0.113095","1591.0,1419.0,294.0,456.0","1282,1191,2194,2103",912x912,3024x4032,"0.499999,0.499999,0.322368,0.499999",0.01099532,0.1611835,14.7,small,medium,2
crop_batch_14_000023_001_bottle_cap.jpg,batch_14_000023,data/raw/batch_14/000023.jpg,train,2,bottle_cap,"0.717788,0.776803,0.065705,0.045913","2137.0,3136.0,205.0,191.0","2034,3027,2444,3437",410x410,3120x4160,"0.501216,0.498782,0.499999,0.465849",0.00301671,0.23292403,77.2,tiny,large,1
crop_batch_14_000026_000_bag_wrapper.jpg,batch_14_000026,data/prepared_run_002/images/train/batch_14_000026.jpg,train,0,bag_wrapper,"0.583168,0.537326,0.186177,0.071181","1482.0,2023.0,563.0,287.0","1201,1603,2326,2729",1125x1126,3024x4032,"0.500000,0.500443,0.500444,0.254886",0.01325227,0.12755618,9.6,small,medium,1
crop_batch_14_000027_000_bag_wrapper.jpg,batch_14_000027,data/prepared_run_002/images/train/batch_14_000027.jpg,train,0,bag_wrapper,"0.332507,0.604663,0.250331,0.168155","627.0,2099.0,757.0,678.0","249,1681,1763,3195",1514x1514,3024x4032,"0.499671,0.500001,0.500001,0.447821",0.04209441,0.22391077,5.3,small,large,1
crop_batch_14_000032_000_cigarette.jpg,batch_14_000032,data/raw/batch_14/000032.jpg,train,5,cigarette,"0.644097,0.456680,0.020337,0.070767","2556.0,1274.0,82.0,214.0","2383,1167,2811,1595",428x428,4032x3024,"0.499998,0.500001,0.191586,0.499999",0.00143919,0.09579271,66.6,tiny,medium,1
crop_batch_14_000032_001_bag_wrapper.jpg,batch_14_000032,data/raw/batch_14/000032.jpg,train,0,bag_wrapper,"0.549479,0.825231,0.091518,0.169643","2031.0,2239.0,369.0,513.0","1702,1982,2728,3008",1026x1026,4032x3024,"0.500487,0.500486,0.359650,0.500000",0.01552539,0.17982499,11.6,small,medium,1
crop_batch_14_000033_000_cup.jpg,batch_14_000033,data/prepared_run_002/images/train/batch_14_000033.jpg,train,6,cup,"0.511905,0.661706,0.071429,0.049603","1440.0,2568.0,216.0,200.0","1332,2452,1764,2884",432x432,3024x4032,"0.500002,0.499997,0.500003,0.462961",0.00354309,0.23148206,65.3,tiny,large,1
crop_batch_14_000034_000_bag_wrapper.jpg,batch_14_000034,data/prepared_run_002/images/train/batch_14_000034.jpg,train,0,bag_wrapper,"0.493221,0.502728,0.119378,0.130952","1311.0,1763.0,361.0,528.0","964,1499,2019,2555",1055x1056,3024x4032,"0.500000,0.499999,0.342179,0.499999",0.01563279,0.17108911,10.9,small,medium,1
crop_batch_14_000036_000_can.jpg,batch_14_000036,data/prepared_run_002/images/train/batch_14_000036.jpg,train,3,can,"0.409722,0.457713,0.280423,0.167411","815.0,1508.0,848.0,675.0","391,997,2087,2693",1696x1696,3024x4032,"0.500000,0.500294,0.499999,0.397996",0.04694589,0.19899778,4.2,small,medium,1
crop_batch_14_000037_001_bottle_cap.jpg,batch_14_000037,data/prepared_run_002/images/train/batch_14_000037.jpg,train,2,bottle_cap,"0.369874,0.667039,0.086310,0.052827","988.0,2583.0,261.0,213.0","857,2428,1380,2951",523x523,3024x4032,"0.499998,0.500002,0.499047,0.407263",0.0045595,0.20324319,44.6,tiny,large,1
crop_batch_14_000041_000_straw.jpg,batch_14_000041,data/prepared_run_002/images/train/batch_14_000041.jpg,train,7,straw,"0.386243,0.565848,0.137566,0.305804","960.0,1665.0,416.0,1233.0","0,1048,2466,3515",2466x2467,3024x4032,"0.473641,0.500000,0.168694,0.499798",0.04206823,0.08431296,2.0,small,medium,1
crop_batch_14_000042_001_bottle_cap.jpg,batch_14_000042,data/prepared_run_002/images/train/batch_14_000042.jpg,train,2,bottle_cap,"0.502480,0.671627,0.065146,0.050595","1421.0,2606.0,197.0,204.0","1316,2504,1723,2912",407x408,3024x4032,"0.499999,0.500000,0.484033,0.499998",0.00329606,0.24201545,73.4,tiny,large,1
crop_batch_14_000042_000_bottle.jpg,batch_14_000042,data/prepared_run_002/images/train/batch_14_000042.jpg,train,1,bottle,"0.381614,0.549479,0.237434,0.210565","795.0,1791.0,718.0,849.0","305,1367,2003,3064",1698x1697,3024x4032,"0.500000,0.500000,0.422851,0.500294",0.04999529,0.21154944,4.2,small,large,2
crop_batch_14_000043_000_bottle_cap.jpg,batch_14_000043,data/raw/batch_14/000043.jpg,train,2,bottle_cap,"0.611607,0.610284,0.074901,0.098876","2315.0,1696.0,302.0,299.0","2164,1543,2768,2147",604x604,4032x3024,"0.499999,0.500826,0.500001,0.495035",0.00740591,0.24751809,33.4,tiny,large,1
crop_batch_14_000044_000_bottle_cap.jpg,batch_14_000044,data/prepared_run_002/images/train/batch_14_000044.jpg,train,2,bottle_cap,"0.436508,0.544147,0.137566,0.105159","1112.0,1982.0,416.0,424.0","896,1770,1744,2618",848x848,3024x4032,"0.500000,0.500001,0.490566,0.500001",0.0144663,0.2452834,17.0,small,large,1
crop_batch_14_000045_001_cigarette.jpg,batch_14_000045,data/prepared_run_002/images/train/batch_14_000045.jpg,train,5,cigarette,"0.264716,0.698909,0.091601,0.081845","662.0,2653.0,277.0,330.0","471,2488,1131,3148",660x660,3024x4032,"0.499244,0.500002,0.419699,0.499999",0.00749708,0.20984895,28.0,tiny,large,1
crop_batch_14_000045_000_cigarette.jpg,batch_14_000045,data/prepared_run_002/images/train/batch_14_000045.jpg,train,5,cigarette,"0.427083,0.612723,0.080357,0.081597","1170.0,2306.0,243.0,329.0","962,2142,1620,2799",658x657,3024x4032,"0.500758,0.499999,0.369300,0.500760",0.00655689,0.18493067,28.2,tiny,medium,1
crop_batch_14_000047_002_cigarette.jpg,batch_14_000047,data/prepared_run_002/images/train/batch_14_000047.jpg,train,5,cigarette,"0.560018,0.429246,0.028770,0.016369","1650.0,1697.7,87.0,66.0","1597,1635,1789,1827",192x192,3024x4032,"0.502575,0.498541,0.453127,0.343749",0.00047094,0.15576212,330.7,tiny,medium,1
crop_batch_14_000047_001_can.jpg,batch_14_000047,data/prepared_run_002/images/train/batch_14_000047.jpg,train,3,can,"0.489401,0.581035,0.163811,0.135417","1232.3,2069.7,495.4,546.0","934,1797,2026,2889",1092x1092,3024x4032,"0.499953,0.499756,0.453630,0.500001",0.02218279,0.22681579,10.2,small,large,2
crop_batch_14_000047_000_can.jpg,batch_14_000047,data/prepared_run_002/images/train/batch_14_000047.jpg,train,3,can,"0.610038,0.575577,0.164021,0.199901","1596.8,1917.7,496.0,806.0","1039,1515,2651,3127",1612x1612,3024x4032,"0.499848,0.499830,0.307692,0.500001",0.03278796,0.15384616,4.7,small,medium,3
crop_batch_14_000051_000_bottle_cap.jpg,batch_14_000051,data/raw/batch_14/000051.jpg,train,2,bottle_cap,"0.635541,0.585317,0.114335,0.107804","2332.0,1607.0,461.0,326.0","2102,1309,3024,2231",922x922,4032x3024,"0.499459,0.499998,0.499999,0.353578",0.01232577,0.17678872,14.3,small,medium,1
crop_batch_14_000059_000_carton.jpg,batch_14_000059,data/prepared_run_002/images/train/batch_14_000059.jpg,train,4,carton,"0.458995,0.469618,0.145503,0.135665","1168.0,1620.0,440.0,547.0","841,1346,1935,2441",1094x1095,3024x4032,"0.500001,0.500000,0.402195,0.499545",0.01973966,0.2009142,10.2,small,large,1
crop_batch_14_000062_001_carton.jpg,batch_14_000062,data/prepared_run_002/images/train/batch_14_000062.jpg,train,4,carton,"0.402447,0.435020,0.251984,0.090278","836.0,1572.0,762.0,364.0","455,992,1979,2516",1524x1524,3024x4032,"0.500000,0.500000,0.500000,0.238846",0.02274861,0.11942281,5.2,small,medium,2
crop_batch_14_000067_001_bag_wrapper.jpg,batch_14_000067,data/prepared_run_002/images/train/batch_14_000067.jpg,train,0,bag_wrapper,"0.447421,0.249628,0.065476,0.074157","1254.0,857.0,198.0,299.0","1054,707,1652,1306",598x599,3024x4032,"0.500002,0.500000,0.331103,0.499167",0.0048555,0.16527554,34.0,tiny,medium,2
crop_batch_14_000067_000_bag_wrapper.jpg,batch_14_000067,data/prepared_run_002/images/train/batch_14_000067.jpg,train,0,bag_wrapper,"0.473710,0.583209,0.186177,0.222966","1151.0,1902.0,563.0,899.0","534,1452,2331,3250",1797x1798,3024x4032,"0.499999,0.500277,0.313300,0.499999",0.04151114,0.15664957,3.8,small,medium,1
crop_batch_14_000068_000_bag_wrapper.jpg,batch_14_000068,data/prepared_run_002/images/train/batch_14_000068.jpg,train,0,bag_wrapper,"0.453125,0.572656,0.256250,0.137500","982.8,2031.7,774.9,554.4","595,1534,2145,3084",1550x1550,3024x4032,"0.500161,0.499967,0.499935,0.357677",0.03523437,0.17881563,5.1,small,medium,1
crop_batch_14_000077_001_bottle_cap.jpg,batch_14_000077,data/prepared_run_002/images/train/batch_14_000077.jpg,train,2,bottle_cap,"0.365245,0.737227,0.075066,0.071429","991.0,2828.5,227.0,288.0","816,2684,1393,3261",577x577,3024x4032,"0.500002,0.499999,0.393413,0.499136",0.00536189,0.19636701,36.6,tiny,medium,1
crop_batch_14_000079_001_can.jpg,batch_14_000079,data/prepared_run_002/images/train/batch_14_000079.jpg,train,3,can,"0.691468,0.699901,0.160714,0.144345","1848.0,2531.0,486.0,582.0","1509,2240,2673,3404",1164x1164,3024x4032,"0.499999,0.500001,0.417525,0.499999",0.02319826,0.20876217,9.0,small,large,2
crop_batch_14_000079_002_can.jpg,batch_14_000079,data/prepared_run_002/images/train/batch_14_000079.jpg,train,3,can,"0.449239,0.447173,0.188161,0.175595","1074.0,1449.0,569.0,708.0","650,1095,2066,2511",1416x1416,3024x4032,"0.500352,0.500001,0.401835,0.499999",0.03304013,0.20091741,6.1,small,large,2
crop_batch_14_000081_003_can.jpg,batch_14_000081,data/prepared_run_002/images/train/batch_14_000081.jpg,train,3,can,"0.169974,0.553199,0.132937,0.117808","313.0,1993.0,402.0,475.0","39,1755,989,2706",950x951,3024x4032,"0.500001,0.499998,0.423159,0.499476",0.01566104,0.21135808,13.5,small,large,1
crop_batch_14_000081_002_bottle.jpg,batch_14_000081,data/prepared_run_002/images/train/batch_14_000081.jpg,train,1,bottle,"0.917659,0.755580,0.164021,0.120784","2527.0,2803.0,496.0,487.0","2032,2550,3024,3542",992x992,3024x4032,"0.748993,0.500503,0.499999,0.490929",0.01981111,0.24546401,12.4,small,large,2
crop_batch_14_000083_000_bag_wrapper.jpg,batch_14_000083,data/prepared_run_002/images/train/batch_14_000083.jpg,train,0,bag_wrapper,"0.742560,0.613963,0.072421,0.093006","2136.0,2288.0,219.0,375.0","1871,2100,2621,2850",750x750,3024x4032,"0.499335,0.500665,0.292001,0.500000",0.00673559,0.14600081,21.7,tiny,medium,1
crop_batch_14_000084_000_bag_wrapper.jpg,batch_14_000084,data/prepared_run_002/images/train/batch_14_000084.jpg,train,0,bag_wrapper,"0.521329,0.565476,0.166997,0.081845","1324.0,2115.0,505.0,330.0","1071,1775,2081,2785",1010x1010,3024x4032,"0.500494,0.499999,0.499999,0.326732",0.01366787,0.16336551,12.0,small,medium,1
crop_batch_14_000085_000_bag_wrapper.jpg,batch_14_000085,data/prepared_run_002/images/train/batch_14_000085.jpg,train,0,bag_wrapper,"0.458499,0.759425,0.065807,0.055060","1287.0,2951.0,199.0,222.0","1164,2840,1609,3284",445x444,3024x4032,"0.500002,0.500004,0.447192,0.500004",0.00362333,0.22359785,61.7,tiny,large,1
crop_batch_14_000087_000_bag_wrapper.jpg,batch_14_000087,data/prepared_run_002/images/train/batch_14_000087.jpg,train,0,bag_wrapper,"0.501488,0.539559,0.168320,0.143601","1262.0,1886.0,509.0,579.0","938,1597,2095,2755",1157x1158,3024x4032,"0.500000,0.499570,0.439931,0.499999",0.02417092,0.219965,9.1,small,large,1
crop_batch_14_000087_001_straw.jpg,batch_14_000087,data/prepared_run_002/images/train/batch_14_000087.jpg,train,7,straw,"0.106481,0.631448,0.210979,0.100694","3.0,2343.0,638.0,406.0","0,1908,1276,3184",1276x1276,3024x4032,"0.252350,0.499999,0.500000,0.318180",0.02124432,0.15909033,7.5,small,medium,1
crop_batch_14_000089_000_bag_wrapper.jpg,batch_14_000089,data/prepared_run_002/images/train/batch_14_000089.jpg,train,0,bag_wrapper,"0.533565,0.763393,0.149802,0.160218","1387.0,2755.0,453.0,646.0","968,2432,2259,3724",1291x1292,3024x4032,"0.500000,0.500000,0.350892,0.499999",0.02400098,0.1754456,7.3,small,medium,1
crop_batch_14_000090_000_bag_wrapper.jpg,batch_14_000090,data/prepared_run_002/images/train/batch_14_000090.jpg,train,0,bag_wrapper,"0.377811,0.520213,0.045966,0.080605","1073.0,1935.0,139.0,325.0","818,1772,1467,2422",649x650,3024x4032,"0.500001,0.500767,0.214177,0.499999",0.00370509,0.10708853,28.9,tiny,medium,1
crop_batch_14_000092_000_carton.jpg,batch_14_000092,data/prepared_run_002/images/train/batch_14_000092.jpg,train,4,carton,"0.462798,0.525670,0.209987,0.104911","1082.0,1908.0,635.0,423.0","765,1485,2035,2755",1270x1270,3024x4032,"0.499607,0.499607,0.500001,0.333072",0.02202995,0.16653607,7.6,small,medium,1
crop_batch_14_000094_001_bottle_cap.jpg,batch_14_000094,data/prepared_run_002/images/train/batch_14_000094.jpg,train,2,bottle_cap,"0.553241,0.587178,0.028439,0.019097","1630.0,2329.0,86.0,77.0","1577,2272,1769,2464",192x192,3024x4032,"0.500004,0.497405,0.447914,0.401037",0.0005431,0.17963019,330.7,tiny,medium,1
crop_batch_14_000094_002_can.jpg,batch_14_000094,data/prepared_run_002/images/train/batch_14_000094.jpg,train,3,can,"0.424438,0.650298,0.055225,0.051587","1200.0,2518.0,167.0,208.0","1076,2414,1491,2830",415x416,3024x4032,"0.500001,0.500004,0.402411,0.499997",0.00284889,0.20120412,70.6,tiny,large,1
crop_batch_14_000094_000_bottle.jpg,batch_14_000094,data/prepared_run_002/images/train/batch_14_000094.jpg,train,1,bottle,"0.599537,0.543155,0.120370,0.108135","1631.0,1972.0,364.0,436.0","1377,1754,2249,2626",872x872,3024x4032,"0.500000,0.500001,0.417430,0.500000",0.01301621,0.20871511,16.0,small,large,2
crop_batch_14_000096_000_bottle.jpg,batch_14_000096,data/prepared_run_002/images/train/batch_14_000096.jpg,train,1,bottle,"0.458664,0.833457,0.299603,0.145585","934.0,3067.0,906.0,587.0","481,2220,2293,4032",1812x1812,3024x4032,"0.500000,0.629414,0.500000,0.323951",0.0436177,0.16197527,3.7,small,medium,1
crop_batch_14_000098_000_cup.jpg,batch_14_000098,data/prepared_run_002/images/train/batch_14_000098.jpg,train,6,cup,"0.503472,0.525794,0.075728,0.042659","1408.0,2034.0,229.0,172.0","1293,1891,1752,2349",459x458,3024x4032,"0.499999,0.500003,0.498914,0.375548",0.00323048,0.18736622,58.0,tiny,medium,1
crop_batch_15_000003_000_bottle.jpg,batch_15_000003,data/prepared_run_002/images/train/batch_15_000003.jpg,train,1,bottle,"0.449901,0.614831,0.100860,0.128472","1208.0,2220.0,305.0,518.0","843,1961,1878,2997",1035x1036,3024x4032,"0.500001,0.499999,0.294687,0.499999",0.01295769,0.14734305,11.4,small,medium,1
crop_batch_15_000004_000_bottle.jpg,batch_15_000004,data/prepared_run_002/images/train/batch_15_000004.jpg,train,1,bottle,"0.565476,0.517113,0.181878,0.079861","1435.0,1924.0,550.0,322.0","1160,1535,2260,2635",1100x1100,3024x4032,"0.499999,0.500000,0.499999,0.292727",0.01452496,0.14636319,10.1,small,medium,1
crop_batch_15_000005_000_bag_wrapper.jpg,batch_15_000005,data/prepared_run_002/images/train/batch_15_000005.jpg,train,0,bag_wrapper,"0.441468,0.653274,0.257275,0.134673","946.0,2362.5,778.0,543.0","557,1856,2113,3412",1556x1556,3024x4032,"0.500000,0.500000,0.500000,0.348973",0.034648,0.17448627,5.0,small,medium,1
crop_batch_15_000006_000_cup.jpg,batch_15_000006,data/prepared_run_002/images/train/batch_15_000006.jpg,train,6,cup,"0.434524,0.418031,0.080688,0.061756","1192.0,1561.0,244.0,249.0","1065,1437,1563,1935",498x498,3024x4032,"0.500001,0.498998,0.489961,0.500000",0.00498297,0.24498062,49.2,tiny,large,1
crop_batch_15_000007_000_carton.jpg,batch_15_000007,data/prepared_run_002/images/train/batch_15_000007.jpg,train,4,carton,"0.736442,0.411458,0.105159,0.074901","2068.0,1508.0,318.0,302.0","1909,1341,2545,1977",636x636,3024x4032,"0.500001,0.499998,0.500001,0.474844",0.00787651,0.23742265,30.1,tiny,large,1
crop_batch_15_000007_001_bag_wrapper.jpg,batch_15_000007,data/prepared_run_002/images/train/batch_15_000007.jpg,train,0,bag_wrapper,"0.795635,0.846974,0.113095,0.092262","2235.0,3229.0,342.0,372.0","2034,3043,2778,3787",744x744,3024x4032,"0.500000,0.499999,0.459676,0.500001",0.01043437,0.22983846,22.0,small,large,1
crop_batch_15_000009_000_carton.jpg,batch_15_000009,data/prepared_run_002/images/train/batch_15_000009.jpg,train,4,carton,"0.421627,0.624132,0.110450,0.097966","1108.0,2319.0,334.0,395.0","880,2122,1670,2911",790x789,3024x4032,"0.500000,0.500000,0.422786,0.500632",0.01082034,0.21166025,19.6,small,large,1
crop_batch_15_000011_000_bag_wrapper.jpg,batch_15_000011,data/prepared_run_002/images/train/batch_15_000011.jpg,train,0,bag_wrapper,"0.519841,0.578621,0.083995,0.127480","1445.0,2076.0,254.0,514.0","1058,1819,2086,2847",1028x1028,3024x4032,"0.499999,0.500000,0.247083,0.499999",0.01070768,0.12354113,11.5,small,medium,1
crop_batch_15_000011_001_cigarette.jpg,batch_15_000011,data/prepared_run_002/images/train/batch_15_000011.jpg,train,5,cigarette,"0.891534,0.177083,0.027778,0.008433","2654.0,697.0,84.0,34.0","2600,618,2792,810",192x192,3024x4032,"0.499994,0.499993,0.437504,0.177093",0.00023425,0.07747881,330.8,tiny,medium,1
crop_batch_15_000012_000_bag_wrapper.jpg,batch_15_000012,data/prepared_run_002/images/train/batch_15_000012.jpg,train,0,bag_wrapper,"0.336144,0.482143,0.048611,0.044147","943.0,1855.0,147.0,178.0","838,1766,1195,2122",357x356,3024x4032,"0.499998,0.500002,0.411764,0.500002",0.00214603,0.2058827,95.9,tiny,large,1
crop_batch_15_000016_000_cigarette.jpg,batch_15_000016,data/prepared_run_002/images/train/batch_15_000016.jpg,train,5,cigarette,"0.095792,0.317708,0.029003,0.034926","199.0,980.0,71.0,114.0","121,923,348,1151",227x228,2448x3264,"0.499995,0.499995,0.312772,0.499993",0.00101296,0.15638411,154.4,tiny,medium,1
crop_batch_15_000017_002_straw.jpg,batch_15_000017,data/prepared_run_002/images/train/batch_15_000017.jpg,train,7,straw,"0.233660,0.580116,0.091503,0.098346","460.0,1733.0,224.0,321.0","251,1572,893,2214",642x642,2448x3264,"0.500000,0.500777,0.348909,0.500002",0.00899895,0.17445505,19.4,tiny,medium,1
crop_batch_15_000017_003_cigarette.jpg,batch_15_000017,data/prepared_run_002/images/train/batch_15_000017.jpg,train,5,cigarette,"0.188317,0.212163,0.022876,0.008885","433.0,678.0,56.0,29.0","365,597,557,789",192x192,2448x3264,"0.500000,0.497396,0.291669,0.151045",0.00020325,0.04405514,216.7,tiny,small,1
crop_batch_15_000017_001_bottle_cap.jpg,batch_15_000017,data/prepared_run_002/images/train/batch_15_000017.jpg,train,2,bottle_cap,"0.543096,0.690411,0.041258,0.013174","1279.0,2232.0,101.0,43.0","1228,2153,1430,2355",202x202,2448x3264,"0.502470,0.497532,0.499998,0.212871",0.00054353,0.10643505,195.8,tiny,medium,1
crop_batch_15_000017_000_bottle.jpg,batch_15_000017,data/prepared_run_002/images/train/batch_15_000017.jpg,train,1,bottle,"0.540237,0.591912,0.095180,0.209559","1206.0,1590.0,233.0,684.0","638,1248,2007,2616",1369x1368,2448x3264,"0.500000,0.500001,0.170198,0.500000",0.01994583,0.08509892,4.3,small,medium,2
crop_batch_15_000018_000_bottle.jpg,batch_15_000018,data/raw/batch_15/000018.jpg,train,1,bottle,"0.523112,0.525146,0.296224,0.076660","576.0,997.0,455.0,157.0","348,620,1259,1530",911x910,1536x2048,"0.500000,0.500548,0.499451,0.172527",0.02270853,0.08616888,3.8,small,medium,1
crop_batch_15_000019_003_cup.jpg,batch_15_000019,data/raw/batch_15/000019.jpg,train,6,cup,"0.388672,0.455078,0.039062,0.045573","756.0,664.0,80.0,70.0","700,603,892,795",192x192,2048x1536,"0.500001,0.499999,0.416661,0.364584",0.00178017,0.15190806,85.3,tiny,medium,2
crop_batch_15_000019_000_cup.jpg,batch_15_000019,data/raw/batch_15/000019.jpg,train,6,cup,"0.558350,0.219401,0.031738,0.026042","1111.0,317.0,65.0,40.0","1048,241,1240,433",192x192,2048x1536,"0.497400,0.500000,0.338539,0.208336",0.00082652,0.07052979,85.3,tiny,medium,1
crop_batch_15_000019_002_bottle.jpg,batch_15_000019,data/raw/batch_15/000019.jpg,train,1,bottle,"0.412109,0.454753,0.044922,0.047526","798.0,662.0,92.0,73.0","748,603,940,795",192x192,2048x1536,"0.499996,0.497399,0.479168,0.380208",0.00213496,0.18218351,85.3,tiny,medium,2
crop_batch_15_000019_004_bottle.jpg,batch_15_000019,data/raw/batch_15/000019.jpg,train,1,bottle,"0.950195,0.618815,0.098633,0.076172","1845.0,892.0,202.0,117.0","1644,748,2048,1153",404x405,2048x1536,"0.747523,0.500000,0.500001,0.288889",0.00751307,0.14444496,19.2,tiny,medium,1
crop_batch_15_000024_003_cigarette.jpg,batch_15_000024,data/raw/batch_15/000024.jpg,train,5,cigarette,"0.785807,0.968750,0.015625,0.008789","1195.0,1975.0,24.0,18.0","1111,1856,1303,2048",192x192,1536x2048,"0.499998,0.666667,0.125000,0.093749",0.00013733,0.01171867,85.3,tiny,small,1
crop_batch_15_000024_002_cigarette.jpg,batch_15_000024,data/raw/batch_15/000024.jpg,train,5,cigarette,"0.017578,0.691162,0.026042,0.012207","7.0,1403.0,40.0,25.0","0,1319,192,1511",192x192,1536x2048,"0.140624,0.502603,0.208336,0.130208",0.00031789,0.02712701,85.3,tiny,small,1
crop_batch_15_000028_001_bottle_cap.jpg,batch_15_000028,data/raw/batch_15/000028.jpg,train,2,bottle_cap,"0.536784,0.960938,0.041016,0.026367","793.0,1941.0,63.0,54.0","729,1856,921,2048",192x192,1536x2048,"0.497397,0.583339,0.328128,0.281248",0.00108147,0.09228534,85.3,tiny,medium,1
crop_batch_15_000028_000_straw.jpg,batch_15_000028,data/raw/batch_15/000028.jpg,train,7,straw,"0.690755,0.827881,0.311198,0.088379","822.0,1605.0,478.0,181.0","580,1092,1536,2048",956x956,1536x2048,"0.503138,0.631276,0.500000,0.189331",0.02750337,0.0946654,3.4,small,medium,4
crop_batch_15_000028_003_bag_wrapper.jpg,batch_15_000028,data/raw/batch_15/000028.jpg,train,0,bag_wrapper,"0.498047,0.394043,0.061198,0.042969","718.0,763.0,94.0,88.0","669,711,861,903",192x192,1536x2048,"0.500001,0.500000,0.489584,0.458336",0.00262962,0.22439397,85.3,tiny,large,1
crop_batch_15_000028_004_cigarette.jpg,batch_15_000028,data/raw/batch_15/000028.jpg,train,5,cigarette,"0.200846,0.418213,0.059245,0.040527","263.0,815.0,91.0,83.0","212,761,404,953",192x192,1536x2048,"0.502601,0.497397,0.473960,0.432288",0.00240102,0.20488722,85.3,tiny,large,1
crop_batch_15_000029_001_bottle_cap.jpg,batch_15_000029,data/raw/batch_15/000029.jpg,train,2,bottle_cap,"0.087240,0.342529,0.066406,0.050293","83.0,650.0,102.0,103.0","31,598,237,804",206x206,1536x2048,"0.500003,0.502424,0.495144,0.500000",0.00333976,0.24757204,74.1,tiny,large,2
crop_batch_15_000029_006_straw.jpg,batch_15_000029,data/raw/batch_15/000029.jpg,train,7,straw,"0.735026,0.528320,0.222656,0.129883","958.0,949.0,342.0,266.0","787,740,1471,1424",684x684,1536x2048,"0.500000,0.499999,0.499999,0.388889",0.02891923,0.19444451,6.7,small,medium,8
crop_batch_15_000029_011_straw.jpg,batch_15_000029,data/raw/batch_15/000029.jpg,train,7,straw,"0.789388,0.983154,0.007161,0.028809","1207.0,1984.0,11.0,59.0","1116,1856,1308,2048",192x192,1536x2048,"0.502604,0.820309,0.057288,0.307296",0.0002063,0.01760437,85.3,tiny,small,2
crop_batch_15_000029_009_bag_wrapper.jpg,batch_15_000029,data/raw/batch_15/000029.jpg,train,0,bag_wrapper,"0.694336,0.470947,0.034505,0.040527","1040.0,923.0,53.0,83.0","971,868,1163,1060",192x192,1536x2048,"0.497396,0.502601,0.276040,0.432288",0.00139838,0.11932878,85.3,tiny,medium,2
crop_batch_15_000030_001_can.jpg,batch_15_000030,data/raw/batch_15/000030.jpg,train,3,can,"0.524740,0.461670,0.152344,0.135254","689.0,807.0,234.0,277.0","529,668,1083,1223",554x555,1536x2048,"0.500001,0.500000,0.422383,0.499099",0.02060514,0.2108113,10.2,small,large,1
crop_batch_15_000030_000_cigarette.jpg,batch_15_000030,data/raw/batch_15/000030.jpg,train,5,cigarette,"0.064779,0.167480,0.054036,0.028320","58.0,314.0,83.0,58.0","4,247,196,439",192x192,1536x2048,"0.497399,0.499995,0.432288,0.302080",0.0015303,0.13058556,85.3,tiny,medium,1
crop_batch_15_000032_002_bag_wrapper.jpg,batch_15_000032,data/raw/batch_15/000032.jpg,train,0,bag_wrapper,"0.488579,0.763873,0.019841,0.104497","1930.0,2152.0,80.0,316.0","1654,1994,2286,2626",632x632,4032x3024,"0.499922,0.499924,0.126581,0.499998",0.00207332,0.06329006,30.5,tiny,medium,1
crop_batch_15_000032_000_cup.jpg,batch_15_000032,data/raw/batch_15/000032.jpg,train,6,cup,"0.534138,0.627236,0.113343,0.203042","1925.1,1589.8,457.0,614.0","1540,1283,2768,2511",1228x1228,4032x3024,"0.499710,0.499806,0.372149,0.499999",0.02301339,0.1860742,8.1,small,medium,3
crop_batch_15_000032_001_cup.jpg,batch_15_000032,data/raw/batch_15/000032.jpg,train,6,cup,"0.537982,0.475033,0.131944,0.149140","1903.1,1211.0,532.0,451.0","1637,905,2701,1968",1064x1063,4032x3024,"0.500135,0.500000,0.499998,0.424270",0.01967813,0.21213445,10.8,small,large,2
crop_batch_15_000035_000_can.jpg,batch_15_000035,data/raw/batch_15/000035.jpg,train,3,can,"0.537533,0.588542,0.196098,0.157738","1329.0,2055.0,593.0,636.0","990,1737,2261,3009",1271x1272,3024x4032,"0.500000,0.500001,0.466562,0.500000",0.03093211,0.23328088,7.5,small,large,1
crop_batch_15_000036_000_cup.jpg,batch_15_000036,data/raw/batch_15/000036.jpg,train,6,cup,"0.460152,0.586186,0.186177,0.230903","1110.0,1898.0,563.0,931.0","460,1433,2323,3295",1863x1862,3024x4032,"0.500000,0.499733,0.302200,0.500000",0.04298883,0.15110032,3.5,small,medium,1
crop_batch_15_000037_000_cup.jpg,batch_15_000037,data/raw/batch_15/000037.jpg,train,6,cup,"0.417659,0.535962,0.098545,0.071925","1114.0,2016.0,298.0,290.0","965,1863,1561,2459",596x596,3024x4032,"0.500001,0.499998,0.500000,0.486580",0.00708785,0.24329,34.3,tiny,large,1
crop_batch_15_000038_000_bottle_cap.jpg,batch_15_000038,data/raw/batch_15/000038.jpg,train,2,bottle_cap,"0.378968,0.408854,0.031746,0.022073","1098.0,1604.0,96.0,89.0","1050,1552,1242,1744",192x192,3024x4032,"0.499996,0.502601,0.500000,0.463533",0.00070073,0.23176627,330.8,tiny,large,1
crop_batch_15_000041_000_cigarette.jpg,batch_15_000041,data/raw/batch_15/000041.jpg,train,5,cigarette,"0.605363,0.831709,0.020503,0.014633","1799.6,3324.0,62.0,59.0","1735,3257,1927,3449",192x192,3024x4032,"0.498009,0.502347,0.322922,0.307293",0.00030002,0.09923175,330.7,tiny,medium,1
crop_batch_15_000042_000_cup.jpg,batch_15_000042,data/raw/batch_15/000042.jpg,train,6,cup,"0.558532,0.590154,0.103175,0.082589","1533.0,2213.0,312.0,333.0","1356,2047,2022,2712",666x665,3024x4032,"0.500001,0.500001,0.468470,0.500750",0.00852112,0.23458656,27.5,tiny,large,1
crop_batch_15_000044_000_bottle_cap.jpg,batch_15_000044,data/raw/batch_15/000044.jpg,train,2,bottle_cap,"0.436198,0.581566,0.097656,0.077148","595.0,1112.0,150.0,158.0","512,1033,828,1349",316x316,1536x2048,"0.500000,0.500149,0.474682,0.499997",0.00753397,0.23733982,31.5,tiny,large,1
crop_batch_15_000047_001_bottle_cap.jpg,batch_15_000047,data/raw/batch_15/000047.jpg,train,2,bottle_cap,"0.576224,0.700645,0.096892,0.076885","1596.0,2670.0,293.0,310.0","1433,2515,2053,3135",620x620,3024x4032,"0.499196,0.500001,0.472583,0.500001",0.00744954,0.2362917,31.7,tiny,large,1
crop_batch_15_000049_001_bottle_cap.jpg,batch_15_000049,data/raw/batch_15/000049.jpg,train,2,bottle_cap,"0.580192,0.729911,0.097553,0.037698","1607.0,2867.0,295.0,152.0","1460,2648,2050,3238",590x590,3024x4032,"0.499154,0.500002,0.500000,0.257624",0.00367755,0.12881227,35.0,tiny,medium,1
crop_batch_15_000049_002_straw.jpg,batch_15_000049,data/raw/batch_15/000049.jpg,train,7,straw,"0.624008,0.971354,0.156085,0.017113","1651.0,3882.0,472.0,69.0","1415,3088,2359,4032",944x944,3024x4032,"0.500000,0.877648,0.500001,0.073093",0.00267108,0.03654649,13.7,tiny,small,2
crop_batch_15_000049_003_straw.jpg,batch_15_000049,data/raw/batch_15/000049.jpg,train,7,straw,"0.568783,0.865079,0.167989,0.195933","1466.0,3093.0,508.0,790.0","930,2452,2510,4032",1580x1580,3024x4032,"0.500000,0.655695,0.321518,0.500001",0.03291459,0.16075947,4.9,small,medium,3
crop_batch_15_000052_004_bag_wrapper.jpg,batch_15_000052,data/raw/batch_15/000052.jpg,train,0,bag_wrapper,"0.180390,0.157366,0.022156,0.019593","512.0,595.0,67.0,79.0","449,538,641,730",192x192,3024x4032,"0.502601,0.502603,0.348957,0.411453",0.0004341,0.1435794,330.7,tiny,medium,1
crop_batch_15_000052_005_bag_wrapper.jpg,batch_15_000052,data/raw/batch_15/000052.jpg,train,0,bag_wrapper,"0.431713,0.910342,0.192791,0.101438","1014.0,3466.0,583.0,409.0","723,2866,1889,4032",1166x1166,3024x4032,"0.499571,0.689965,0.500000,0.350770",0.01955633,0.17538508,9.0,small,medium,2
crop_batch_15_000052_002_cigarette.jpg,batch_15_000052,data/raw/batch_15/000052.jpg,train,5,cigarette,"0.160880,0.992312,0.092923,0.014881","346.0,3971.0,281.0,60.0","206,3470,768,4032",562x562,3024x4032,"0.499112,0.944843,0.499998,0.106762",0.00138279,0.05338079,38.6,tiny,medium,2
crop_batch_15_000052_001_cigarette.jpg,batch_15_000052,data/raw/batch_15/000052.jpg,train,5,cigarette,"0.058697,0.979291,0.116071,0.031002","2.0,3886.0,351.0,125.0","0,3330,702,4032",702x702,3024x4032,"0.252849,0.881056,0.499998,0.178063",0.00359843,0.08903106,24.7,tiny,medium,2
crop_batch_15_000053_000_bottle_cap.jpg,batch_15_000053,data/raw/batch_15/000053.jpg,train,2,bottle_cap,"0.490410,0.334573,0.078042,0.033234","1365.0,1282.0,236.0,134.0","1247,1113,1719,1585",472x472,3024x4032,"0.500000,0.499996,0.499998,0.283897",0.00259365,0.14194801,54.7,tiny,medium,1
crop_batch_15_000054_000_bottle_cap.jpg,batch_15_000054,data/raw/batch_15/000054.jpg,train,2,bottle_cap,"0.521825,0.578249,0.138889,0.115327","1368.0,2099.0,420.0,465.0","1113,1867,2043,2796",930x929,3024x4032,"0.499999,0.500000,0.451613,0.500537",0.01601765,0.22604895,14.1,small,large,1
crop_batch_15_000058_000_carton.jpg,batch_15_000058,data/raw/batch_15/000058.jpg,train,4,carton,"0.564316,0.561146,0.163360,0.211199","1459.5,1836.8,494.0,851.6","855,1411,2558,3114",1703x1703,3024x4032,"0.499995,0.500024,0.290077,0.500032",0.03450147,0.14504762,4.2,small,medium,2
crop_batch_15_000058_001_bag_wrapper.jpg,batch_15_000058,data/raw/batch_15/000058.jpg,train,0,bag_wrapper,"0.607474,0.459067,0.067460,0.033978","1735.0,1782.5,204.0,137.0","1633,1647,2041,2055",408x408,3024x4032,"0.500003,0.499897,0.499998,0.335783",0.00229216,0.1678905,73.2,tiny,medium,1
crop_batch_15_000060_000_straw.jpg,batch_15_000060,data/raw/batch_15/000060.jpg,train,7,straw,"0.484049,0.602295,0.025391,0.437988","724.0,785.0,39.0,897.0","91,581,1396,1886",1305x1305,1536x2048,"0.499999,0.500000,0.029885,0.687356",0.01112095,0.02054197,1.8,small,small,1
crop_batch_15_000062_000_bottle.jpg,batch_15_000062,data/raw/batch_15/000062.jpg,train,1,bottle,"0.383789,0.109049,0.158203,0.060547","624.0,121.0,324.0,93.0","462,0,1110,648",648x648,2048x1536,"0.500000,0.258487,0.500000,0.143519",0.00957872,0.07175935,7.5,tiny,medium,1
crop_batch_15_000064_000_cigarette.jpg,batch_15_000064,data/raw/batch_15/000064.jpg,train,5,cigarette,"0.839162,0.251157,0.009673,0.026124","3364.0,720.0,39.0,79.0","3288,663,3480,855",192x192,4032x3024,"0.497402,0.502598,0.203133,0.411453",0.0002527,0.08357968,330.8,tiny,medium,1
crop_batch_15_000065_001_straw.jpg,batch_15_000065,data/raw/batch_15/000065.jpg,train,7,straw,"0.597842,0.512566,0.114831,0.020503","2179.0,1519.0,463.0,62.0","1948,1087,2873,2013",925x926,4032x3024,"0.499999,0.500000,0.500539,0.066956",0.00235438,0.03351399,14.2,tiny,small,2
crop_batch_15_000065_000_can.jpg,batch_15_000065,data/raw/batch_15/000065.jpg,train,3,can,"0.530258,0.581845,0.137401,0.234458","1861.0,1405.0,554.0,709.0","1429,1050,2847,2469",1418x1419,4032x3024,"0.500000,0.499999,0.390692,0.499648",0.03221476,0.19520846,6.1,small,medium,2
crop_batch_15_000067_000_bottle_cap.jpg,batch_15_000067,data/raw/batch_15/000067.jpg,train,2,bottle_cap,"0.509115,0.663842,0.101562,0.075684","704.0,1282.0,156.0,155.0","626,1204,938,1516",312x312,1536x2048,"0.500002,0.498553,0.499998,0.496798",0.00768662,0.24839755,32.3,tiny,large,1
crop_batch_15_000072_000_bottle.jpg,batch_15_000072,data/raw/batch_15/000072.jpg,train,1,bottle,"0.523112,0.528320,0.318359,0.125000","559.0,954.0,489.0,256.0","315,593,1292,1571",977x978,1536x2048,"0.500000,0.499999,0.500511,0.261759",0.03979488,0.13101315,3.3,small,medium,2
crop_batch_15_000072_001_bottle.jpg,batch_15_000072,data/raw/batch_15/000072.jpg,train,1,bottle,"0.205404,0.649170,0.216797,0.188965","149.0,1136.0,333.0,387.0","0,942,774,1717",774x775,1536x2048,"0.407623,0.500000,0.430233,0.499355",0.04096705,0.21483901,5.2,small,large,2
crop_batch_15_000074_001_bag_wrapper.jpg,batch_15_000074,data/raw/batch_15/000074.jpg,train,0,bag_wrapper,"0.650146,0.338542,0.136230,0.130208","1192.0,420.0,279.0,200.0","1052,241,1610,799",558x558,2048x1536,"0.500894,0.500001,0.499998,0.358422",0.01773824,0.17921039,10.1,small,medium,1
crop_batch_15_000074_000_bag_wrapper.jpg,batch_15_000074,data/raw/batch_15/000074.jpg,train,0,bag_wrapper,"0.522705,0.584961,0.125488,0.102214","942.0,820.0,257.0,157.0","814,642,1327,1155",513x513,2048x1536,"0.500000,0.500000,0.500974,0.306044",0.01282663,0.15332007,12.0,small,medium,1
crop_batch_15_000075_001_bag_wrapper.jpg,batch_15_000075,data/raw/batch_15/000075.jpg,train,0,bag_wrapper,"0.436719,0.738574,0.212240,0.199219","507.8,1308.6,326.0,408.0","263,1105,1079,1921",816x816,1536x2048,"0.499755,0.499509,0.399511,0.500001",0.04228224,0.19975554,4.7,small,medium,1
crop_batch_15_000076_002_cup.jpg,batch_15_000076,data/raw/batch_15/000076.jpg,train,6,cup,"0.115742,0.421198,0.119629,0.159505","114.5,524.5,245.0,245.0","0,402,490,892",490x490,2048x1536,"0.483754,0.499919,0.500000,0.499999",0.01908142,0.24999987,13.1,small,large,1
crop_batch_15_000076_000_can.jpg,batch_15_000076,data/raw/batch_15/000076.jpg,train,3,can,"0.703807,0.596888,0.163086,0.162109","1274.4,792.3,334.0,249.0","1107,583,1775,1251",668x668,2048x1536,"0.500594,0.499730,0.500000,0.372754",0.02643771,0.18637689,7.0,small,medium,2
crop_batch_15_000079_000_bag_wrapper.jpg,batch_15_000079,data/prepared_run_002/images/train/batch_15_000079.jpg,train,0,bag_wrapper,"0.489112,0.606412,0.221405,0.194853","926.3,1661.3,542.0,636.0","561,1343,1833,2615",1272x1272,2448x3264,"0.500272,0.500258,0.426100,0.500000",0.04314143,0.21305016,4.9,small,large,1
crop_batch_15_000080_002_cigarette.jpg,batch_15_000080,data/raw/batch_15/000080.jpg,train,5,cigarette,"0.079427,0.531494,0.039062,0.070801","92.0,1016.0,60.0,145.0","0,943,290,1234",290x291,1536x2048,"0.420689,0.499999,0.206894,0.498283",0.00276563,0.10309178,37.3,tiny,medium,1
crop_batch_15_000081_000_bag_wrapper.jpg,batch_15_000081,data/raw/batch_15/000081.jpg,train,0,bag_wrapper,"0.594401,0.478516,0.098958,0.084961","837.0,893.0,152.0,174.0","739,806,1087,1154",348x348,1536x2048,"0.500000,0.500002,0.436780,0.500000",0.00840757,0.21839023,26.0,tiny,large,1
crop_batch_1_000000_000_bottle.jpg,batch_1_000000,data/official_complete/TACO/data/batch_1/000000.jpg,train,1,bottle,"0.511711,0.646169,0.099545,0.096633","710.0,1225.0,153.0,198.0","588,1126,985,1522",397x396,1537x2049,"0.500000,0.500001,0.385392,0.500003",0.00961933,0.19269704,20.0,tiny,medium,1
crop_batch_1_000001_000_bottle.jpg,batch_1_000001,data/official_complete/TACO/data/batch_1/000001.jpg,train,1,bottle,"0.516349,0.550748,0.226452,0.133377","826.0,744.0,464.0,205.0","594,382,1522,1310",928x928,2049x1537,"0.499999,0.500538,0.500000,0.220906",0.03020349,0.11045286,3.7,small,medium,2
crop_batch_1_000001_001_bottle_cap.jpg,batch_1_000001,data/official_complete/TACO/data/batch_1/000001.jpg,train,2,bottle_cap,"0.620791,0.520820,0.017570,0.030579","1254.0,777.0,36.0,47.0","1176,705,1368,897",192x192,2049x1537,"0.500004,0.497398,0.187505,0.244791",0.00053727,0.04589955,85.4,tiny,small,1
crop_batch_1_000003_000_cup.jpg,batch_1_000003,data/official_complete/TACO/data/batch_1/000003.jpg,train,6,cup,"0.540664,0.591264,0.152245,0.115666","714.0,1093.0,234.0,237.0","594,975,1068,1448",474x473,1537x2049,"0.500001,0.500000,0.493672,0.501056",0.01760957,0.24735751,14.0,small,large,1
crop_batch_1_000004_000_can.jpg,batch_1_000004,data/official_complete/TACO/data/batch_1/000004.jpg,train,3,can,"0.560435,0.131824,0.074940,0.117177","649.0,55.0,93.0,88.0","599,3,791,195",192x192,1241x751,"0.502603,0.499999,0.484378,0.458333",0.00878124,0.22200631,25.3,tiny,large,1
crop_batch_1_000005_000_bottle.jpg,batch_1_000005,data/official_complete/TACO/data/batch_1/000005.jpg,train,1,bottle,"0.565062,0.329429,0.057905,0.115178","824.0,557.0,89.0,236.0","633,439,1105,911",472x472,1537x2049,"0.498941,0.500000,0.188559,0.499999",0.00666938,0.09427953,14.1,tiny,medium,1
crop_batch_1_000007_001_cup.jpg,batch_1_000007,data/official_complete/TACO/data/batch_1/000007.jpg,train,6,cup,"0.595316,0.039043,0.144437,0.078087","804.0,-0.0,222.0,160.0","693,0,1137,444",444x444,1537x2049,"0.500002,0.180179,0.499999,0.360359",0.01127865,0.18017905,16.0,small,medium,2
crop_batch_1_000011_000_can.jpg,batch_1_000011,data/official_complete/TACO/data/batch_1/000011.jpg,train,3,can,"0.417697,0.599805,0.156148,0.059541","522.0,1168.0,240.0,122.0","402,989,882,1469",480x480,1537x2049,"0.500001,0.500001,0.499999,0.254166",0.00929721,0.12708254,13.7,tiny,medium,1
crop_batch_1_000013_000_bottle.jpg,batch_1_000013,data/official_complete/TACO/data/batch_1/000013.jpg,train,1,bottle,"0.592388,0.633480,0.129473,0.170815","811.0,1123.0,199.0,350.0","561,948,1261,1648",700x700,1537x2049,"0.499286,0.500001,0.284286,0.500000",0.02211593,0.14214283,6.4,small,medium,1
crop_batch_1_000014_000_can.jpg,batch_1_000014,data/official_complete/TACO/data/batch_1/000014.jpg,train,3,can,"0.508458,0.561005,0.142485,0.078575","672.0,1069.0,219.0,161.0","563,930,1000,1368",437x438,1537x2049,"0.500000,0.501140,0.501143,0.367580",0.01119576,0.18421026,16.5,small,medium,3
crop_batch_1_000014_002_carton.jpg,batch_1_000014,data/official_complete/TACO/data/batch_1/000014.jpg,train,4,carton,"0.654196,0.543436,0.220560,0.101025","836.0,1010.0,339.0,207.0","666,774,1344,1453",678x679,1537x2049,"0.500736,0.500001,0.500001,0.304860",0.02228207,0.15243053,6.8,small,medium,2
crop_batch_1_000014_001_bag_wrapper.jpg,batch_1_000014,data/official_complete/TACO/data/batch_1/000014.jpg,train,0,bag_wrapper,"0.349707,0.570766,0.177619,0.133236","401.0,1033.0,273.0,273.0","264,896,811,1443",547x547,1537x2049,"0.499999,0.499999,0.499087,0.499087",0.02366525,0.24908764,10.5,small,large,2
crop_batch_1_000015_000_bag_wrapper.jpg,batch_1_000015,data/official_complete/TACO/data/batch_1/000015.jpg,train,0,bag_wrapper,"0.937866,0.738409,0.124268,0.142509","1346.0,1367.0,191.0,292.0","953,1221,1537,1805",584x584,1537x2049,"0.836473,0.500000,0.327055,0.500002",0.01770931,0.16352785,9.2,small,medium,1
crop_batch_1_000015_001_bag_wrapper.jpg,batch_1_000015,data/official_complete/TACO/data/batch_1/000015.jpg,train,0,bag_wrapper,"0.601496,0.561981,0.125569,0.091264","828.0,1058.0,193.0,187.0","731,958,1117,1344",386x386,1537x2049,"0.501294,0.501293,0.499999,0.484456",0.01145993,0.24222734,21.1,small,large,1
crop_batch_1_000017_000_bottle.jpg,batch_1_000017,data/official_complete/TACO/data/batch_1/000017.jpg,train,1,bottle,"0.526025,0.349683,0.124268,0.182040","713.0,530.0,191.0,373.0","436,344,1182,1090",746x746,1537x2049,"0.499330,0.499330,0.256032,0.500000",0.02262175,0.12801602,5.7,small,medium,1
crop_batch_1_000022_001_bag_wrapper.jpg,batch_1_000022,data/official_complete/TACO/data/batch_1/000022.jpg,train,0,bag_wrapper,"0.253782,0.954782,0.202050,0.087833","313.0,1400.0,414.0,135.0","106,709,934,1537",828x828,2049x1537,"0.499999,0.916063,0.500001,0.163043",0.01774666,0.08152142,4.6,small,medium,2
crop_batch_1_000023_000_bottle.jpg,batch_1_000023,data/official_complete/TACO/data/batch_1/000023.jpg,train,1,bottle,"0.337345,0.757199,0.190631,0.107857","372.0,1441.0,293.0,221.0","225,1259,811,1845",586x586,1537x2049,"0.500852,0.499148,0.500000,0.377131",0.02056089,0.1885656,9.2,small,medium,3
crop_batch_1_000023_005_bottle_cap.jpg,batch_1_000023,data/official_complete/TACO/data/batch_1/000023.jpg,train,2,bottle_cap,"0.251464,0.713275,0.020169,0.023914","371.0,1437.0,31.0,49.0","291,1366,483,1558",192x192,1537x2049,"0.497397,0.497398,0.161457,0.255207",0.00048232,0.041205,85.4,tiny,small,1
crop_batch_1_000023_002_can.jpg,batch_1_000023,data/official_complete/TACO/data/batch_1/000023.jpg,train,3,can,"0.642811,0.769156,0.109304,0.081015","904.0,1493.0,168.0,166.0","820,1408,1156,1744",336x336,1537x2049,"0.500002,0.500002,0.500001,0.494047",0.00885526,0.24702378,27.9,tiny,large,2
crop_batch_1_000023_003_can.jpg,batch_1_000023,data/official_complete/TACO/data/batch_1/000023.jpg,train,3,can,"0.516265,0.781601,0.143787,0.050268","683.0,1550.0,221.0,103.0","572,1380,1014,1823",442x443,1537x2049,"0.501130,0.500001,0.500001,0.232504",0.00722788,0.11625217,16.1,tiny,medium,2
crop_batch_1_000024_002_bottle.jpg,batch_1_000024,data/official_complete/TACO/data/batch_1/000024.jpg,train,1,bottle,"0.342225,0.582235,0.081978,0.079063","463.0,1112.0,126.0,162.0","364,1031,688,1355",324x324,1537x2049,"0.499999,0.499999,0.388889,0.500000",0.00648143,0.19444484,30.0,tiny,medium,1
crop_batch_1_000024_000_can.jpg,batch_1_000024,data/official_complete/TACO/data/batch_1/000024.jpg,train,3,can,"0.230644,0.777696,0.177619,0.133236","218.0,1457.0,273.0,273.0","81,1320,628,1866",547x546,1537x2049,"0.500000,0.500914,0.499087,0.500001",0.02366525,0.24954385,10.5,small,large,1
crop_batch_1_000024_001_can.jpg,batch_1_000024,data/official_complete/TACO/data/batch_1/000024.jpg,train,3,can,"0.486337,0.476330,0.147690,0.113226","634.0,860.0,227.0,232.0","515,744,980,1208",465x464,1537x2049,"0.500000,0.500000,0.488171,0.500000",0.01672235,0.24408559,14.6,small,large,1
crop_batch_1_000028_000_cigarette.jpg,batch_1_000028,data/official_complete/TACO/data/batch_1/000028.jpg,train,5,cigarette,"0.307092,0.726208,0.023422,0.049780","454.0,1437.0,36.0,102.0","370,1386,574,1590",204x204,1537x2049,"0.500002,0.500001,0.176469,0.499996",0.00116595,0.08823367,75.7,tiny,medium,1
crop_batch_1_000031_000_can.jpg,batch_1_000031,data/official_complete/TACO/data/batch_1/000031.jpg,train,3,can,"0.440143,0.585896,0.268705,0.156662","470.0,1040.0,413.0,321.0","264,788,1089,1614",825x826,1537x2049,"0.500000,0.499396,0.500606,0.388620",0.04209586,0.19454552,4.6,small,medium,1
crop_batch_1_000035_002_cup.jpg,batch_1_000035,data/official_complete/TACO/data/batch_1/000035.jpg,train,6,cup,"0.678595,0.360176,0.204294,0.210835","886.0,522.0,314.0,432.0","611,306,1475,1170",864x864,1537x2049,"0.500001,0.500001,0.363426,0.500001",0.04307233,0.18171328,4.2,small,medium,2
crop_batch_1_000037_002_can.jpg,batch_1_000037,data/official_complete/TACO/data/batch_1/000037.jpg,train,3,can,"0.418253,0.333116,0.144461,0.313598","709.0,271.0,296.0,482.0","375,30,1339,994",964x964,2049x1537,"0.500000,0.499999,0.307055,0.500000",0.04530268,0.15352732,3.4,small,medium,3
crop_batch_1_000042_000_can.jpg,batch_1_000042,data/official_complete/TACO/data/batch_1/000042.jpg,train,3,can,"0.382382,0.490566,0.116642,0.175667","664.0,619.0,239.0,270.0","514,484,1054,1024",540x540,2049x1537,"0.499075,0.500000,0.442592,0.500000",0.02049015,0.22129594,10.8,small,large,1
crop_batch_1_000042_001_can.jpg,batch_1_000042,data/official_complete/TACO/data/batch_1/000042.jpg,train,3,can,"0.645193,0.516916,0.139580,0.172414","1179.0,662.0,286.0,265.0","1036,509,1608,1080",572x571,2049x1537,"0.500001,0.500000,0.499999,0.464099",0.02406555,0.23204884,9.6,small,large,1
crop_batch_1_000045_000_can.jpg,batch_1_000045,data/official_complete/TACO/data/batch_1/000045.jpg,train,3,can,"0.402635,0.923552,0.254758,0.151594","564.0,1303.0,522.0,233.0","303,493,1347,1537",1044x1044,2049x1537,"0.499999,0.887452,0.499999,0.223180",0.03861978,0.11158984,2.9,small,medium,3
crop_batch_1_000047_003_bottle_cap.jpg,batch_1_000047,data/official_complete/TACO/data/batch_1/000047.jpg,train,2,bottle_cap,"0.142265,0.661028,0.100049,0.147040","189.0,903.0,205.0,226.0","66,790,518,1242",452x452,2049x1537,"0.498896,0.500000,0.453541,0.500001",0.0147112,0.22677084,15.4,small,large,1
crop_batch_1_000048_009_bottle_cap.jpg,batch_1_000048,data/official_complete/TACO/data/batch_1/000048.jpg,train,2,bottle_cap,"0.144705,0.034157,0.082479,0.067014","212.0,1.0,169.0,103.0","128,0,466,338",338x338,2049x1537,"0.498522,0.155323,0.499998,0.304735",0.00552725,0.15236715,27.6,tiny,medium,1
crop_batch_1_000048_007_bottle_cap.jpg,batch_1_000048,data/official_complete/TACO/data/batch_1/000048.jpg,train,2,bottle_cap,"0.508541,0.454131,0.071254,0.080677","969.0,636.0,146.0,124.0","896,552,1188,844",292x292,2049x1537,"0.500002,0.499998,0.499998,0.424659",0.00574856,0.2123289,36.9,tiny,large,1
crop_batch_1_000054_003_bottle_cap.jpg,batch_1_000054,data/official_complete/TACO/data/batch_1/000054.jpg,train,2,bottle_cap,"0.910540,0.172279,0.177619,0.147389","1263.0,202.0,273.0,302.0","933,51,1537,655",604x604,1537x2049,"0.772351,0.499999,0.451987,0.500000",0.02617909,0.22599376,8.6,small,large,2
crop_batch_1_000058_002_bottle_cap.jpg,batch_1_000058,data/official_complete/TACO/data/batch_1/000058.jpg,train,2,bottle_cap,"0.728042,0.244265,0.192583,0.093216","971.0,405.0,296.0,191.0","823,204,1415,796",592x592,1537x2049,"0.500001,0.500843,0.500000,0.322634",0.01795182,0.16131725,9.0,small,medium,1
crop_batch_1_000059_001_carton.jpg,batch_1_000059,data/official_complete/TACO/data/batch_1/000059.jpg,train,4,carton,"0.680547,0.172767,0.018217,0.071254","1032.0,281.0,28.0,146.0","900,208,1192,500",292x292,1537x2049,"0.500003,0.499999,0.095889,0.499998",0.00129803,0.04794422,36.9,tiny,small,1
crop_batch_1_000062_008_bottle_cap.jpg,batch_1_000062,data/prepared_run_002/images/train/batch_1_000062.JPG,train,2,bottle_cap,"0.284722,0.397365,0.032680,0.049020","657.0,1217.0,80.0,160.0","537,1137,857,1457",320x320,2448x3264,"0.499998,0.499998,0.250002,0.500004",0.00160197,0.125002,78.0,tiny,medium,1
crop_batch_1_000062_002_bottle.jpg,batch_1_000062,data/prepared_run_002/images/train/batch_1_000062.JPG,train,1,bottle,"0.438930,0.372702,0.341095,0.110600","657.0,1036.0,835.0,361.0","240,381,1910,2051",1670x1670,2448x3264,"0.499701,0.500299,0.500000,0.216167",0.03772511,0.10808343,2.9,small,medium,5
crop_batch_1_000062_000_can.jpg,batch_1_000062,data/prepared_run_002/images/train/batch_1_000062.JPG,train,3,can,"0.482026,0.265319,0.253268,0.118260","870.0,673.0,620.0,386.0","560,246,1800,1486",1240x1240,2448x3264,"0.500000,0.500001,0.500000,0.311291",0.02995147,0.15564544,5.2,small,medium,4
crop_batch_1_000062_001_can.jpg,batch_1_000062,data/prepared_run_002/images/train/batch_1_000062.JPG,train,3,can,"0.714257,0.355239,0.246324,0.202512","1447.0,829.0,603.0,661.0","1088,499,2410,1820",1322x1321,2448x3264,"0.499623,0.500000,0.456128,0.500378",0.04988357,0.22823633,4.6,small,large,3
crop_batch_1_000064_000_cup.jpg,batch_1_000064,data/prepared_run_002/images/train/batch_1_000064.JPG,train,6,cup,"0.496732,0.420496,0.247549,0.181066","913.0,1077.0,606.0,591.0","610,766,1822,1978",1212x1212,2448x3264,"0.500000,0.500412,0.500000,0.487623",0.04482271,0.24381162,5.4,small,large,1
crop_batch_1_000068_000_straw.jpg,batch_1_000068,data/prepared_run_002/images/train/batch_1_000068.JPG,train,7,straw,"0.524101,0.574602,0.314542,0.060355","898.0,1777.0,770.0,197.0","513,1106,2053,2645",1540x1539,2448x3264,"0.500000,0.500001,0.499999,0.128004",0.01898418,0.06400208,3.4,small,medium,1
crop_batch_1_000068_001_cigarette.jpg,batch_1_000068,data/prepared_run_002/images/train/batch_1_000068.JPG,train,5,cigarette,"0.087010,0.485600,0.035131,0.047181","170.0,1508.0,86.0,154.0","59,1431,367,1739",308x308,2448x3264,"0.500002,0.499995,0.279223,0.499996",0.00165752,0.1396104,84.2,tiny,medium,1
crop_batch_1_000068_002_cigarette.jpg,batch_1_000068,data/prepared_run_002/images/train/batch_1_000068.JPG,train,5,cigarette,"0.069036,0.428002,0.031863,0.030025","130.0,1348.0,78.0,98.0","71,1299,267,1495",196x196,2448x3264,"0.500001,0.499992,0.397962,0.500008",0.00095669,0.19898443,208.0,tiny,medium,1
crop_batch_1_000070_000_can.jpg,batch_1_000070,data/prepared_run_002/images/train/batch_1_000070.JPG,train,3,can,"0.476103,0.437960,0.104167,0.195159","1038.0,1111.0,255.0,637.0","529,793,1802,2067",1273x1274,2448x3264,"0.500000,0.499609,0.200315,0.499999",0.02032913,0.10015727,4.9,small,medium,1
crop_batch_1_000071_000_carton.jpg,batch_1_000071,data/prepared_run_002/images/train/batch_1_000071.JPG,train,4,carton,"0.531863,0.518689,0.227124,0.181373","1024.0,1397.0,556.0,592.0","710,1101,1894,2285",1184x1184,2448x3264,"0.500001,0.500001,0.469594,0.500001",0.04119416,0.23479769,5.7,small,large,1
crop_batch_1_000072_001_cigarette.jpg,batch_1_000072,data/prepared_run_002/images/train/batch_1_000072.JPG,train,5,cigarette,"0.423611,0.782782,0.056373,0.038603","968.0,2492.0,138.0,126.0","899,2417,1175,2693",276x276,2448x3264,"0.499999,0.500002,0.500004,0.456522",0.00217617,0.22826304,104.9,tiny,large,1
crop_batch_1_000073_000_can.jpg,batch_1_000073,data/prepared_run_002/images/train/batch_1_000073.JPG,train,3,can,"0.484477,0.365349,0.200980,0.217831","940.0,837.0,492.0,711.0","475,481,1897,1903",1422x1422,2448x3264,"0.500000,0.500351,0.345991,0.500000",0.04377967,0.17299554,4.0,small,medium,1
crop_batch_1_000074_000_cup.jpg,batch_1_000074,data/prepared_run_002/images/train/batch_1_000074.JPG,train,6,cup,"0.535335,0.625153,0.086193,0.083027","1205.0,1905.0,211.0,271.0","1039,1769,1582,2311",543x542,2448x3264,"0.500000,0.500921,0.388583,0.500000",0.00715635,0.1942915,27.1,tiny,medium,1
crop_batch_1_000074_001_cigarette.jpg,batch_1_000074,data/prepared_run_002/images/train/batch_1_000074.JPG,train,5,cigarette,"0.733252,0.375919,0.015523,0.003064","1776.0,1222.0,38.0,10.0","1699,1131,1891,1323",192x192,2448x3264,"0.500005,0.499998,0.197918,0.052088",4.756e-05,0.01030917,216.7,tiny,small,1
crop_batch_1_000076_000_straw.jpg,batch_1_000076,data/prepared_run_002/images/train/batch_1_000076.JPG,train,7,straw,"0.324346,0.639553,0.156046,0.109988","603.0,1908.0,382.0,359.0","412,1706,1176,2470",764x764,2448x3264,"0.499999,0.499347,0.500001,0.469896",0.01716319,0.23494856,13.7,small,large,2
crop_batch_1_000076_001_cigarette.jpg,batch_1_000076,data/prepared_run_002/images/train/batch_1_000076.JPG,train,5,cigarette,"0.234477,0.570466,0.021242,0.015931","548.0,1836.0,52.0,52.0","478,1766,670,1958",192x192,2448x3264,"0.499998,0.500005,0.270835,0.270827",0.00033841,0.07334957,216.7,tiny,medium,1
crop_batch_1_000076_004_cigarette.jpg,batch_1_000076,data/prepared_run_002/images/train/batch_1_000076.JPG,train,5,cigarette,"0.034314,0.420037,0.024510,0.018995","54.0,1340.0,60.0,62.0","0,1275,192,1467",192x192,2448x3264,"0.437503,0.500004,0.312503,0.322915",0.00046557,0.10091174,216.8,tiny,medium,1
crop_batch_1_000081_001_bottle_cap.jpg,batch_1_000081,data/prepared_run_002/images/train/batch_1_000081.JPG,train,2,bottle_cap,"0.475286,0.618107,0.023284,0.027880","1135.0,1972.0,57.0,91.0","1068,1922,1260,2114",192x192,2448x3264,"0.497397,0.497402,0.296871,0.473960",0.00064916,0.14070498,216.7,tiny,medium,1
crop_batch_1_000081_000_bottle.jpg,batch_1_000081,data/prepared_run_002/images/train/batch_1_000081.JPG,train,1,bottle,"0.396650,0.647672,0.181373,0.087010","749.0,1972.0,444.0,284.0","527,1670,1415,2558",888x888,2448x3264,"0.499999,0.500002,0.500001,0.319821",0.01578126,0.15991067,10.1,small,medium,2
crop_batch_1_000081_002_cigarette.jpg,batch_1_000081,data/prepared_run_002/images/train/batch_1_000081.JPG,train,5,cigarette,"0.580065,0.814338,0.026144,0.029412","1388.0,2610.0,64.0,96.0","1324,2562,1516,2754",192x192,2448x3264,"0.499995,0.499996,0.333336,0.500004",0.00076895,0.16666933,216.7,tiny,medium,1
crop_batch_1_000082_000_bag_wrapper.jpg,batch_1_000082,data/prepared_run_002/images/train/batch_1_000082.JPG,train,0,bag_wrapper,"0.501838,0.502911,0.214461,0.148591","966.0,1399.0,525.0,485.0","703,1117,1753,2167",1050x1050,2448x3264,"0.500476,0.499525,0.500001,0.461906",0.03186697,0.2309531,7.2,small,large,1
crop_batch_1_000085_000_straw.jpg,batch_1_000085,data/prepared_run_002/images/train/batch_1_000085.JPG,train,7,straw,"0.527574,0.433364,0.343546,0.095895","871.0,1258.0,841.0,313.0","451,573,2133,2256",1682x1683,2448x3264,"0.499703,0.500000,0.500000,0.185978",0.03294434,0.09298916,2.8,small,medium,7
crop_batch_1_000085_004_cigarette.jpg,batch_1_000085,data/prepared_run_002/images/train/batch_1_000085.JPG,train,5,cigarette,"0.691585,0.451900,0.013889,0.031250","1676.0,1424.0,34.0,102.0","1591,1373,1795,1577",204x204,2448x3264,"0.500000,0.500008,0.166668,0.500000",0.00043403,0.083334,192.0,tiny,medium,2
crop_batch_1_000085_002_cigarette.jpg,batch_1_000085,data/prepared_run_002/images/train/batch_1_000085.JPG,train,5,cigarette,"0.651552,0.356005,0.048203,0.009804","1536.0,1146.0,118.0,32.0","1477,1044,1713,1280",236x236,2448x3264,"0.499997,0.500001,0.500004,0.135594",0.00047258,0.06779769,143.5,tiny,medium,2
crop_batch_1_000086_000_cigarette.jpg,batch_1_000086,data/prepared_run_002/images/train/batch_1_000086.JPG,train,5,cigarette,"0.327206,0.174939,0.049837,0.018995","740.0,540.0,122.0,62.0","679,449,923,693",244x244,2448x3264,"0.500001,0.500004,0.500004,0.254097",0.00094665,0.12704954,134.2,tiny,medium,1
crop_batch_1_000086_001_cigarette.jpg,batch_1_000086,data/prepared_run_002/images/train/batch_1_000086.JPG,train,5,cigarette,"0.595588,0.512561,0.050654,0.026348","1396.0,1630.0,124.0,86.0","1334,1549,1582,1797",248x248,2448x3264,"0.499998,0.499996,0.500004,0.346774",0.00133463,0.17338823,129.9,tiny,medium,1
crop_batch_1_000087_001_cigarette.jpg,batch_1_000087,data/prepared_run_002/images/train/batch_1_000087.JPG,train,5,cigarette,"0.072712,0.261029,0.024510,0.022059","148.0,816.0,60.0,72.0","82,756,274,948",192x192,2448x3264,"0.499995,0.499993,0.312503,0.375003",0.00054067,0.11718938,216.8,tiny,medium,1
crop_batch_1_000087_000_bag_wrapper.jpg,batch_1_000087,data/prepared_run_002/images/train/batch_1_000087.JPG,train,0,bag_wrapper,"0.488971,0.405484,0.146242,0.121630","1018.0,1125.0,358.0,397.0","800,926,1594,1721",794x795,2448x3264,"0.500001,0.500000,0.450882,0.499371",0.01778741,0.22515768,12.7,small,large,1
crop_batch_1_000091_000_bottle_cap.jpg,batch_1_000091,data/official_complete/TACO/data/batch_1/000091.JPG,train,2,bottle_cap,"0.883578,0.463440,0.178309,0.180147","2593.0,914.0,582.0,441.0","2100,553,3264,1717",1164x1164,3264x2448,"0.673538,0.499571,0.500000,0.378866",0.03212183,0.18943312,5.9,small,medium,1
crop_batch_1_000098_000_bottle.jpg,batch_1_000098,data/prepared_run_002/images/train/batch_1_000098.JPG,train,1,bottle,"0.324551,0.426471,0.182598,0.249387","571.0,985.0,447.0,814.0","0,578,1628,2206",1628x1628,2448x3264,"0.488023,0.500001,0.274570,0.499999",0.04553757,0.13728484,3.0,small,medium,2
crop_batch_1_000098_001_bag_wrapper.jpg,batch_1_000098,data/prepared_run_002/images/train/batch_1_000098.JPG,train,0,bag_wrapper,"0.750817,0.731311,0.071078,0.027574","1751.0,2342.0,174.0,90.0","1664,2213,2012,2561",348x348,2448x3264,"0.500000,0.499997,0.499997,0.258625",0.0019599,0.12931177,66.0,tiny,medium,1
crop_batch_1_000098_003_bottle_cap.jpg,batch_1_000098,data/prepared_run_002/images/train/batch_1_000098.JPG,train,2,bottle_cap,"0.345180,0.309896,0.039216,0.016238","797.0,985.0,96.0,53.0","749,915,941,1108",192x193,2448x3264,"0.500003,0.500003,0.500004,0.274616",0.00063679,0.13730895,215.6,tiny,medium,1
crop_batch_1_000098_002_bottle_cap.jpg,batch_1_000098,data/prepared_run_002/images/train/batch_1_000098.JPG,train,2,bottle_cap,"0.833538,0.540288,0.034722,0.020527","1998.0,1730.0,85.0,67.0","1945,1668,2137,1860",192x192,2448x3264,"0.497401,0.497396,0.442705,0.348959",0.00071274,0.15448607,216.7,tiny,medium,1
crop_batch_1_000104_001_bottle_cap.jpg,batch_1_000104,data/prepared_run_002/images/train/batch_1_000104.JPG,train,2,bottle_cap,"0.731311,0.822304,0.087010,0.110294","2245.0,1878.0,284.0,270.0","2103,1729,2671,2297",568x568,3264x2448,"0.499998,0.500000,0.500001,0.475352",0.00959668,0.23767634,24.8,tiny,large,1
crop_batch_1_000104_002_bottle_cap.jpg,batch_1_000104,data/prepared_run_002/images/train/batch_1_000104.JPG,train,2,bottle_cap,"0.803615,0.464461,0.079657,0.075163","2493.0,1045.0,260.0,184.0","2363,877,2883,1397",520x520,3264x2448,"0.499999,0.500001,0.500001,0.353844",0.00598726,0.17692244,29.5,tiny,medium,1
crop_batch_1_000106_005_bottle_cap.jpg,batch_1_000106,data/prepared_run_002/images/train/batch_1_000106.JPG,train,2,bottle_cap,"0.931373,0.782322,0.137255,0.070159","2112.0,2439.0,336.0,229.0","1776,2217,2448,2889",672x672,2448x3264,"0.750001,0.500743,0.499999,0.340772",0.00962967,0.17038564,17.7,tiny,medium,3
crop_batch_1_000106_003_bottle.jpg,batch_1_000106,data/prepared_run_002/images/train/batch_1_000106.JPG,train,1,bottle,"0.743056,0.870404,0.113562,0.208946","1680.0,2500.0,278.0,682.0","1084,1900,2448,3264",1364x1364,2448x3264,"0.538857,0.689882,0.203812,0.500000",0.02372833,0.10190604,4.3,small,medium,4
crop_batch_1_000106_004_bottle.jpg,batch_1_000106,data/prepared_run_002/images/train/batch_1_000106.JPG,train,1,bottle,"0.914420,0.844210,0.170343,0.194547","2030.0,2438.0,417.0,635.0","1178,1994,2448,3264",1270x1270,2448x3264,"0.835039,0.599607,0.328346,0.500001",0.03313972,0.16417346,5.0,small,medium,3
crop_batch_1_000106_000_carton.jpg,batch_1_000106,data/prepared_run_002/images/train/batch_1_000106.JPG,train,4,carton,"0.605801,0.298560,0.308824,0.090380","1105.0,827.0,756.0,295.0","727,218,2239,1731",1512x1513,2448x3264,"0.500001,0.500000,0.500001,0.194977",0.02791151,0.09748869,3.5,small,medium,2
crop_batch_1_000107_000_can.jpg,batch_1_000107,data/prepared_run_002/images/train/batch_1_000107.JPG,train,3,can,"0.906454,0.574142,0.147059,0.164216","2039.0,1606.0,360.0,536.0","1376,1338,2448,2410",1072x1072,2448x3264,"0.786380,0.500000,0.335821,0.500001",0.02414944,0.16791097,7.0,small,medium,1
crop_batch_1_000107_001_bag_wrapper.jpg,batch_1_000107,data/prepared_run_002/images/train/batch_1_000107.JPG,train,0,bag_wrapper,"0.820670,0.207721,0.081699,0.082108","1909.0,544.0,200.0,268.0","1741,410,2277,946",536x536,2448x3264,"0.500000,0.500003,0.373133,0.500001",0.00670814,0.18656673,27.8,tiny,medium,3
crop_batch_1_000107_002_bag_wrapper.jpg,batch_1_000107,data/prepared_run_002/images/train/batch_1_000107.JPG,train,0,bag_wrapper,"0.880515,0.197304,0.077206,0.087623","2061.0,501.0,189.0,286.0","1869,358,2442,930",573x572,2448x3264,"0.500001,0.500000,0.329843,0.500003",0.00676502,0.16492257,24.4,tiny,medium,3
crop_batch_1_000108_000_cigarette.jpg,batch_1_000108,data/prepared_run_002/images/train/batch_1_000108.JPG,train,5,cigarette,"0.546569,0.481005,0.034314,0.035539","1296.0,1512.0,84.0,116.0","1222,1454,1454,1686",232x232,2448x3264,"0.500004,0.500001,0.362072,0.499997",0.00121949,0.18103483,148.5,tiny,medium,1
crop_batch_1_000115_003_can.jpg,batch_1_000115,data/official_complete/TACO/data/batch_1/000115.JPG,train,3,can,"0.767923,0.353554,0.140012,0.087010","2278.0,759.0,457.0,213.0","2050,409,2963,1322",913x913,3264x2448,"0.500001,0.500000,0.500547,0.233297",0.01218244,0.11677623,9.6,small,medium,1
crop_batch_1_000115_002_bottle_cap.jpg,batch_1_000115,data/official_complete/TACO/data/batch_1/000115.JPG,train,2,bottle_cap,"0.314185,0.232230,0.019914,0.039624","993.0,520.0,65.0,97.0","929,471,1122,665",193x194,3264x2448,"0.499999,0.502572,0.336784,0.499998",0.00078907,0.16839118,213.4,tiny,medium,1
crop_batch_1_000115_000_carton.jpg,batch_1_000115,data/official_complete/TACO/data/batch_1/000115.JPG,train,4,carton,"0.553002,0.541871,0.172794,0.220180","1523.0,1057.0,564.0,539.0","1241,763,2369,1890",1128x1127,3264x2448,"0.499999,0.500000,0.500000,0.478261",0.03804578,0.23913056,6.3,small,large,1
crop_batch_1_000115_001_bottle.jpg,batch_1_000115,data/official_complete/TACO/data/batch_1/000115.JPG,train,1,bottle,"0.217525,0.280025,0.213848,0.135212","361.0,520.0,698.0,331.0","12,0,1408,1396",1396x1396,3264x2448,"0.500001,0.491047,0.500000,0.237105",0.02891482,0.11855262,4.1,small,medium,5
crop_batch_1_000117_000_cup.jpg,batch_1_000117,data/prepared_run_002/images/train/batch_1_000117.JPG,train,6,cup,"0.715891,0.321691,0.161356,0.153799","1555.0,799.0,395.0,502.0","1251,548,2255,1552",1004x1004,2448x3264,"0.499503,0.499999,0.393426,0.500000",0.02481639,0.19671287,7.9,small,medium,1
crop_batch_1_000120_001_cigarette.jpg,batch_1_000120,data/prepared_run_002/images/train/batch_1_000120.JPG,train,5,cigarette,"0.751225,0.321078,0.013889,0.013480","1822.0,1026.0,34.0,44.0","1743,952,1935,1144",192x192,2448x3264,"0.499994,0.499993,0.177085,0.229160",0.00018722,0.04058074,216.8,tiny,small,1
crop_batch_1_000121_001_bottle_cap.jpg,batch_1_000121,data/prepared_run_002/images/train/batch_1_000121.JPG,train,2,bottle_cap,"0.463031,0.399050,0.068219,0.036458","1050.0,1243.0,167.0,119.0","966,1135,1300,1469",334x334,2448x3264,"0.501497,0.501495,0.500000,0.356284",0.00248713,0.1781422,71.6,tiny,medium,1
crop_batch_1_000121_000_bottle_cap.jpg,batch_1_000121,data/prepared_run_002/images/train/batch_1_000121.JPG,train,2,bottle_cap,"0.336601,0.670650,0.078431,0.062500","728.0,2087.0,192.0,204.0","620,1985,1028,2393",408x408,2448x3264,"0.499998,0.500004,0.470586,0.500000",0.00490194,0.235293,48.0,tiny,large,1
crop_batch_1_000128_008_bottle_cap.jpg,batch_1_000128,data/prepared_run_002/images/train/batch_1_000128.JPG,train,2,bottle_cap,"0.424632,0.848192,0.070670,0.064645","953.0,2663.0,173.0,211.0","828,2557,1251,2979",423x422,2448x3264,"0.499998,0.501182,0.408984,0.500003",0.00456846,0.20449316,44.8,tiny,large,1
crop_batch_1_000128_006_carton.jpg,batch_1_000128,data/prepared_run_002/images/train/batch_1_000128.JPG,train,4,carton,"0.814951,0.305147,0.245915,0.164828","1694.0,727.0,602.0,538.0","1244,394,2448,1598",1204x1204,2448x3264,"0.623754,0.500000,0.500000,0.446843",0.04053368,0.22342131,5.5,small,large,4
crop_batch_1_000128_003_can.jpg,batch_1_000128,data/prepared_run_002/images/train/batch_1_000128.JPG,train,3,can,"0.574959,0.315717,0.249592,0.103860","1102.0,861.0,611.0,339.0","796,419,2019,1642",1223x1223,2448x3264,"0.500000,0.500000,0.499592,0.277186",0.02592263,0.13848018,5.3,small,medium,3
crop_batch_1_000128_005_can.jpg,batch_1_000128,data/prepared_run_002/images/train/batch_1_000128.JPG,train,3,can,"0.877859,0.389859,0.244281,0.162684","1850.0,1007.0,598.0,531.0","1252,674,2448,1870",1196x1196,2448x3264,"0.749999,0.500418,0.500000,0.443980",0.03974061,0.22199017,5.6,small,large,4
crop_batch_1_000129_001_can.jpg,batch_1_000129,data/prepared_run_002/images/train/batch_1_000129.JPG,train,3,can,"0.303309,0.412071,0.101716,0.074142","618.0,1224.0,249.0,242.0","493,1096,992,1594",499x498,2448x3264,"0.500001,0.499999,0.499000,0.485943",0.00754143,0.2424852,32.2,tiny,large,1
crop_batch_1_000129_003_carton.jpg,batch_1_000129,data/prepared_run_002/images/train/batch_1_000129.JPG,train,4,carton,"0.505515,0.302083,0.182598,0.110907","1014.0,805.0,447.0,362.0","791,539,1685,1433",894x894,2448x3264,"0.499442,0.499999,0.500000,0.404922",0.0202514,0.20246106,10.0,small,large,3
crop_batch_1_000129_006_carton.jpg,batch_1_000129,data/prepared_run_002/images/train/batch_1_000129.JPG,train,4,carton,"0.263480,0.274663,0.253268,0.156556","335.0,641.0,620.0,511.0","25,276,1265,1517",1240x1241,2448x3264,"0.499999,0.500000,0.500000,0.411764",0.03965063,0.20588188,5.2,small,large,4
crop_batch_2_000005_005_bag_wrapper.jpg,batch_2_000005,data/prepared_run_002/images/train/batch_2_000005.JPG,train,0,bag_wrapper,"0.267361,0.712776,0.163807,0.286458","454.0,1859.0,401.0,935.0","0,1392,1870,3261",1870x1869,2448x3264,"0.350000,0.500000,0.214438,0.500267",0.04692383,0.10727637,2.3,small,medium,6
crop_batch_2_000006_000_bag_wrapper.jpg,batch_2_000006,data/prepared_run_002/images/train/batch_2_000006.JPG,train,0,bag_wrapper,"0.623775,0.518076,0.214052,0.186275","1265.0,1387.0,524.0,608.0","919,1083,2135,2299",1216x1216,2448x3264,"0.500001,0.500000,0.430920,0.500001",0.03987254,0.2154608,5.4,small,large,1
crop_batch_2_000007_000_can.jpg,batch_2_000007,data/prepared_run_002/images/train/batch_2_000007.JPG,train,3,can,"0.528391,0.554381,0.078840,0.084252","1197.0,1672.0,193.0,275.0","1019,1535,1568,2084",549x549,2448x3264,"0.500002,0.499999,0.351549,0.500908",0.00664243,0.17609366,26.5,tiny,medium,2
crop_batch_2_000007_001_cigarette.jpg,batch_2_000007,data/prepared_run_002/images/train/batch_2_000007.JPG,train,5,cigarette,"0.355801,0.519301,0.018791,0.018995","848.0,1664.0,46.0,62.0","775,1599,967,1791",192x192,2448x3264,"0.500004,0.499992,0.239585,0.322915",0.00035694,0.07736567,216.8,tiny,medium,1
crop_batch_2_000007_002_cigarette.jpg,batch_2_000007,data/prepared_run_002/images/train/batch_2_000007.JPG,train,5,cigarette,"0.577614,0.492647,0.024510,0.009804","1384.0,1592.0,60.0,32.0","1318,1512,1510,1704",192x192,2448x3264,"0.499995,0.499999,0.312503,0.166668",0.0002403,0.05208417,216.8,tiny,medium,1
crop_batch_2_000010_000_bag_wrapper.jpg,batch_2_000010,data/official_complete/TACO/data/batch_2/000010.JPG,train,0,bag_wrapper,"0.647978,0.681781,0.153799,0.166667","1864.0,1465.0,502.0,408.0","1613,1167,2617,2171",1004x1004,3264x2448,"0.500000,0.500000,0.500000,0.406375",0.02563322,0.20318763,7.9,small,large,1
crop_batch_2_000012_000_carton.jpg,batch_2_000012,data/prepared_run_002/images/train/batch_2_000012.JPG,train,4,carton,"0.515319,0.381434,0.103350,0.090686","1135.0,1097.0,253.0,296.0","966,949,1558,1541",592x592,2448x3264,"0.499157,0.500001,0.427366,0.499998",0.0093724,0.21368246,22.8,tiny,large,1
crop_batch_2_000013_000_bag_wrapper.jpg,batch_2_000013,data/prepared_run_002/images/train/batch_2_000013.JPG,train,0,bag_wrapper,"0.491422,0.453891,0.127451,0.103860","1047.0,1312.0,312.0,339.0","864,1143,1542,1820",678x677,2448x3264,"0.500002,0.500000,0.460177,0.500737",0.01323706,0.23042774,17.4,small,large,1
crop_batch_2_000013_001_cigarette.jpg,batch_2_000013,data/prepared_run_002/images/train/batch_2_000013.JPG,train,5,cigarette,"0.421977,0.336091,0.017157,0.009191","1012.0,1082.0,42.0,30.0","937,1001,1129,1193",192x192,2448x3264,"0.499998,0.500005,0.218752,0.156247",0.00015769,0.0341793,216.7,tiny,small,1
crop_batch_2_000015_000_carton.jpg,batch_2_000015,data/prepared_run_002/images/train/batch_2_000015.JPG,train,4,carton,"0.603962,0.574449,0.195670,0.103554","1239.0,1706.0,479.0,338.0","999,1396,1957,2354",958x958,2448x3264,"0.500521,0.500002,0.500000,0.352819",0.02026241,0.17640938,8.7,small,medium,1
crop_batch_2_000018_000_bottle.jpg,batch_2_000018,data/prepared_run_002/images/train/batch_2_000018.JPG,train,1,bottle,"0.429330,0.232230,0.050654,0.015319","989.0,733.0,124.0,50.0","927,634,1175,882",248x248,2448x3264,"0.499999,0.499995,0.500004,0.201618",0.00077597,0.10080971,129.9,tiny,medium,1
crop_batch_2_000019_000_bottle.jpg,batch_2_000019,data/official_complete/TACO/data/batch_2/000019.JPG,train,1,bottle,"0.517004,0.384191,0.033395,0.016748","1633.0,920.0,109.0,41.0","1578,831,1797,1050",219x219,3264x2448,"0.500005,0.499998,0.497723,0.187211",0.0005593,0.09317893,166.6,tiny,medium,1
crop_batch_2_000020_000_bag_wrapper.jpg,batch_2_000020,data/official_complete/TACO/data/batch_2/000020.JPG,train,0,bag_wrapper,"0.570466,0.454861,0.066176,0.058415","1754.0,1042.0,216.0,143.0","1646,898,2078,1329",432x431,3264x2448,"0.500002,0.499999,0.499996,0.331786",0.00386567,0.165892,42.9,tiny,medium,1
crop_batch_2_000021_001_straw.jpg,batch_2_000021,data/prepared_run_002/images/train/batch_2_000021.JPG,train,7,straw,"0.449346,0.235294,0.124183,0.272672","948.0,323.0,304.0,890.0","210,0,1990,1780",1780x1780,2448x3264,"0.499999,0.431460,0.170787,0.500001",0.03386123,0.08539339,2.5,small,medium,2
crop_batch_2_000022_000_bottle_cap.jpg,batch_2_000022,data/prepared_run_002/images/train/batch_2_000022.JPG,train,2,bottle_cap,"0.506332,0.530484,0.011846,0.008885","1225.0,1717.0,29.0,29.0","1144,1635,1336,1827",192x192,2448x3264,"0.497400,0.502603,0.151037,0.151045",0.00010525,0.02281331,216.8,tiny,small,1
crop_batch_2_000023_000_bag_wrapper.jpg,batch_2_000023,data/official_complete/TACO/data/batch_2/000023.JPG,train,0,bag_wrapper,"0.540135,0.489788,0.131127,0.096405","1549.0,1081.0,428.0,236.0","1335,771,2191,1627",856x856,3264x2448,"0.500001,0.500001,0.499998,0.275700",0.0126413,0.13784967,10.9,small,medium,3
crop_batch_2_000023_001_bag_wrapper.jpg,batch_2_000023,data/official_complete/TACO/data/batch_2/000023.JPG,train,0,bag_wrapper,"0.635876,0.480801,0.106924,0.095588","1901.0,1060.0,349.0,234.0","1726,828,2424,1526",698x698,3264x2448,"0.500715,0.500001,0.500000,0.335243",0.01022065,0.16762133,16.4,small,medium,3
crop_batch_2_000024_001_bottle_cap.jpg,batch_2_000024,data/prepared_run_002/images/train/batch_2_000024.JPG,train,2,bottle_cap,"0.327206,0.434589,0.066176,0.031556","720.0,1367.0,162.0,103.0","639,1256,963,1580",324x324,2448x3264,"0.500001,0.501539,0.499996,0.317897",0.00208825,0.15894761,76.1,tiny,medium,1
crop_batch_2_000024_000_bottle_cap.jpg,batch_2_000024,data/prepared_run_002/images/train/batch_2_000024.JPG,train,2,bottle_cap,"0.238358,0.764093,0.109069,0.074142","450.0,2373.0,267.0,242.0","316,2227,851,2761",535x534,2448x3264,"0.500001,0.499999,0.499067,0.453183",0.00808659,0.22616852,28.0,tiny,large,1
crop_batch_2_000025_000_bottle.jpg,batch_2_000025,data/prepared_run_002/images/train/batch_2_000025.JPG,train,1,bottle,"0.499796,0.486060,0.072304,0.135110","1135.0,1366.0,177.0,441.0","783,1146,1664,2027",881x881,2448x3264,"0.500001,0.500000,0.200908,0.500566",0.00976899,0.10056794,10.3,tiny,medium,1
crop_batch_2_000026_000_can.jpg,batch_2_000026,data/official_complete/TACO/data/batch_2/000026.JPG,train,3,can,"0.151961,0.589257,0.044118,0.052696","424.0,1378.0,144.0,129.0","352,1298,640,1587",288x289,3264x2448,"0.500002,0.500004,0.500004,0.446366",0.00232484,0.22318484,96.0,tiny,large,1
crop_batch_2_000026_001_cup.jpg,batch_2_000026,data/official_complete/TACO/data/batch_2/000026.JPG,train,6,cup,"0.246783,0.402165,0.052390,0.056781","720.0,915.0,171.0,139.0","634,813,977,1156",343x343,3264x2448,"0.499999,0.500000,0.498545,0.405247",0.00297476,0.20203414,67.9,tiny,large,1
crop_batch_2_000026_002_bag_wrapper.jpg,batch_2_000026,data/official_complete/TACO/data/batch_2/000026.JPG,train,0,bag_wrapper,"0.844363,0.407271,0.085172,0.073529","2617.0,907.0,278.0,180.0","2478,719,3034,1275",556x556,3264x2448,"0.500001,0.499999,0.500003,0.323739",0.00626261,0.16187042,25.8,tiny,medium,1
crop_batch_2_000027_001_can.jpg,batch_2_000027,data/official_complete/TACO/data/batch_2/000027.JPG,train,3,can,"0.262102,0.641340,0.068321,0.155229","744.0,1380.0,223.0,380.0","476,1190,1236,1950",760x760,3264x2448,"0.499343,0.500000,0.293421,0.500001",0.0106054,0.14671059,13.8,small,medium,1
crop_batch_2_000027_002_can.jpg,batch_2_000027,data/official_complete/TACO/data/batch_2/000027.JPG,train,3,can,"0.488511,0.922794,0.115502,0.153595","1406.0,2071.0,377.0,376.0","1218,1694,1971,2448",753x754,3264x2448,"0.500000,0.749336,0.500662,0.498674",0.01774053,0.24966739,14.1,small,large,1
crop_batch_2_000030_001_cigarette.jpg,batch_2_000030,data/official_complete/TACO/data/batch_2/000030.JPG,train,5,cigarette,"0.330623,0.312806,0.021680,0.010417","708.0,1004.0,48.0,34.0","636,925,828,1117",192x192,2214x3264,"0.499996,0.499994,0.249998,0.177089",0.00022584,0.04427181,196.0,tiny,small,1
crop_batch_2_000030_000_bag_wrapper.jpg,batch_2_000030,data/official_complete/TACO/data/batch_2/000030.JPG,train,0,bag_wrapper,"0.388437,0.501379,0.080397,0.069547","771.0,1523.0,178.0,227.0","633,1409,1087,1864",454x455,2214x3264,"0.499999,0.500002,0.392068,0.498904",0.00559137,0.19560446,35.0,tiny,medium,1
crop_batch_2_000033_000_can.jpg,batch_2_000033,data/prepared_run_002/images/train/batch_2_000033.JPG,train,3,can,"0.325572,0.543658,0.075980,0.050551","704.0,1692.0,186.0,165.0","611,1589,983,1960",372x371,2448x3264,"0.500001,0.499999,0.499997,0.444740",0.00384086,0.22236875,57.9,tiny,large,2
crop_batch_2_000033_005_cigarette.jpg,batch_2_000033,data/prepared_run_002/images/train/batch_2_000033.JPG,train,5,cigarette,"0.280229,0.673100,0.014706,0.016544","668.0,2170.0,36.0,54.0","590,2101,782,2293",192x192,2448x3264,"0.500003,0.499992,0.187501,0.281248",0.0002433,0.05273442,216.7,tiny,medium,1
crop_batch_2_000033_002_cigarette.jpg,batch_2_000033,data/prepared_run_002/images/train/batch_2_000033.JPG,train,5,cigarette,"0.083742,0.767770,0.007353,0.018382","196.0,2476.0,18.0,60.0","109,2410,301,2602",192x192,2448x3264,"0.500002,0.500007,0.093751,0.312494",0.00013516,0.02929655,216.7,tiny,small,1
crop_batch_2_000034_000_bottle.jpg,batch_2_000034,data/prepared_run_002/images/train/batch_2_000034.JPG,train,1,bottle,"0.304126,0.236979,0.061683,0.145527","669.0,536.0,151.0,475.0","270,298,1220,1248",950x950,2448x3264,"0.499474,0.500526,0.158947,0.500000",0.00897654,0.0794737,8.9,tiny,medium,5
crop_batch_2_000034_002_cigarette.jpg,batch_2_000034,data/prepared_run_002/images/train/batch_2_000034.JPG,train,5,cigarette,"0.376225,0.192708,0.025327,0.007966","890.0,616.0,62.0,26.0","825,533,1017,725",192x192,2448x3264,"0.499994,0.499994,0.322919,0.135422",0.00020175,0.04373037,216.8,tiny,small,3
crop_batch_2_000034_005_cigarette.jpg,batch_2_000034,data/prepared_run_002/images/train/batch_2_000034.JPG,train,5,cigarette,"0.639706,0.391850,0.011438,0.022672","1552.0,1242.0,28.0,74.0","1470,1183,1662,1375",192x192,2448x3264,"0.500002,0.499992,0.145835,0.385424",0.00025932,0.05620812,216.8,tiny,medium,2
crop_batch_2_000036_000_bottle.jpg,batch_2_000036,data/prepared_run_002/images/train/batch_2_000036.JPG,train,1,bottle,"0.756332,0.718290,0.078023,0.109375","1756.0,2166.0,191.0,357.0","1495,1987,2209,2701",714x714,2448x3264,"0.499301,0.500698,0.267507,0.500000",0.00853377,0.13375371,15.7,tiny,medium,1
crop_batch_2_000036_001_cigarette.jpg,batch_2_000036,data/prepared_run_002/images/train/batch_2_000036.JPG,train,5,cigarette,"0.575163,0.505515,0.004902,0.009804","1402.0,1634.0,12.0,32.0","1312,1554,1504,1746",192x192,2448x3264,"0.499995,0.500005,0.062500,0.166668",4.806e-05,0.01041683,216.7,tiny,small,1
crop_batch_2_000040_000_cup.jpg,batch_2_000040,data/prepared_run_002/images/train/batch_2_000040.JPG,train,6,cup,"0.569240,0.324449,0.046977,0.026348","1336.0,1016.0,115.0,86.0","1278,944,1508,1174",230x230,2448x3264,"0.502172,0.500007,0.499999,0.373912",0.00123775,0.18695575,151.0,tiny,medium,1
crop_batch_2_000041_000_can.jpg,batch_2_000041,data/prepared_run_002/images/train/batch_2_000041.JPG,train,3,can,"0.666871,0.577206,0.060866,0.063113","1558.0,1781.0,149.0,206.0","1426,1678,1839,2090",413x412,2448x3264,"0.500001,0.500001,0.360775,0.500002",0.00384144,0.1803881,47.0,tiny,medium,1
crop_batch_2_000043_000_can.jpg,batch_2_000043,data/prepared_run_002/images/train/batch_2_000043.JPG,train,3,can,"0.472426,0.409773,0.090278,0.037071","1046.0,1277.0,221.0,121.0","935,1116,1377,1558",442x442,2448x3264,"0.501129,0.501129,0.500001,0.273755",0.0033467,0.13687788,40.9,tiny,medium,2
crop_batch_2_000043_001_can.jpg,batch_2_000043,data/prepared_run_002/images/train/batch_2_000043.JPG,train,3,can,"0.549224,0.405331,0.065768,0.058211","1264.0,1228.0,161.0,190.0","1154,1133,1535,1513",381x380,2448x3264,"0.500001,0.500001,0.422572,0.500002",0.00382842,0.21128696,55.2,tiny,large,2
crop_batch_2_000044_000_bottle.jpg,batch_2_000044,data/prepared_run_002/images/train/batch_2_000044.JPG,train,1,bottle,"0.800449,0.409926,0.116422,0.024510","1817.0,1298.0,285.0,80.0","1674,1053,2245,1623",571x570,2448x3264,"0.499999,0.499997,0.499126,0.140352",0.0028535,0.07005336,24.5,tiny,medium,2
crop_batch_2_000044_001_bottle_cap.jpg,batch_2_000044,data/prepared_run_002/images/train/batch_2_000044.JPG,train,2,bottle_cap,"0.746324,0.410539,0.008170,0.011029","1817.0,1322.0,20.0,36.0","1731,1244,1923,1436",192x192,2448x3264,"0.500006,0.499996,0.104168,0.187493",9.011e-05,0.01953068,216.7,tiny,small,2
crop_batch_2_000044_002_cigarette.jpg,batch_2_000044,data/prepared_run_002/images/train/batch_2_000044.JPG,train,5,cigarette,"0.201389,0.387255,0.007353,0.006127","484.0,1254.0,18.0,20.0","397,1168,589,1360",192x192,2448x3264,"0.500001,0.500002,0.093751,0.104159",4.505e-05,0.00976498,216.8,tiny,tiny,1
crop_batch_2_000048_000_can.jpg,batch_2_000048,data/prepared_run_002/images/train/batch_2_000048.JPG,train,3,can,"0.548407,0.508119,0.089461,0.085478","1233.0,1519.0,219.0,279.0","1064,1380,1622,1938",558x558,2448x3264,"0.499105,0.499105,0.392474,0.500000",0.00764695,0.19623717,25.7,tiny,medium,3
crop_batch_2_000048_011_cigarette.jpg,batch_2_000048,data/prepared_run_002/images/train/batch_2_000048.JPG,train,5,cigarette,"0.321487,0.125613,0.012255,0.006127","772.0,400.0,30.0,20.0","691,314,883,506",192x192,2448x3264,"0.500001,0.500004,0.156251,0.104159",7.509e-05,0.01627497,216.7,tiny,small,1
crop_batch_2_000048_006_cigarette.jpg,batch_2_000048,data/prepared_run_002/images/train/batch_2_000048.JPG,train,5,cigarette,"0.158905,0.187806,0.010621,0.004289","376.0,606.0,26.0,14.0","293,517,485,709",192x192,2448x3264,"0.499997,0.499994,0.135418,0.072913",4.555e-05,0.00987371,216.7,tiny,tiny,2
crop_batch_2_000054_000_bag_wrapper.jpg,batch_2_000054,data/prepared_run_002/images/train/batch_2_000054.JPG,train,0,bag_wrapper,"0.185253,0.492494,0.106618,0.086091","323.0,1467.0,261.0,281.0","172,1326,735,1889",563x563,2448x3264,"0.499999,0.500001,0.463589,0.499114",0.00917885,0.23138386,25.2,tiny,large,1
crop_batch_2_000054_002_bag_wrapper.jpg,batch_2_000054,data/prepared_run_002/images/train/batch_2_000054.JPG,train,0,bag_wrapper,"0.927696,0.735754,0.064542,0.081189","2192.0,2269.0,158.0,265.0","1918,2137,2448,2667",530x530,2448x3264,"0.666037,0.499059,0.298111,0.500002",0.0052401,0.14905599,28.4,tiny,medium,1
crop_batch_2_000056_000_bag_wrapper.jpg,batch_2_000056,data/prepared_run_002/images/train/batch_2_000056.JPG,train,0,bag_wrapper,"0.389093,0.515165,0.131944,0.116115","791.0,1492.0,323.0,379.0","574,1302,1331,2060",757x758,2448x3264,"0.500000,0.500658,0.426683,0.499999",0.01532068,0.21334106,13.9,small,large,1
crop_batch_2_000058_000_bag_wrapper.jpg,batch_2_000058,data/prepared_run_002/images/train/batch_2_000058.JPG,train,0,bag_wrapper,"0.498162,0.408701,0.117239,0.101716","1076.0,1168.0,287.0,332.0","887,1002,1552,1666",665x664,2448x3264,"0.500001,0.500000,0.431581,0.500002",0.01192508,0.21579095,18.1,small,large,1
crop_batch_2_000062_000_bottle_cap.jpg,batch_2_000062,data/official_complete/TACO/data/batch_2/000062.JPG,train,2,bottle_cap,"0.556066,0.393587,0.069240,0.087827","1702.0,856.0,226.0,215.0","1589,738,2041,1190",452x452,3264x2448,"0.499999,0.498896,0.499999,0.475665",0.00608114,0.23783173,39.1,tiny,large,1
crop_batch_2_000065_000_bag_wrapper.jpg,batch_2_000065,data/prepared_run_002/images/train/batch_2_000065.JPG,train,0,bag_wrapper,"0.391136,0.536152,0.239788,0.082108","664.0,1616.0,587.0,268.0","370,1163,1545,2337",1175x1174,2448x3264,"0.500001,0.500000,0.499575,0.228280",0.01968851,0.11404297,5.8,small,medium,1
crop_batch_2_000065_001_cigarette.jpg,batch_2_000065,data/prepared_run_002/images/train/batch_2_000065.JPG,train,5,cigarette,"0.486520,0.218137,0.015523,0.012255","1172.0,692.0,38.0,40.0","1095,616,1287,808",192x192,2448x3264,"0.500005,0.499996,0.197918,0.208335",0.00019023,0.0412333,216.7,tiny,small,1
crop_batch_2_000067_000_bag_wrapper.jpg,batch_2_000067,data/official_complete/TACO/data/batch_2/000067.JPG,train,0,bag_wrapper,"0.546569,0.537582,0.158701,0.089869","1525.0,1206.0,518.0,220.0","1266,798,2302,1834",1036x1036,3264x2448,"0.500001,0.500001,0.500000,0.212355",0.0142623,0.10617729,7.4,small,medium,1
crop_batch_2_000068_000_carton.jpg,batch_2_000068,data/prepared_run_002/images/train/batch_2_000068.JPG,train,4,carton,"0.301675,0.562040,0.133578,0.109988","575.0,1655.0,327.0,359.0","379,1475,1098,2193",719x718,2448x3264,"0.500001,0.500694,0.454797,0.500001",0.01469198,0.22739896,15.5,small,large,1
crop_batch_2_000068_001_carton.jpg,batch_2_000068,data/prepared_run_002/images/train/batch_2_000068.JPG,train,4,carton,"0.376430,0.414369,0.118873,0.078125","776.0,1225.0,291.0,255.0","630,1061,1213,1644",583x583,2448x3264,"0.500001,0.500001,0.499144,0.437393",0.00928695,0.2183221,23.5,tiny,large,1
crop_batch_2_000072_000_bottle_cap.jpg,batch_2_000072,data/official_complete/TACO/data/batch_2/000072.JPG,train,2,bottle_cap,"0.679688,0.611111,0.032782,0.041667","2165.0,1445.0,107.0,102.0","2112,1389,2326,1603",214x214,3264x2448,"0.497671,0.499999,0.500002,0.476639",0.00136593,0.23832066,174.5,tiny,large,1
crop_batch_2_000073_000_carton.jpg,batch_2_000073,data/prepared_run_002/images/train/batch_2_000073.JPG,train,4,carton,"0.460172,0.593597,0.167892,0.139400","921.0,1710.0,411.0,455.0","671,1482,1582,2393",911x911,2448x3264,"0.500001,0.500001,0.451152,0.499453",0.02340414,0.22532926,9.6,small,large,2
crop_batch_2_000073_001_bag_wrapper.jpg,batch_2_000073,data/prepared_run_002/images/train/batch_2_000073.JPG,train,0,bag_wrapper,"0.435866,0.584559,0.067810,0.064338","984.0,1803.0,166.0,210.0","857,1698,1277,2118",420x420,2448x3264,"0.500000,0.500001,0.395235,0.499998",0.00436276,0.19761699,45.3,tiny,medium,2
crop_batch_2_000073_002_bag_wrapper.jpg,batch_2_000073,data/prepared_run_002/images/train/batch_2_000073.JPG,train,0,bag_wrapper,"0.983456,0.407016,0.017565,0.021140","2386.0,1294.0,43.0,69.0","2256,1233,2448,1425",192x192,2448x3264,"0.789064,0.497397,0.223954,0.359380",0.00037132,0.0804845,216.8,tiny,medium,1
crop_batch_2_000074_000_bottle.jpg,batch_2_000074,data/official_complete/TACO/data/batch_2/000074.JPG,train,1,bottle,"0.354626,0.375817,0.041973,0.157680","1089.0,727.0,137.0,386.0","771,534,1543,1306",772x772,3264x2448,"0.500647,0.500000,0.177461,0.500001",0.0066183,0.08873063,13.4,tiny,medium,2
crop_batch_2_000074_001_straw.jpg,batch_2_000074,data/official_complete/TACO/data/batch_2/000074.JPG,train,7,straw,"0.405484,0.513685,0.021752,0.082108","1288.0,1157.0,71.0,201.0","1122,1057,1525,1459",403x402,3264x2448,"0.499999,0.498758,0.176175,0.500001",0.00178601,0.08808767,49.3,tiny,medium,1
crop_batch_2_000076_002_cigarette.jpg,batch_2_000076,data/official_complete/TACO/data/batch_2/000076.JPG,train,5,cigarette,"0.098346,0.435458,0.023897,0.008170","282.0,1056.0,78.0,20.0","225,970,417,1162",192x192,3264x2448,"0.500007,0.500006,0.406249,0.104168",0.00019524,0.04231794,216.8,tiny,small,1
crop_batch_2_000076_000_bottle.jpg,batch_2_000076,data/official_complete/TACO/data/batch_2/000076.JPG,train,1,bottle,"0.562040,0.496528,0.143689,0.238154","1600.0,924.0,469.0,583.0","1251,632,2417,1799",1166x1167,3264x2448,"0.500428,0.500000,0.402231,0.499572",0.03422011,0.20094331,5.9,small,large,1
crop_batch_2_000076_001_bottle_cap.jpg,batch_2_000076,data/official_complete/TACO/data/batch_2/000076.JPG,train,2,bottle_cap,"0.376532,0.550041,0.028799,0.033088","1182.0,1306.0,94.0,81.0","1133,1251,1325,1443",192x192,3264x2448,"0.500002,0.497398,0.489583,0.421872",0.0009529,0.20654136,216.8,tiny,large,1
crop_batch_2_000080_000_can.jpg,batch_2_000080,data/prepared_run_002/images/train/batch_2_000080.JPG,train,3,can,"0.627042,0.671262,0.107026,0.057598","1404.0,2097.0,262.0,188.0","1273,1929,1797,2453",524x524,2448x3264,"0.499998,0.499998,0.499999,0.358778",0.00616448,0.17938895,29.1,tiny,medium,1
crop_batch_2_000080_001_cigarette.jpg,batch_2_000080,data/prepared_run_002/images/train/batch_2_000080.JPG,train,5,cigarette,"0.060866,0.086703,0.013889,0.030025","132.0,234.0,34.0,98.0","51,185,247,381",196x196,2448x3264,"0.500000,0.499993,0.173471,0.500008",0.00041702,0.0867368,208.0,tiny,medium,1
crop_batch_2_000081_000_bag_wrapper.jpg,batch_2_000081,data/prepared_run_002/images/train/batch_2_000081.JPG,train,0,bag_wrapper,"0.514706,0.568321,0.194444,0.136642","1022.0,1632.0,476.0,446.0","784,1379,1736,2331",952x952,2448x3264,"0.500000,0.500000,0.499999,0.468487",0.02656922,0.23424289,8.8,small,large,1
crop_batch_2_000081_001_cigarette.jpg,batch_2_000081,data/prepared_run_002/images/train/batch_2_000081.JPG,train,5,cigarette,"0.186683,0.596814,0.020425,0.020833","432.0,1914.0,50.0,68.0","361,1852,553,2044",192x192,2448x3264,"0.500000,0.500005,0.260419,0.354161",0.00042551,0.09223016,216.8,tiny,medium,1
crop_batch_2_000082_003_bag_wrapper.jpg,batch_2_000082,data/prepared_run_002/images/train/batch_2_000082.JPG,train,0,bag_wrapper,"0.540237,0.782782,0.027369,0.017157","1289.0,2527.0,67.0,56.0","1227,2459,1419,2651",192x192,2448x3264,"0.497397,0.500002,0.348955,0.291669",0.00046957,0.10177928,216.8,tiny,medium,1
crop_batch_2_000082_005_cigarette.jpg,batch_2_000082,data/prepared_run_002/images/train/batch_2_000082.JPG,train,5,cigarette,"0.667892,0.134804,0.007353,0.011029","1626.0,422.0,18.0,36.0","1539,344,1731,536",192x192,2448x3264,"0.499998,0.500001,0.093751,0.187493",8.11e-05,0.01757761,216.7,tiny,small,1
crop_batch_2_000082_004_cigarette.jpg,batch_2_000082,data/prepared_run_002/images/train/batch_2_000082.JPG,train,5,cigarette,"0.331291,0.207721,0.015523,0.003676","792.0,672.0,38.0,12.0","715,582,907,774",192x192,2448x3264,"0.500002,0.500007,0.197918,0.062492",5.706e-05,0.01236831,216.8,tiny,small,1
crop_batch_2_000082_001_bottle.jpg,batch_2_000082,data/prepared_run_002/images/train/batch_2_000082.JPG,train,1,bottle,"0.875408,0.336857,0.075980,0.083027","2050.0,964.0,186.0,271.0","1872,829,2414,1371",542x542,2448x3264,"0.499998,0.499080,0.343172,0.500000",0.00630839,0.17158591,27.2,tiny,medium,1
crop_batch_2_000083_000_carton.jpg,batch_2_000083,data/prepared_run_002/images/train/batch_2_000083.JPG,train,4,carton,"0.519199,0.492800,0.127451,0.078738","1115.0,1480.0,312.0,257.0","959,1296,1583,1920",624x624,2448x3264,"0.499999,0.500800,0.500000,0.411860",0.01003524,0.20593019,20.5,small,large,1
crop_batch_2_000084_000_bag_wrapper.jpg,batch_2_000084,data/official_complete/TACO/data/batch_2/000084.JPG,train,0,bag_wrapper,"0.536623,0.150923,0.060260,0.186790","975.0,81.0,116.0,263.0","770,0,1296,526",526x526,1925x1408,"0.499999,0.403992,0.220533,0.500001",0.01125597,0.11026677,9.8,small,medium,1
crop_batch_2_000084_004_cigarette.jpg,batch_2_000084,data/official_complete/TACO/data/batch_2/000084.JPG,train,5,cigarette,"0.591688,0.703835,0.028052,0.052557","1112.0,954.0,54.0,74.0","1043,895,1235,1087",192x192,1925x1408,"0.499997,0.499998,0.281251,0.385418",0.00147433,0.10839901,73.5,tiny,medium,3
crop_batch_2_000084_005_cigarette.jpg,batch_2_000084,data/official_complete/TACO/data/batch_2/000084.JPG,train,5,cigarette,"0.588052,0.571023,0.008312,0.025568","1124.0,786.0,16.0,36.0","1036,708,1228,900",192x192,1925x1408,"0.500001,0.500002,0.083336,0.187499",0.00021252,0.01562547,73.5,tiny,small,2
crop_batch_2_000085_000_straw.jpg,batch_2_000085,data/prepared_run_002/images/train/batch_2_000085.JPG,train,7,straw,"0.572712,0.369332,0.083333,0.176164","1300.0,918.0,204.0,575.0","827,631,1977,1780",1150x1149,2448x3264,"0.499999,0.500000,0.177391,0.500435",0.01468027,0.08877238,6.0,small,medium,1
crop_batch_2_000086_000_can.jpg,batch_2_000086,data/prepared_run_002/images/train/batch_2_000086.JPG,train,3,can,"0.614379,0.246170,0.142974,0.051164","1329.0,720.0,350.0,167.0","1154,453,1854,1153",700x700,2448x3264,"0.500000,0.500713,0.500001,0.238570",0.00731512,0.11928533,16.3,tiny,medium,1
crop_batch_2_000088_000_bottle.jpg,batch_2_000088,data/prepared_run_002/images/train/batch_2_000088.JPG,train,1,bottle,"0.698529,0.502451,0.181373,0.142770","1488.0,1407.0,444.0,466.0","1244,1174,2176,2106",932x932,2448x3264,"0.499999,0.500000,0.476396,0.500001",0.02589462,0.23819867,9.2,small,large,2
crop_batch_2_000088_001_bottle_cap.jpg,batch_2_000088,data/prepared_run_002/images/train/batch_2_000088.JPG,train,2,bottle_cap,"0.626634,0.560509,0.037582,0.026654","1488.0,1786.0,92.0,87.0","1438,1734,1630,1926",192x192,2448x3264,"0.500000,0.497403,0.479170,0.453118",0.00100171,0.21712078,216.7,tiny,large,1
crop_batch_2_000089_000_bag_wrapper.jpg,batch_2_000089,data/official_complete/TACO/data/batch_2/000089.JPG,train,0,bag_wrapper,"0.596201,0.387663,0.186887,0.073529","1641.0,859.0,610.0,180.0","1336,339,2556,1559",1220x1220,3264x2448,"0.500000,0.499999,0.499999,0.147540",0.01374161,0.07376998,5.4,small,medium,1
crop_batch_2_000090_000_bag_wrapper.jpg,batch_2_000090,data/official_complete/TACO/data/batch_2/000090.JPG,train,0,bag_wrapper,"0.537990,0.691585,0.133578,0.089869","1538.0,1583.0,436.0,220.0","1320,1257,2192,2129",872x872,3264x2448,"0.499999,0.500000,0.499998,0.252293",0.01200452,0.12614599,10.5,small,medium,1
crop_batch_2_000091_000_bag_wrapper.jpg,batch_2_000091,data/official_complete/TACO/data/batch_2/000091.JPG,train,0,bag_wrapper,"0.562653,0.613766,0.128983,0.097631","1626.0,1383.0,421.0,239.0","1415,1081,2257,1923",842x842,3264x2448,"0.500593,0.500593,0.500001,0.283849",0.01259274,0.14192457,11.3,small,medium,1
crop_batch_2_000092_000_bag_wrapper.jpg,batch_2_000092,data/official_complete/TACO/data/batch_2/000092.JPG,train,0,bag_wrapper,"0.461397,0.459967,0.120098,0.151144","1310.0,941.0,392.0,370.0","1114,734,1898,1518",784x784,3264x2448,"0.500000,0.499999,0.500000,0.471939",0.01815209,0.23596964,13.0,small,large,1
crop_batch_2_000093_000_bottle_cap.jpg,batch_2_000093,data/prepared_run_002/images/train/batch_2_000093.JPG,train,2,bottle_cap,"0.482026,0.556066,0.036765,0.026348","1135.0,1772.0,90.0,86.0","1084,1719,1276,1911",192x192,2448x3264,"0.499998,0.499997,0.468754,0.447916",0.00096868,0.2099623,216.8,tiny,large,1
crop_batch_2_000094_000_bag_wrapper.jpg,batch_2_000094,data/official_complete/TACO/data/batch_2/000094.JPG,train,0,bag_wrapper,"0.573376,0.500408,0.171262,0.183824","1592.0,1000.0,559.0,450.0","1313,666,2430,1784",1117x1118,3264x2448,"0.499999,0.499999,0.500447,0.402506",0.03148207,0.20143262,6.4,small,large,1
crop_batch_2_000095_000_bag_wrapper.jpg,batch_2_000095,data/official_complete/TACO/data/batch_2/000095.JPG,train,0,bag_wrapper,"0.543045,0.399918,0.178002,0.218954","1482.0,711.0,581.0,536.0","1192,398,2353,1560",1161x1162,3264x2448,"0.499999,0.499999,0.500429,0.461273",0.03897425,0.23083464,5.9,small,large,1
crop_batch_2_000099_000_bag_wrapper.jpg,batch_2_000099,data/prepared_run_002/images/train/batch_2_000099.JPG,train,0,bag_wrapper,"0.574142,0.384191,0.225082,0.115196","1130.0,1066.0,551.0,376.0","854,703,1957,1805",1103x1102,2448x3264,"0.500000,0.499999,0.499547,0.341198",0.02592855,0.17044435,6.6,small,medium,1
crop_batch_3_IMG_4852_000_cigarette.jpg,batch_3_IMG_4852,data/official_complete/TACO/data/batch_3/IMG_4852.JPG,train,5,cigarette,"0.244179,0.012255,0.012868,0.021242","776.0,4.0,42.0,52.0","701,0,893,192",192x192,3264x2448,"0.500001,0.156251,0.218756,0.270836",0.00027334,0.05924689,216.8,tiny,medium,1
crop_batch_3_IMG_4854_000_cup.jpg,batch_3_IMG_4854,data/official_complete/TACO/data/batch_3/IMG_4854.JPG,train,6,cup,"0.609375,0.482435,0.120098,0.165850","1793.0,978.0,392.0,406.0","1583,775,2395,1587",812x812,3264x2448,"0.500000,0.500001,0.482758,0.500001",0.01991825,0.24137971,12.1,small,large,1
crop_batch_3_IMG_4855_000_carton.jpg,batch_3_IMG_4855,data/official_complete/TACO/data/batch_3/IMG_4855.JPG,train,4,carton,"0.434896,0.473448,0.106924,0.165850","1245.0,956.0,349.0,406.0","1013,753,1826,1565",813x812,3264x2448,"0.500001,0.500001,0.429274,0.500001",0.01773335,0.21463753,12.1,small,large,1
crop_batch_3_IMG_4856_000_bag_wrapper.jpg,batch_3_IMG_4856,data/official_complete/TACO/data/batch_3/IMG_4856.JPG,train,0,bag_wrapper,"0.550858,0.449755,0.092525,0.094771","1647.0,985.0,302.0,232.0","1496,799,2100,1403",604x604,3264x2448,"0.500001,0.500000,0.500003,0.384105",0.00876869,0.19205351,21.9,tiny,medium,1
crop_batch_3_IMG_4857_000_cup.jpg,batch_3_IMG_4857,data/official_complete/TACO/data/batch_3/IMG_4857.JPG,train,6,cup,"0.509651,0.374891,0.079963,0.101747","1533.0,742.0,261.0,233.0","1403,598,1925,1119",522x521,3264x2290,"0.499044,0.500001,0.499999,0.447218",0.008136,0.22360839,27.5,tiny,large,1
crop_batch_3_IMG_4860_000_bag_wrapper.jpg,batch_3_IMG_4860,data/prepared_run_002/images/train/batch_3_IMG_4860.JPG,train,0,bag_wrapper,"0.743464,0.568321,0.222222,0.108456","1548.0,1678.0,544.0,354.0","1276,1311,2364,2399",1088x1088,2448x3264,"0.500000,0.500000,0.499999,0.325368",0.02410131,0.16268384,6.8,small,medium,1
crop_batch_3_IMG_4881_000_bag_wrapper.jpg,batch_3_IMG_4881,data/official_complete/TACO/data/batch_3/IMG_4881.JPG,train,0,bag_wrapper,"0.292688,0.627066,0.073938,0.047650","626.0,1861.0,181.0,147.0","536,1753,898,2115",362x362,2448x3085,"0.498619,0.501377,0.500001,0.406078",0.00352315,0.20303927,57.6,tiny,large,1
crop_batch_3_IMG_4881_001_cigarette.jpg,batch_3_IMG_4881,data/official_complete/TACO/data/batch_3/IMG_4881.JPG,train,5,cigarette,"0.412173,0.184441,0.007353,0.023339","1000.0,533.0,18.0,72.0","913,473,1105,665",192x192,2448x3085,"0.499997,0.500003,0.093751,0.375004",0.00017161,0.03515693,204.9,tiny,small,1
crop_batch_3_IMG_4887_000_can.jpg,batch_3_IMG_4887,data/prepared_run_002/images/train/batch_3_IMG_4887.JPG,train,3,can,"0.439338,0.349418,0.082925,0.040748","974.0,1074.0,203.0,133.0","872,937,1278,1344",406x407,2448x3264,"0.501230,0.500001,0.500001,0.326785",0.00337903,0.16339279,48.4,tiny,medium,1
crop_batch_3_IMG_4889_000_can.jpg,batch_3_IMG_4889,data/prepared_run_002/images/train/batch_3_IMG_4889.JPG,train,3,can,"0.454657,0.385417,0.107026,0.037990","982.0,1196.0,262.0,124.0","851,996,1375,1520",524x524,2448x3264,"0.500001,0.500002,0.499999,0.236640",0.00406592,0.11831984,29.1,tiny,medium,1
crop_batch_3_IMG_4893_000_bottle.jpg,batch_3_IMG_4893,data/prepared_run_002/images/train/batch_3_IMG_4893.JPG,train,1,bottle,"0.493464,0.640472,0.102124,0.168811","1083.0,1815.0,250.0,551.0","657,1540,1759,2641",1102x1101,2448x3264,"0.500000,0.500001,0.226860,0.500453",0.01723965,0.11353276,6.6,small,medium,1
crop_batch_3_IMG_4895_000_bag_wrapper.jpg,batch_3_IMG_4895,data/prepared_run_002/images/train/batch_3_IMG_4895.JPG,train,0,bag_wrapper,"0.560253,0.561887,0.098448,0.115196","1251.0,1646.0,241.0,376.0","995,1458,1747,2210",752x752,2448x3264,"0.500664,0.499999,0.320480,0.500000",0.01134082,0.16023972,14.1,small,medium,2
crop_batch_3_IMG_4895_001_bag_wrapper.jpg,batch_3_IMG_4895,data/prepared_run_002/images/train/batch_3_IMG_4895.JPG,train,0,bag_wrapper,"0.438521,0.591299,0.072304,0.037990","985.0,1868.0,177.0,124.0","896,1753,1250,2107",354x354,2448x3264,"0.501411,0.500000,0.500001,0.350281",0.00274683,0.17514053,63.8,tiny,medium,1
crop_batch_3_IMG_4902_001_bag_wrapper.jpg,batch_3_IMG_4902,data/prepared_run_002/images/train/batch_3_IMG_4902.JPG,train,0,bag_wrapper,"0.676471,0.582261,0.025327,0.028493","1625.0,1854.0,62.0,93.0","1560,1804,1752,1996",192x192,2448x3264,"0.500005,0.502604,0.322919,0.484381",0.00072164,0.15641595,216.8,tiny,medium,1
crop_batch_3_IMG_4902_000_bag_wrapper.jpg,batch_3_IMG_4902,data/prepared_run_002/images/train/batch_3_IMG_4902.JPG,train,0,bag_wrapper,"0.552492,0.360447,0.148284,0.070159","1171.0,1062.0,363.0,229.0","990,813,1715,1539",725x726,2448x3264,"0.500001,0.500687,0.500689,0.315426",0.01040346,0.15792999,15.2,small,medium,1
crop_batch_3_IMG_4911_000_bag_wrapper.jpg,batch_3_IMG_4911,data/prepared_run_002/images/train/batch_3_IMG_4911.JPG,train,0,bag_wrapper,"0.342933,0.524816,0.051879,0.072304","776.0,1595.0,127.0,236.0","603,1477,1076,1949",473x472,2448x3264,"0.500000,0.499999,0.268499,0.500001",0.00375106,0.1342494,35.8,tiny,medium,1
crop_batch_3_IMG_4914_000_bottle_cap.jpg,batch_3_IMG_4914,data/prepared_run_002/images/train/batch_3_IMG_4914.JPG,train,2,bottle_cap,"0.542075,0.425858,0.087418,0.063113","1220.0,1287.0,214.0,206.0","1113,1176,1541,1604",428x428,2448x3264,"0.499999,0.500001,0.499998,0.481310",0.00551721,0.24065435,43.6,tiny,large,1
crop_batch_3_IMG_4917_000_bottle_cap.jpg,batch_3_IMG_4917,data/prepared_run_002/images/train/batch_3_IMG_4917.JPG,train,2,bottle_cap,"0.745711,0.434436,0.044526,0.028799","1771.0,1371.0,109.0,94.0","1717,1309,1935,1527",218x218,2448x3264,"0.497709,0.499996,0.499998,0.431192",0.0012823,0.21559549,168.1,tiny,large,1
crop_batch_3_IMG_4922_000_straw.jpg,batch_3_IMG_4922,data/prepared_run_002/images/train/batch_3_IMG_4922.JPG,train,7,straw,"0.493668,0.404105,0.104167,0.114583","1081.0,1132.0,255.0,374.0","835,945,1582,1693",747x748,2448x3264,"0.499999,0.499998,0.341367,0.499999",0.01193577,0.17068278,14.3,small,medium,2
crop_batch_3_IMG_4922_001_cup.jpg,batch_3_IMG_4922,data/prepared_run_002/images/train/batch_3_IMG_4922.JPG,train,6,cup,"0.554534,0.473039,0.137663,0.135417","1189.0,1323.0,337.0,442.0","915,1102,1800,1986",885x884,2448x3264,"0.499999,0.499999,0.380790,0.500001",0.01864191,0.1903954,10.2,small,medium,2
crop_batch_3_IMG_4924_001_cigarette.jpg,batch_3_IMG_4924,data/prepared_run_002/images/train/batch_3_IMG_4924.JPG,train,5,cigarette,"0.834559,0.436275,0.013889,0.020833","2026.0,1390.0,34.0,68.0","1947,1328,2139,1520",192x192,2448x3264,"0.500002,0.500008,0.177085,0.354161",0.00028935,0.06271651,216.8,tiny,medium,1
crop_batch_3_IMG_4924_000_bag_wrapper.jpg,batch_3_IMG_4924,data/prepared_run_002/images/train/batch_3_IMG_4924.JPG,train,0,bag_wrapper,"0.463031,0.583180,0.109069,0.070772","1000.0,1788.0,267.0,231.0","866,1636,1401,2171",535x535,2448x3264,"0.500000,0.499999,0.499067,0.431775",0.00771903,0.21548488,27.9,tiny,large,1
crop_batch_3_IMG_4929_000_bag_wrapper.jpg,batch_3_IMG_4929,data/official_complete/TACO/data/batch_3/IMG_4929.JPG,train,0,bag_wrapper,"0.424632,0.703421,0.173611,0.151445","827.0,1890.0,425.0,456.0","583,1662,1496,2574",913x912,2448x3011,"0.499999,0.500001,0.465498,0.500001",0.02629252,0.23274949,8.9,small,large,1
crop_batch_3_IMG_4950_000_bag_wrapper.jpg,batch_3_IMG_4950,data/official_complete/TACO/data/batch_3/IMG_4950.JPG,train,0,bag_wrapper,"0.383578,0.505562,0.181373,0.172612","717.0,1093.0,444.0,450.0","489,868,1389,1768",900x900,2448x2607,"0.499999,0.500000,0.493335,0.499999",0.03130716,0.246667,7.9,small,large,1
crop_batch_3_IMG_4964_000_bag_wrapper.jpg,batch_3_IMG_4964,data/official_complete/TACO/data/batch_3/IMG_4964.JPG,train,0,bag_wrapper,"0.416207,0.495302,0.032782,0.041258","1305.0,1162.0,107.0,101.0","1251,1105,1466,1319",215x214,3264x2448,"0.499998,0.502333,0.497677,0.471961",0.00135252,0.23488374,173.7,tiny,large,1
crop_batch_3_IMG_4965_000_bag_wrapper.jpg,batch_3_IMG_4965,data/official_complete/TACO/data/batch_3/IMG_4965.JPG,train,0,bag_wrapper,"0.694393,0.559028,0.177390,0.246324","1977.0,1067.0,579.0,603.0","1663,765,2869,1972",1206x1207,3264x2448,"0.500414,0.500000,0.480100,0.499587",0.04369541,0.23985173,5.5,small,large,1
crop_batch_3_IMG_4966_000_bag_wrapper.jpg,batch_3_IMG_4966,data/official_complete/TACO/data/batch_3/IMG_4966.JPG,train,0,bag_wrapper,"0.418811,0.561070,0.066789,0.085376","1258.0,1269.0,218.0,209.0","1149,1156,1585,1591",436x435,3264x2448,"0.499998,0.499999,0.499998,0.480461",0.00570218,0.24022962,42.1,tiny,large,1
crop_batch_3_IMG_4967_001_cup.jpg,batch_3_IMG_4967,data/prepared_run_002/images/train/batch_3_IMG_4967.JPG,train,6,cup,"0.419322,0.537071,0.053513,0.058824","961.0,1657.0,131.0,192.0","834,1561,1219,1945",385x384,2448x3264,"0.500001,0.499999,0.340259,0.500004",0.00314785,0.170131,54.0,tiny,medium,1
crop_batch_3_IMG_4967_000_straw.jpg,batch_3_IMG_4967,data/prepared_run_002/images/train/batch_3_IMG_4967.JPG,train,7,straw,"0.684641,0.517616,0.122549,0.056679","1526.0,1597.0,300.0,185.0","1376,1389,1976,1989",600x600,2448x3264,"0.500002,0.500831,0.500000,0.308334",0.00694595,0.15416686,22.2,tiny,medium,1
crop_batch_3_IMG_4969_005_cup.jpg,batch_3_IMG_4969,data/prepared_run_002/images/train/batch_3_IMG_4969.JPG,train,6,cup,"0.635008,0.464767,0.028186,0.018382","1520.0,1487.0,69.0,60.0","1458,1421,1650,1613",192x192,2448x3264,"0.502602,0.499997,0.359372,0.312494",0.00051812,0.11230144,216.8,tiny,medium,1
crop_batch_3_IMG_4969_007_can.jpg,batch_3_IMG_4969,data/prepared_run_002/images/train/batch_3_IMG_4969.JPG,train,3,can,"0.585580,0.280484,0.009395,0.010723","1422.0,898.0,23.0,35.0","1337,819,1529,1011",192x192,2448x3264,"0.502603,0.502603,0.119786,0.182291",0.00010074,0.02183596,216.8,tiny,small,1
crop_batch_3_IMG_4969_004_carton.jpg,batch_3_IMG_4969,data/prepared_run_002/images/train/batch_3_IMG_4969.JPG,train,4,carton,"0.352941,0.468750,0.062908,0.023284","787.0,1492.0,154.0,76.0","710,1376,1018,1684",308x308,2448x3264,"0.499999,0.500000,0.499996,0.246750",0.00146475,0.12337399,84.2,tiny,medium,2
crop_batch_3_IMG_4969_006_bag_wrapper.jpg,batch_3_IMG_4969,data/prepared_run_002/images/train/batch_3_IMG_4969.JPG,train,0,bag_wrapper,"0.450980,0.443627,0.017974,0.009804","1082.0,1432.0,44.0,32.0","1008,1352,1200,1544",192x192,2448x3264,"0.499995,0.499992,0.229169,0.166668",0.00017622,0.03819506,216.8,tiny,small,1
crop_batch_3_IMG_4971_000_bottle_cap.jpg,batch_3_IMG_4971,data/prepared_run_002/images/train/batch_3_IMG_4971.JPG,train,2,bottle_cap,"0.480392,0.805607,0.088235,0.071998","1068.0,2512.0,216.0,235.0","941,2394,1411,2865",470x471,2448x3264,"0.499999,0.500003,0.459573,0.498942",0.00635274,0.22930004,36.1,tiny,large,1
crop_batch_3_IMG_4972_000_cigarette.jpg,batch_3_IMG_4972,data/prepared_run_002/images/train/batch_3_IMG_4972.JPG,train,5,cigarette,"0.655637,0.089461,0.031863,0.015931","1566.0,266.0,78.0,52.0","1509,196,1701,388",192x192,2448x3264,"0.499997,0.500004,0.406253,0.270827",0.00050761,0.11002435,216.8,tiny,medium,1
crop_batch_3_IMG_4977_000_can.jpg,batch_3_IMG_4977,data/prepared_run_002/images/train/batch_3_IMG_4977.JPG,train,3,can,"0.525123,0.571538,0.106618,0.081189","1155.0,1733.0,261.0,265.0","1021,1600,1551,2131",530x531,2448x3264,"0.499059,0.500000,0.492454,0.499060",0.00865621,0.24576436,28.4,tiny,large,1
crop_batch_3_IMG_4992_001_bottle_cap.jpg,batch_3_IMG_4992,data/prepared_run_002/images/train/batch_3_IMG_4992.JPG,train,2,bottle_cap,"0.489992,0.217831,0.021650,0.014706","1173.0,687.0,53.0,48.0","1104,615,1296,807",192x192,2448x3264,"0.497398,0.500002,0.276037,0.250002",0.00031838,0.06900993,216.8,tiny,medium,1
crop_batch_3_IMG_4992_000_bottle.jpg,batch_3_IMG_4992,data/prepared_run_002/images/train/batch_3_IMG_4992.JPG,train,1,bottle,"0.499796,0.350031,0.185049,0.150429","997.0,897.0,453.0,491.0","733,652,1715,1634",982x982,2448x3264,"0.499491,0.499492,0.461303,0.500000",0.02783674,0.23065183,8.3,small,large,2
crop_batch_3_IMG_4994_000_cup.jpg,batch_3_IMG_4994,data/prepared_run_002/images/train/batch_3_IMG_4994.JPG,train,6,cup,"0.305964,0.494179,0.142974,0.132353","574.0,1397.0,350.0,432.0","317,1181,1181,2045",864x864,2448x3264,"0.500000,0.500000,0.405093,0.500000",0.01892304,0.20254659,10.7,small,large,1
crop_batch_3_IMG_4994_001_bottle.jpg,batch_3_IMG_4994,data/prepared_run_002/images/train/batch_3_IMG_4994.JPG,train,1,bottle,"0.636234,0.360294,0.127042,0.048407","1402.0,1097.0,311.0,158.0","1247,865,1868,1487",621x622,2448x3264,"0.500001,0.499999,0.500803,0.254020",0.00614972,0.12721405,20.7,tiny,medium,1
crop_batch_3_IMG_4996_001_bottle_cap.jpg,batch_3_IMG_4996,data/prepared_run_002/images/train/batch_3_IMG_4996.JPG,train,2,bottle_cap,"0.526552,0.677543,0.049837,0.023591","1228.0,2173.0,122.0,77.0","1167,2089,1411,2334",244x245,2448x3264,"0.499997,0.500001,0.500004,0.314290",0.0011757,0.1571462,133.7,tiny,medium,1
crop_batch_3_IMG_4996_002_can.jpg,batch_3_IMG_4996,data/prepared_run_002/images/train/batch_3_IMG_4996.JPG,train,3,can,"0.455678,0.101256,0.257761,0.113664","800.0,145.0,631.0,371.0","485,0,1746,1262",1261x1262,2448x3264,"0.500000,0.261886,0.500396,0.293977",0.02929815,0.14710494,5.0,small,medium,1
crop_batch_3_IMG_4996_000_bottle.jpg,batch_3_IMG_4996,data/prepared_run_002/images/train/batch_3_IMG_4996.JPG,train,1,bottle,"0.509600,0.564951,0.121324,0.248775","1099.0,1438.0,297.0,812.0","435,1032,2060,2656",1625x1624,2448x3264,"0.500000,0.500000,0.182770,0.500001",0.03018238,0.09138515,3.0,small,medium,2
crop_batch_3_IMG_4997_000_can.jpg,batch_3_IMG_4997,data/prepared_run_002/images/train/batch_3_IMG_4997.JPG,train,3,can,"0.556985,0.297028,0.053513,0.031556","1298.0,918.0,131.0,103.0","1232,838,1494,1100",262x262,2448x3264,"0.501906,0.501906,0.499999,0.393125",0.00168866,0.1965623,116.4,tiny,medium,1
crop_batch_3_IMG_5003_011_cigarette.jpg,batch_3_IMG_5003,data/prepared_run_002/images/train/batch_3_IMG_5003.JPG,train,5,cigarette,"0.837418,0.085478,0.026144,0.004289","2018.0,272.0,64.0,14.0","1954,183,2146,375",192x192,2448x3264,"0.499996,0.500001,0.333336,0.072913",0.00011213,0.02430453,216.7,tiny,small,1
crop_batch_3_IMG_5003_009_cigarette.jpg,batch_3_IMG_5003,data/prepared_run_002/images/train/batch_3_IMG_5003.JPG,train,5,cigarette,"0.773284,0.463542,0.023693,0.022672","1864.0,1476.0,58.0,74.0","1797,1417,1989,1609",192x192,2448x3264,"0.499996,0.500006,0.302086,0.385424",0.00053717,0.1164311,216.8,tiny,medium,1
crop_batch_3_IMG_5036_000_bottle.jpg,batch_3_IMG_5036,data/prepared_run_002/images/train/batch_3_IMG_5036.JPG,train,1,bottle,"0.544526,0.280331,0.080065,0.017770","1235.0,886.0,196.0,58.0","1137,719,1529,1111",392x392,2448x3264,"0.499999,0.500001,0.499998,0.147962",0.00142276,0.07398089,52.0,tiny,medium,1
crop_batch_3_IMG_5045_001_bag_wrapper.jpg,batch_3_IMG_5045,data/prepared_run_002/images/train/batch_3_IMG_5045.JPG,train,0,bag_wrapper,"0.412582,0.663450,0.184641,0.140625","784.0,1936.0,452.0,459.0","551,1707,1469,2625",918x918,2448x3264,"0.500001,0.499456,0.492376,0.500000",0.02596514,0.246188,9.5,small,large,1
crop_batch_3_IMG_5046_000_can.jpg,batch_3_IMG_5046,data/prepared_run_002/images/train/batch_3_IMG_5046.JPG,train,3,can,"0.485703,0.670496,0.165033,0.134498","987.0,1969.0,404.0,439.0","750,1749,1628,2628",878x879,2448x3264,"0.500001,0.499999,0.460138,0.499433",0.02219661,0.22980781,10.4,small,large,1
crop_batch_3_IMG_5048_000_bag_wrapper.jpg,batch_3_IMG_5048,data/prepared_run_002/images/train/batch_3_IMG_5048.JPG,train,0,bag_wrapper,"0.568832,0.393076,0.042075,0.071691","1341.0,1166.0,103.0,234.0","1159,1049,1627,1517",468x468,2448x3264,"0.498933,0.500000,0.220085,0.499999",0.0030164,0.11004204,36.5,tiny,medium,1
crop_batch_3_IMG_5053_002_bottle_cap.jpg,batch_3_IMG_5053,data/prepared_run_002/images/train/batch_3_IMG_5053.JPG,train,2,bottle_cap,"0.713235,0.301930,0.039216,0.021140","1698.0,951.0,96.0,69.0","1650,889,1842,1082",192x193,2448x3264,"0.499996,0.499998,0.500004,0.357518",0.00082903,0.17876039,215.6,tiny,medium,1
crop_batch_3_IMG_5053_001_bottle.jpg,batch_3_IMG_5053,data/prepared_run_002/images/train/batch_3_IMG_5053.JPG,train,1,bottle,"0.981413,0.211244,0.037173,0.173100","2357.0,407.0,91.0,565.0","1318,125,2448,1254",1130x1129,2448x3264,"0.959734,0.500000,0.080531,0.500441",0.00643465,0.04030082,6.3,tiny,small,3
crop_batch_3_IMG_5053_000_bottle.jpg,batch_3_IMG_5053,data/prepared_run_002/images/train/batch_3_IMG_5053.JPG,train,1,bottle,"0.701797,0.383425,0.101307,0.184743","1594.0,950.0,248.0,603.0","1115,648,2321,1855",1206x1207,2448x3264,"0.499999,0.499999,0.205638,0.499587",0.01871576,0.10273406,5.5,small,medium,2
crop_batch_3_IMG_5054_003_straw.jpg,batch_3_IMG_5054,data/prepared_run_002/images/train/batch_3_IMG_5054.JPG,train,7,straw,"0.945466,0.546262,0.012663,0.001838","2299.0,1780.0,31.0,6.0","2219,1687,2411,1879",192x192,2448x3264,"0.497400,0.499996,0.161453,0.031246",2.327e-05,0.00504477,216.8,tiny,tiny,3
crop_batch_3_IMG_5054_002_can.jpg,batch_3_IMG_5054,data/prepared_run_002/images/train/batch_3_IMG_5054.JPG,train,3,can,"0.905637,0.565564,0.022876,0.011642","2189.0,1827.0,56.0,38.0","2121,1750,2313,1942",192x192,2448x3264,"0.499997,0.500005,0.291669,0.197914",0.00026632,0.05772538,216.7,tiny,medium,3
crop_batch_3_IMG_5054_001_cup.jpg,batch_3_IMG_5054,data/prepared_run_002/images/train/batch_3_IMG_5054.JPG,train,6,cup,"0.933824,0.552543,0.023693,0.019301","2257.0,1772.0,58.0,63.0","2190,1708,2382,1900",192x192,2448x3264,"0.500006,0.497398,0.302086,0.328117",0.0004573,0.09911947,216.8,tiny,medium,3
crop_batch_3_IMG_5054_000_cup.jpg,batch_3_IMG_5054,data/prepared_run_002/images/train/batch_3_IMG_5054.JPG,train,6,cup,"0.534109,0.623009,0.030637,0.016850","1270.0,2006.0,75.0,55.0","1211,1938,1403,2130",192x192,2448x3264,"0.502598,0.497403,0.390622,0.286450",0.00051623,0.1118936,216.8,tiny,medium,1
crop_batch_3_IMG_5055_001_can.jpg,batch_3_IMG_5055,data/prepared_run_002/images/train/batch_3_IMG_5055.JPG,train,3,can,"0.558824,0.415441,0.126634,0.128676","1213.0,1146.0,310.0,420.0","948,936,1788,1776",840x840,2448x3264,"0.500001,0.499999,0.369048,0.499998",0.01629476,0.18452315,11.3,small,medium,1
crop_batch_3_IMG_5055_000_can.jpg,batch_3_IMG_5055,data/prepared_run_002/images/train/batch_3_IMG_5055.JPG,train,3,can,"0.531046,0.592525,0.135621,0.094363","1134.0,1780.0,332.0,308.0","968,1602,1632,2266",664x664,2448x3264,"0.500001,0.500002,0.500000,0.463857",0.0127976,0.23192848,18.1,small,large,1
crop_batch_3_IMG_5057_000_can.jpg,batch_3_IMG_5057,data/prepared_run_002/images/train/batch_3_IMG_5057.JPG,train,3,can,"0.510417,0.549173,0.048611,0.018689","1190.0,1762.0,119.0,61.0","1131,1674,1369,1912",238x238,2448x3264,"0.497903,0.497902,0.499999,0.256306",0.00090849,0.12815285,141.1,tiny,medium,1
crop_batch_3_IMG_5058_000_can.jpg,batch_3_IMG_5058,data/prepared_run_002/images/train/batch_3_IMG_5058.JPG,train,3,can,"0.385621,0.465839,0.128268,0.075061","787.0,1398.0,314.0,245.0","630,1206,1258,1834",628x628,2448x3264,"0.500000,0.500794,0.500000,0.390126",0.00962792,0.19506302,20.3,tiny,medium,1
crop_batch_3_IMG_5060_001_cigarette.jpg,batch_3_IMG_5060,data/prepared_run_002/images/train/batch_3_IMG_5060.JPG,train,5,cigarette,"0.793301,0.205882,0.019608,0.006127","1918.0,662.0,48.0,20.0","1846,576,2038,768",192x192,2448x3264,"0.500004,0.499994,0.250002,0.104159",0.00012014,0.02603996,216.8,tiny,small,1
crop_batch_3_IMG_5060_002_cigarette.jpg,batch_3_IMG_5060,data/prepared_run_002/images/train/batch_3_IMG_5060.JPG,train,5,cigarette,"0.910948,0.179841,0.027778,0.012868","2196.0,566.0,68.0,42.0","2134,491,2326,683",192x192,2448x3264,"0.500004,0.500005,0.354170,0.218756",0.00035745,0.0774767,216.8,tiny,medium,1
crop_batch_3_IMG_5061_001_bag_wrapper.jpg,batch_3_IMG_5061,data/official_complete/TACO/data/batch_3/IMG_5061.JPG,train,0,bag_wrapper,"0.953125,0.818015,0.093137,0.185049","2959.0,1776.0,304.0,453.0","2358,1542,3264,2448",906x906,3264x2448,"0.831126,0.508279,0.335540,0.500000",0.01723491,0.16776994,9.7,small,medium,1
crop_batch_3_IMG_5061_000_carton.jpg,batch_3_IMG_5061,data/official_complete/TACO/data/batch_3/IMG_5061.JPG,train,4,carton,"0.440411,0.534109,0.021140,0.019199","1403.0,1284.0,69.0,47.0","1342,1211,1534,1403",192x192,3264x2448,"0.497404,0.502598,0.359380,0.244787",0.00040587,0.08797164,216.8,tiny,medium,1
crop_batch_4_000000_000_bottle_cap.jpg,batch_4_000000,data/prepared_run_002/images/train/batch_4_000000.JPG,train,2,bottle_cap,"0.598448,0.349724,0.028595,0.019914","1430.0,1109.0,70.0,65.0","1369,1045,1561,1237",192x192,2448x3264,"0.500004,0.502600,0.364586,0.338538",0.00056944,0.1234263,216.7,tiny,medium,1
crop_batch_4_000002_002_bag_wrapper.jpg,batch_4_000002,data/prepared_run_002/images/train/batch_4_000002.JPG,train,0,bag_wrapper,"0.535743,0.959406,0.102533,0.080576","1186.0,3000.0,251.0,263.0","1048,2738,1574,3264",526x526,2448x3264,"0.500948,0.748101,0.477188,0.500000",0.0082617,0.23859396,28.9,tiny,large,5
crop_batch_4_000002_001_cup.jpg,batch_4_000002,data/prepared_run_002/images/train/batch_4_000002.JPG,train,6,cup,"0.731005,0.443474,0.027369,0.019301","1756.0,1416.0,67.0,63.0","1694,1351,1886,1543",192x192,2448x3264,"0.497397,0.502600,0.348955,0.328117",0.00052825,0.11449799,216.7,tiny,medium,1
crop_batch_4_000002_000_cup.jpg,batch_4_000002,data/prepared_run_002/images/train/batch_4_000002.JPG,train,6,cup,"0.179943,0.256893,0.024918,0.017463","410.0,810.0,61.0,57.0","345,742,537,934",192x192,2448x3264,"0.497398,0.502598,0.317704,0.296871",0.00043514,0.09431725,216.8,tiny,medium,1
crop_batch_4_000002_006_cigarette.jpg,batch_4_000002,data/prepared_run_002/images/train/batch_4_000002.JPG,train,5,cigarette,"0.629493,0.851716,0.010621,0.004902","1528.0,2772.0,26.0,16.0","1445,2684,1637,2876",192x192,2448x3264,"0.499994,0.500005,0.135418,0.083334",5.206e-05,0.0112849,216.7,tiny,small,5
crop_batch_4_000003_000_bottle_cap.jpg,batch_4_000003,data/prepared_run_002/images/train/batch_4_000003.JPG,train,2,bottle_cap,"0.375613,0.339154,0.064951,0.048407","840.0,1028.0,159.0,158.0","761,948,1079,1266",318x318,2448x3264,"0.498430,0.499996,0.500000,0.496857",0.00314408,0.24842845,79.0,tiny,large,1
crop_batch_4_000004_002_cigarette.jpg,batch_4_000004,data/official_complete/TACO/data/batch_4/000004.JPG,train,5,cigarette,"0.019301,0.530637,0.014093,0.010621","40.0,1286.0,46.0,26.0","0,1203,192,1395",192x192,3264x2448,"0.328117,0.499997,0.239581,0.135418",0.00014968,0.03244352,216.7,tiny,small,1
crop_batch_4_000004_000_cigarette.jpg,batch_4_000004,data/official_complete/TACO/data/batch_4/000004.JPG,train,5,cigarette,"0.769914,0.510621,0.016544,0.006536","2486.0,1242.0,54.0,16.0","2417,1154,2609,1346",192x192,3264x2448,"0.499996,0.500001,0.281248,0.083334",0.00010813,0.02343752,216.8,tiny,small,2
crop_batch_4_000005_000_cup.jpg,batch_4_000005,data/official_complete/TACO/data/batch_4/000005.JPG,train,6,cup,"0.517616,0.389706,0.086091,0.080882","1549.0,855.0,281.0,198.0","1408,673,1970,1235",562x562,3264x2448,"0.500887,0.500001,0.500002,0.352312",0.00696321,0.17615646,25.3,tiny,medium,1
crop_batch_4_000005_001_cigarette.jpg,batch_4_000005,data/official_complete/TACO/data/batch_4/000005.JPG,train,5,cigarette,"0.238358,0.488971,0.023284,0.007353","740.0,1188.0,76.0,18.0","682,1101,874,1293",192x192,3264x2448,"0.500003,0.500005,0.395828,0.093751",0.00017121,0.03710917,216.8,tiny,small,1
crop_batch_4_000005_002_cigarette.jpg,batch_4_000005,data/official_complete/TACO/data/batch_4/000005.JPG,train,5,cigarette,"0.640012,0.576389,0.025123,0.015523","2048.0,1392.0,82.0,38.0","1993,1315,2185,1507",192x192,3264x2448,"0.499996,0.500001,0.427091,0.197918",0.00038998,0.0845291,216.7,tiny,medium,1
crop_batch_4_000007_000_bag_wrapper.jpg,batch_4_000007,data/prepared_run_002/images/train/batch_4_000007.JPG,train,0,bag_wrapper,"0.342933,0.398438,0.123775,0.052390","688.0,1215.0,303.0,171.0","536,998,1143,1604",607x606,2448x3264,"0.500000,0.499178,0.499178,0.282180",0.00648457,0.14085802,21.7,tiny,medium,1
crop_batch_4_000013_000_bottle_cap.jpg,batch_4_000013,data/prepared_run_002/images/train/batch_4_000013.JPG,train,2,bottle_cap,"0.339665,0.447304,0.114788,0.083946","691.0,1323.0,281.0,274.0","550,1179,1113,1741",563x562,2448x3264,"0.500000,0.500000,0.499114,0.487544",0.00963599,0.24333991,25.3,tiny,large,1
crop_batch_4_000015_000_bag_wrapper.jpg,batch_4_000015,data/prepared_run_002/images/train/batch_4_000015.JPG,train,0,bag_wrapper,"0.451797,0.754749,0.117647,0.081189","962.0,2331.0,288.0,265.0","818,2176,1394,2752",576x576,2448x3264,"0.499998,0.499133,0.500000,0.460071",0.00955164,0.23003538,24.1,tiny,large,1
crop_batch_4_000020_000_bag_wrapper.jpg,batch_4_000020,data/prepared_run_002/images/train/batch_4_000020.JPG,train,0,bag_wrapper,"0.457516,0.531863,0.156863,0.071691","928.0,1619.0,384.0,234.0","736,1352,1504,2120",768x768,2448x3264,"0.499999,0.500001,0.500001,0.304687",0.01124567,0.15234362,13.5,small,medium,1
crop_batch_4_000025_000_bag_wrapper.jpg,batch_4_000025,data/prepared_run_002/images/train/batch_4_000025.JPG,train,0,bag_wrapper,"0.417688,0.250766,0.068219,0.057292","939.0,725.0,167.0,187.0","835,631,1210,1006",375x375,2448x3264,"0.500001,0.500001,0.445334,0.498670",0.0039084,0.22207433,56.8,tiny,large,1
crop_batch_4_000029_001_bag_wrapper.jpg,batch_4_000029,data/official_complete/TACO/data/batch_4/000029.JPG,train,0,bag_wrapper,"0.504902,0.310049,0.056373,0.093137","1556.0,645.0,184.0,228.0","1420,531,1876,987",456x456,3264x2448,"0.500000,0.500000,0.403512,0.499999",0.00525041,0.20175545,38.4,tiny,large,2
crop_batch_4_000029_000_bag_wrapper.jpg,batch_4_000029,data/official_complete/TACO/data/batch_4/000029.JPG,train,0,bag_wrapper,"0.529565,0.375408,0.037684,0.165033","1667.0,717.0,123.0,404.0","1324,515,2133,1323",809x808,3264x2448,"0.500000,0.499998,0.152040,0.500001",0.0062191,0.07602028,12.2,tiny,medium,2
crop_batch_4_000031_002_cigarette.jpg,batch_4_000031,data/official_complete/TACO/data/batch_4/000031.JPG,train,5,cigarette,"0.382966,0.312092,0.011029,0.009804","1232.0,752.0,36.0,24.0","1154,668,1346,860",192x192,3264x2448,"0.500005,0.500006,0.187493,0.125001",0.00010813,0.02343681,216.7,tiny,small,1
crop_batch_4_000031_000_bag_wrapper.jpg,batch_4_000031,data/official_complete/TACO/data/batch_4/000031.JPG,train,0,bag_wrapper,"0.572457,0.537173,0.192708,0.184641","1554.0,1089.0,629.0,452.0","1240,686,2497,1944",1257x1258,3264x2448,"0.500000,0.500000,0.500397,0.359301",0.0355818,0.17979331,5.1,small,medium,2
crop_batch_4_000031_001_bag_wrapper.jpg,batch_4_000031,data/official_complete/TACO/data/batch_4/000031.JPG,train,0,bag_wrapper,"0.314645,0.344975,0.044730,0.044526","954.0,790.0,146.0,109.0","881,699,1173,990",292x291,3264x2448,"0.500004,0.499996,0.499996,0.374569",0.00199165,0.18728298,94.0,tiny,medium,1
crop_batch_4_000032_001_bottle.jpg,batch_4_000032,data/prepared_run_002/images/train/batch_4_000032.JPG,train,1,bottle,"0.391953,0.650582,0.126225,0.174326","805.0,1839.0,309.0,569.0","391,1554,1529,2692",1138x1138,2448x3264,"0.499561,0.500439,0.271528,0.500000",0.0220043,0.13576399,6.2,small,medium,1
crop_batch_4_000032_000_bottle_cap.jpg,batch_4_000032,data/prepared_run_002/images/train/batch_4_000032.JPG,train,2,bottle_cap,"0.422181,0.295496,0.033905,0.023591","992.0,926.0,83.0,77.0","937,868,1129,1060",192x192,2448x3264,"0.502599,0.502599,0.432289,0.401047",0.00079985,0.17336811,216.7,tiny,medium,1
crop_batch_4_000032_005_cigarette.jpg,batch_4_000032,data/prepared_run_002/images/train/batch_4_000032.JPG,train,5,cigarette,"0.710784,0.909926,0.008170,0.022059","1730.0,2934.0,20.0,72.0","1644,2874,1836,3066",192x192,2448x3264,"0.499996,0.499992,0.104168,0.375003",0.00018022,0.03906313,216.8,tiny,small,1
crop_batch_4_000032_003_cigarette.jpg,batch_4_000032,data/prepared_run_002/images/train/batch_4_000032.JPG,train,5,cigarette,"0.785948,0.333027,0.013072,0.023897","1908.0,1048.0,32.0,78.0","1828,991,2020,1183",192x192,2448x3264,"0.500004,0.500001,0.166668,0.406249",0.00031238,0.06770871,216.7,tiny,medium,1
crop_batch_4_000035_000_cigarette.jpg,batch_4_000035,data/prepared_run_002/images/train/batch_4_000035.JPG,train,5,cigarette,"0.155229,0.769914,0.027778,0.015319","346.0,2488.0,68.0,50.0","284,2417,476,2609",192x192,2448x3264,"0.500003,0.499996,0.354170,0.260423",0.00042553,0.09223388,216.8,tiny,medium,1
crop_batch_4_000039_000_cup.jpg,batch_4_000039,data/official_complete/TACO/data/batch_4/000039.JPG,train,6,cup,"0.313113,0.513072,0.243873,0.138072","624.0,1087.0,796.0,338.0","226,460,1818,2052",1592x1592,3264x2448,"0.500001,0.500000,0.500001,0.212312",0.03367203,0.10615606,3.2,small,medium,1
crop_batch_4_000040_000_cup.jpg,batch_4_000040,data/prepared_run_002/images/train/batch_4_000040.JPG,train,6,cup,"0.551266,0.707108,0.152369,0.149510","1163.0,2064.0,373.0,488.0","861,1820,1837,2796",976x976,2448x3264,"0.500511,0.500001,0.382171,0.500001",0.02278069,0.19108596,8.4,small,medium,1
crop_batch_4_000045_000_straw.jpg,batch_4_000045,data/official_complete/TACO/data/batch_4/000045.JPG,train,7,straw,"0.172641,0.625613,0.345282,0.030637","0.0,1494.0,1127.0,75.0","0,367,2081,2448",2081x2081,3264x2448,"0.270783,0.559587,0.541567,0.036040",0.0105784,0.0195181,1.8,small,small,2
crop_batch_4_000045_002_bag_wrapper.jpg,batch_4_000045,data/official_complete/TACO/data/batch_4/000045.JPG,train,0,bag_wrapper,"0.848346,0.281250,0.085784,0.048611","2629.0,629.0,280.0,119.0","2489,409,3049,968",560x559,3264x2448,"0.500002,0.500000,0.499998,0.212880",0.00417005,0.10643944,25.5,tiny,medium,1
crop_batch_4_000048_000_bag_wrapper.jpg,batch_4_000048,data/prepared_run_002/images/train/batch_4_000048.JPG,train,0,bag_wrapper,"0.428105,0.575674,0.165033,0.061275","846.0,1779.0,404.0,200.0","644,1475,1452,2283",808x808,2448x3264,"0.500001,0.500000,0.500001,0.247527",0.0101124,0.12376361,12.2,small,medium,1
crop_batch_4_000058_001_carton.jpg,batch_4_000058,data/official_complete/TACO/data/batch_4/000058.JPG,train,4,carton,"0.314338,0.671160,0.068627,0.068627","914.0,1559.0,224.0,168.0","802,1419,1250,1867",448x448,3264x2448,"0.499998,0.499999,0.499997,0.374998",0.00470967,0.18749754,39.8,tiny,medium,1
crop_batch_4_000058_000_bag_wrapper.jpg,batch_4_000058,data/official_complete/TACO/data/batch_4/000058.JPG,train,0,bag_wrapper,"0.746936,0.557802,0.275735,0.154003","1988.0,1177.0,900.0,377.0","1464,466,3264,2265",1800x1799,3264x2448,"0.541111,0.500000,0.499999,0.209561",0.04246402,0.10478014,2.5,small,medium,1
crop_batch_4_000061_000_bottle_cap.jpg,batch_4_000061,data/prepared_run_002/images/train/batch_4_000061.JPG,train,2,bottle_cap,"0.408701,0.568474,0.074755,0.069547","909.0,1742.0,183.0,227.0","773,1628,1228,2083",455x455,2448x3264,"0.500000,0.499998,0.402198,0.498904",0.00519899,0.20065843,38.6,tiny,large,1
crop_batch_4_000062_000_bottle_cap.jpg,batch_4_000062,data/prepared_run_002/images/train/batch_4_000062.JPG,train,2,bottle_cap,"0.329044,0.835325,0.100899,0.071385","682.0,2610.0,247.0,233.0","558,2480,1053,2974",495x494,2448x3264,"0.499999,0.498989,0.498991,0.471661",0.00720268,0.2353549,32.7,tiny,large,1
crop_batch_4_000066_000_bag_wrapper.jpg,batch_4_000066,data/official_complete/TACO/data/batch_4/000066.JPG,train,0,bag_wrapper,"0.363358,0.423815,0.050858,0.057598","1103.0,967.0,166.0,141.0","1020,871,1352,1203",332x332,3264x2448,"0.500002,0.501503,0.500002,0.424699",0.00292932,0.21234991,72.5,tiny,large,1
crop_batch_4_000067_000_straw.jpg,batch_4_000067,data/official_complete/TACO/data/batch_4/000067.JPG,train,7,straw,"0.571998,0.722426,0.114583,0.276552","1680.0,1430.0,374.0,677.0","1190,1091,2544,2445",1354x1354,3264x2448,"0.500001,0.500368,0.276218,0.499999",0.03168816,0.13810876,4.4,small,medium,1
crop_batch_4_000069_000_bottle_cap.jpg,batch_4_000069,data/official_complete/TACO/data/batch_4/000069.JPG,train,2,bottle_cap,"0.361366,0.604167,0.073836,0.062092","1059.0,1403.0,241.0,152.0","938,1238,1420,1720",482x482,3264x2448,"0.501034,0.500002,0.500001,0.315355",0.00458462,0.15767807,34.4,tiny,medium,1
crop_batch_4_000070_000_bottle_cap.jpg,batch_4_000070,data/official_complete/TACO/data/batch_4/000070.JPG,train,2,bottle_cap,"0.699908,0.659518,0.103248,0.135212","2116.0,1449.0,337.0,331.0","1947,1277,2622,1952",675x675,3264x2448,"0.500000,0.500000,0.499261,0.490369",0.01396037,0.24482226,17.5,small,large,1
crop_batch_4_000074_000_bottle_cap.jpg,batch_4_000074,data/prepared_run_002/images/train/batch_4_000074.JPG,train,2,bottle_cap,"0.645374,0.448325,0.028493,0.040441","2060.0,1048.0,93.0,99.0","2008,999,2206,1196",198x197,3264x2448,"0.497478,0.499998,0.469703,0.502536",0.00115229,0.2360425,204.8,tiny,large,1
crop_batch_4_000079_000_bag_wrapper.jpg,batch_4_000079,data/official_complete/TACO/data/batch_4/000079.JPG,train,0,bag_wrapper,"0.387102,0.691585,0.066483,0.081699","1155.0,1593.0,217.0,200.0","1047,1476,1481,1910",434x434,3264x2448,"0.498850,0.500000,0.500001,0.460828",0.00543159,0.23041431,42.4,tiny,large,1
crop_batch_4_000081_000_carton.jpg,batch_4_000081,data/prepared_run_002/images/train/batch_4_000081.JPG,train,4,carton,"0.259600,0.570925,0.051879,0.059130","572.0,1767.0,127.0,193.0","443,1670,829,2056",386x386,2448x3264,"0.498707,0.501293,0.329015,0.500001",0.00306761,0.16450778,53.6,tiny,medium,1
crop_batch_4_000085_000_can.jpg,batch_4_000085,data/official_complete/TACO/data/batch_4/000085.JPG,train,3,can,"0.335018,0.538399,0.070772,0.041667","978.0,1267.0,231.0,102.0","862,1087,1324,1549",462x462,3264x2448,"0.501080,0.500002,0.500000,0.220781",0.00294886,0.1103904,37.4,tiny,medium,1
crop_batch_4_000085_001_cigarette.jpg,batch_4_000085,data/official_complete/TACO/data/batch_4/000085.JPG,train,5,cigarette,"0.561275,0.335784,0.006127,0.017974","1822.0,800.0,20.0,44.0","1736,726,1928,918",192x192,3264x2448,"0.500008,0.499996,0.104159,0.229169",0.00011013,0.02386996,216.7,tiny,small,1
crop_batch_4_000085_002_cigarette.jpg,batch_4_000085,data/official_complete/TACO/data/batch_4/000085.JPG,train,5,cigarette,"0.367647,0.880719,0.009804,0.024510","1184.0,2126.0,32.0,60.0","1104,2060,1296,2252",192x192,3264x2448,"0.499999,0.500001,0.166668,0.312503",0.0002403,0.05208417,216.8,tiny,medium,1
crop_batch_4_000087_001_bag_wrapper.jpg,batch_4_000087,data/official_complete/TACO/data/batch_4/000087.JPG,train,0,bag_wrapper,"0.636489,0.356413,0.092831,0.327206","1926.0,472.0,303.0,801.0","1276,71,2879,1673",1603x1602,3264x2448,"0.500000,0.500312,0.189021,0.500000",0.03037486,0.09451045,3.1,small,medium,2
crop_batch_4_000087_000_bag_wrapper.jpg,batch_4_000087,data/official_complete/TACO/data/batch_4/000087.JPG,train,0,bag_wrapper,"0.677849,0.298407,0.130821,0.170343","1999.0,522.0,427.0,417.0","1785,304,2639,1158",854x854,3264x2448,"0.500584,0.499415,0.500000,0.488290",0.02228444,0.24414486,11.0,small,large,2
crop_batch_4_000090_000_straw.jpg,batch_4_000090,data/prepared_run_002/images/train/batch_4_000090.JPG,train,7,straw,"0.486520,0.627757,0.058007,0.015319","1120.0,2024.0,142.0,50.0","1049,1907,1333,2191",284x284,2448x3264,"0.500003,0.499996,0.500004,0.176061",0.00088861,0.08803101,99.1,tiny,medium,1
crop_batch_4_000094_000_cigarette.jpg,batch_4_000094,data/official_complete/TACO/data/batch_4/000094.JPG,train,5,cigarette,"0.263480,0.601716,0.007353,0.008987","848.0,1462.0,24.0,22.0","764,1377,956,1569",192x192,3264x2448,"0.499993,0.500004,0.125001,0.114584",6.608e-05,0.01432315,216.8,tiny,small,1
crop_batch_4_000095_000_bottle_cap.jpg,batch_4_000095,data/official_complete/TACO/data/batch_4/000095.JPG,train,2,bottle_cap,"0.483456,0.539420,0.037377,0.053513","1517.0,1255.0,122.0,131.0","1447,1190,1709,1451",262x261,3264x2448,"0.500001,0.500001,0.465643,0.501915",0.00200016,0.23371334,116.8,tiny,large,1
crop_batch_4_000096_000_bottle_cap.jpg,batch_4_000096,data/prepared_run_002/images/train/batch_4_000096.JPG,train,2,bottle_cap,"0.437092,0.677237,0.067810,0.047488","987.0,2133.0,166.0,155.0","904,2045,1236,2377",332x332,2448x3264,"0.500004,0.498499,0.499997,0.466870",0.00322016,0.23343341,72.5,tiny,large,1
crop_batch_4_000096_001_cigarette.jpg,batch_4_000096,data/prepared_run_002/images/train/batch_4_000096.JPG,train,5,cigarette,"0.477124,0.083027,0.029412,0.009191","1132.0,256.0,72.0,30.0","1072,175,1264,367",192x192,2448x3264,"0.499998,0.500001,0.375003,0.156247",0.00027033,0.05859309,216.7,tiny,medium,1
crop_batch_4_000098_000_bag_wrapper.jpg,batch_4_000098,data/prepared_run_002/images/train/batch_4_000098.JPG,train,0,bag_wrapper,"0.484069,0.700214,0.271242,0.165748","853.0,2015.0,664.0,541.0","521,1621,1849,2949",1328x1328,2448x3264,"0.500001,0.500375,0.500000,0.407381",0.04495782,0.20369044,4.5,small,large,1
crop_batch_5_000000_000_cup.jpg,batch_5_000000,data/prepared_run_002/images/train/batch_5_000000.JPG,train,6,cup,"0.447508,0.610600,0.077206,0.074142","1001.0,1872.0,189.0,242.0","854,1751,1337,2235",483x484,2448x3264,"0.499999,0.499997,0.391305,0.499999",0.00572421,0.19565206,34.2,tiny,medium,1
crop_batch_5_000001_001_bottle_cap.jpg,batch_5_000001,data/prepared_run_002/images/train/batch_5_000001.JPG,train,2,bottle_cap,"0.647263,0.449449,0.014297,0.013480","1567.0,1445.0,35.0,44.0","1488,1371,1680,1563",192x192,2448x3264,"0.502603,0.500008,0.182287,0.229160",0.00019272,0.04177283,216.7,tiny,small,1
crop_batch_5_000001_000_bottle.jpg,batch_5_000001,data/prepared_run_002/images/train/batch_5_000001.JPG,train,1,bottle,"0.594975,0.475184,0.119690,0.064951","1310.0,1445.0,293.0,212.0","1163,1258,1749,1844",586x586,2448x3264,"0.500851,0.500001,0.500002,0.361775",0.00777399,0.18088812,23.3,tiny,medium,2
crop_batch_5_000006_001_bag_wrapper.jpg,batch_5_000006,data/prepared_run_002/images/train/batch_5_000006.JPG,train,0,bag_wrapper,"0.774510,0.359069,0.104575,0.087010","1768.0,1030.0,256.0,284.0","1612,888,2180,1456",568x568,2448x3264,"0.500001,0.500002,0.450704,0.500001",0.00909907,0.22535227,24.8,tiny,large,1
crop_batch_5_000008_000_bottle.jpg,batch_5_000008,data/prepared_run_002/images/train/batch_5_000008.JPG,train,1,bottle,"0.525531,0.484681,0.207925,0.085172","1032.0,1443.0,509.0,278.0","777,1073,1796,2091",1019x1018,2448x3264,"0.500000,0.499999,0.499510,0.273086",0.01770939,0.13640904,7.7,small,medium,1
crop_batch_5_000009_001_straw.jpg,batch_5_000009,data/prepared_run_002/images/train/batch_5_000009.JPG,train,7,straw,"0.622753,0.365043,0.039624,0.111213","1476.0,1010.0,97.0,363.0","1162,829,1887,1554",725x725,2448x3264,"0.499999,0.500000,0.133792,0.500689",0.0044067,0.06698837,15.2,tiny,medium,1
crop_batch_5_000009_000_straw.jpg,batch_5_000009,data/prepared_run_002/images/train/batch_5_000009.JPG,train,7,straw,"0.399101,0.570466,0.165033,0.069240","775.0,1749.0,404.0,226.0","573,1458,1381,2266",808x808,2448x3264,"0.499999,0.500001,0.500001,0.279702",0.01142688,0.13985136,12.2,small,medium,1
crop_batch_5_000011_000_can.jpg,batch_5_000011,data/prepared_run_002/images/train/batch_5_000011.JPG,train,3,can,"0.462827,0.424479,0.242647,0.096507","836.0,1228.0,594.0,315.0","539,791,1727,1979",1188x1188,2448x3264,"0.500000,0.500420,0.500000,0.265151",0.02341713,0.13257524,5.7,small,medium,1
crop_batch_5_000015_006_carton.jpg,batch_5_000015,data/prepared_run_002/images/train/batch_5_000015.JPG,train,4,carton,"0.728962,0.490196,0.049428,0.025735","1724.0,1558.0,121.0,84.0","1663,1479,1905,1721",242x242,2448x3264,"0.502062,0.499999,0.499999,0.347103",0.00127203,0.17355137,136.4,tiny,medium,1
crop_batch_5_000015_001_cup.jpg,batch_5_000015,data/prepared_run_002/images/train/batch_5_000015.JPG,train,6,cup,"0.467729,0.480392,0.065359,0.042892","1065.0,1498.0,160.0,140.0","985,1408,1305,1728",320x320,2448x3264,"0.500002,0.499998,0.499996,0.437498",0.00280338,0.2187476,78.0,tiny,large,5
crop_batch_5_000015_000_cup.jpg,batch_5_000015,data/prepared_run_002/images/train/batch_5_000015.JPG,train,6,cup,"0.585580,0.512102,0.061683,0.050551","1358.0,1589.0,151.0,165.0","1269,1507,1598,1836",329x329,2448x3264,"0.500000,0.500003,0.458967,0.501515",0.00311814,0.23017863,73.8,tiny,large,1
crop_batch_5_000015_005_can.jpg,batch_5_000015,data/prepared_run_002/images/train/batch_5_000015.JPG,train,3,can,"0.500408,0.479626,0.075980,0.026654","1132.0,1522.0,186.0,87.0","1039,1380,1411,1751",372x371,2448x3264,"0.499997,0.499998,0.499997,0.234498",0.00202517,0.11724826,57.9,tiny,medium,4
crop_batch_5_000016_000_can.jpg,batch_5_000016,data/prepared_run_002/images/train/batch_5_000016.JPG,train,3,can,"0.551062,0.549632,0.095588,0.101716","1232.0,1628.0,234.0,332.0","1017,1462,1681,2126",664x664,2448x3264,"0.500000,0.499998,0.352409,0.500002",0.00972283,0.17620493,18.1,tiny,medium,1
crop_batch_5_000021_000_bag_wrapper.jpg,batch_5_000021,data/prepared_run_002/images/train/batch_5_000021.JPG,train,0,bag_wrapper,"0.583129,0.446078,0.171977,0.125613","1217.0,1251.0,421.0,410.0","1007,1035,1848,1877",841x842,2448x3264,"0.500000,0.499998,0.500594,0.486937",0.02160255,0.24375775,11.3,small,large,1
crop_batch_5_000022_004_bag_wrapper.jpg,batch_5_000022,data/prepared_run_002/images/train/batch_5_000022.JPG,train,0,bag_wrapper,"0.573121,0.159926,0.029412,0.044730","1367.0,449.0,72.0,146.0","1257,376,1549,668",292x292,2448x3264,"0.500001,0.499995,0.246577,0.499996",0.0013156,0.12328758,93.7,tiny,medium,1
crop_batch_5_000022_003_bag_wrapper.jpg,batch_5_000022,data/prepared_run_002/images/train/batch_5_000022.JPG,train,0,bag_wrapper,"0.695057,0.367034,0.247141,0.110907","1399.0,1017.0,605.0,362.0","1096,593,2307,1803",1211x1210,2448x3264,"0.500000,0.499999,0.499588,0.299174",0.02740967,0.14946373,5.5,small,medium,2
crop_batch_5_000025_000_cup.jpg,batch_5_000025,data/prepared_run_002/images/train/batch_5_000025.JPG,train,6,cup,"0.564747,0.530637,0.073938,0.033701","1292.0,1677.0,181.0,110.0","1202,1551,1564,1913",362x362,2448x3264,"0.498621,0.499998,0.500001,0.303868",0.00249178,0.15193398,61.0,tiny,medium,1
crop_batch_5_000028_000_bottle.jpg,batch_5_000028,data/prepared_run_002/images/train/batch_5_000028.JPG,train,1,bottle,"0.500613,0.629442,0.139297,0.202512","1055.0,1724.0,341.0,661.0","565,1393,1886,2715",1321x1322,2448x3264,"0.500000,0.500377,0.258137,0.499999",0.02820931,0.12906837,4.6,small,medium,1
crop_batch_5_000028_002_cigarette.jpg,batch_5_000028,data/prepared_run_002/images/train/batch_5_000028.JPG,train,5,cigarette,"0.087827,0.836091,0.018791,0.026348","192.0,2686.0,46.0,86.0","119,2633,311,2825",192x192,2448x3264,"0.500003,0.500005,0.239585,0.447916",0.00049511,0.10731407,216.8,tiny,medium,1
crop_batch_5_000028_001_cigarette.jpg,batch_5_000028,data/prepared_run_002/images/train/batch_5_000028.JPG,train,5,cigarette,"0.214461,0.607537,0.015523,0.017770","506.0,1954.0,38.0,58.0","429,1887,621,2079",192x192,2448x3264,"0.500003,0.500004,0.197918,0.302090",0.00027584,0.05978912,216.8,tiny,medium,1
crop_batch_5_000030_000_cup.jpg,batch_5_000030,data/prepared_run_002/images/train/batch_5_000030.JPG,train,6,cup,"0.507149,0.524663,0.073121,0.091605","1152.0,1563.0,179.0,299.0","943,1414,1540,2011",597x597,2448x3264,"0.500001,0.500000,0.299833,0.500835",0.00669825,0.1501669,22.4,tiny,medium,14
crop_batch_5_000030_008_cigarette.jpg,batch_5_000030,data/prepared_run_002/images/train/batch_5_000030.JPG,train,5,cigarette,"0.464461,0.495404,0.015523,0.007966","1118.0,1604.0,38.0,26.0","1041,1521,1233,1713",192x192,2448x3264,"0.500003,0.499993,0.197918,0.135422",0.00012366,0.02680249,216.7,tiny,small,8
crop_batch_5_000030_001_cigarette.jpg,batch_5_000030,data/prepared_run_002/images/train/batch_5_000030.JPG,train,5,cigarette,"0.406863,0.540135,0.011438,0.016544","982.0,1736.0,28.0,54.0","900,1667,1092,1859",192x192,2448x3264,"0.500003,0.500003,0.145834,0.281248",0.00018923,0.04101566,216.7,tiny,small,6
crop_batch_5_000034_000_carton.jpg,batch_5_000034,data/prepared_run_002/images/train/batch_5_000034.JPG,train,4,carton,"0.567606,0.545343,0.113971,0.105392","1250.0,1608.0,279.0,344.0","1046,1436,1733,2124",687x688,2448x3264,"0.499999,0.499999,0.406115,0.499999",0.01201163,0.2030572,16.9,small,large,2
crop_batch_5_000034_001_cigarette.jpg,batch_5_000034,data/prepared_run_002/images/train/batch_5_000034.JPG,train,5,cigarette,"0.515523,0.461703,0.014706,0.014093","1244.0,1484.0,36.0,46.0","1166,1411,1358,1603",192x192,2448x3264,"0.500002,0.499993,0.187502,0.239581",0.00020725,0.0449218,216.8,tiny,small,1
crop_batch_5_000036_000_cup.jpg,batch_5_000036,data/prepared_run_002/images/train/batch_5_000036.JPG,train,6,cup,"0.595792,0.534314,0.095997,0.071691","1341.0,1627.0,235.0,234.0","1223,1509,1693,1979",470x470,2448x3264,"0.501061,0.500002,0.500001,0.497871",0.00688212,0.24893625,36.2,tiny,large,1
crop_batch_5_000036_003_can.jpg,batch_5_000036,data/prepared_run_002/images/train/batch_5_000036.JPG,train,3,can,"0.511846,0.341605,0.062908,0.061275","1176.0,1015.0,154.0,200.0","1053,915,1453,1315",400x400,2448x3264,"0.499998,0.499997,0.384997,0.500004",0.00385469,0.19250002,49.9,tiny,medium,1
crop_batch_5_000036_002_bag_wrapper.jpg,batch_5_000036,data/prepared_run_002/images/train/batch_5_000036.JPG,train,0,bag_wrapper,"0.301675,0.276195,0.073938,0.046262","648.0,826.0,181.0,151.0","558,721,920,1083",362x362,2448x3264,"0.498620,0.498620,0.500001,0.417125",0.00342052,0.20856264,61.0,tiny,large,1
crop_batch_5_000036_004_can.jpg,batch_5_000036,data/prepared_run_002/images/train/batch_5_000036.JPG,train,3,can,"0.176266,0.982384,0.088644,0.035233","323.0,3149.0,217.0,115.0","214,2830,648,3264",434x434,2448x3264,"0.501150,0.867513,0.500001,0.264974",0.00312319,0.1324875,42.4,tiny,medium,1
crop_batch_5_000038_000_bag_wrapper.jpg,batch_5_000038,data/prepared_run_002/images/train/batch_5_000038.JPG,train,0,bag_wrapper,"0.399306,0.584712,0.047794,0.113664","919.0,1723.0,117.0,371.0","607,1538,1349,2279",742x741,2448x3264,"0.499328,0.500000,0.157682,0.500674",0.00543246,0.07894702,14.5,tiny,medium,1
crop_batch_5_000040_002_straw.jpg,batch_5_000040,data/official_complete/TACO/data/batch_5/000040.JPG,train,7,straw,"0.222886,0.457312,0.029718,0.223448","679.0,846.0,97.0,547.0","180,572,1275,1667",1095x1095,3264x2448,"0.500000,0.500000,0.088584,0.499544",0.00664043,0.04425164,6.7,tiny,small,1
crop_batch_5_000040_001_bottle_cap.jpg,batch_5_000040,data/official_complete/TACO/data/batch_5/000040.JPG,train,2,bottle_cap,"0.522059,0.549428,0.028186,0.036765","1658.0,1300.0,92.0,90.0","1608,1249,1800,1441",192x192,3264x2448,"0.500003,0.499999,0.479162,0.468754",0.00103626,0.22460898,216.7,tiny,large,1
crop_batch_5_000040_000_can.jpg,batch_5_000040,data/official_complete/TACO/data/batch_5/000040.JPG,train,3,can,"0.701287,0.479575,0.143995,0.151961","2054.0,988.0,470.0,372.0","1819,704,2759,1644",940x940,3264x2448,"0.500001,0.500000,0.500000,0.395745",0.02188162,0.19787249,9.0,small,medium,1
crop_batch_5_000041_000_cup.jpg,batch_5_000041,data/prepared_run_002/images/train/batch_5_000041.JPG,train,6,cup,"0.355801,0.709865,0.108660,0.076593","738.0,2192.0,266.0,250.0","605,2051,1137,2583",532x532,2448x3264,"0.500002,0.499999,0.499999,0.469924",0.0083226,0.2349617,28.2,tiny,large,1
crop_batch_5_000041_001_cup.jpg,batch_5_000041,data/prepared_run_002/images/train/batch_5_000041.JPG,train,6,cup,"0.676879,0.441789,0.193627,0.086397","1420.0,1301.0,474.0,282.0","1183,968,2131,1916",948x948,2448x3264,"0.500000,0.499999,0.499999,0.297468",0.01672879,0.14873373,8.9,small,medium,1
crop_batch_5_000043_000_bag_wrapper.jpg,batch_5_000043,data/prepared_run_002/images/train/batch_5_000043.JPG,train,0,bag_wrapper,"0.517565,0.497243,0.233660,0.117647","981.0,1431.0,572.0,384.0","695,1051,1839,2195",1144x1144,2448x3264,"0.499999,0.500001,0.500000,0.335664",0.0274894,0.16783199,6.1,small,medium,1
crop_batch_5_000045_000_bag_wrapper.jpg,batch_5_000045,data/prepared_run_002/images/train/batch_5_000045.JPG,train,0,bag_wrapper,"0.325163,0.712623,0.080882,0.018995","697.0,2295.0,198.0,62.0","598,2128,994,2524",396x396,2448x3264,"0.499998,0.500004,0.499998,0.156565",0.00153635,0.07828208,51.0,tiny,medium,1
crop_batch_5_000045_001_bag_wrapper.jpg,batch_5_000045,data/prepared_run_002/images/train/batch_5_000045.JPG,train,0,bag_wrapper,"0.179739,0.556526,0.038399,0.053002","393.0,1730.0,94.0,173.0","267,1644,613,1989",346x345,2448x3264,"0.500003,0.500003,0.271678,0.501445",0.00203522,0.13623181,66.9,tiny,medium,1
crop_batch_5_000047_001_cigarette.jpg,batch_5_000047,data/prepared_run_002/images/train/batch_5_000047.JPG,train,5,cigarette,"0.069853,0.245098,0.013889,0.008578","154.0,786.0,34.0,28.0","75,704,267,896",192x192,2448x3264,"0.500001,0.499999,0.177085,0.145826",0.00011914,0.02582356,216.7,tiny,small,1
crop_batch_5_000047_000_cup.jpg,batch_5_000047,data/prepared_run_002/images/train/batch_5_000047.JPG,train,6,cup,"0.702002,0.426624,0.077206,0.063419","1624.0,1289.0,189.0,207.0","1512,1186,1926,1600",414x414,2448x3264,"0.498794,0.498794,0.456522,0.499999",0.00489633,0.22826079,46.6,tiny,large,1
crop_batch_5_000048_000_bottle.jpg,batch_5_000048,data/prepared_run_002/images/train/batch_5_000048.JPG,train,1,bottle,"0.380515,0.332567,0.042075,0.071998","880.0,968.0,103.0,235.0","696,850,1167,1321",471x471,2448x3264,"0.500002,0.499997,0.218683,0.498942",0.00302932,0.10910994,36.0,tiny,medium,1
crop_batch_5_000049_006_carton.jpg,batch_5_000049,data/prepared_run_002/images/train/batch_5_000049.JPG,train,4,carton,"0.895016,0.295803,0.209150,0.219056","1935.0,608.0,512.0,715.0","1018,251,2448,1680",1430x1429,2448x3264,"0.820279,0.500001,0.358041,0.500349",0.04581556,0.17914567,3.9,small,medium,5
crop_batch_5_000049_007_bag_wrapper.jpg,batch_5_000049,data/prepared_run_002/images/train/batch_5_000049.JPG,train,0,bag_wrapper,"0.685049,0.210018,0.184641,0.081801","1451.0,552.0,452.0,267.0","1225,233,2129,1137",904x904,2448x3264,"0.500000,0.500552,0.500001,0.295352",0.01510382,0.14767652,9.8,small,medium,3
crop_batch_5_000049_008_cigarette.jpg,batch_5_000049,data/prepared_run_002/images/train/batch_5_000049.JPG,train,5,cigarette,"0.724673,0.268382,0.032680,0.007353","1734.0,864.0,80.0,24.0","1678,780,1870,972",192x192,2448x3264,"0.499997,0.499994,0.416670,0.125001",0.0002403,0.05208417,216.8,tiny,medium,1
crop_batch_5_000049_004_straw.jpg,batch_5_000049,data/prepared_run_002/images/train/batch_5_000049.JPG,train,7,straw,"0.823529,0.043811,0.043301,0.087623","1963.0,-0.0,106.0,286.0","1730,0,2302,572",572x572,2448x3264,"0.499998,0.250000,0.185316,0.500000",0.00379416,0.09265803,24.4,tiny,medium,2
crop_batch_5_000050_000_carton.jpg,batch_5_000050,data/prepared_run_002/images/train/batch_5_000050.JPG,train,4,carton,"0.342116,0.639859,0.142565,0.159007","663.0,1829.0,349.0,519.0","319,1570,1356,2607",1037x1037,2448x3264,"0.500000,0.500000,0.336547,0.500481",0.02266883,0.16843534,7.4,small,medium,2
crop_batch_5_000050_001_bag_wrapper.jpg,batch_5_000050,data/prepared_run_002/images/train/batch_5_000050.JPG,train,0,bag_wrapper,"0.324142,0.645833,0.059232,0.077206","721.0,1982.0,145.0,252.0","541,1856,1046,2360",505x504,2448x3264,"0.499999,0.499998,0.287129,0.500001",0.00457307,0.14356451,31.4,tiny,medium,2
crop_batch_5_000051_000_can.jpg,batch_5_000051,data/prepared_run_002/images/train/batch_5_000051.JPG,train,3,can,"0.425449,0.389093,0.144199,0.077819","865.0,1143.0,353.0,254.0","689,917,1394,1623",705x706,2448x3264,"0.499999,0.499999,0.500708,0.359775",0.01122142,0.18014227,16.1,small,medium,1
crop_batch_5_000052_000_bottle.jpg,batch_5_000052,data/prepared_run_002/images/train/batch_5_000052.JPG,train,1,bottle,"0.637255,0.335172,0.035131,0.072304","1517.0,976.0,86.0,236.0","1324,858,1796,1330",472x472,2448x3264,"0.500001,0.500003,0.182205,0.500001",0.00254011,0.09110252,35.9,tiny,medium,1
crop_batch_5_000056_000_cup.jpg,batch_5_000056,data/prepared_run_002/images/train/batch_5_000056.JPG,train,6,cup,"0.340074,0.761489,0.109069,0.068321","699.0,2374.0,267.0,223.0","566,2218,1100,2753",534x535,2448x3264,"0.499066,0.500000,0.500002,0.416822",0.0074517,0.20841169,28.0,tiny,large,2
crop_batch_5_000056_001_carton.jpg,batch_5_000056,data/prepared_run_002/images/train/batch_5_000056.JPG,train,4,carton,"0.398897,0.780944,0.064951,0.052083","897.0,2464.0,159.0,170.0","807,2379,1146,2719",339x340,2448x3264,"0.500000,0.500004,0.469027,0.499997",0.00338284,0.23451184,69.3,tiny,large,2
crop_batch_5_000057_000_bag_wrapper.jpg,batch_5_000057,data/prepared_run_002/images/train/batch_5_000057.JPG,train,0,bag_wrapper,"0.516544,0.648897,0.209559,0.091912","1008.0,1968.0,513.0,300.0","751,1605,1778,2631",1027x1026,2448x3264,"0.500000,0.500000,0.499514,0.292398",0.01926099,0.14605697,7.6,small,medium,1
crop_batch_5_000058_000_bag_wrapper.jpg,batch_5_000058,data/prepared_run_002/images/train/batch_5_000058.JPG,train,0,bag_wrapper,"0.478962,0.423560,0.065768,0.073836","1092.0,1262.0,161.0,241.0","931,1141,1413,1624",482x483,2448x3264,"0.501035,0.500000,0.334025,0.498966",0.00485605,0.16666722,34.3,tiny,medium,1
crop_batch_5_000058_003_cigarette.jpg,batch_5_000058,data/prepared_run_002/images/train/batch_5_000058.JPG,train,5,cigarette,"0.538807,0.546262,0.008987,0.012868","1308.0,1762.0,22.0,42.0","1223,1687,1415,1879",192x192,2448x3264,"0.499998,0.499996,0.114584,0.218756",0.00011564,0.02506599,216.8,tiny,small,1
crop_batch_5_000058_002_cigarette.jpg,batch_5_000058,data/prepared_run_002/images/train/batch_5_000058.JPG,train,5,cigarette,"0.543709,0.583640,0.010621,0.010417","1318.0,1888.0,26.0,34.0","1235,1809,1427,2001",192x192,2448x3264,"0.499998,0.500005,0.135418,0.177089",0.00011064,0.02398099,216.7,tiny,small,1
crop_batch_5_000060_000_cup.jpg,batch_5_000060,data/prepared_run_002/images/train/batch_5_000060.JPG,train,6,cup,"0.561887,0.295190,0.060049,0.073836","1302.0,843.0,147.0,241.0","1134,722,1617,1205",483x483,2448x3264,"0.499999,0.500000,0.304348,0.498966",0.00443378,0.15185925,34.3,tiny,medium,1
crop_batch_5_000060_001_cup.jpg,batch_5_000060,data/prepared_run_002/images/train/batch_5_000060.JPG,train,6,cup,"0.611111,0.426624,0.111111,0.054228","1360.0,1304.0,272.0,177.0","1224,1121,1768,1665",544x544,2448x3264,"0.499999,0.499082,0.499999,0.325368",0.00602533,0.16268384,27.0,tiny,medium,1
crop_batch_5_000061_000_bag_wrapper.jpg,batch_5_000061,data/prepared_run_002/images/train/batch_5_000061.JPG,train,0,bag_wrapper,"0.432394,0.634344,0.216912,0.173713","793.0,1787.0,531.0,567.0","492,1503,1625,2637",1133x1134,2448x3264,"0.500000,0.500440,0.468668,0.499999",0.03768043,0.23433356,6.2,small,large,1
crop_batch_5_000064_000_cup.jpg,batch_5_000064,data/prepared_run_002/images/train/batch_5_000064.JPG,train,6,cup,"0.642565,0.475490,0.053922,0.056373","1507.0,1460.0,132.0,184.0","1389,1368,1757,1736",368x368,2448x3264,"0.499998,0.499998,0.358699,0.500004",0.00303974,0.1793507,59.0,tiny,medium,1
crop_batch_5_000066_000_bottle.jpg,batch_5_000066,data/prepared_run_002/images/train/batch_5_000066.JPG,train,1,bottle,"0.770016,0.495711,0.107026,0.163603","1754.0,1351.0,262.0,534.0","1351,1084,2419,2152",1068x1068,2448x3264,"0.499999,0.500001,0.245318,0.500000",0.01750977,0.12265906,7.0,small,medium,1
crop_batch_5_000066_001_cigarette.jpg,batch_5_000066,data/prepared_run_002/images/train/batch_5_000066.JPG,train,5,cigarette,"0.121732,0.726716,0.014706,0.022059","280.0,2336.0,36.0,72.0","202,2276,394,2468",192x192,2448x3264,"0.500000,0.500005,0.187502,0.375003",0.0003244,0.07031363,216.8,tiny,medium,1
crop_batch_5_000067_001_cigarette.jpg,batch_5_000067,data/prepared_run_002/images/train/batch_5_000067.JPG,train,5,cigarette,"0.216912,0.465993,0.043301,0.030025","478.0,1472.0,106.0,98.0","425,1415,637,1627",212x212,2448x3264,"0.500003,0.500005,0.500004,0.462272",0.00130011,0.2311377,177.8,tiny,large,1
crop_batch_5_000067_000_bottle.jpg,batch_5_000067,data/prepared_run_002/images/train/batch_5_000067.JPG,train,1,bottle,"0.454657,0.453891,0.187908,0.127145","883.0,1274.0,460.0,415.0","653,1022,1573,1941",920x919,2448x3264,"0.500000,0.500000,0.499999,0.451579",0.02389156,0.225789,9.5,small,large,1
crop_batch_5_000069_000_bag_wrapper.jpg,batch_5_000069,data/prepared_run_002/images/train/batch_5_000069.JPG,train,0,bag_wrapper,"0.487949,0.479320,0.151552,0.079963","1009.0,1434.0,371.0,261.0","823,1194,1565,1935",742x741,2448x3264,"0.500673,0.500001,0.499999,0.352226",0.01211855,0.17611251,14.5,small,medium,1
crop_batch_5_000070_000_bottle.jpg,batch_5_000070,data/prepared_run_002/images/train/batch_5_000070.JPG,train,1,bottle,"0.539420,0.385417,0.073938,0.129902","1230.0,1046.0,181.0,424.0","897,834,1745,1682",848x848,2448x3264,"0.499411,0.500001,0.213444,0.500000",0.00960469,0.10672186,11.1,tiny,medium,1
crop_batch_5_000070_001_cigarette.jpg,batch_5_000070,data/prepared_run_002/images/train/batch_5_000070.JPG,train,5,cigarette,"0.916258,0.327819,0.017157,0.003676","2222.0,1064.0,42.0,12.0","2147,974,2339,1166",192x192,2448x3264,"0.499998,0.500006,0.218752,0.062492",6.307e-05,0.01367023,216.8,tiny,small,1
crop_batch_5_000070_002_cigarette.jpg,batch_5_000070,data/prepared_run_002/images/train/batch_5_000070.JPG,train,5,cigarette,"0.211601,0.030637,0.006536,0.006127","510.0,90.0,16.0,20.0","422,4,614,196",192x192,2448x3264,"0.499996,0.499996,0.083334,0.104159",4.005e-05,0.00867999,216.7,tiny,tiny,1
crop_batch_5_000071_000_bottle.jpg,batch_5_000071,data/prepared_run_002/images/train/batch_5_000071.JPG,train,1,bottle,"0.628064,0.667279,0.208742,0.120711","1282.0,1981.0,511.0,394.0","1027,1667,2049,2689",1022x1022,2448x3264,"0.499511,0.499999,0.500000,0.385519",0.02519746,0.1927598,7.6,small,medium,1
crop_batch_5_000071_001_cigarette.jpg,batch_5_000071,data/prepared_run_002/images/train/batch_5_000071.JPG,train,5,cigarette,"0.852124,0.499694,0.026144,0.009191","2054.0,1616.0,64.0,30.0","1990,1535,2182,1727",192x192,2448x3264,"0.499998,0.500006,0.333336,0.156247",0.00024029,0.05208275,216.8,tiny,medium,1
crop_batch_5_000072_001_cigarette.jpg,batch_5_000072,data/official_complete/TACO/data/batch_5/000072.JPG,train,5,cigarette,"0.765931,0.413399,0.009804,0.008170","2484.0,1002.0,32.0,20.0","2404,916,2596,1108",192x192,3264x2448,"0.499994,0.500004,0.166668,0.104168",8.01e-05,0.01736139,216.7,tiny,small,1
crop_batch_5_000072_000_bottle.jpg,batch_5_000072,data/official_complete/TACO/data/batch_5/000072.JPG,train,1,bottle,"0.528493,0.373775,0.160539,0.190359","1463.0,682.0,524.0,466.0","1201,391,2249,1439",1048x1048,3264x2448,"0.500001,0.500001,0.499999,0.444655",0.03056004,0.22232739,7.3,small,large,1
crop_batch_5_000073_002_bottle_cap.jpg,batch_5_000073,data/prepared_run_002/images/train/batch_5_000073.JPG,train,2,bottle_cap,"0.527574,0.256434,0.020833,0.014093","1266.0,814.0,51.0,46.0","1196,741,1388,933",192x192,2448x3264,"0.497402,0.500003,0.265621,0.239581",0.0002936,0.06363768,216.8,tiny,medium,1
crop_batch_5_000073_001_straw.jpg,batch_5_000073,data/prepared_run_002/images/train/batch_5_000073.JPG,train,7,straw,"0.435662,0.367188,0.140114,0.011336","895.0,1180.0,343.0,37.0","724,856,1409,1542",685x686,2448x3264,"0.500001,0.499274,0.500729,0.053937",0.00158833,0.02700774,17.0,tiny,small,1
crop_batch_5_000073_000_can.jpg,batch_5_000073,data/prepared_run_002/images/train/batch_5_000073.JPG,train,3,can,"0.547794,0.654565,0.209150,0.144301","1085.0,1901.0,512.0,471.0","829,1625,1853,2648",1024x1023,2448x3264,"0.500000,0.500000,0.499999,0.460409",0.03018055,0.23020417,7.6,small,large,1
crop_batch_5_000076_000_straw.jpg,batch_5_000076,data/prepared_run_002/images/train/batch_5_000076.JPG,train,7,straw,"0.497958,0.534467,0.051471,0.130821","1156.0,1531.0,126.0,427.0","792,1318,1646,2172",854x854,2448x3264,"0.500001,0.499415,0.147542,0.500000",0.00673349,0.07377104,11.0,tiny,medium,1
crop_batch_5_000079_000_bag_wrapper.jpg,batch_5_000079,data/official_complete/TACO/data/batch_5/000079.JPG,train,0,bag_wrapper,"0.397978,0.646242,0.218750,0.091503","942.0,1470.0,714.0,224.0","585,868,2013,2296",1428x1428,3264x2448,"0.500000,0.500000,0.500000,0.156862",0.02001628,0.07843114,3.9,small,medium,1
crop_batch_5_000083_001_bottle_cap.jpg,batch_5_000083,data/official_complete/TACO/data/batch_5/000083.JPG,train,2,bottle_cap,"0.616575,0.413399,0.013787,0.024510","1990.0,982.0,45.0,60.0","1917,916,2109,1108",192x192,3264x2448,"0.497400,0.500004,0.234379,0.312503",0.00033792,0.07324402,216.8,tiny,medium,1
crop_batch_5_000083_000_bottle.jpg,batch_5_000083,data/official_complete/TACO/data/batch_5/000083.JPG,train,1,bottle,"0.562806,0.418505,0.121936,0.042892","1638.0,972.0,398.0,105.0","1439,627,2235,1422",796x795,3264x2448,"0.499998,0.500000,0.499999,0.132075",0.00523008,0.06603735,12.6,tiny,medium,2
crop_batch_5_000084_000_bottle.jpg,batch_5_000084,data/official_complete/TACO/data/batch_5/000084.JPG,train,1,bottle,"0.498162,0.631536,0.172794,0.125000","1344.0,1393.0,564.0,306.0","1062,982,2190,2110",1128x1128,3264x2448,"0.500001,0.500000,0.500000,0.271277",0.02159925,0.13563821,6.3,small,medium,2
crop_batch_5_000084_001_bottle_cap.jpg,batch_5_000084,data/official_complete/TACO/data/batch_5/000084.JPG,train,2,bottle_cap,"0.572457,0.673611,0.024203,0.037582","1829.0,1603.0,79.0,92.0","1772,1553,1964,1745",192x192,3264x2448,"0.502602,0.499999,0.411451,0.479171",0.0009096,0.19715518,216.8,tiny,medium,1
crop_batch_5_000088_000_bottle_cap.jpg,batch_5_000088,data/prepared_run_002/images/train/batch_5_000088.JPG,train,2,bottle_cap,"0.296160,0.500460,0.035948,0.026654","681.0,1590.0,88.0,87.0","629,1538,821,1730",192x192,2448x3264,"0.499998,0.497403,0.458337,0.453118",0.00095816,0.20768074,216.7,tiny,large,1
crop_batch_5_000090_000_bottle_cap.jpg,batch_5_000090,data/official_complete/TACO/data/batch_5/000090.JPG,train,2,bottle_cap,"0.691942,0.820261,0.079963,0.062092","2128.0,1932.0,261.0,152.0","1997,1747,2519,2269",522x522,3264x2448,"0.500955,0.499998,0.499999,0.291190",0.00496506,0.14559461,29.3,tiny,medium,1
crop_batch_5_000092_000_bag_wrapper.jpg,batch_5_000092,data/prepared_run_002/images/train/batch_5_000092.JPG,train,0,bag_wrapper,"0.365400,0.528799,0.226716,0.173407","617.0,1443.0,555.0,566.0","328,1160,1460,2292",1132x1132,2448x3264,"0.500441,0.500000,0.490283,0.500000",0.03931414,0.24514188,6.2,small,large,1
crop_batch_5_000094_000_bottle_cap.jpg,batch_5_000094,data/official_complete/TACO/data/batch_5/000094.JPG,train,2,bottle_cap,"0.171109,0.691993,0.128370,0.132353","349.0,1532.0,419.0,324.0","140,1275,977,2113",837x838,3264x2448,"0.500000,0.499999,0.500597,0.386635",0.01699015,0.19354833,11.4,small,medium,1
crop_batch_5_000095_000_cup.jpg,batch_5_000095,data/official_complete/TACO/data/batch_5/000095.JPG,train,6,cup,"0.691789,0.530229,0.179534,0.138072","1965.0,1129.0,586.0,338.0","1672,712,2844,1884",1172x1172,3264x2448,"0.499999,0.500001,0.499999,0.288396",0.02478862,0.14419781,5.8,small,medium,1
crop_batch_5_000097_000_carton.jpg,batch_5_000097,data/official_complete/TACO/data/batch_5/000097.JPG,train,4,carton,"0.614890,0.348243,0.096201,0.229984","1850.0,571.0,314.0,563.0","1444,289,2570,1415",1126x1126,3264x2448,"0.500001,0.500443,0.278863,0.500001",0.02212469,0.13943185,6.3,small,medium,1
crop_batch_5_000099_000_bag_wrapper.jpg,batch_5_000099,data/prepared_run_002/images/train/batch_5_000099.JPG,train,0,bag_wrapper,"0.509191,0.439491,0.286356,0.086703","896.0,1293.0,701.0,283.0","546,733,1947,2135",1401x1402,2448x3264,"0.500000,0.500356,0.500357,0.201853",0.02482792,0.10099871,4.1,small,medium,1
crop_batch_5_000102_001_carton.jpg,batch_5_000102,data/official_complete/TACO/data/batch_5/000102.JPG,train,4,carton,"0.519761,0.352533,0.113664,0.102124","1511.0,738.0,371.0,250.0","1326,492,2067,1234",741x742,3264x2448,"0.500000,0.500001,0.500674,0.336927",0.01160782,0.16869034,14.5,small,medium,2
crop_batch_5_000102_000_straw.jpg,batch_5_000102,data/official_complete/TACO/data/batch_5/000102.JPG,train,7,straw,"0.576746,0.323325,0.012561,0.026552","1862.0,759.0,41.0,65.0","1786,695,1978,887",192x192,3264x2448,"0.502599,0.502602,0.213537,0.338538",0.00033352,0.07229039,216.8,tiny,medium,1
crop_batch_5_000110_000_bag_wrapper.jpg,batch_5_000110,data/official_complete/TACO/data/batch_5/000110.JPG,train,0,bag_wrapper,"0.282629,0.738766,0.083027,0.092729","787.0,1695.0,271.0,227.0","652,1537,1194,2079",542x542,3264x2448,"0.499079,0.500921,0.500000,0.418820",0.00769901,0.20941024,27.2,tiny,large,1
crop_batch_5_000111_000_bottle.jpg,batch_5_000111,data/prepared_run_002/images/train/batch_5_000111.JPG,train,1,bottle,"0.391748,0.641085,0.126634,0.064645","804.0,1987.0,310.0,211.0","649,1783,1269,2403",620x620,2448x3264,"0.499999,0.499196,0.500000,0.340325",0.00818625,0.17016234,20.8,tiny,medium,2
crop_batch_5_000111_002_bag_wrapper.jpg,batch_5_000111,data/prepared_run_002/images/train/batch_5_000111.JPG,train,0,bag_wrapper,"0.051675,0.659467,0.101716,0.029718","2.0,2104.0,249.0,97.0","0,1903,498,2402",498x499,2448x3264,"0.254017,0.500001,0.500002,0.194388",0.0030228,0.09719424,32.2,tiny,medium,1
crop_batch_5_000111_001_bottle_cap.jpg,batch_5_000111,data/prepared_run_002/images/train/batch_5_000111.JPG,train,2,bottle_cap,"0.416054,0.672947,0.018382,0.011949","996.0,2177.0,45.0,39.0","923,2100,1115,2292",192x192,2448x3264,"0.497397,0.502599,0.234371,0.203133",0.00021965,0.04760838,216.7,tiny,small,1
crop_batch_5_000113_000_carton.jpg,batch_5_000113,data/official_complete/TACO/data/batch_5/000113.JPG,train,4,carton,"0.352022,0.361111,0.216299,0.195261","796.0,645.0,706.0,478.0","443,178,1855,1590",1412x1412,3264x2448,"0.500000,0.500000,0.500000,0.338526",0.04223476,0.16926306,4.0,small,medium,2
crop_batch_5_000113_001_bag_wrapper.jpg,batch_5_000113,data/official_complete/TACO/data/batch_5/000113.JPG,train,0,bag_wrapper,"0.346201,0.337010,0.164216,0.124183","862.0,673.0,536.0,304.0","594,289,1666,1361",1072x1072,3264x2448,"0.500000,0.500000,0.500001,0.283582",0.02039284,0.14179131,7.0,small,medium,2
crop_batch_5_000114_000_bottle.jpg,batch_5_000114,data/prepared_run_002/images/train/batch_5_000114.JPG,train,1,bottle,"0.542892,0.219822,0.218137,0.098958","1062.0,556.0,534.0,323.0","795,183,1863,1251",1068x1068,2448x3264,"0.500000,0.500467,0.499999,0.302433",0.0215864,0.15121654,7.0,small,medium,2
crop_batch_5_000114_001_bottle_cap.jpg,batch_5_000114,data/prepared_run_002/images/train/batch_5_000114.JPG,train,2,bottle_cap,"0.635825,0.184743,0.032271,0.028799","1517.0,556.0,79.0,94.0","1460,507,1652,699",192x192,2448x3264,"0.502602,0.500006,0.411455,0.489583",0.00092937,0.2014415,216.7,tiny,large,1
crop_batch_5_000114_002_cigarette.jpg,batch_5_000114,data/prepared_run_002/images/train/batch_5_000114.JPG,train,5,cigarette,"0.457925,0.438113,0.030229,0.014706","1084.0,1406.0,74.0,48.0","1025,1334,1217,1526",192x192,2448x3264,"0.500002,0.500004,0.385420,0.250002",0.00044455,0.09635571,216.7,tiny,medium,1
crop_batch_5_000115_000_bag_wrapper.jpg,batch_5_000115,data/prepared_run_002/images/train/batch_5_000115.JPG,train,0,bag_wrapper,"0.501021,0.473192,0.073938,0.056066","1136.0,1453.0,181.0,183.0","1043,1361,1409,1727",366x366,2448x3264,"0.501365,0.501363,0.494536,0.499998",0.00414541,0.24726729,59.6,tiny,large,1
crop_batch_5_000118_000_cup.jpg,batch_5_000118,data/official_complete/TACO/data/batch_5/000118.JPG,train,6,cup,"0.424326,0.517361,0.168505,0.176879","1110.0,1050.0,550.0,433.0","835,716,1935,1817",1100x1101,3264x2448,"0.500000,0.500000,0.500000,0.393279",0.029805,0.19663944,6.6,small,medium,1
crop_batch_5_000119_000_cigarette.jpg,batch_5_000119,data/official_complete/TACO/data/batch_5/000119.JPG,train,5,cigarette,"0.475490,0.392157,0.019608,0.004902","1520.0,954.0,64.0,12.0","1456,864,1648,1056",192x192,3264x2448,"0.499997,0.500002,0.333336,0.062500",9.612e-05,0.02083367,216.7,tiny,small,1
crop_batch_6_000000_000_cup.jpg,batch_6_000000,data/prepared_run_002/images/train/batch_6_000000.JPG,train,6,cup,"0.425654,0.547028,0.091503,0.054228","930.0,1697.0,224.0,177.0","818,1562,1266,2009",448x447,2448x3264,"0.500002,0.499999,0.499999,0.395974",0.00496202,0.19798621,39.9,tiny,medium,1
crop_batch_6_000002_001_carton.jpg,batch_6_000002,data/prepared_run_002/images/train/batch_6_000002.JPG,train,4,carton,"0.292279,0.317402,0.146446,0.162582","715.0,578.0,478.0,398.0","476,299,1432,1255",956x956,3264x2448,"0.499999,0.500000,0.500000,0.416319",0.02380948,0.20815927,8.7,small,large,1
crop_batch_6_000005_000_bag_wrapper.jpg,batch_6_000005,data/prepared_run_002/images/train/batch_6_000005.JPG,train,0,bag_wrapper,"0.454861,0.541667,0.142565,0.068015","939.0,1657.0,349.0,222.0","765,1419,1462,2117",697x698,2448x3264,"0.500000,0.500002,0.500716,0.318053",0.00969656,0.15925423,16.4,tiny,medium,1
crop_batch_6_000005_002_cigarette.jpg,batch_6_000005,data/prepared_run_002/images/train/batch_6_000005.JPG,train,5,cigarette,"0.757761,0.939645,0.028595,0.022672","1820.0,3030.0,70.0,74.0","1759,2971,1951,3163",192x192,2448x3264,"0.499994,0.500007,0.364586,0.385424",0.00064831,0.14052029,216.7,tiny,medium,1
crop_batch_6_000005_001_cigarette.jpg,batch_6_000005,data/prepared_run_002/images/train/batch_6_000005.JPG,train,5,cigarette,"0.700572,0.871630,0.023693,0.010417","1686.0,2828.0,58.0,34.0","1619,2749,1811,2941",192x192,2448x3264,"0.500001,0.500002,0.302086,0.177089",0.00024681,0.05349606,216.7,tiny,medium,1
crop_batch_6_000006_002_bottle.jpg,batch_6_000006,data/official_complete/TACO/data/batch_6/000006.JPG,train,1,bottle,"0.436734,0.497345,0.068934,0.060049","1313.0,1144.0,225.0,147.0","1200,992,1651,1443",451x451,3264x2448,"0.500000,0.500001,0.498893,0.325942",0.00413942,0.16261018,39.3,tiny,medium,1
crop_batch_6_000006_000_bottle_cap.jpg,batch_6_000006,data/official_complete/TACO/data/batch_6/000006.JPG,train,2,bottle_cap,"0.946998,0.618873,0.026961,0.026144","3047.0,1483.0,88.0,64.0","2995,1419,3187,1611",192x192,3264x2448,"0.500008,0.500006,0.458337,0.333336",0.00070487,0.15278022,216.7,tiny,medium,1
crop_batch_6_000006_001_bottle_cap.jpg,batch_6_000006,data/official_complete/TACO/data/batch_6/000006.JPG,train,2,bottle_cap,"0.824449,0.441789,0.018995,0.011846","2660.0,1067.0,62.0,29.0","2595,985,2787,1177",192x192,3264x2448,"0.500008,0.502601,0.322915,0.151037",0.00022501,0.04877195,216.8,tiny,small,1
crop_batch_6_000008_000_cup.jpg,batch_6_000008,data/official_complete/TACO/data/batch_6/000008.JPG,train,6,cup,"0.693407,0.917683,0.177973,0.164634","1586.0,1644.0,467.0,324.0","1352,1034,2287,1968",935x934,2624x1968,"0.500000,0.826553,0.499466,0.346895",0.02930041,0.17326231,5.9,small,medium,1
crop_batch_6_000015_000_cup.jpg,batch_6_000015,data/official_complete/TACO/data/batch_6/000015.JPG,train,6,cup,"0.449734,0.874715,0.088099,0.108428","1142.0,1801.0,248.0,238.0","1018,1672,1514,2168",496x496,2815x2195,"0.500002,0.499999,0.499997,0.479838",0.0095524,0.23991754,25.1,tiny,large,1
crop_batch_6_000015_002_bottle.jpg,batch_6_000015,data/official_complete/TACO/data/batch_6/000015.JPG,train,1,bottle,"0.678330,0.721640,0.173712,0.202278","1665.0,1362.0,489.0,444.0","1420,1095,2398,2073",978x978,2815x2195,"0.500510,0.500000,0.499999,0.453988",0.03513812,0.22699364,6.5,small,large,2
crop_batch_6_000015_001_bottle.jpg,batch_6_000015,data/official_complete/TACO/data/batch_6/000015.JPG,train,1,bottle,"0.542984,0.758542,0.174423,0.099317","1283.0,1556.0,491.0,218.0","1037,1174,2020,2156",983x982,2815x2195,"0.500000,0.500000,0.499492,0.221997",0.01732317,0.11088563,6.4,small,medium,3
crop_batch_6_000017_000_carton.jpg,batch_6_000017,data/prepared_run_002/images/train/batch_6_000017.JPG,train,4,carton,"0.256536,0.384191,0.225490,0.181985","352.0,957.0,552.0,594.0","34,660,1222,1848",1188x1188,2448x3264,"0.500000,0.500000,0.464646,0.499999",0.0410358,0.23232265,5.7,small,large,3
crop_batch_6_000017_003_bottle.jpg,batch_6_000017,data/prepared_run_002/images/train/batch_6_000017.JPG,train,1,bottle,"0.483252,0.224112,0.115196,0.222733","1042.0,368.0,282.0,727.0","456,5,1910,1459",1454x1454,2448x3264,"0.500001,0.499657,0.193948,0.500000",0.02565795,0.09697387,3.8,small,medium,4
crop_batch_6_000017_002_bottle.jpg,batch_6_000017,data/prepared_run_002/images/train/batch_6_000017.JPG,train,1,bottle,"0.301471,0.216912,0.285131,0.078431","389.0,580.0,698.0,256.0","40,10,1436,1406",1396x1396,2448x3264,"0.500001,0.500001,0.500000,0.183380",0.02236311,0.0916902,4.1,small,medium,3
crop_batch_6_000020_000_bag_wrapper.jpg,batch_6_000020,data/prepared_run_002/images/train/batch_6_000020.JPG,train,0,bag_wrapper,"0.558007,0.562806,0.102124,0.053309","1241.0,1750.0,250.0,174.0","1116,1587,1616,2087",500x500,2448x3264,"0.500002,0.499998,0.499999,0.348001",0.00544413,0.17400026,32.0,tiny,medium,1
crop_batch_6_000023_001_carton.jpg,batch_6_000023,data/official_complete/TACO/data/batch_6/000023.JPG,train,4,carton,"0.515165,0.541667,0.227022,0.121732","1311.0,1177.0,741.0,298.0","940,585,2422,2067",1482x1482,3264x2448,"0.500336,0.500001,0.500000,0.201080",0.02763584,0.10053976,3.6,small,medium,2
crop_batch_6_000023_002_bottle_cap.jpg,batch_6_000023,data/official_complete/TACO/data/batch_6/000023.JPG,train,2,bottle_cap,"0.237592,0.654412,0.029718,0.042484","727.0,1550.0,97.0,104.0","671,1498,880,1706",209x208,3264x2448,"0.500001,0.500003,0.464113,0.500004",0.00126254,0.2320582,183.8,tiny,large,1
crop_batch_6_000023_000_bottle.jpg,batch_6_000023,data/official_complete/TACO/data/batch_6/000023.JPG,train,1,bottle,"0.276195,0.583946,0.107537,0.185049","726.0,1203.0,351.0,453.0","449,976,1355,1882",906x906,3264x2448,"0.499449,0.500552,0.387418,0.500000",0.01989961,0.19370901,9.7,small,medium,2
crop_batch_6_000024_002_straw.jpg,batch_6_000024,data/official_complete/TACO/data/batch_6/000024.JPG,train,7,straw,"0.463415,0.476118,0.033537,0.018293","1172.0,919.0,88.0,36.0","1120,841,1312,1033",192x192,2624x1968,"0.500005,0.500001,0.458339,0.187503",0.00061349,0.08594005,140.1,tiny,medium,1
crop_batch_6_000024_000_can.jpg,batch_6_000024,data/official_complete/TACO/data/batch_6/000024.JPG,train,3,can,"0.616806,0.656758,0.083460,0.099085","1509.0,1195.0,219.0,195.0","1399,1074,1837,1511",438x437,2624x1968,"0.501139,0.499999,0.499998,0.446223",0.00826963,0.22311033,27.0,tiny,large,1
crop_batch_6_000024_001_carton.jpg,batch_6_000024,data/official_complete/TACO/data/batch_6/000024.JPG,train,4,carton,"0.392340,0.508638,0.152058,0.146341","830.0,857.0,399.0,288.0","630,602,1429,1400",799x798,2624x1968,"0.500000,0.499999,0.499374,0.360901",0.02225232,0.1802248,8.1,small,medium,2
crop_batch_6_000027_000_cup.jpg,batch_6_000027,data/official_complete/TACO/data/batch_6/000027.JPG,train,6,cup,"0.372855,0.803513,0.163603,0.133987","950.0,1803.0,534.0,328.0","683,1380,1751,2448",1068x1068,3264x2448,"0.499999,0.549625,0.500000,0.307116",0.02192068,0.15355819,7.0,small,medium,1
crop_batch_6_000028_000_can.jpg,batch_6_000028,data/prepared_run_002/images/train/batch_6_000028.JPG,train,3,can,"0.582312,0.596661,0.217729,0.119179","1159.0,1753.0,533.0,389.0","892,1415,1959,2481",1067x1066,2448x3264,"0.500000,0.499532,0.499532,0.364916",0.02594872,0.18228711,7.0,small,medium,1
crop_batch_6_000032_001_bottle.jpg,batch_6_000032,data/official_complete/TACO/data/batch_6/000032.JPG,train,1,bottle,"0.713848,0.689747,0.078431,0.041258","2202.0,1638.0,256.0,101.0","2074,1433,2586,1944",512x511,3264x2448,"0.500000,0.500001,0.499998,0.197651",0.00323591,0.09882496,30.5,tiny,medium,1
crop_batch_6_000032_000_bottle.jpg,batch_6_000032,data/official_complete/TACO/data/batch_6/000032.JPG,train,1,bottle,"0.327665,0.651144,0.072610,0.063725","951.0,1516.0,237.0,156.0","832,1357,1306,1831",474x474,3264x2448,"0.501052,0.500001,0.499998,0.329111",0.00462707,0.16455503,35.6,tiny,medium,1
crop_batch_6_000033_000_straw.jpg,batch_6_000033,data/official_complete/TACO/data/batch_6/000033.JPG,train,7,straw,"0.391768,0.663364,0.049543,0.023882","963.0,1282.0,130.0,47.0","898,1175,1158,1436",260x261,2624x1968,"0.499997,0.500001,0.500003,0.180076",0.00118319,0.09003846,76.1,tiny,medium,1
crop_batch_6_000034_001_bottle.jpg,batch_6_000034,data/prepared_run_002/images/train/batch_6_000034.JPG,train,1,bottle,"0.569649,0.698529,0.086193,0.160539","1289.0,2018.0,211.0,524.0","871,1756,1919,2804",1048x1048,2448x3264,"0.499524,0.499999,0.201336,0.499999",0.01383734,0.10066803,7.3,small,medium,1
crop_batch_6_000034_000_bottle.jpg,batch_6_000034,data/prepared_run_002/images/train/batch_6_000034.JPG,train,1,bottle,"0.738971,0.214614,0.150327,0.121017","1625.0,503.0,368.0,395.0","1414,306,2204,1095",790x789,2448x3264,"0.500001,0.500000,0.465823,0.500633",0.01819212,0.2332066,12.8,small,large,1
crop_batch_6_000036_000_can.jpg,batch_6_000036,data/official_complete/TACO/data/batch_6/000036.JPG,train,3,can,"0.524962,0.522358,0.029345,0.041667","1339.0,987.0,77.0,82.0","1282,932,1474,1124",192x192,2624x1968,"0.497397,0.500003,0.401048,0.427087",0.00122272,0.17128243,140.1,tiny,medium,3
crop_batch_6_000036_001_can.jpg,batch_6_000036,data/official_complete/TACO/data/batch_6/000036.JPG,train,3,can,"0.848133,0.518547,0.020960,0.028963","2198.0,992.0,55.0,57.0","2130,925,2322,1117",192x192,2624x1968,"0.497401,0.497398,0.286453,0.296871",0.00060706,0.08503962,140.1,tiny,medium,1
crop_batch_6_000036_002_bottle.jpg,batch_6_000036,data/official_complete/TACO/data/batch_6/000036.JPG,train,1,bottle,"0.491235,0.542937,0.035823,0.047256","1242.0,1022.0,94.0,93.0","1193,973,1385,1165",192x192,2624x1968,"0.500003,0.497396,0.489581,0.484374",0.00169285,0.23714031,140.1,tiny,large,2
crop_batch_6_000036_004_bottle.jpg,batch_6_000036,data/official_complete/TACO/data/batch_6/000036.JPG,train,1,bottle,"0.487233,0.624746,0.078125,0.060467","1176.0,1170.0,205.0,119.0","1073,1025,1483,1435",410x410,2624x1968,"0.501218,0.498781,0.500000,0.290242",0.00472398,0.1451208,30.7,tiny,medium,4
crop_batch_6_000042_000_cup.jpg,batch_6_000042,data/prepared_run_002/images/train/batch_6_000042.JPG,train,6,cup,"0.364379,0.443781,0.081699,0.070772","792.0,1333.0,200.0,231.0","661,1218,1123,1680",462x462,2448x3264,"0.500000,0.498920,0.432899,0.500000",0.005782,0.21644912,37.4,tiny,large,1
crop_batch_6_000045_001_bottle_cap.jpg,batch_6_000045,data/official_complete/TACO/data/batch_6/000045.JPG,train,2,bottle_cap,"0.221967,0.769404,0.025429,0.029003","683.0,1848.0,83.0,71.0","629,1788,821,1980",192x192,3264x2448,"0.497397,0.497401,0.432293,0.369788",0.00073752,0.15985687,216.7,tiny,medium,1
crop_batch_6_000045_000_bottle.jpg,batch_6_000045,data/official_complete/TACO/data/batch_6/000045.JPG,train,1,bottle,"0.225643,0.662173,0.068934,0.244281","624.0,1322.0,225.0,598.0","138,1023,1334,2219",1196x1196,3264x2448,"0.500417,0.500000,0.188128,0.500000",0.01683927,0.09406377,5.6,small,medium,2
crop_batch_6_000046_000_bottle.jpg,batch_6_000046,data/prepared_run_002/images/train/batch_6_000046.JPG,train,1,bottle,"0.285131,0.225337,0.136438,0.112439","531.0,552.0,334.0,367.0","331,368,1065,1103",734x735,2448x3264,"0.500001,0.500000,0.455041,0.499321",0.01534095,0.22721159,14.8,small,large,1
crop_batch_6_000046_017_cigarette.jpg,batch_6_000046,data/prepared_run_002/images/train/batch_6_000046.JPG,train,5,cigarette,"0.275735,0.575061,0.004085,0.012868","670.0,1856.0,10.0,42.0","579,1781,771,1973",192x192,2448x3264,"0.499996,0.499995,0.052084,0.218756",5.257e-05,0.01139363,216.8,tiny,small,1
crop_batch_6_000046_003_cigarette.jpg,batch_6_000046,data/prepared_run_002/images/train/batch_6_000046.JPG,train,5,cigarette,"0.212010,0.615809,0.020425,0.011029","494.0,1992.0,50.0,36.0","423,1914,615,2106",192x192,2448x3264,"0.500003,0.500003,0.260419,0.187493",0.00022527,0.04882669,216.7,tiny,small,2
crop_batch_6_000051_000_bottle.jpg,batch_6_000051,data/prepared_run_002/images/train/batch_6_000051.JPG,train,1,bottle,"0.489175,0.324295,0.060866,0.136336","1123.0,836.0,149.0,445.0","752,613,1643,1503",891x890,2448x3264,"0.500000,0.500561,0.167228,0.500001",0.00829823,0.08361403,10.1,tiny,medium,1
crop_batch_6_000052_000_cup.jpg,batch_6_000052,data/prepared_run_002/images/train/batch_6_000052.JPG,train,6,cup,"0.421977,0.482230,0.062908,0.061887","956.0,1473.0,154.0,202.0","831,1372,1235,1776",404x404,2448x3264,"0.499999,0.499997,0.381185,0.499998",0.00389319,0.19059177,49.0,tiny,medium,1
crop_batch_6_000057_011_bottle.jpg,batch_6_000057,data/official_complete/TACO/data/batch_6/000057.JPG,train,1,bottle,"0.173866,0.660948,0.077512,0.353758","441.0,1185.0,253.0,866.0","0,716,1732,2448",1732x1732,3264x2448,"0.327655,0.520786,0.146073,0.500000",0.02742049,0.07303668,2.7,small,medium,7
crop_batch_6_000057_008_can.jpg,batch_6_000057,data/official_complete/TACO/data/batch_6/000057.JPG,train,3,can,"0.761795,0.375613,0.039522,0.082108","2422.0,819.0,129.0,201.0","2285,719,2687,1121",402x402,3264x2448,"0.501241,0.498758,0.320895,0.500001",0.00324507,0.16044783,49.4,tiny,medium,3
crop_batch_6_000057_005_can.jpg,batch_6_000057,data/official_complete/TACO/data/batch_6/000057.JPG,train,3,can,"0.609069,0.329453,0.066176,0.140931","1880.0,634.0,216.0,345.0","1643,462,2333,1152",690x690,3264x2448,"0.500002,0.499277,0.313041,0.499999",0.00932625,0.15652021,16.8,tiny,medium,5
crop_batch_6_000058_000_bottle.jpg,batch_6_000058,data/prepared_run_002/images/train/batch_6_000058.JPG,train,1,bottle,"0.352533,0.142004,0.356209,0.102635","427.0,296.0,872.0,335.0","0,0,1744,1744",1744x1744,2448x3264,"0.494840,0.265769,0.500000,0.192088",0.03655951,0.09604372,2.6,small,medium,2
crop_batch_6_000060_000_bottle.jpg,batch_6_000060,data/prepared_run_002/images/train/batch_6_000060.JPG,train,1,bottle,"0.415441,0.480392,0.122549,0.185662","867.0,1265.0,300.0,606.0","411,962,1623,2174",1212x1212,2448x3264,"0.500000,0.500000,0.247525,0.500001",0.02275269,0.12376251,5.4,small,medium,1
crop_batch_6_000062_000_bag_wrapper.jpg,batch_6_000062,data/official_complete/TACO/data/batch_6/000062.JPG,train,0,bag_wrapper,"0.408088,0.707312,0.123162,0.139297","1131.0,1561.0,402.0,341.0","930,1329,1734,2134",804x805,3264x2448,"0.499999,0.500000,0.500001,0.423601",0.0171561,0.21180106,12.3,small,large,1
crop_batch_6_000064_000_bottle_cap.jpg,batch_6_000064,data/official_complete/TACO/data/batch_6/000064.JPG,train,2,bottle_cap,"0.451220,0.658537,0.009909,0.010163","1171.0,1286.0,26.0,20.0","1088,1200,1280,1392",192x192,2624x1968,"0.500007,0.500004,0.135423,0.104171",0.00010071,0.01410712,140.1,tiny,small,1
crop_batch_6_000066_000_bottle.jpg,batch_6_000066,data/official_complete/TACO/data/batch_6/000066.JPG,train,1,bottle,"0.195619,0.098243,0.051777,0.042075","554.0,189.0,169.0,103.0","470,71,808,409",338x338,3264x2448,"0.498522,0.501476,0.500000,0.304733",0.00217852,0.15236639,69.9,tiny,medium,1
crop_batch_6_000066_001_bottle.jpg,batch_6_000066,data/official_complete/TACO/data/batch_6/000066.JPG,train,1,bottle,"0.481771,0.216299,0.024816,0.028186","1532.0,495.0,81.0,69.0","1477,433,1669,625",192x192,3264x2448,"0.497399,0.502604,0.421872,0.359371",0.00069946,0.15160877,216.7,tiny,medium,2
crop_batch_6_000066_017_cigarette.jpg,batch_6_000066,data/official_complete/TACO/data/batch_6/000066.JPG,train,5,cigarette,"0.385417,0.329248,0.004902,0.004902","1250.0,800.0,16.0,12.0","1162,710,1354,902",192x192,3264x2448,"0.500006,0.499995,0.083334,0.062500",2.403e-05,0.00520842,216.7,tiny,tiny,2
crop_batch_6_000066_013_cigarette.jpg,batch_6_000066,data/official_complete/TACO/data/batch_6/000066.JPG,train,5,cigarette,"0.472733,0.224265,0.003064,0.005719","1538.0,542.0,10.0,14.0","1447,453,1639,645",192x192,3264x2448,"0.500003,0.500004,0.052088,0.072917",1.752e-05,0.00379811,216.7,tiny,tiny,2
crop_batch_6_000068_005_cigarette.jpg,batch_6_000068,data/official_complete/TACO/data/batch_6/000068.JPG,train,5,cigarette,"0.423100,0.646650,0.011642,0.026961","1362.0,1550.0,38.0,66.0","1285,1487,1477,1679",192x192,3264x2448,"0.499992,0.499996,0.197914,0.343753",0.00031388,0.06803348,216.8,tiny,medium,1
crop_batch_6_000068_003_bag_wrapper.jpg,batch_6_000068,data/official_complete/TACO/data/batch_6/000068.JPG,train,0,bag_wrapper,"0.329197,0.779616,0.027267,0.031454","1030.0,1870.0,89.0,77.0","978,1812,1170,2004",192x192,3264x2448,"0.502599,0.502604,0.463539,0.401039",0.00085766,0.18589699,216.8,tiny,medium,1
crop_batch_6_000068_002_bag_wrapper.jpg,batch_6_000068,data/official_complete/TACO/data/batch_6/000068.JPG,train,0,bag_wrapper,"0.247702,0.689747,0.034007,0.050245","753.0,1627.0,111.0,123.0","685,1566,931,1812",246x246,3264x2448,"0.502030,0.497970,0.451215,0.499999",0.00170868,0.22560697,132.0,tiny,large,1
crop_batch_6_000069_000_bottle.jpg,batch_6_000069,data/official_complete/TACO/data/batch_6/000069.JPG,train,1,bottle,"0.399203,0.303513,0.186275,0.128268","999.0,586.0,608.0,314.0","695,135,1911,1351",1216x1216,3264x2448,"0.499999,0.500000,0.500001,0.258224",0.02389312,0.12911221,5.4,small,medium,1
crop_batch_6_000069_001_bottle.jpg,batch_6_000069,data/official_complete/TACO/data/batch_6/000069.JPG,train,1,bottle,"0.800245,0.886846,0.083333,0.133987","2476.0,2007.0,272.0,328.0","2284,1792,2940,2448",656x656,3264x2448,"0.500000,0.577742,0.414632,0.500000",0.01116554,0.20731636,18.6,small,large,1
crop_batch_6_000071_000_bottle_cap.jpg,batch_6_000071,data/prepared_run_002/images/train/batch_6_000071.JPG,train,2,bottle_cap,"0.465482,0.663297,0.031454,0.026348","1101.0,2122.0,77.0,86.0","1043,2069,1235,2261",192x192,2448x3264,"0.502604,0.500007,0.401038,0.447916",0.00082875,0.17963156,216.8,tiny,medium,1
crop_batch_6_000072_008_cup.jpg,batch_6_000072,data/prepared_run_002/images/train/batch_6_000072.JPG,train,6,cup,"0.648489,0.104320,0.018382,0.011949","1565.0,321.0,45.0,39.0","1492,245,1684,437",192x192,2448x3264,"0.497401,0.497398,0.234370,0.203133",0.00021965,0.04760838,216.7,tiny,small,1
crop_batch_6_000072_023_straw.jpg,batch_6_000072,data/prepared_run_002/images/train/batch_6_000072.JPG,train,7,straw,"0.470588,0.402420,0.008170,0.022978","1142.0,1276.0,20.0,75.0","1056,1217,1248,1409",192x192,2448x3264,"0.499997,0.502598,0.104168,0.390626",0.00018773,0.04069053,216.7,tiny,small,2
crop_batch_6_000072_025_straw.jpg,batch_6_000072,data/prepared_run_002/images/train/batch_6_000072.JPG,train,7,straw,"0.575163,0.210938,0.012255,0.017463","1393.0,660.0,30.0,57.0","1312,593,1504,785",192x192,2448x3264,"0.499995,0.497404,0.156251,0.296871",0.00021401,0.04638646,216.7,tiny,small,1
crop_batch_6_000072_020_can.jpg,batch_6_000072,data/prepared_run_002/images/train/batch_6_000072.JPG,train,3,can,"0.880310,0.060202,0.019608,0.010110","2131.0,180.0,48.0,33.0","2059,100,2251,292",192x192,2448x3264,"0.499994,0.502601,0.250002,0.171870",0.00019824,0.04296784,216.7,tiny,small,1
crop_batch_6_000074_000_bottle.jpg,batch_6_000074,data/official_complete/TACO/data/batch_6/000074.JPG,train,1,bottle,"0.583180,0.606822,0.217831,0.153186","1548.0,1298.0,711.0,375.0","1192,774,2614,2197",1422x1423,3264x2448,"0.500351,0.500000,0.500000,0.263527",0.03336866,0.13176371,3.9,small,medium,1
crop_batch_6_000076_002_cup.jpg,batch_6_000076,data/official_complete/TACO/data/batch_6/000076.JPG,train,6,cup,"0.237802,0.359351,0.137143,0.116538","385.0,974.0,312.0,377.0","164,786,918,1540",754x754,2275x3235,"0.499999,0.499338,0.413794,0.500001",0.01598237,0.206897,12.9,small,large,1
crop_batch_6_000076_000_bottle.jpg,batch_6_000076,data/official_complete/TACO/data/batch_6/000076.JPG,train,1,bottle,"0.563077,0.483617,0.115165,0.172179","1150.0,1286.0,262.0,557.0","724,1008,1838,2122",1114x1114,2275x3235,"0.500000,0.499552,0.235189,0.499999",0.01982899,0.11759423,5.9,small,medium,2
crop_batch_6_000076_001_bottle.jpg,batch_6_000076,data/official_complete/TACO/data/batch_6/000076.JPG,train,1,bottle,"0.438681,0.375734,0.098462,0.201236","886.0,890.0,224.0,651.0","347,565,1649,1866",1302x1301,2275x3235,"0.499999,0.500000,0.172044,0.500383",0.0198141,0.08608782,4.3,small,medium,3
crop_batch_6_000078_000_can.jpg,batch_6_000078,data/official_complete/TACO/data/batch_6/000078.JPG,train,3,can,"0.307355,0.414634,0.117759,0.107724","652.0,710.0,309.0,212.0","497,507,1115,1125",618x618,2624x1968,"0.500808,0.500000,0.499999,0.343043",0.01268547,0.1715215,13.5,small,medium,2
crop_batch_6_000078_002_bottle.jpg,batch_6_000078,data/official_complete/TACO/data/batch_6/000078.JPG,train,1,bottle,"0.163872,0.403455,0.073171,0.059959","334.0,735.0,192.0,118.0","238,602,622,986",384x384,2624x1968,"0.500000,0.499999,0.500002,0.307290",0.00438726,0.1536455,35.0,tiny,medium,2
crop_batch_6_000078_001_bottle.jpg,batch_6_000078,data/official_complete/TACO/data/batch_6/000078.JPG,train,1,bottle,"0.224848,0.448933,0.089177,0.117378","473.0,768.0,234.0,231.0","356,649,824,1118",468x469,2624x1968,"0.500002,0.500000,0.500001,0.492537",0.01046742,0.24626903,23.5,small,large,3
crop_batch_6_000080_000_bottle.jpg,batch_6_000080,data/official_complete/TACO/data/batch_6/000080.JPG,train,1,bottle,"0.298866,0.828840,0.146140,0.066176","737.0,1948.0,477.0,162.0","498,1494,1452,2448",954x954,3264x2448,"0.500523,0.560797,0.500001,0.169810",0.00967096,0.08490523,8.8,tiny,medium,2
crop_batch_6_000080_001_bottle_cap.jpg,batch_6_000080,data/official_complete/TACO/data/batch_6/000080.JPG,train,2,bottle_cap,"0.368873,0.837623,0.006740,0.021650","1193.0,2024.0,22.0,53.0","1108,1955,1300,2147",192x192,3264x2448,"0.500008,0.497402,0.114580,0.276037",0.00014592,0.03162838,216.8,tiny,small,1
crop_batch_6_000082_000_can.jpg,batch_6_000082,data/official_complete/TACO/data/batch_6/000082.JPG,train,3,can,"0.636685,0.411232,0.022283,0.032609","2302.0,1090.0,82.0,90.0","2247,1039,2439,1231",192x192,3680x2760,"0.500004,0.500002,0.427091,0.468754",0.00072663,0.2002007,275.5,tiny,large,1
crop_batch_6_000082_001_bag_wrapper.jpg,batch_6_000082,data/official_complete/TACO/data/batch_6/000082.JPG,train,0,bag_wrapper,"0.765353,0.356159,0.051902,0.035507","2721.0,934.0,191.0,98.0","2625,792,3007,1174",382x382,3680x2760,"0.501306,0.499997,0.499998,0.256543",0.00184288,0.12827093,69.6,tiny,medium,1
crop_batch_6_000083_000_bottle.jpg,batch_6_000083,data/official_complete/TACO/data/batch_6/000083.JPG,train,1,bottle,"0.291943,0.775218,0.069062,0.064949","738.0,2047.0,198.0,179.0","639,1939,1035,2335",396x396,2867x2756,"0.500001,0.498739,0.500002,0.452019",0.00448551,0.22601026,50.4,tiny,large,1
crop_batch_6_000090_000_bottle.jpg,batch_6_000090,data/official_complete/TACO/data/batch_6/000090.JPG,train,1,bottle,"0.249387,0.702206,0.063725,0.077614","710.0,1624.0,208.0,190.0","606,1511,1022,1927",416x416,3264x2448,"0.499998,0.500001,0.499996,0.456729",0.00494595,0.22836251,46.2,tiny,large,1
crop_batch_6_000092_000_straw.jpg,batch_6_000092,data/prepared_run_002/images/train/batch_6_000092.JPG,train,7,straw,"0.677288,0.445312,0.109477,0.029105","1524.0,1406.0,268.0,95.0","1390,1185,1926,1721",536x536,2448x3264,"0.500002,0.500930,0.499999,0.177236",0.00318633,0.08861811,27.8,tiny,medium,1
crop_batch_6_000093_001_bottle_cap.jpg,batch_6_000093,data/official_complete/TACO/data/batch_6/000093.JPG,train,2,bottle_cap,"0.519914,0.803513,0.037377,0.054739","1636.0,1900.0,122.0,134.0","1563,1833,1831,2101",268x268,3264x2448,"0.499997,0.499999,0.455218,0.500004",0.00204598,0.22761101,111.2,tiny,large,1
crop_batch_6_000093_000_bottle.jpg,batch_6_000093,data/official_complete/TACO/data/batch_6/000093.JPG,train,1,bottle,"0.545037,0.723856,0.098039,0.215686","1619.0,1508.0,320.0,528.0","1251,1244,2307,2300",1056x1056,3264x2448,"0.500001,0.500000,0.303030,0.499999",0.02114564,0.15151463,7.2,small,medium,2
crop_batch_6_000094_000_bag_wrapper.jpg,batch_6_000094,data/prepared_run_002/images/train/batch_6_000094.JPG,train,0,bag_wrapper,"0.525327,0.629749,0.181373,0.116728","1064.0,1865.0,444.0,381.0","842,1611,1730,2500",888x889,2448x3264,"0.500001,0.500001,0.500001,0.428572",0.02117131,0.21428636,10.1,small,large,1
crop_batch_6_000099_003_can.jpg,batch_6_000099,data/official_complete/TACO/data/batch_6/000099.JPG,train,3,can,"0.559451,0.764228,0.049543,0.070122","1403.0,1435.0,130.0,138.0","1330,1366,1606,1642",276x276,2624x1968,"0.499998,0.500003,0.471018,0.500000",0.00347405,0.23550892,67.8,tiny,large,3
crop_batch_6_000099_000_bottle.jpg,batch_6_000099,data/official_complete/TACO/data/batch_6/000099.JPG,train,1,bottle,"0.508194,0.908791,0.149771,0.125508","1137.0,1665.0,393.0,247.0","941,1182,1727,1968",786x786,2624x1968,"0.499365,0.771629,0.499999,0.314249",0.01879746,0.15712416,8.4,small,medium,4
crop_batch_6_000099_001_bottle.jpg,batch_6_000099,data/official_complete/TACO/data/batch_6/000099.JPG,train,1,bottle,"0.502858,0.799035,0.061357,0.078760","1239.0,1495.0,161.0,155.0","1158,1412,1481,1734",323x322,2624x1968,"0.499998,0.498450,0.498454,0.481365",0.00483248,0.23993873,49.7,tiny,large,2
crop_batch_6_000100_000_bottle.jpg,batch_6_000100,data/official_complete/TACO/data/batch_6/000100.JPG,train,1,bottle,"0.397672,0.300858,0.186275,0.128676","994.0,579.0,608.0,315.0","690,128,1906,1345",1216x1217,3264x2448,"0.500001,0.500000,0.500001,0.258832",0.02396912,0.12941647,5.4,small,medium,1
crop_batch_6_000100_001_bottle.jpg,batch_6_000100,data/official_complete/TACO/data/batch_6/000100.JPG,train,1,bottle,"0.800092,0.885417,0.081801,0.140931","2478.0,1995.0,267.0,345.0","2267,1758,2956,2448",689x690,3264x2448,"0.500000,0.593479,0.387516,0.499999",0.0115283,0.19375744,16.8,small,medium,1
crop_batch_6_000102_000_can.jpg,batch_6_000102,data/prepared_run_002/images/train/batch_6_000102.JPG,train,3,can,"0.614583,0.459406,0.030637,0.037071","1467.0,1439.0,75.0,121.0","1383,1379,1625,1621",242x242,2448x3264,"0.502063,0.497939,0.309915,0.499999",0.00113574,0.15495706,136.4,tiny,medium,1
crop_batch_6_000102_001_bottle.jpg,batch_6_000102,data/prepared_run_002/images/train/batch_6_000102.JPG,train,1,bottle,"0.610907,0.581648,0.082108,0.032782","1395.0,1845.0,201.0,107.0","1294,1697,1697,2099",403x402,2448x3264,"0.500001,0.501241,0.498760,0.266170",0.00269166,0.13275515,49.3,tiny,medium,1
crop_batch_6_000102_003_bag_wrapper.jpg,batch_6_000102,data/prepared_run_002/images/train/batch_6_000102.JPG,train,0,bag_wrapper,"0.223243,0.888174,0.053513,0.020833","481.0,2865.0,131.0,68.0","415,2768,677,3030",262x262,2448x3264,"0.501904,0.500000,0.499999,0.259538",0.00111484,0.12976874,116.4,tiny,medium,1
crop_batch_6_000102_002_bag_wrapper.jpg,batch_6_000102,data/prepared_run_002/images/train/batch_6_000102.JPG,train,0,bag_wrapper,"0.489788,0.466452,0.089869,0.060968","1089.0,1423.0,220.0,199.0","979,1303,1419,1742",440x439,2448x3264,"0.500002,0.499998,0.499998,0.453302",0.00547913,0.22665026,41.4,tiny,large,1
crop_batch_6_000103_002_carton.jpg,batch_6_000103,data/official_complete/TACO/data/batch_6/000103.JPG,train,4,carton,"0.123009,0.801266,0.038909,0.026552","338.0,1929.0,127.0,65.0","275,1835,529,2088",254x253,3264x2448,"0.498037,0.499997,0.499996,0.256914",0.00103311,0.12845607,124.3,tiny,medium,1
crop_batch_6_000103_000_bottle.jpg,batch_6_000103,data/official_complete/TACO/data/batch_6/000103.JPG,train,1,bottle,"0.472426,0.621324,0.033088,0.047386","1488.0,1463.0,108.0,116.0","1426,1405,1658,1637",232x232,3264x2448,"0.499993,0.500005,0.465514,0.500004",0.00156791,0.23275883,148.5,tiny,large,2
crop_batch_6_000103_001_bottle_cap.jpg,batch_6_000103,data/official_complete/TACO/data/batch_6/000103.JPG,train,2,bottle_cap,"0.458946,0.640727,0.006127,0.007761","1488.0,1559.0,20.0,19.0","1402,1472,1594,1664",192x192,3264x2448,"0.499999,0.502603,0.104159,0.098953",4.755e-05,0.01030682,216.7,tiny,small,2
crop_batch_6_000104_000_bottle.jpg,batch_6_000104,data/prepared_run_002/images/train/batch_6_000104.JPG,train,1,bottle,"0.333333,0.367188,0.257353,0.178002","501.0,908.0,630.0,581.0","186,569,1446,1829",1260x1260,2448x3264,"0.499999,0.499604,0.500000,0.461110",0.04580935,0.23055502,5.0,small,large,1
crop_batch_7_000000_000_bag_wrapper.jpg,batch_7_000000,data/official_complete/TACO/data/batch_7/000000.JPG,train,0,bag_wrapper,"0.600250,0.633000,0.026833,0.067000","3521.0,2398.0,161.0,268.0","3333,2264,3869,2800",536x536,6000x4000,"0.500933,0.500000,0.300369,0.500000",0.00179781,0.1501847,83.5,tiny,medium,1
crop_batch_7_000001_001_bottle_cap.jpg,batch_7_000001,data/official_complete/TACO/data/batch_7/000001.JPG,train,2,bottle_cap,"0.660333,0.734625,0.022333,0.033250","3895.0,2872.0,134.0,133.0","3828,2805,4096,3072",268x267,6000x4000,"0.499993,0.500000,0.499993,0.498127",0.00074257,0.24905995,335.4,tiny,large,1
crop_batch_7_000001_000_straw.jpg,batch_7_000001,data/official_complete/TACO/data/batch_7/000001.JPG,train,7,straw,"0.477917,0.362000,0.108500,0.033500","2542.0,1381.0,651.0,134.0","2217,797,3519,2099",1302x1302,6000x4000,"0.499618,0.500000,0.500000,0.102919",0.00363475,0.05145929,14.2,tiny,medium,1
crop_batch_7_000002_000_straw.jpg,batch_7_000002,data/official_complete/TACO/data/batch_7/000002.JPG,train,7,straw,"0.495500,0.825875,0.088667,0.125250","2707.0,3053.0,532.0,501.0","2441,2771,3505,3836",1064x1065,6000x4000,"0.500000,0.500000,0.500002,0.470423",0.01110554,0.23521215,21.2,small,large,1
crop_batch_7_000004_000_bag_wrapper.jpg,batch_7_000004,data/official_complete/TACO/data/batch_7/000004.JPG,train,0,bag_wrapper,"0.304833,0.668625,0.101333,0.101250","1525.0,2472.0,608.0,405.0","1221,2067,2437,3282",1216x1215,6000x4000,"0.499998,0.500000,0.499998,0.333333",0.01025997,0.16666612,16.2,small,medium,1
crop_batch_7_000005_000_bag_wrapper.jpg,batch_7_000005,data/official_complete/TACO/data/batch_7/000005.JPG,train,0,bag_wrapper,"0.363917,0.596875,0.120500,0.215250","1822.0,1957.0,723.0,861.0","1323,1526,3045,3248",1722x1722,6000x4000,"0.499711,0.500290,0.419861,0.500000",0.02593762,0.20993031,8.1,small,large,1
crop_batch_7_000012_000_bag_wrapper.jpg,batch_7_000012,data/official_complete/TACO/data/batch_7/000012.JPG,train,0,bag_wrapper,"0.626500,0.403500,0.144333,0.219500","3326.0,1175.0,866.0,878.0","2881,736,4637,2492",1756x1756,6000x4000,"0.500000,0.500000,0.493165,0.500000",0.03168109,0.24658257,7.8,small,large,1
crop_batch_7_000016_000_bottle.jpg,batch_7_000016,data/prepared_run_002/images/train/batch_7_000016.JPG,train,1,bottle,"0.216708,0.276961,0.140931,0.036765","358.0,844.0,345.0,120.0","186,559,876,1249",690x690,2448x3264,"0.499277,0.500001,0.499999,0.173914",0.00518133,0.08695699,16.8,tiny,medium,1
crop_batch_7_000017_000_bottle.jpg,batch_7_000017,data/official_complete/TACO/data/batch_7/000017.JPG,train,1,bottle,"0.494332,0.805147,0.108762,0.187092","1436.0,1742.0,355.0,458.0","1155,1513,2072,2429",917x916,3264x2448,"0.500000,0.500000,0.387131,0.500001",0.0203485,0.19356604,9.5,small,medium,1
crop_batch_7_000022_001_bottle.jpg,batch_7_000022,data/official_complete/TACO/data/batch_7/000022.JPG,train,1,bottle,"0.259651,0.688521,0.238664,0.193219","458.0,1449.0,779.0,473.0","69,890,1627,2448",1558x1558,3264x2448,"0.499680,0.510590,0.500000,0.303594",0.04611442,0.15179707,3.3,small,medium,4
crop_batch_7_000022_003_cigarette.jpg,batch_7_000022,data/official_complete/TACO/data/batch_7/000022.JPG,train,5,cigarette,"0.341605,0.506127,0.011642,0.049837","1096.0,1178.0,38.0,122.0","993,1117,1237,1361",244x244,3264x2448,"0.499995,0.499995,0.155736,0.500004",0.0005802,0.07786843,134.2,tiny,medium,1
crop_batch_7_000022_002_straw.jpg,batch_7_000022,data/official_complete/TACO/data/batch_7/000022.JPG,train,7,straw,"0.137714,0.564134,0.140012,0.062092","221.0,1305.0,457.0,152.0","0,924,914,1838",914x914,3264x2448,"0.491793,0.500000,0.499999,0.166303",0.00869363,0.0831515,9.6,tiny,medium,2
crop_batch_7_000023_003_cigarette.jpg,batch_7_000023,data/prepared_run_002/images/train/batch_7_000023.JPG,train,5,cigarette,"0.457108,0.673407,0.015523,0.013480","1100.0,2176.0,38.0,44.0","1023,2102,1215,2294",192x192,2448x3264,"0.500002,0.500002,0.197918,0.229160",0.00020925,0.04535495,216.7,tiny,small,2
crop_batch_7_000023_002_bag_wrapper.jpg,batch_7_000023,data/prepared_run_002/images/train/batch_7_000023.JPG,train,0,bag_wrapper,"0.733047,0.206189,0.150735,0.036152","1610.0,614.0,369.0,118.0","1425,304,2163,1042",738x738,2448x3264,"0.500676,0.500001,0.499999,0.159892",0.00544937,0.07994573,14.7,tiny,medium,1
crop_batch_7_000023_001_carton.jpg,batch_7_000023,data/prepared_run_002/images/train/batch_7_000023.JPG,train,4,carton,"0.500408,0.316636,0.053105,0.023591","1160.0,995.0,130.0,77.0","1095,903,1355,1164",260x261,2448x3264,"0.499995,0.500000,0.500004,0.295023",0.0012528,0.14751272,117.7,tiny,medium,1
crop_batch_7_000023_000_carton.jpg,batch_7_000023,data/prepared_run_002/images/train/batch_7_000023.JPG,train,4,carton,"0.474673,0.652574,0.066993,0.043505","1080.0,2059.0,164.0,142.0","998,1966,1326,2294",328x328,2448x3264,"0.499998,0.500005,0.499997,0.432928",0.00291453,0.2164624,74.3,tiny,large,2
crop_batch_7_000024_000_can.jpg,batch_7_000024,data/official_complete/TACO/data/batch_7/000024.JPG,train,3,can,"0.376838,0.500000,0.041054,0.055556","1163.0,1156.0,134.0,136.0","1094,1088,1366,1360",272x272,3264x2448,"0.499997,0.500000,0.492648,0.500004",0.0022808,0.24632597,108.0,tiny,large,1
crop_batch_7_000025_000_can.jpg,batch_7_000025,data/official_complete/TACO/data/batch_7/000025.JPG,train,3,can,"0.237286,0.601103,0.097120,0.074755","616.0,1380.0,317.0,183.0","458,1155,1092,1788",634x633,3264x2448,"0.499214,0.500000,0.499999,0.289100",0.00726021,0.14454981,19.9,tiny,medium,1
crop_batch_7_000033_001_cup.jpg,batch_7_000033,data/prepared_run_002/images/train/batch_7_000033.JPG,train,6,cup,"0.388480,0.379289,0.159314,0.153799","756.0,987.0,390.0,502.0","449,736,1453,1740",1004x1004,2448x3264,"0.499999,0.499999,0.388447,0.500000",0.02450233,0.19422342,7.9,small,medium,3
crop_batch_7_000033_002_cup.jpg,batch_7_000033,data/prepared_run_002/images/train/batch_7_000033.JPG,train,6,cup,"0.386642,0.312347,0.174428,0.079963","733.0,889.0,427.0,261.0","519,593,1373,1447",854x854,2448x3264,"0.500585,0.499415,0.500000,0.305620",0.01394779,0.15280976,11.0,small,medium,2
crop_batch_7_000034_000_bottle_cap.jpg,batch_7_000034,data/prepared_run_002/images/train/batch_7_000034.JPG,train,2,bottle_cap,"0.356209,0.399510,0.044118,0.026961","818.0,1260.0,108.0,88.0","764,1196,980,1412",216x216,2448x3264,"0.499998,0.500003,0.500004,0.407411",0.00118947,0.20370696,171.3,tiny,large,1
crop_batch_7_000036_002_straw.jpg,batch_7_000036,data/official_complete/TACO/data/batch_7/000036.JPG,train,7,straw,"0.452206,0.333129,0.056985,0.029820","1383.0,779.0,186.0,73.0","1290,630,1662,1001",372x371,3264x2448,"0.500001,0.499999,0.499997,0.196764",0.00169929,0.09838138,57.9,tiny,medium,1
crop_batch_7_000036_006_can.jpg,batch_7_000036,data/official_complete/TACO/data/batch_7/000036.JPG,train,3,can,"0.625000,0.553717,0.097426,0.161356","1881.0,1158.0,318.0,395.0","1645,960,2435,1750",790x790,3264x2448,"0.500000,0.500632,0.402530,0.499999",0.01572027,0.20126459,12.8,small,large,3
crop_batch_7_000036_001_carton.jpg,batch_7_000036,data/official_complete/TACO/data/batch_7/000036.JPG,train,4,carton,"0.393995,0.638685,0.094363,0.123775","1132.0,1412.0,308.0,303.0","978,1256,1594,1872",616x616,3264x2448,"0.499999,0.499190,0.500001,0.491885",0.01167978,0.2459432,21.1,small,large,2
crop_batch_7_000036_000_carton.jpg,batch_7_000036,data/official_complete/TACO/data/batch_7/000036.JPG,train,4,carton,"0.358915,0.437500,0.087316,0.112745","1029.0,933.0,285.0,276.0","886,786,1456,1356",570x570,3264x2448,"0.500875,0.500000,0.499999,0.484210",0.00984444,0.24210456,24.6,tiny,large,2
crop_batch_7_000037_000_cup.jpg,batch_7_000037,data/prepared_run_002/images/train/batch_7_000037.JPG,train,6,cup,"0.585989,0.664062,0.069853,0.041973","1349.0,2099.0,171.0,137.0","1264,1996,1606,2338",342x342,2448x3264,"0.498541,0.501457,0.500000,0.400584",0.00293194,0.20029238,68.3,tiny,large,1
crop_batch_7_000037_001_cigarette.jpg,batch_7_000037,data/prepared_run_002/images/train/batch_7_000037.JPG,train,5,cigarette,"0.437092,0.691176,0.008170,0.013480","1060.0,2234.0,20.0,44.0","974,2160,1166,2352",192x192,2448x3264,"0.500006,0.499992,0.104168,0.229160",0.00011013,0.02387102,216.8,tiny,small,1
crop_batch_7_000038_000_carton.jpg,batch_7_000038,data/prepared_run_002/images/train/batch_7_000038.JPG,train,4,carton,"0.259191,0.336550,0.112337,0.053002","497.0,1012.0,275.0,173.0","359,823,910,1374",551x551,2448x3264,"0.499999,0.499999,0.499094,0.313972",0.00595409,0.15670161,26.3,tiny,medium,2
crop_batch_7_000038_001_straw.jpg,batch_7_000038,data/prepared_run_002/images/train/batch_7_000038.JPG,train,7,straw,"0.230801,0.301317,0.010621,0.029718","552.0,935.0,26.0,97.0","468,886,662,1080",194x194,2448x3264,"0.500004,0.502571,0.134022,0.499998",0.00031563,0.06701054,212.3,tiny,medium,1
crop_batch_7_000039_000_bag_wrapper.jpg,batch_7_000039,data/prepared_run_002/images/train/batch_7_000039.JPG,train,0,bag_wrapper,"0.497345,0.484375,0.035539,0.016544","1174.0,1554.0,87.0,54.0","1122,1485,1314,1677",192x192,2448x3264,"0.497399,0.500000,0.453122,0.281248",0.00058796,0.12743973,216.8,tiny,medium,1
crop_batch_7_000039_003_cigarette.jpg,batch_7_000039,data/prepared_run_002/images/train/batch_7_000039.JPG,train,5,cigarette,"0.963644,0.591912,0.026961,0.008578","2326.0,1918.0,66.0,28.0","2256,1836,2448,2028",192x192,2448x3264,"0.536461,0.500004,0.343753,0.145826",0.00023127,0.05012809,216.7,tiny,medium,2
crop_batch_7_000039_002_cigarette.jpg,batch_7_000039,data/prepared_run_002/images/train/batch_7_000039.JPG,train,5,cigarette,"0.947304,0.597120,0.025327,0.010417","2288.0,1932.0,62.0,34.0","2223,1853,2415,2045",192x192,2448x3264,"0.500001,0.499998,0.322919,0.177089",0.00026383,0.05718545,216.7,tiny,medium,2
crop_batch_7_000039_001_bag_wrapper.jpg,batch_7_000039,data/prepared_run_002/images/train/batch_7_000039.JPG,train,0,bag_wrapper,"0.229371,0.938725,0.098448,0.041667","441.0,2996.0,241.0,136.0","320,2782,803,3264",483x482,2448x3264,"0.500000,0.585059,0.498966,0.282160",0.00410203,0.14078829,34.3,tiny,medium,1
crop_batch_7_000042_000_carton.jpg,batch_7_000042,data/prepared_run_002/images/train/batch_7_000042.JPG,train,4,carton,"0.189338,0.223805,0.105801,0.045037","334.0,657.0,259.0,147.0","204,471,723,990",519x519,2448x3264,"0.499999,0.499999,0.499038,0.283238",0.00476496,0.14134683,29.7,tiny,medium,1
crop_batch_7_000043_000_cup.jpg,batch_7_000043,data/prepared_run_002/images/train/batch_7_000043.JPG,train,6,cup,"0.573325,0.333946,0.100899,0.054534","1280.0,1001.0,247.0,178.0","1156,843,1651,1337",495x494,2448x3264,"0.499999,0.499999,0.498991,0.360322",0.00550243,0.17979749,32.7,tiny,medium,1
crop_batch_7_000043_006_cigarette.jpg,batch_7_000043,data/prepared_run_002/images/train/batch_7_000043.JPG,train,5,cigarette,"0.014297,0.488358,0.022059,0.009804","8.0,1578.0,54.0,32.0","0,1498,192,1690",192x192,2448x3264,"0.182287,0.500003,0.281252,0.166668",0.00021627,0.04687575,216.8,tiny,small,1
crop_batch_7_000043_004_cigarette.jpg,batch_7_000043,data/prepared_run_002/images/train/batch_7_000043.JPG,train,5,cigarette,"0.942402,0.659620,0.026961,0.017770","2274.0,2124.0,66.0,58.0","2211,2057,2403,2249",192x192,2448x3264,"0.500000,0.499998,0.343753,0.302090",0.0004791,0.10384427,216.8,tiny,medium,1
crop_batch_7_000044_006_cigarette.jpg,batch_7_000044,data/prepared_run_002/images/train/batch_7_000044.JPG,train,5,cigarette,"0.540441,0.466605,0.018791,0.009191","1300.0,1508.0,46.0,30.0","1227,1427,1419,1619",192x192,2448x3264,"0.499998,0.499993,0.239585,0.156247",0.00017271,0.03743448,216.7,tiny,small,1
crop_batch_7_000044_002_bottle.jpg,batch_7_000044,data/prepared_run_002/images/train/batch_7_000044.JPG,train,1,bottle,"0.435662,0.395987,0.187500,0.067096","837.0,1183.0,459.0,219.0","608,834,1526,1752",918x918,2448x3264,"0.499456,0.499457,0.500000,0.238564",0.0125805,0.11928178,9.5,small,medium,6
crop_batch_7_000044_001_carton.jpg,batch_7_000044,data/prepared_run_002/images/train/batch_7_000044.JPG,train,4,carton,"0.568219,0.301777,0.040850,0.023897","1341.0,946.0,100.0,78.0","1291,885,1491,1085",200x200,2448x3264,"0.500001,0.500001,0.500004,0.389999",0.00097619,0.19500108,199.8,tiny,medium,2
crop_batch_7_000044_000_straw.jpg,batch_7_000044,data/prepared_run_002/images/train/batch_7_000044.JPG,train,7,straw,"0.589665,0.307445,0.019199,0.008885","1420.0,989.0,47.0,29.0","1347,908,1539,1100",192x192,2448x3264,"0.502604,0.497398,0.244787,0.151045",0.00017058,0.03697389,216.8,tiny,small,2
crop_batch_7_000045_000_carton.jpg,batch_7_000045,data/prepared_run_002/images/train/batch_7_000045.JPG,train,4,carton,"0.526348,0.426930,0.082108,0.114277","1188.0,1207.0,201.0,373.0","915,1020,1662,1766",747x746,2448x3264,"0.500000,0.500670,0.269077,0.500000",0.00938306,0.13453846,14.3,tiny,medium,1
crop_batch_7_000047_000_bottle.jpg,batch_7_000047,data/prepared_run_002/images/train/batch_7_000047.JPG,train,1,bottle,"0.604575,0.457874,0.099673,0.048713","1358.0,1415.0,244.0,159.0","1236,1251,1724,1739",488x488,2448x3264,"0.499999,0.498977,0.499999,0.325818",0.00485537,0.16290872,33.6,tiny,medium,2
crop_batch_7_000047_001_bottle.jpg,batch_7_000047,data/prepared_run_002/images/train/batch_7_000047.JPG,train,1,bottle,"0.525940,0.463082,0.089461,0.053002","1178.0,1425.0,219.0,173.0","1069,1292,1507,1731",438x439,2448x3264,"0.498861,0.499999,0.500001,0.394074",0.00474161,0.19703752,41.6,tiny,medium,2
crop_batch_7_000047_003_cigarette.jpg,batch_7_000047,data/prepared_run_002/images/train/batch_7_000047.JPG,train,5,cigarette,"0.352533,0.449449,0.005719,0.011642","856.0,1448.0,14.0,38.0","767,1371,959,1563",192x192,2448x3264,"0.500004,0.500008,0.072917,0.197914",6.658e-05,0.01443134,216.8,tiny,small,2
crop_batch_7_000047_002_cigarette.jpg,batch_7_000047,data/prepared_run_002/images/train/batch_7_000047.JPG,train,5,cigarette,"0.347222,0.454044,0.004902,0.009804","844.0,1466.0,12.0,32.0","754,1386,946,1578",192x192,2448x3264,"0.499997,0.499998,0.062500,0.166668",4.806e-05,0.01041683,216.7,tiny,small,2
crop_batch_7_000048_001_bottle_cap.jpg,batch_7_000048,data/prepared_run_002/images/train/batch_7_000048.JPG,train,2,bottle_cap,"0.585989,0.616728,0.017565,0.014706","1413.0,1989.0,43.0,48.0","1339,1917,1531,2109",192x192,2448x3264,"0.497401,0.500001,0.223954,0.250002",0.00025831,0.05598889,216.8,tiny,medium,1
crop_batch_7_000048_000_cup.jpg,batch_7_000048,data/prepared_run_002/images/train/batch_7_000048.JPG,train,6,cup,"0.503881,0.597120,0.082108,0.052696","1133.0,1863.0,201.0,172.0","1033,1748,1435,2150",402x402,2448x3264,"0.498758,0.499999,0.500001,0.427860",0.00432676,0.21393044,49.4,tiny,large,2
crop_batch_7_000049_008_cup.jpg,batch_7_000049,data/prepared_run_002/images/train/batch_7_000049.JPG,train,6,cup,"0.038807,0.190104,0.036765,0.021752","50.0,585.0,90.0,71.0","0,524,192,716",192x192,2448x3264,"0.494789,0.502601,0.468754,0.369784",0.00079971,0.17333764,216.7,tiny,medium,1
crop_batch_7_000049_009_bottle_cap.jpg,batch_7_000049,data/prepared_run_002/images/train/batch_7_000049.JPG,train,2,bottle_cap,"0.280842,0.633425,0.020833,0.009498","662.0,2052.0,51.0,31.0","592,1971,784,2163",192x192,2448x3264,"0.497402,0.502600,0.265621,0.161466",0.00019787,0.04288872,216.7,tiny,small,2
crop_batch_7_000049_006_carton.jpg,batch_7_000049,data/prepared_run_002/images/train/batch_7_000049.JPG,train,4,carton,"0.095180,0.560509,0.038399,0.020527","186.0,1796.0,94.0,67.0","137,1734,329,1926",192x192,2448x3264,"0.500003,0.497403,0.489587,0.348959",0.00078822,0.17084588,216.7,tiny,medium,1
crop_batch_7_000049_005_bottle.jpg,batch_7_000049,data/prepared_run_002/images/train/batch_7_000049.JPG,train,1,bottle,"0.291667,0.562500,0.081699,0.151348","614.0,1589.0,200.0,494.0","220,1342,1208,2330",988x988,2448x3264,"0.500001,0.500000,0.202428,0.500000",0.01236498,0.10121412,8.2,small,medium,4
crop_batch_7_000050_000_straw.jpg,batch_7_000050,data/prepared_run_002/images/train/batch_7_000050.JPG,train,7,straw,"0.506536,0.601562,0.098039,0.148591","1120.0,1721.0,240.0,485.0","755,1478,1725,2448",970x970,2448x3264,"0.500000,0.500514,0.247422,0.500001",0.01456771,0.12371133,8.5,small,medium,1
crop_batch_7_000051_008_cigarette.jpg,batch_7_000051,data/prepared_run_002/images/train/batch_7_000051.JPG,train,5,cigarette,"0.351307,0.458946,0.016340,0.003676","840.0,1492.0,40.0,12.0","764,1402,956,1594",192x192,2448x3264,"0.499998,0.499999,0.208335,0.062492",6.007e-05,0.01301927,216.8,tiny,small,1
crop_batch_7_000051_006_carton.jpg,batch_7_000051,data/prepared_run_002/images/train/batch_7_000051.JPG,train,4,carton,"0.446078,0.671109,0.053105,0.056066","1027.0,2099.0,130.0,183.0","909,2008,1275,2373",366x365,2448x3264,"0.499997,0.499999,0.355194,0.501368",0.00297738,0.17808306,59.8,tiny,medium,1
crop_batch_7_000051_007_cup.jpg,batch_7_000051,data/prepared_run_002/images/train/batch_7_000051.JPG,train,6,cup,"0.681373,0.776961,0.047386,0.041667","1610.0,2468.0,116.0,136.0","1532,2400,1804,2672",272x272,2448x3264,"0.500004,0.500003,0.426474,0.500004",0.00197443,0.21323871,108.0,tiny,large,1
crop_batch_7_000051_001_straw.jpg,batch_7_000051,data/prepared_run_002/images/train/batch_7_000051.JPG,train,7,straw,"0.278186,0.644608,0.040033,0.030025","632.0,2055.0,98.0,98.0","583,2006,779,2202",196x196,2448x3264,"0.499997,0.500003,0.500004,0.500008",0.00120199,0.25000608,208.0,tiny,large,2
crop_batch_7_000052_000_carton.jpg,batch_7_000052,data/official_complete/TACO/data/batch_7/000052.JPG,train,4,carton,"0.488358,0.674428,0.169730,0.178922","1317.0,1432.0,554.0,438.0","1040,1097,2148,2205",1108x1108,3264x2448,"0.500000,0.500000,0.499999,0.395308",0.03036843,0.19765345,6.5,small,medium,1
crop_batch_7_000053_000_cup.jpg,batch_7_000053,data/official_complete/TACO/data/batch_7/000053.JPG,train,6,cup,"0.567555,0.616217,0.043199,0.091095","1782.0,1397.0,141.0,223.0","1629,1285,2076,1731",447x446,3264x2448,"0.499999,0.501119,0.315440,0.500001",0.00393521,0.15772023,40.1,tiny,medium,1
crop_batch_7_000054_000_bag_wrapper.jpg,batch_7_000054,data/official_complete/TACO/data/batch_7/000054.JPG,train,0,bag_wrapper,"0.549939,0.812296,0.026961,0.034722","1751.0,1946.0,88.0,85.0","1699,1893,1891,2085",192x192,3264x2448,"0.500005,0.497399,0.458337,0.442705",0.00093614,0.20290831,216.7,tiny,large,1
crop_batch_7_000055_000_bag_wrapper.jpg,batch_7_000055,data/prepared_run_002/images/train/batch_7_000055.JPG,train,0,bag_wrapper,"0.600694,0.411152,0.170343,0.060662","1262.0,1243.0,417.0,198.0","1053,925,1887,1759",834x834,2448x3264,"0.500598,0.500000,0.500000,0.237411",0.01033335,0.1187054,11.5,small,medium,1
crop_batch_7_000058_000_bottle.jpg,batch_7_000058,data/prepared_run_002/images/train/batch_7_000058.JPG,train,1,bottle,"0.598243,0.598805,0.076389,0.086091","1371.0,1814.0,187.0,281.0","1183,1673,1745,2236",562x563,2448x3264,"0.500888,0.499999,0.332741,0.499114",0.00657641,0.16607545,25.3,tiny,medium,1
crop_batch_7_000062_001_bottle_cap.jpg,batch_7_000062,data/prepared_run_002/images/train/batch_7_000062.JPG,train,2,bottle_cap,"0.644608,0.330116,0.012255,0.010110","1563.0,1061.0,30.0,33.0","1482,981,1674,1173",192x192,2448x3264,"0.500002,0.502597,0.156251,0.171870",0.0001239,0.0268549,216.7,tiny,small,2
crop_batch_7_000062_000_bottle.jpg,batch_7_000062,data/prepared_run_002/images/train/batch_7_000062.JPG,train,1,bottle,"0.675858,0.307138,0.073938,0.056066","1564.0,911.0,181.0,183.0","1472,819,1837,1185",365x366,2448x3264,"0.500001,0.501362,0.495891,0.499998",0.00414541,0.24794473,59.8,tiny,large,2
crop_batch_7_000062_002_bag_wrapper.jpg,batch_7_000062,data/prepared_run_002/images/train/batch_7_000062.JPG,train,0,bag_wrapper,"0.768995,0.210784,0.059232,0.036152","1810.0,629.0,145.0,118.0","1737,543,2027,833",290x290,2448x3264,"0.501723,0.499996,0.500000,0.406897",0.00214136,0.20344841,95.0,tiny,large,1
crop_batch_7_000062_006_bag_wrapper.jpg,batch_7_000062,data/prepared_run_002/images/train/batch_7_000062.JPG,train,0,bag_wrapper,"0.391544,0.474418,0.047794,0.041973","900.0,1480.0,117.0,137.0","821,1412,1095,1686",274x274,2448x3264,"0.501824,0.498176,0.427006,0.500000",0.00200606,0.21350292,106.4,tiny,large,1
crop_batch_7_000063_000_straw.jpg,batch_7_000063,data/official_complete/TACO/data/batch_7/000063.JPG,train,7,straw,"0.461397,0.453431,0.037377,0.192810","1445.0,874.0,122.0,472.0","1034,638,1978,1582",944x944,3264x2448,"0.500000,0.499999,0.129236,0.499999",0.00720666,0.06461771,9.0,tiny,medium,1
crop_batch_7_000064_001_bag_wrapper.jpg,batch_7_000064,data/official_complete/TACO/data/batch_7/000064.JPG,train,0,bag_wrapper,"0.635570,0.485294,0.059130,0.034314","1978.0,1146.0,193.0,84.0","1882,995,2268,1381",386x386,3264x2448,"0.498706,0.499999,0.500001,0.217618",0.00202899,0.10880934,53.6,tiny,medium,1
crop_batch_7_000064_000_bag_wrapper.jpg,batch_7_000064,data/official_complete/TACO/data/batch_7/000064.JPG,train,0,bag_wrapper,"0.452819,0.662582,0.042279,0.052288","1409.0,1558.0,138.0,128.0","1340,1484,1616,1760",276x276,3264x2448,"0.500004,0.500003,0.499995,0.463772",0.00221068,0.23188365,104.9,tiny,large,1
crop_batch_7_000067_000_bag_wrapper.jpg,batch_7_000067,data/official_complete/TACO/data/batch_7/000067.JPG,train,0,bag_wrapper,"0.611520,0.422590,0.097426,0.102533","1837.0,909.0,318.0,251.0","1678,717,2314,1352",636x635,3264x2448,"0.500002,0.500001,0.499998,0.395277",0.00998938,0.19763746,19.8,tiny,medium,1
crop_batch_7_000068_000_bag_wrapper.jpg,batch_7_000068,data/official_complete/TACO/data/batch_7/000068.JPG,train,0,bag_wrapper,"0.487286,0.307802,0.053615,0.064134","1503.0,675.0,175.0,157.0","1416,578,1766,928",350x350,3264x2448,"0.498576,0.501427,0.499998,0.448572",0.00343854,0.22428494,65.2,tiny,large,1
crop_batch_7_000072_000_bottle.jpg,batch_7_000072,data/prepared_run_002/images/train/batch_7_000072.JPG,train,1,bottle,"0.527574,0.441942,0.180964,0.097120","1070.0,1284.0,443.0,317.0","849,999,1735,1885",886x886,2448x3264,"0.499437,0.500563,0.500000,0.357787",0.01757522,0.17889367,10.2,small,medium,1
crop_batch_7_000072_003_cigarette.jpg,batch_7_000072,data/prepared_run_002/images/train/batch_7_000072.JPG,train,5,cigarette,"0.205474,0.954963,0.036765,0.016544","458.0,3090.0,90.0,54.0","407,3021,599,3213",192x192,2448x3264,"0.500002,0.499996,0.468754,0.281248",0.00060824,0.13183605,216.7,tiny,medium,1
crop_batch_7_000072_001_bottle.jpg,batch_7_000072,data/prepared_run_002/images/train/batch_7_000072.JPG,train,1,bottle,"0.899306,0.902880,0.137663,0.086397","2033.0,2806.0,337.0,282.0","1774,2590,2448,3264",674x674,2448x3264,"0.634275,0.529674,0.499999,0.418397",0.01189367,0.20919806,17.6,small,large,1
crop_batch_7_000072_002_cigarette.jpg,batch_7_000072,data/prepared_run_002/images/train/batch_7_000072.JPG,train,5,cigarette,"0.421160,0.941483,0.012255,0.022672","1016.0,3036.0,30.0,74.0","935,2977,1127,3169",192x192,2448x3264,"0.499998,0.500003,0.156251,0.385424",0.00027785,0.06022298,216.8,tiny,medium,1
crop_batch_7_000075_000_bottle.jpg,batch_7_000075,data/official_complete/TACO/data/batch_7/000075.JPG,train,1,bottle,"0.512714,0.236724,0.051164,0.054330","1590.0,513.0,167.0,133.0","1506,413,1840,746",334x333,3264x2448,"0.501493,0.500001,0.499998,0.399399",0.00277974,0.19969862,71.8,tiny,medium,1
crop_batch_7_000076_000_carton.jpg,batch_7_000076,data/prepared_run_002/images/train/batch_7_000076.JPG,train,4,carton,"0.298815,0.404565,0.060049,0.021140","658.0,1286.0,147.0,69.0","584,1174,878,1468",294x294,2448x3264,"0.501698,0.498300,0.500000,0.234697",0.00126944,0.11734853,92.4,tiny,medium,1
crop_batch_7_000077_000_bottle.jpg,batch_7_000077,data/prepared_run_002/images/train/batch_7_000077.JPG,train,1,bottle,"0.285948,0.489277,0.066993,0.086397","618.0,1456.0,164.0,282.0","418,1315,982,1879",564x564,2448x3264,"0.500001,0.500000,0.290778,0.500000",0.00578799,0.14538896,25.1,tiny,medium,1
crop_batch_7_000077_001_cigarette.jpg,batch_7_000077,data/prepared_run_002/images/train/batch_7_000077.JPG,train,5,cigarette,"0.281863,0.988971,0.011438,0.019608","676.0,3196.0,28.0,64.0","594,3072,786,3264",192x192,2448x3264,"0.500003,0.812507,0.145834,0.333336",0.00022428,0.04861189,216.7,tiny,small,1
crop_batch_7_000077_002_cigarette.jpg,batch_7_000077,data/prepared_run_002/images/train/batch_7_000077.JPG,train,5,cigarette,"0.391748,0.294424,0.005719,0.011642","952.0,942.0,14.0,38.0","863,865,1055,1057",192x192,2448x3264,"0.499995,0.500000,0.072917,0.197914",6.658e-05,0.01443134,216.8,tiny,small,1
crop_batch_7_000079_002_carton.jpg,batch_7_000079,data/prepared_run_002/images/train/batch_7_000079.JPG,train,4,carton,"0.395221,0.480086,0.083742,0.078431","865.0,1439.0,205.0,256.0","712,1311,1223,1823",511x512,2448x3264,"0.500002,0.500001,0.401175,0.499998",0.00656797,0.20058654,30.5,tiny,large,3
crop_batch_7_000079_003_cup.jpg,batch_7_000079,data/prepared_run_002/images/train/batch_7_000079.JPG,train,6,cup,"0.384600,0.542126,0.068219,0.038297","858.0,1707.0,167.0,125.0","775,1602,1109,1936",334x334,2448x3264,"0.498505,0.501495,0.500000,0.374256",0.00261258,0.18712798,71.6,tiny,medium,3
crop_batch_7_000079_001_bottle.jpg,batch_7_000079,data/prepared_run_002/images/train/batch_7_000079.JPG,train,1,bottle,"0.308415,0.580116,0.156046,0.044424","564.0,1821.0,382.0,145.0","373,1511,1137,2275",764x764,2448x3264,"0.500000,0.500653,0.500001,0.189790",0.00693219,0.0948954,13.7,tiny,medium,6
crop_batch_7_000079_005_bag_wrapper.jpg,batch_7_000079,data/prepared_run_002/images/train/batch_7_000079.JPG,train,0,bag_wrapper,"0.521650,0.513940,0.058824,0.028493","1205.0,1631.0,144.0,93.0","1133,1533,1421,1822",288x289,2448x3264,"0.499997,0.500001,0.500004,0.321803",0.00167607,0.16090293,96.0,tiny,medium,1
crop_batch_7_000080_002_cigarette.jpg,batch_7_000080,data/official_complete/TACO/data/batch_7/000080.JPG,train,5,cigarette,"0.940257,0.069036,0.009191,0.007353","3054.0,160.0,30.0,18.0","2973,73,3165,265",192x192,3264x2448,"0.499994,0.500001,0.156247,0.093751",6.758e-05,0.01464827,216.8,tiny,small,1
crop_batch_7_000080_001_bottle_cap.jpg,batch_7_000080,data/official_complete/TACO/data/batch_7/000080.JPG,train,2,bottle_cap,"0.661152,0.510212,0.015319,0.013889","2133.0,1232.0,50.0,34.0","2062,1153,2254,1345",192x192,3264x2448,"0.500001,0.499995,0.260423,0.177085",0.00021277,0.04611694,216.8,tiny,small,2
crop_batch_7_000080_000_bottle.jpg,batch_7_000080,data/official_complete/TACO/data/batch_7/000080.JPG,train,1,bottle,"0.662990,0.467320,0.043505,0.098856","2093.0,1023.0,142.0,242.0","1922,902,2406,1386",484x484,3264x2448,"0.499999,0.499999,0.293389,0.499999",0.00430073,0.14669424,34.1,tiny,medium,2
crop_batch_7_000081_001_carton.jpg,batch_7_000081,data/prepared_run_002/images/train/batch_7_000081.JPG,train,4,carton,"0.883578,0.312194,0.029412,0.014093","2127.0,996.0,72.0,46.0","2067,923,2259,1115",192x192,2448x3264,"0.499994,0.500006,0.375003,0.239581",0.0004145,0.08984359,216.8,tiny,medium,2
crop_batch_7_000081_003_bag_wrapper.jpg,batch_7_000081,data/prepared_run_002/images/train/batch_7_000081.JPG,train,0,bag_wrapper,"0.668505,0.244638,0.077206,0.029718","1542.0,750.0,189.0,97.0","1447,609,1826,987",379x378,2448x3264,"0.500001,0.501319,0.498681,0.256613",0.00229441,0.12796794,55.8,tiny,medium,1
crop_batch_7_000081_002_carton.jpg,batch_7_000081,data/prepared_run_002/images/train/batch_7_000081.JPG,train,4,carton,"0.901144,0.298560,0.040033,0.011949","2157.0,955.0,98.0,39.0","2108,876,2304,1073",196x197,2448x3264,"0.500003,0.499999,0.500004,0.197977",0.00047835,0.09898946,206.9,tiny,medium,2
crop_batch_7_000081_000_bag_wrapper.jpg,batch_7_000081,data/prepared_run_002/images/train/batch_7_000081.JPG,train,0,bag_wrapper,"0.497345,0.581801,0.104167,0.082721","1090.0,1764.0,255.0,270.0","947,1629,1488,2169",541x540,2448x3264,"0.500001,0.499997,0.471351,0.500002",0.0086168,0.2356766,27.4,tiny,large,1
crop_batch_7_000082_000_bottle.jpg,batch_7_000082,data/official_complete/TACO/data/batch_7/000082.JPG,train,1,bottle,"0.312040,0.593546,0.081189,0.089869","886.0,1343.0,265.0,220.0","753,1188,1283,1718",530x530,3264x2448,"0.500941,0.500001,0.500002,0.415093",0.00729637,0.20754722,28.4,tiny,large,1
crop_batch_7_000083_000_bag_wrapper.jpg,batch_7_000083,data/prepared_run_002/images/train/batch_7_000083.JPG,train,0,bag_wrapper,"0.359069,0.407322,0.187092,0.140625","650.0,1100.0,458.0,459.0","420,870,1338,1788",918x918,2448x3264,"0.500001,0.500544,0.498912,0.500000",0.02630981,0.249456,9.5,small,large,1
crop_batch_7_000083_001_cigarette.jpg,batch_7_000083,data/prepared_run_002/images/train/batch_7_000083.JPG,train,5,cigarette,"0.144608,0.406556,0.011438,0.010417","340.0,1310.0,28.0,34.0","258,1231,450,1423",192x192,2448x3264,"0.500002,0.499994,0.145835,0.177089",0.00011915,0.02582569,216.8,tiny,small,1
crop_batch_7_000086_000_cup.jpg,batch_7_000086,data/prepared_run_002/images/train/batch_7_000086.JPG,train,6,cup,"0.647672,0.702512,0.086193,0.071691","1480.0,2176.0,211.0,234.0","1352,2059,1820,2527",468x468,2448x3264,"0.498934,0.499998,0.450856,0.499999",0.00617926,0.22542729,36.5,tiny,large,1
crop_batch_7_000086_001_bottle_cap.jpg,batch_7_000086,data/prepared_run_002/images/train/batch_7_000086.JPG,train,2,bottle_cap,"0.794322,0.755668,0.020016,0.011336","1920.0,2448.0,49.0,37.0","1849,2371,2041,2563",192x192,2448x3264,"0.497397,0.497398,0.255204,0.192712",0.0002269,0.04918087,216.8,tiny,small,1
crop_batch_7_000086_002_cigarette.jpg,batch_7_000086,data/prepared_run_002/images/train/batch_7_000086.JPG,train,5,cigarette,"0.693219,0.791973,0.017157,0.016544","1676.0,2558.0,42.0,54.0","1601,2489,1793,2681",192x192,2448x3264,"0.500001,0.499999,0.218752,0.281248",0.00028385,0.06152349,216.7,tiny,medium,1
crop_batch_7_000088_000_bottle.jpg,batch_7_000088,data/prepared_run_002/images/train/batch_7_000088.JPG,train,1,bottle,"0.556577,0.473499,0.041258,0.013174","1312.0,1524.0,101.0,43.0","1262,1445,1464,1647",202x202,2448x3264,"0.497527,0.497528,0.499998,0.212871",0.00054353,0.10643505,195.8,tiny,medium,1
crop_batch_7_000090_000_bottle.jpg,batch_7_000090,data/prepared_run_002/images/train/batch_7_000090.JPG,train,1,bottle,"0.682598,0.807292,0.131536,0.197304","1510.0,2313.0,322.0,644.0","1027,1976,2315,3264",1288x1288,2448x3264,"0.500000,0.511647,0.250000,0.500000",0.02595258,0.1250001,4.8,small,medium,2
crop_batch_7_000090_001_bottle_cap.jpg,batch_7_000090,data/prepared_run_002/images/train/batch_7_000090.JPG,train,2,bottle_cap,"0.638276,0.722733,0.031454,0.026961","1524.0,2315.0,77.0,88.0","1466,2263,1658,2455",192x192,2448x3264,"0.502602,0.500003,0.401039,0.458337",0.00084803,0.18381078,216.8,tiny,medium,1
crop_batch_7_000091_000_bottle.jpg,batch_7_000091,data/prepared_run_002/images/train/batch_7_000091.JPG,train,1,bottle,"0.567402,0.625000,0.068015,0.269608","1741.0,1200.0,222.0,660.0","1192,870,2512,2190",1320x1320,3264x2448,"0.500000,0.500000,0.168183,0.500000",0.01833739,0.08409132,4.6,small,medium,2
crop_batch_7_000091_001_bottle_cap.jpg,batch_7_000091,data/prepared_run_002/images/train/batch_7_000091.JPG,train,2,bottle_cap,"0.568627,0.507557,0.022672,0.034722","1819.0,1200.0,74.0,85.0","1760,1146,1952,1338",192x192,3264x2448,"0.499992,0.502602,0.385424,0.442706",0.00078722,0.17062932,216.8,tiny,medium,1
crop_batch_7_000092_001_can.jpg,batch_7_000092,data/official_complete/TACO/data/batch_7/000092.JPG,train,3,can,"0.449449,0.350286,0.130515,0.297794","1254.0,493.0,426.0,729.0","738,129,2196,1586",1458x1457,3264x2448,"0.500001,0.500000,0.292182,0.500343",0.03886658,0.14619107,3.8,small,medium,2
crop_batch_7_000092_002_can.jpg,batch_7_000092,data/official_complete/TACO/data/batch_7/000092.JPG,train,3,can,"0.410080,0.550041,0.168811,0.247958","1063.0,1043.0,551.0,607.0","731,739,1946,1954",1215x1215,3264x2448,"0.500001,0.500000,0.453497,0.499589",0.04185804,0.22656242,5.4,small,large,2
crop_batch_7_000094_000_cup.jpg,batch_7_000094,data/prepared_run_002/images/train/batch_7_000094.JPG,train,6,cup,"0.559436,0.398897,0.096814,0.073529","1251.0,1182.0,237.0,240.0","1130,1062,1609,1542",479x480,2448x3264,"0.499999,0.500000,0.494782,0.499997",0.00711864,0.24738971,34.8,tiny,large,1
crop_batch_7_000096_002_cigarette.jpg,batch_7_000096,data/prepared_run_002/images/train/batch_7_000096.JPG,train,5,cigarette,"0.408905,0.297794,0.023693,0.008987","972.0,718.0,58.0,22.0","905,633,1097,825",192x192,2448x2448,"0.499997,0.499999,0.302086,0.114584",0.00021293,0.03461427,162.6,tiny,small,1
crop_batch_7_000096_000_bottle.jpg,batch_7_000096,data/prepared_run_002/images/train/batch_7_000096.JPG,train,1,bottle,"0.505310,0.590074,0.180556,0.075572","1016.0,1352.0,442.0,185.0","795,1003,1679,1887",884x884,2448x2448,"0.499999,0.499436,0.500001,0.209276",0.01364498,0.10463841,7.7,small,medium,1
crop_batch_7_000096_001_carton.jpg,batch_7_000096,data/prepared_run_002/images/train/batch_7_000096.JPG,train,4,carton,"0.020833,0.478962,0.040850,0.056781","1.0,1103.0,100.0,139.0","0,1033,278,1311",278x278,2448x2448,"0.183450,0.501795,0.359715,0.500000",0.0023195,0.17985741,77.5,tiny,medium,1
crop_batch_7_000103_000_bag_wrapper.jpg,batch_7_000103,data/official_complete/TACO/data/batch_7/000103.JPG,train,0,bag_wrapper,"0.670496,0.441789,0.030331,0.113971","2139.0,942.0,99.0,279.0","1909,802,2467,1361",558x559,3264x2448,"0.500894,0.499999,0.177420,0.499107",0.00345685,0.08855165,25.6,tiny,medium,1
crop_batch_7_000104_000_bag_wrapper.jpg,batch_7_000104,data/official_complete/TACO/data/batch_7/000104.JPG,train,0,bag_wrapper,"0.504596,0.424837,0.126838,0.055556","1440.0,972.0,414.0,136.0","1233,626,2061,1454",828x828,3264x2448,"0.500002,0.500001,0.499999,0.164253",0.00704661,0.08212611,11.7,tiny,medium,1
crop_batch_7_000108_000_bag_wrapper.jpg,batch_7_000108,data/official_complete/TACO/data/batch_7/000108.JPG,train,0,bag_wrapper,"0.373162,0.472631,0.110907,0.084150","1037.0,1054.0,362.0,206.0","856,795,1580,1519",724x724,3264x2448,"0.500001,0.500001,0.500001,0.284529",0.00933282,0.14226482,15.2,tiny,medium,1
crop_batch_7_000110_000_bottle.jpg,batch_7_000110,data/prepared_run_002/images/train/batch_7_000110.JPG,train,1,bottle,"0.407680,0.576287,0.273693,0.138480","663.0,1655.0,670.0,452.0","328,1211,1668,2551",1340x1340,2448x3264,"0.500000,0.500001,0.500000,0.337312",0.03790101,0.16865636,4.4,small,medium,2
crop_batch_7_000110_001_bottle_cap.jpg,batch_7_000110,data/prepared_run_002/images/train/batch_7_000110.JPG,train,2,bottle_cap,"0.515114,0.584559,0.058824,0.071691","1189.0,1791.0,144.0,234.0","1027,1674,1495,2142",468x468,2448x3264,"0.499998,0.500001,0.307695,0.499999",0.00421715,0.15384701,36.5,tiny,medium,2
crop_batch_7_000111_000_cup.jpg,batch_7_000111,data/official_complete/TACO/data/batch_7/000111.JPG,train,6,cup,"0.511795,0.693627,0.086703,0.117647","1529.0,1554.0,283.0,288.0","1382,1410,1958,1986",576x576,3264x2448,"0.500866,0.499998,0.491317,0.500000",0.01020035,0.24565838,24.1,small,large,1
crop_batch_7_000112_001_bottle_cap.jpg,batch_7_000112,data/official_complete/TACO/data/batch_7/000112.JPG,train,2,bottle_cap,"0.501072,0.658292,0.004596,0.006944","1628.0,1603.0,15.0,17.0","1539,1515,1731,1707",192x192,3264x2448,"0.502599,0.502598,0.078132,0.088536",3.191e-05,0.00691749,216.8,tiny,tiny,2
crop_batch_7_000112_000_bottle.jpg,batch_7_000112,data/official_complete/TACO/data/batch_7/000112.JPG,train,1,bottle,"0.517923,0.647672,0.038297,0.034722","1628.0,1543.0,125.0,85.0","1565,1460,1816,1711",251x251,3264x2448,"0.500003,0.500004,0.498014,0.338643",0.00132975,0.16864894,126.8,tiny,medium,2
crop_batch_7_000113_000_bottle.jpg,batch_7_000113,data/official_complete/TACO/data/batch_7/000113.JPG,train,1,bottle,"0.498621,0.665645,0.055453,0.061683","1537.0,1554.0,181.0,151.0","1447,1449,1808,1810",361x361,3264x2448,"0.499997,0.499997,0.501381,0.418283",0.00342051,0.20971896,61.3,tiny,large,2
crop_batch_7_000113_001_bottle_cap.jpg,batch_7_000113,data/official_complete/TACO/data/batch_7/000113.JPG,train,2,bottle_cap,"0.475797,0.688113,0.009191,0.011846","1538.0,1670.0,30.0,29.0","1457,1589,1649,1781",192x192,3264x2448,"0.500007,0.497399,0.156247,0.151037",0.00010888,0.023599,216.7,tiny,small,2
crop_batch_7_000119_000_bottle.jpg,batch_7_000119,data/official_complete/TACO/data/batch_7/000119.JPG,train,1,bottle,"0.647518,0.570057,0.176164,0.090278","1826.0,1285.0,575.0,221.0","1538,821,2688,1970",1150x1149,3264x2448,"0.500434,0.500000,0.499999,0.192342",0.01590373,0.0961707,6.0,small,medium,1
crop_batch_7_000122_000_bag_wrapper.jpg,batch_7_000122,data/official_complete/TACO/data/batch_7/000122.JPG,train,0,bag_wrapper,"0.657016,0.467320,0.082414,0.168301","2010.0,938.0,269.0,412.0","1732,732,2557,1556",825x824,3264x2448,"0.500000,0.499999,0.326060,0.500001",0.01387036,0.16303021,11.8,small,medium,1
crop_batch_7_000123_000_cigarette.jpg,batch_7_000123,data/official_complete/TACO/data/batch_7/000123.JPG,train,5,cigarette,"0.049939,0.576797,0.012868,0.040850","142.0,1362.0,42.0,100.0","63,1312,263,1512",200x200,3264x2448,"0.500004,0.499995,0.210006,0.500004",0.00052566,0.10500372,199.8,tiny,medium,1
crop_batch_7_000124_000_bag_wrapper.jpg,batch_7_000124,data/official_complete/TACO/data/batch_7/000124.JPG,train,0,bag_wrapper,"0.525888,0.598856,0.097733,0.150327","1557.0,1282.0,319.0,368.0","1348,1098,2084,1834",736x736,3264x2448,"0.500677,0.499999,0.433425,0.500001",0.01469191,0.2167126,14.8,small,large,1
crop_batch_7_000128_000_bag_wrapper.jpg,batch_7_000128,data/official_complete/TACO/data/batch_7/000128.JPG,train,0,bag_wrapper,"0.570312,0.495098,0.083027,0.129085","1726.0,1054.0,271.0,316.0","1545,896,2177,1528",632x632,3264x2448,"0.500789,0.500000,0.428798,0.500000",0.01071754,0.21439889,20.0,small,large,1
crop_batch_7_000129_000_bag_wrapper.jpg,batch_7_000129,data/official_complete/TACO/data/batch_7/000129.JPG,train,0,bag_wrapper,"0.657935,0.558211,0.132047,0.137663","1932.0,1198.0,431.0,337.0","1716,935,2579,1798",863x863,3264x2448,"0.500000,0.500001,0.499422,0.390497",0.01817799,0.19502296,10.7,small,medium,1
crop_batch_7_000131_001_bottle_cap.jpg,batch_7_000131,data/prepared_run_002/images/train/batch_7_000131.JPG,train,2,bottle_cap,"0.539624,0.445619,0.026144,0.019301","1289.0,1423.0,64.0,63.0","1225,1359,1417,1551",192x192,2448x3264,"0.499998,0.497398,0.333336,0.328117",0.00050461,0.10937321,216.7,tiny,medium,1
crop_batch_7_000131_000_bottle_cap.jpg,batch_7_000131,data/prepared_run_002/images/train/batch_7_000131.JPG,train,2,bottle_cap,"0.642770,0.481771,0.029003,0.020527","1538.0,1539.0,71.0,67.0","1478,1477,1670,1669",192x192,2448x3264,"0.497401,0.497399,0.369788,0.348959",0.00059534,0.12904094,216.8,tiny,medium,1
crop_batch_7_000132_000_bottle_cap.jpg,batch_7_000132,data/official_complete/TACO/data/batch_7/000132.JPG,train,2,bottle_cap,"0.669577,0.445057,0.034007,0.037173","2130.0,1044.0,111.0,91.0","2075,979,2296,1200",221x221,3264x2448,"0.499997,0.499998,0.502257,0.411762",0.00126414,0.20681067,163.6,tiny,large,1
crop_batch_7_000133_000_bag_wrapper.jpg,batch_7_000133,data/official_complete/TACO/data/batch_7/000133.JPG,train,0,bag_wrapper,"0.533088,0.337214,0.200368,0.220180","1413.0,556.0,654.0,539.0","1086,171,2394,1480",1308x1309,3264x2448,"0.499999,0.500000,0.500001,0.411765",0.04411703,0.20588296,4.7,small,large,1
crop_batch_7_000134_000_bag_wrapper.jpg,batch_7_000134,data/official_complete/TACO/data/batch_7/000134.JPG,train,0,bag_wrapper,"0.356618,0.765727,0.043505,0.048611","1093.0,1815.0,142.0,119.0","1022,1732,1306,2017",284x285,3264x2448,"0.500004,0.499999,0.500001,0.417543",0.00211482,0.20877192,98.7,tiny,large,1
crop_batch_7_000135_000_bottle.jpg,batch_7_000135,data/official_complete/TACO/data/batch_7/000135.JPG,train,1,bottle,"0.435968,0.726103,0.049020,0.163807","1343.0,1577.0,160.0,401.0","1022,1377,1824,2178",802x801,3264x2448,"0.499999,0.500000,0.199503,0.500624",0.00802982,0.09987584,12.4,tiny,medium,1
crop_batch_7_000141_000_bag_wrapper.jpg,batch_7_000141,data/prepared_run_002/images/train/batch_7_000141.JPG,train,0,bag_wrapper,"0.536152,0.454044,0.173611,0.102328","1100.0,1315.0,425.0,334.0","888,1057,1737,1907",849x850,2448x3264,"0.500000,0.500000,0.500589,0.392940",0.01776527,0.19670105,11.1,small,medium,1
