image_id,annotation_path,resolved_path,source,coco_width,coco_height,decoded_width,decoded_height,file_bytes,sha256,annotations,status
0,batch_1/000006.jpg,data/official_complete/TACO/data/batch_1/000006.jpg,zenodo_archive,1537,2049,1537,2049,385269,36a171b0eb7ecca818a00daf4e1a9be7296b49d6355aa6b0f8d0c7fb48b3f0b8,1,ok
1,batch_1/000008.jpg,data/official_complete/TACO/data/batch_1/000008.jpg,zenodo_archive,1537,2049,1537,2049,257143,269fc3106489aea6c5d5234b61e00f07b54efd2ae34305a480d8f933006d633e,2,ok
2,batch_1/000010.jpg,data/official_complete/TACO/data/batch_1/000010.jpg,zenodo_archive,1537,2049,1537,2049,483697,20ee67ecac44b59aaff261001623c450adef29971033e9c3a41c0269b655f0d8,2,ok
3,batch_1/000019.jpg,data/official_complete/TACO/data/batch_1/000019.jpg,zenodo_archive,2049,1537,2049,1537,595912,084595901b88880493c39518bccacfe13fe647c10a8e8b3e807b5dc80087b675,4,ok
4,batch_1/000026.jpg,data/official_complete/TACO/data/batch_1/000026.jpg,zenodo_archive,1537,2049,1537,2049,544921,1e6629a1383d00e3a5e569961082359ea605d8abd6fc04b64eb71185bead5241,1,ok
5,batch_1/000047.jpg,data/official_complete/TACO/data/batch_1/000047.jpg,zenodo_archive,2049,1537,2049,1537,314588,41ce22af163086794810584110ae7abad05cb3f88f29b11c2653be62e03b7b0e,6,ok
6,batch_1/000055.jpg,data/official_complete/TACO/data/batch_1/000055.jpg,zenodo_archive,1537,2049,1537,2049,232741,5a739e26699d1bc24f32f8b6da8d739fd75dbee474af09dd805ac618b7dd841c,1,ok
7,batch_1/000001.jpg,data/official_complete/TACO/data/batch_1/000001.jpg,zenodo_archive,2049,1537,2049,1537,785539,98e2128f47ccd9ab9d26d9af5bbbc358deb9aed46a5325cac6fd51aff3b1d672,2,ok
8,batch_1/000005.jpg,data/official_complete/TACO/data/batch_1/000005.jpg,zenodo_archive,1537,2049,1537,2049,813997,1efb530abb5307c3a998081ed8cfa101a3d0d971b236baeebc5db7360ff7982f,1,ok
9,batch_1/000007.jpg,data/official_complete/TACO/data/batch_1/000007.jpg,zenodo_archive,1537,2049,1537,2049,189722,cad4b325557460d4ae51e8d12c8dce52a6a1cdca564a88f9fbfebd5fab9447b1,3,ok
10,batch_1/000012.jpg,data/official_complete/TACO/data/batch_1/000012.jpg,zenodo_archive,1537,2049,1537,2049,857376,724833b90828f4c74848fd7cc1701133bdae9baa66d0f8a994530a6ab03d6ba0,2,ok
11,batch_1/000014.jpg,data/official_complete/TACO/data/batch_1/000014.jpg,zenodo_archive,1537,2049,1537,2049,921579,4a66867f85873dab2a1b5b80c458ea55c2bf7ae3a5c09a4453606cb923c7396a,6,ok
12,batch_1/000048.jpg,data/official_complete/TACO/data/batch_1/000048.jpg,zenodo_archive,2049,1537,2049,1537,273312,73349fe89731f6e0136f6a7bb1041f1ac1d02c9f2ac3f01f1d0ec165612ec159,10,ok
13,batch_1/000053.jpg,data/official_complete/TACO/data/batch_1/000053.jpg,zenodo_archive,1537,2049,1537,2049,295615,4529e92ddad6d4f065eaabb2a3c5a42f72dc69710fc894cfcd79a81515a26db9,4,ok
14,batch_1/000056.jpg,data/official_complete/TACO/data/batch_1/000056.jpg,zenodo_archive,1537,2049,1537,2049,252224,5aeb0606910eb7c2f1d6a654fb5b1e1166b78f703428e13ebdfb24dbf980b1d0,1,ok
15,batch_1/000058.jpg,data/official_complete/TACO/data/batch_1/000058.jpg,zenodo_archive,1537,2049,1537,2049,212997,a0d83784c90141593fd2662b8a3e8e5b613ab3070ab261ef7f4dc69a719f6338,3,ok
16,batch_1/000060.jpg,data/official_complete/TACO/data/batch_1/000060.jpg,zenodo_archive,1537,2049,1537,2049,237701,bafd8c8c2eef8b10674160f66397adbf1ff6e07e2affeb3731ad52f9c80a55a7,2,ok
17,batch_1/000003.jpg,data/official_complete/TACO/data/batch_1/000003.jpg,zenodo_archive,1537,2049,1537,2049,391439,ffa902b6277e500d4b393d2fff6ddbd5d140cb6456979e19cb541cdbf8734b19,1,ok
18,batch_1/000011.jpg,data/official_complete/TACO/data/batch_1/000011.jpg,zenodo_archive,1537,2049,1537,2049,694105,43975dee54e03155eb87a1e9dedefe14346ae62d2a04b1d910e7c861e3a9e0a6,1,ok
19,batch_1/000032.jpg,data/official_complete/TACO/data/batch_1/000032.jpg,zenodo_archive,1537,2049,1537,2049,801180,b6c28ac1cccd6c02194e645ff2b34eb6ed8c9299d9d37c2bcb3143f7daf60fa8,2,ok
20,batch_1/000040.jpg,data/official_complete/TACO/data/batch_1/000040.jpg,zenodo_archive,2049,1537,2049,1537,360777,d1e7b46f2c3136eaeda4ec3665e47d5f53c4519b5367e9738cac599a9d6c83da,4,ok
21,batch_1/000043.jpg,data/official_complete/TACO/data/batch_1/000043.jpg,zenodo_archive,2049,1537,2049,1537,291800,a9712602f5b4bc302a4ea3ba4120b789be8471804f67115ffc4dfdaf00419b10,2,ok
22,batch_1/000049.jpg,data/official_complete/TACO/data/batch_1/000049.jpg,zenodo_archive,1537,2049,1537,2049,247573,7fc6e4dfd6c08d55882ddf920bd5346dfee929fc1f954c287fdfcf9496cecec1,2,ok
23,batch_1/000054.jpg,data/official_complete/TACO/data/batch_1/000054.jpg,zenodo_archive,1537,2049,1537,2049,294193,a4d406a1fee0f98b9f4ca51d6f5acfbe96beca36d170e62026cc8a7e12620b1d,4,ok
24,batch_1/000061.jpg,data/official_complete/TACO/data/batch_1/000061.jpg,zenodo_archive,1537,2049,1537,2049,253120,5f666273f596033585b4f3f50ed1ba01a234c7000e73c3555da8005af1adccc4,1,ok
25,batch_1/000021.jpg,data/official_complete/TACO/data/batch_1/000021.jpg,zenodo_archive,2049,1537,2049,1537,484402,018680d8db74fd77ef099c91faa18851fb4b2e0abcb41b4b6f2df88965aee202,2,ok
26,batch_1/000022.jpg,data/official_complete/TACO/data/batch_1/000022.jpg,zenodo_archive,2049,1537,2049,1537,486726,a1a82306b9a6d7f81cf9030993046bddcbb1626277d592f1ff5678dfd94eec45,2,ok
27,batch_1/000023.jpg,data/official_complete/TACO/data/batch_1/000023.jpg,zenodo_archive,1537,2049,1537,2049,794034,2b81648e9fbf85a75c71bab9efc0c71801677f509f916ce1fbe094f47dcbb7dd,7,ok
28,batch_1/000024.jpg,data/official_complete/TACO/data/batch_1/000024.jpg,zenodo_archive,1537,2049,1537,2049,692839,94724cbd57744ee97bfe94505fe9c377e6449f5f4ca4dba6e33f2889106d85c2,3,ok
29,batch_1/000027.jpg,data/official_complete/TACO/data/batch_1/000027.jpg,zenodo_archive,1537,2049,1537,2049,499736,41a517fcd7bfcc8bc410407904a7acd5d779f101ae1d9d8ec338ec8c9d862aef,1,ok
30,batch_1/000028.jpg,data/official_complete/TACO/data/batch_1/000028.jpg,zenodo_archive,1537,2049,1537,2049,589211,02c8b820b9d6fce3e1394a3a0769ee23d54580e47a738b216e878acfcdb153a2,2,ok
31,batch_1/000030.jpg,data/official_complete/TACO/data/batch_1/000030.jpg,zenodo_archive,1537,2049,1537,2049,594677,cbb8ca748fd17acf1715c5433cd0880557f841c0902b46b281a1d133a8ceee40,1,ok
32,batch_1/000031.jpg,data/official_complete/TACO/data/batch_1/000031.jpg,zenodo_archive,1537,2049,1537,2049,798624,e2163cfa445e75d610779aeb1f274170ceb11b46cc3f9d98dcb7541915fbfccf,1,ok
33,batch_1/000042.jpg,data/official_complete/TACO/data/batch_1/000042.jpg,zenodo_archive,2049,1537,2049,1537,346580,860e4fcd0d327162330b9b16b3f4ad1fd11740c96952c89a22c04d8588c68037,4,ok
34,batch_1/000050.jpg,data/official_complete/TACO/data/batch_1/000050.jpg,zenodo_archive,1537,2049,1537,2049,238832,a578b0114ab72530d42c8078019a31f346fe60cc060dbf1710057cb80dd21bb2,2,ok
35,batch_1/000059.jpg,data/official_complete/TACO/data/batch_1/000059.jpg,zenodo_archive,1537,2049,1537,2049,194772,f38c3f6a6aecd751cf48159957cec0c1d96905f949efa366da751e945a15ef31,4,ok
36,batch_1/000000.jpg,data/official_complete/TACO/data/batch_1/000000.jpg,zenodo_archive,1537,2049,1537,2049,762802,ece7715e3d32d10ff47c1355157b8d979ef7ae9739d72d97f04e0744cf4cbb19,1,ok
37,batch_1/000013.jpg,data/official_complete/TACO/data/batch_1/000013.jpg,zenodo_archive,1537,2049,1537,2049,789354,ac3f0cfcce9c11d10c396acdb23f2f48f88bc3cc24ef50bf5c6599e89c54dc57,1,ok
38,batch_1/000015.jpg,data/official_complete/TACO/data/batch_1/000015.jpg,zenodo_archive,1537,2049,1537,2049,1047999,0e7dac12af6e3126bff43ec8866b63cfe15b14230562dc0d0fee97f7e9b76275,2,ok
39,batch_1/000016.jpg,data/official_complete/TACO/data/batch_1/000016.jpg,zenodo_archive,1537,2049,1537,2049,384295,d53adf06c6497fdc79ca00605a3e46809b90b97a9095c475ebba31c9f13adefd,1,ok
40,batch_1/000017.jpg,data/official_complete/TACO/data/batch_1/000017.jpg,zenodo_archive,1537,2049,1537,2049,846661,2caac941f1542f1d2c5fa2afa13be2ff094bd6a28b35a0c72acffdf6c8973fc9,1,ok
41,batch_1/000025.jpg,data/official_complete/TACO/data/batch_1/000025.jpg,zenodo_archive,1537,2049,1537,2049,538137,1c0a6c730235465d1974cca1ef516e9179566ad4f108d205cf1bb111519a024c,3,ok
42,batch_1/000029.jpg,data/official_complete/TACO/data/batch_1/000029.jpg,zenodo_archive,1537,2049,1537,2049,538275,c149fa549db453619bf2dea238bb2e8aca70c5d3af0badfc2103e67742610b1d,1,ok
43,batch_1/000035.jpg,data/official_complete/TACO/data/batch_1/000035.jpg,zenodo_archive,1537,2049,1537,2049,261677,d2509e09c8b0a6eb3ccc4f47073ff007be53c2d92362372484606c6a965cfe8c,3,ok
44,batch_1/000037.jpg,data/official_complete/TACO/data/batch_1/000037.jpg,zenodo_archive,2049,1537,2049,1537,356737,54c37805763270263f8ac16e73cdc8f74baa3bd937570e690dc46f9c33cebd1d,5,ok
45,batch_1/000045.jpg,data/official_complete/TACO/data/batch_1/000045.jpg,zenodo_archive,2049,1537,2049,1537,319262,55832550a3f7e044aeee35850f6ece981e5937c210a8526ec451836be7eff0af,6,ok
46,batch_1/000038.jpg,data/official_complete/TACO/data/batch_1/000038.jpg,zenodo_archive,2049,1537,2049,1537,393003,7fd49d5eb0ebe4615cd228c5d6fa15fdc20c07b79df41c2c5c87e34a24215cd6,6,ok
47,batch_1/000065.JPG,data/official_complete/TACO/data/batch_1/000065.JPG,zenodo_archive,3264,2448,3264,2448,770192,dca9c612eeb178adae23ae2bf5f587132cf3afb8dd17d26e9e5e7bb2e152037b,4,ok
48,batch_1/000066.JPG,data/official_complete/TACO/data/batch_1/000066.JPG,zenodo_archive,3264,2448,3264,2448,827418,305ef22eb9c10db90780b3319157c3e2fac0c599bcdfd01d05eaec55a9e3398b,1,ok
49,batch_1/000067.JPG,data/official_complete/TACO/data/batch_1/000067.JPG,zenodo_archive,2448,3264,2448,3264,601444,59091d5267f52ac972ed7d710843feb2ac4eee79875e6abea29da0a37782246c,1,ok
50,batch_1/000068.JPG,data/official_complete/TACO/data/batch_1/000068.JPG,zenodo_archive,2448,3264,2448,3264,1886103,a2933ba2e4c2524e88a693a1d301e946e355661f696dc22551a0050d3dbfafb7,3,ok
51,batch_1/000069.JPG,data/official_complete/TACO/data/batch_1/000069.JPG,zenodo_archive,2448,3264,2448,3264,1696697,9e1076c4cbadeb46507e4dc6ec0827425a55bbb74485e0c379ccc8d7853bcf20,1,ok
52,batch_1/000070.JPG,data/official_complete/TACO/data/batch_1/000070.JPG,zenodo_archive,2448,3264,2448,3264,906694,24238594bb415023d2162397b2e3d46781e3b9da33e52e5db16aef4f9462882a,1,ok
53,batch_1/000071.JPG,data/official_complete/TACO/data/batch_1/000071.JPG,zenodo_archive,2448,3264,2448,3264,1218751,1649915cc8672cc8952212ee47872bb377cc5279c96376d04423d959dade3fff,1,ok
54,batch_1/000072.JPG,data/official_complete/TACO/data/batch_1/000072.JPG,zenodo_archive,2448,3264,2448,3264,1219238,730e59f13b55319c7d0e32ed429524a8d399349b0ac2e4f134e25cf491c4573a,3,ok
55,batch_1/000073.JPG,data/official_complete/TACO/data/batch_1/000073.JPG,zenodo_archive,2448,3264,2448,3264,1296246,731b3b1385888c730855f4345df43254a7eeca45d298ba3612a2af12792463df,1,ok
56,batch_1/000074.JPG,data/official_complete/TACO/data/batch_1/000074.JPG,zenodo_archive,2448,3264,2448,3264,1638478,7fd3f507c362ec77ab093d1fea6efce2200311ff4dba1872a631593c5b818a52,2,ok
57,batch_1/000076.JPG,data/official_complete/TACO/data/batch_1/000076.JPG,zenodo_archive,2448,3264,2448,3264,2033367,693c0edee7769e7d54c6d2399f1b9a707a2fe92d1875d6c56217c14cd9660522,7,ok
58,batch_1/000078.JPG,data/official_complete/TACO/data/batch_1/000078.JPG,zenodo_archive,2448,3264,2448,3264,671265,3397a7906fdeeca8f25c8eb69ec0309a7f39874afe1f694a461db5e29f5ed408,1,ok
59,batch_1/000079.JPG,data/official_complete/TACO/data/batch_1/000079.JPG,zenodo_archive,2448,3264,2448,3264,645909,82635ba290fb9619849b107bef9803e6d6d6a1190fe98c4c294fb34623d00b9e,1,ok
60,batch_1/000081.JPG,data/official_complete/TACO/data/batch_1/000081.JPG,zenodo_archive,2448,3264,2448,3264,1489309,b3d172d144e29e7d282287f467f1af4a4957562de9b43967f5d4863db8696702,3,ok
61,batch_1/000082.JPG,data/official_complete/TACO/data/batch_1/000082.JPG,zenodo_archive,2448,3264,2448,3264,1724777,9a2b16c3de5a1c1aeaac616f038ff7a4336508513be2b9c9c314c5d1282a009c,1,ok
62,batch_1/000083.JPG,data/official_complete/TACO/data/batch_1/000083.JPG,zenodo_archive,2448,3264,2448,3264,1912645,e15bdf43aca7d4427a2c727fdc5e7df31d0aeb6a3e66980326983dd2e46bc492,2,ok
63,batch_1/000084.JPG,data/official_complete/TACO/data/batch_1/000084.JPG,zenodo_archive,2448,3264,2448,3264,1624840,b4873621cce5b6f794b8cb204ae74a048ad6ce88b64dadf23249f03f6e38708d,4,ok
64,batch_1/000085.JPG,data/official_complete/TACO/data/batch_1/000085.JPG,zenodo_archive,2448,3264,2448,3264,1216753,b9afaf50e54e50ed1b881da6fb1072697e4c5212557d4c9540cd8986da52692e,9,ok
65,batch_1/000086.JPG,data/official_complete/TACO/data/batch_1/000086.JPG,zenodo_archive,2448,3264,2448,3264,819634,04fd9ebb3d3f7de6c5c9f4c6bf93b5d3270510d455040228c8991198662e98df,3,ok
66,batch_1/000087.JPG,data/official_complete/TACO/data/batch_1/000087.JPG,zenodo_archive,2448,3264,2448,3264,994281,7f4df70c4be8f454b6a275843322b939672eb15f34b7516b23d2444eb20299bf,2,ok
67,batch_1/000088.JPG,data/official_complete/TACO/data/batch_1/000088.JPG,zenodo_archive,2448,3264,2448,3264,472796,57d3848ad8cc9d518c6e1709c981b2a2cd34734635d84af3a4edb0904c1ab218,4,ok
68,batch_1/000090.JPG,data/official_complete/TACO/data/batch_1/000090.JPG,zenodo_archive,2448,3264,2448,3264,442220,d1ae77e5f7eff6ea6786066d3741e5dbdba5911faeda1e225758be252bd3bf08,2,ok
69,batch_1/000091.JPG,data/official_complete/TACO/data/batch_1/000091.JPG,zenodo_archive,3264,2448,3264,2448,533581,33459b9fda099b4e61b72260cf6d4a9f6b57e91515ee48a20c63642718095e64,2,ok
70,batch_1/000092.JPG,data/official_complete/TACO/data/batch_1/000092.JPG,zenodo_archive,2448,3264,2448,3264,505683,7f115c713b0c09896380487ea6c60e10fdc38b376dc40a408341e1091bec8e29,3,ok
71,batch_1/000093.JPG,data/official_complete/TACO/data/batch_1/000093.JPG,zenodo_archive,2448,3264,2448,3264,826537,e632b88affe49579b055a6082808774bfdbf02be63807c2c1b4aae3597f3cfac,1,ok
72,batch_1/000094.JPG,data/official_complete/TACO/data/batch_1/000094.JPG,zenodo_archive,2448,3264,2448,3264,792542,5350130eaa118c4857234760a3916100a941b2dc9edf7a74a3d392460f2c0a91,2,ok
73,batch_1/000095.JPG,data/official_complete/TACO/data/batch_1/000095.JPG,zenodo_archive,2448,3264,2448,3264,616162,37115f63437e8cebe9ead20858b7ad8b9e0550108e22ddd4efc5af2b7a173ab8,3,ok
74,batch_1/000096.JPG,data/official_complete/TACO/data/batch_1/000096.JPG,zenodo_archive,2448,3264,2448,3264,1127658,f9458e1c256bde49ce948ea5a03fb5c59aa712621e82b8df9a76ef58f387b6d6,1,ok
75,batch_1/000062.JPG,data/official_complete/TACO/data/batch_1/000062.JPG,zenodo_archive,2448,3264,2448,3264,1425052,a0a4029606777150e04d70500b01a3f5009daf1042a5e5d16c84756b908e024a,13,ok
76,batch_1/000098.JPG,data/official_complete/TACO/data/batch_1/000098.JPG,zenodo_archive,2448,3264,2448,3264,1905945,24890a28f4991ad91100500dde8e275d56d699fca22e54697e937f6f7b43f353,5,ok
77,batch_1/000099.JPG,data/official_complete/TACO/data/batch_1/000099.JPG,zenodo_archive,2448,3264,2448,3264,898538,85fbb0a52d35377b8798be9c098fc0f6280cdd0ff0adc2d0d0da4e8bf9f27852,2,ok
78,batch_1/000064.JPG,data/official_complete/TACO/data/batch_1/000064.JPG,zenodo_archive,2448,3264,2448,3264,714982,c43ccf874c0bc6e1b76078328b7cc4ac81d11abed75aaad565848ac3f0498693,1,ok
79,batch_1/000100.JPG,data/official_complete/TACO/data/batch_1/000100.JPG,zenodo_archive,2448,3264,2448,3264,651390,aa29b1f15204c9a8af9100fddd5d43c7e955e002f0084ed1ddc0aa165f6fdf6d,1,ok
80,batch_1/000101.JPG,data/official_complete/TACO/data/batch_1/000101.JPG,zenodo_archive,2448,3264,2448,3264,765406,7c936bf7a9f036d5f05cb640b409e70d63e8fac81c4283117293954d2c1af714,2,ok
81,batch_1/000102.JPG,data/official_complete/TACO/data/batch_1/000102.JPG,zenodo_archive,2448,3264,2448,3264,1487873,966847c58340b51be58b02142aa313e8e54247f32135584ae5e95e64ebc7a16c,6,ok
82,batch_1/000104.JPG,data/official_complete/TACO/data/batch_1/000104.JPG,zenodo_archive,3264,2448,3264,2448,466938,c917b212e0ea965a48485ca98e97a91e33bcd6d6b5e74168288e1730dd5c062c,7,ok
83,batch_1/000105.JPG,data/official_complete/TACO/data/batch_1/000105.JPG,zenodo_archive,2448,3264,2448,3264,855870,f6e3227c7236bcbac23f8ed5c5be7abae7ff22b021e39cdf325a62acd8f9b0c8,1,ok
84,batch_1/000106.JPG,data/official_complete/TACO/data/batch_1/000106.JPG,zenodo_archive,2448,3264,2448,3264,576380,a20e24ce66121267bdc25c4d06beded0eb6c1e0c940a26fa74197b598aba0482,6,ok
85,batch_1/000107.JPG,data/official_complete/TACO/data/batch_1/000107.JPG,zenodo_archive,2448,3264,2448,3264,1181744,ecc99a60b3672195c495d7c6048612c19ef02770df5e01fc521fdf9e317e7606,5,ok
86,batch_1/000108.JPG,data/official_complete/TACO/data/batch_1/000108.JPG,zenodo_archive,2448,3264,2448,3264,2051340,2884afe0c72f4f25158e831b14abcf169dc85e0c8505bdbbacc3b0074d989106,2,ok
87,batch_1/000110.JPG,data/official_complete/TACO/data/batch_1/000110.JPG,zenodo_archive,2448,3264,2448,3264,1160241,ad2d075d215e18db8f5d9f057dfd5f2eef5d981cca4245bb48a30bbfb916b465,2,ok
88,batch_1/000111.JPG,data/official_complete/TACO/data/batch_1/000111.JPG,zenodo_archive,2448,3264,2448,3264,1453568,cdf2286d77997c2711aedb5e32bd515b890493a86f609513a79a49eb30b38109,3,ok
89,batch_1/000115.JPG,data/official_complete/TACO/data/batch_1/000115.JPG,zenodo_archive,3264,2448,3264,2448,1886579,242d4455f9dcbb36fd26218b720c0af65c4639e60c3deddffab972c41f2a5200,12,ok
90,batch_1/000117.JPG,data/official_complete/TACO/data/batch_1/000117.JPG,zenodo_archive,2448,3264,2448,3264,1486221,e80ee0d54661feee7f9cb4f3297d1490f716a5df7b28edfa225d9f11cf8248d2,4,ok
91,batch_1/000118.JPG,data/official_complete/TACO/data/batch_1/000118.JPG,zenodo_archive,2448,3264,2448,3264,1857198,ca009328a5a09dcdb9c08dcaac1886aab584bbb325b0ed9c1bb8acc39dd51acd,1,ok
92,batch_1/000119.JPG,data/official_complete/TACO/data/batch_1/000119.JPG,zenodo_archive,2448,3264,2448,3264,784355,a88b8dfc185d5588e0ebcfaa85fa5f4d9aa8c8162170e3d69df9c344d605349e,1,ok
93,batch_1/000120.JPG,data/official_complete/TACO/data/batch_1/000120.JPG,zenodo_archive,2448,3264,2448,3264,1023476,aa063fc435c577b69ea3f1556c97ba2f07f2924fb266a024d95aca59ab1d684d,2,ok
94,batch_1/000121.JPG,data/official_complete/TACO/data/batch_1/000121.JPG,zenodo_archive,2448,3264,2448,3264,2453954,42852b54504a30e3f536642ad9dd011fe2e43d76ab6d28c5d75f59b8922a86a0,2,ok
95,batch_1/000122.JPG,data/official_complete/TACO/data/batch_1/000122.JPG,zenodo_archive,2448,3264,2448,3264,2535877,69754e6017e55ffaa4cfba609c0c496f4eb4d2ab60daf3daef68c19a729584b2,1,ok
96,batch_1/000004.jpg,data/official_complete/TACO/data/batch_1/000004.jpg,zenodo_archive,1241,751,1241,751,237399,d04b3d8b3e2cb25922337b81ccc2abdb8b822cd05ec15b0fc65cd285fa52f4f5,1,ok
97,batch_1/000124.JPG,data/official_complete/TACO/data/batch_1/000124.JPG,zenodo_archive,2448,3264,2448,3264,591522,3ac8e2d10bdba6e2a517eb7bbf2be7b66f43a5999a0a71eb819cb735c9abd970,3,ok
98,batch_1/000127.JPG,data/official_complete/TACO/data/batch_1/000127.JPG,zenodo_archive,2448,3264,2448,3264,950326,7d4507f11c87e3f5b3e7df3d4d24f33965842bd1608034edb9a517dfedf1e34a,10,ok
99,batch_1/000128.JPG,data/official_complete/TACO/data/batch_1/000128.JPG,zenodo_archive,2448,3264,2448,3264,1064055,b59a5d5dae542493d8128c0002af027b126bce3e3560944cbe853b8854cea2e1,13,ok
100,batch_1/000129.JPG,data/official_complete/TACO/data/batch_1/000129.JPG,zenodo_archive,2448,3264,2448,3264,730996,ad913cc9f9549421ef9fa4b3638573a83dfa6c1ed486c3e14a7b849b16ae1734,7,ok
101,batch_10/000000.jpg,data/raw/batch_10/000000.jpg,flickr_partial,1824,4000,1824,4000,3832045,288cf6261657189d7e6d7c09889a1f13f7cd21fd37d8e0136645e180f4e306d0,1,ok
102,batch_10/000001.jpg,data/raw/batch_10/000001.jpg,flickr_partial,4000,1824,4000,1824,4152128,e03e40ff6918fd26eba80cb7f7f81ae06d530e1d2be50a69a0980bed59c27184,13,ok
103,batch_10/000002.jpg,data/raw/batch_10/000002.jpg,flickr_partial,4000,1824,4000,1824,4054693,565fa811c9d61dcecae242ea86cffd784ebef6203433c605f3535ed9379f3169,6,ok
104,batch_10/000003.jpg,data/raw/batch_10/000003.jpg,flickr_partial,4000,1824,4000,1824,3784879,0610f91cd7f3889cd011e330f9770312faec215475ef99278a513d701529daf6,14,ok
105,batch_10/000004.jpg,data/raw/batch_10/000004.jpg,flickr_partial,1824,4000,1824,4000,3555726,dd5bd83e1f13726e4e4c2959a3068614c1327be337dc486b47ab13d07bf292c7,11,ok
106,batch_10/000005.jpg,data/raw/batch_10/000005.jpg,flickr_partial,1824,4000,1824,4000,3967625,081a6348263f04b1cc94804916d1cee77cd7b23adb2fcfb98bbd4d7e5ca6894e,9,ok
107,batch_10/000006.jpg,data/raw/batch_10/000006.jpg,flickr_partial,1824,4000,1824,4000,3071269,b6d0432842dbeaec8e47847797894f968f2f2619e092e4092cfa3c71aa686547,4,ok
108,batch_10/000007.jpg,data/raw/batch_10/000007.jpg,flickr_partial,1824,4000,1824,4000,3591149,cabe2db64c0e1bb7294898174a23d846e6bc35def7be7ab73354ef5d497637fa,2,ok
109,batch_10/000008.jpg,data/raw/batch_10/000008.jpg,flickr_partial,1824,4000,1824,4000,4292101,454fa10fcb89ca4112bc028f638d5fa6ab8643cfd5f3f286e0d5f8316d8e13a7,3,ok
110,batch_10/000009.jpg,data/raw/batch_10/000009.jpg,flickr_partial,4000,1824,4000,1824,3758090,c6b836a01b1e63f7c87faebacf90fea370332f713e24021b945f18f6bbfb1491,2,ok
111,batch_10/000010.jpg,data/raw/batch_10/000010.jpg,flickr_partial,4000,1824,4000,1824,2753440,42e1c9cfc227e1465bfa00e792b4b19ec645d62a902db4683e27003e07fca4b9,2,ok
112,batch_10/000011.jpg,data/raw/batch_10/000011.jpg,flickr_partial,4000,1824,4000,1824,1659772,a1d6f17b6a0b851c0e71c703e714d94dbfc9a0daad1178260a04a9ab5e6333c9,14,ok
113,batch_10/000012.jpg,data/raw/batch_10/000012.jpg,flickr_partial,1824,4000,1824,4000,2759137,70613b52b44469ed0a3ede319e91b0c3951f3235dd2b707d74839b0dd91dd0a1,1,ok
114,batch_10/000013.jpg,data/raw/batch_10/000013.jpg,flickr_partial,4000,1824,4000,1824,3827101,e983def7410fba3d43c405688d8e59fed14c0e810550b96a389ef81a7a4937c1,2,ok
115,batch_10/000014.jpg,data/raw/batch_10/000014.jpg,flickr_partial,4000,1824,4000,1824,2578718,d07c6194522c22b42380ace1b74e043cfaadd8199beff172875829549d144b41,3,ok
116,batch_10/000015.jpg,data/raw/batch_10/000015.jpg,flickr_partial,1824,4000,1824,4000,3134382,96dc46328c2dcb1144d7233bcd6e590fe68ac12fac4b35f38a94a9700408102a,5,ok
117,batch_10/000016.jpg,data/raw/batch_10/000016.jpg,flickr_partial,4000,1824,4000,1824,2599989,81902dfcae476b572fca3a31df9c9a9f7919577cb5fdbce0b868e0e9a453ac1b,1,ok
118,batch_10/000017.jpg,data/raw/batch_10/000017.jpg,flickr_partial,4000,1824,4000,1824,3233091,cf1104fbd3b86e741d9ce477d798b4f66d6facb9273a890200cc31bea83a1de4,1,ok
119,batch_10/000018.jpg,data/raw/batch_10/000018.jpg,flickr_partial,4000,1824,4000,1824,3115144,c91760503359ee21b2dd41261701f3f49418fea5004b2b4a4ba65100019fd43d,1,ok
120,batch_10/000019.jpg,data/raw/batch_10/000019.jpg,flickr_partial,1824,4000,1824,4000,3504012,5df9333d268147291c111a273f0727e3c46683153b6c38e759804de63188f581,1,ok
121,batch_10/000020.jpg,data/raw/batch_10/000020.jpg,flickr_partial,1824,4000,1824,4000,2211212,c97a45acbdcad4247cd1749efeeba98508ef142f71b4f2578f0b05f134406e7d,11,ok
122,batch_10/000021.jpg,data/raw/batch_10/000021.jpg,flickr_partial,4000,1824,4000,1824,2198772,0dfa6fd9c3dc022e7b27e98a1aa72ad1874843d10007c22d676e388c75aa3105,7,ok
123,batch_10/000022.jpg,data/raw/batch_10/000022.jpg,flickr_partial,1824,4000,1824,4000,2833699,3ccf9d6b6ba65e5126ff7831edee2e242768252c7635840b3a0cf32b2562eaf0,4,ok
124,batch_10/000023.jpg,data/raw/batch_10/000023.jpg,flickr_partial,1824,4000,1824,4000,2110192,96204ac545b83d8bf443c1f6a48f2f3dce4572cc006fc989fa743b0b98bdffe8,1,ok
125,batch_10/000024.jpg,data/raw/batch_10/000024.jpg,flickr_partial,1824,4000,1824,4000,2732801,a8a730672d32180904ca465ed77de6ee492cbff90ade936df0164d0d2c2ea1f1,1,ok
126,batch_10/000025.jpg,data/raw/batch_10/000025.jpg,flickr_partial,1824,4000,1824,4000,2484157,36e37c2321990d3ee984704bb47d292a1e1684be39d83bf2c8684b71a472a738,1,ok
127,batch_10/000026.jpg,data/raw/batch_10/000026.jpg,flickr_partial,4000,1824,4000,1824,1241418,b09ab804960d5c22f32707df73084aa35e63eb7870746725753c0f2fe2746761,3,ok
128,batch_10/000027.jpg,data/raw/batch_10/000027.jpg,flickr_partial,1824,4000,1824,4000,2475825,8d127ac47f1ecafa751d08ab43c6018a42a57ccd4ce2be7969cef842f9592fb1,4,ok
129,batch_10/000028.jpg,data/raw/batch_10/000028.jpg,flickr_partial,1824,4000,1824,4000,2620158,ee40671832c23f35e16452603e4bf75c94392ca5c3995e3618da3bd67b032958,1,ok
130,batch_10/000029.jpg,data/raw/batch_10/000029.jpg,flickr_partial,1824,4000,1824,4000,1764489,1b9f62dc618e5d42e7c5b57bf99adf18f8d2502292ac97129973bb0f84a0f651,4,ok
131,batch_10/000030.jpg,data/raw/batch_10/000030.jpg,flickr_partial,1824,4000,1824,4000,2106963,53bc81a5fbd599ed4f7c51b4e1a6c86bc8aee71e18bbeff6fad8f1af84604f45,1,ok
132,batch_10/000031.jpg,data/raw/batch_10/000031.jpg,flickr_partial,1824,4000,1824,4000,2150462,1c303e35e54ca751bb1015d9c92392e0fbe6c29d7f8232b882018ff7143756aa,2,ok
133,batch_10/000032.jpg,data/raw/batch_10/000032.jpg,flickr_partial,1824,4000,1824,4000,1324343,f3a6a0e7e5162891fa51d96302d582751c03c37195765cbec3c0f6be277fc522,1,ok
134,batch_10/000033.jpg,data/raw/batch_10/000033.jpg,flickr_partial,1824,4000,1824,4000,3292311,1dc26cf495c031b2b74a6d6cc5bf179461c246461d5c9c5e42f867d81b88c783,3,ok
135,batch_10/000034.jpg,data/raw/batch_10/000034.jpg,flickr_partial,1824,4000,1824,4000,3540977,9af159a96c0da3d5b5baa6a41cc2bff344ed916bd4dafd2260ad3a093e9c78ef,21,ok
136,batch_10/000035.jpg,data/raw/batch_10/000035.jpg,flickr_partial,1824,4000,1824,4000,3464511,4a6b71d42fc2765290f4f2572e214e2cded99c6fdef4809fe35807875bdb1028,17,ok
137,batch_10/000036.jpg,data/raw/batch_10/000036.jpg,flickr_partial,1824,4000,1824,4000,2110808,dbfbd468a6afbd45e82b3fb2178982fe023c9712840a646c7284a1ec30585ec9,15,ok
138,batch_10/000037.jpg,data/raw/batch_10/000037.jpg,flickr_partial,4000,1824,4000,1824,2549345,c83a21fe67cb3d01926f09359b8f50089dfce9858444dbb9338cbc5692c48674,5,ok
139,batch_10/000038.jpg,data/raw/batch_10/000038.jpg,flickr_partial,1824,4000,1824,4000,2057623,7b935f68ca1726daee206e04732ca1949d0aded9d3744fe98abf17f20a517034,4,ok
140,batch_10/000039.jpg,data/raw/batch_10/000039.jpg,flickr_partial,1824,4000,1824,4000,3837062,8db31d0ca0ced199e38c91c4bd21394f873443c2c508e266cacba30e6a7ea02e,1,ok
141,batch_10/000040.jpg,data/raw/batch_10/000040.jpg,flickr_partial,4000,1824,4000,1824,3877625,59c6b93c806c6b847322ad12fe5978cdc3d997239627e2b7d676f5ecb524e84e,2,ok
142,batch_10/000041.jpg,data/raw/batch_10/000041.jpg,flickr_partial,1824,4000,1824,4000,2813176,fc54a1711bb5a57c01ec445d1ec77c0a8f01af0d7894910dfc61ddacadf78707,5,ok
143,batch_10/000042.jpg,data/raw/batch_10/000042.jpg,flickr_partial,1824,4000,1824,4000,2287835,a7bbe0580d34f6e26b553faf4560d40547e0d1a1da6ab96cd842a47353047af8,3,ok
144,batch_10/000043.jpg,data/raw/batch_10/000043.jpg,flickr_partial,1824,4000,1824,4000,2784666,d172ef010f0774e85f310750e286d9b7a86b9abeaef8122b0ca449046589f141,7,ok
145,batch_10/000044.jpg,data/raw/batch_10/000044.jpg,flickr_partial,1824,4000,1824,4000,3364913,438fad4d58cbff13ae4e9bc510f40d77c8162aac4f5bea3b69ba86cd33ded9a9,1,ok
146,batch_10/000045.jpg,data/raw/batch_10/000045.jpg,flickr_partial,1824,4000,1824,4000,3187935,5bd4be47ef9f67e601a7dd2486552f2ae30f2951e488d72d4eaabb75c8a1348b,1,ok
147,batch_10/000046.jpg,data/raw/batch_10/000046.jpg,flickr_partial,1824,4000,1824,4000,3806925,ff55002231fdcb2c92c8d46a7995b982705a3d59691410106fd3771c49a1821e,1,ok
148,batch_10/000047.jpg,data/raw/batch_10/000047.jpg,flickr_partial,1824,4000,1824,4000,2830744,2f1d38b6843de8a99608e09653a434ace3fa93aaaeb7c39dc19a15f839d3fd9e,5,ok
149,batch_10/000048.jpg,data/raw/batch_10/000048.jpg,flickr_partial,1824,4000,1824,4000,3729538,3138f6e23d68c76875d1a1157e504da9aaff2734e58a4455a0a289383a3920ab,5,ok
150,batch_10/000049.jpg,data/raw/batch_10/000049.jpg,flickr_partial,1824,4000,1824,4000,1944531,5bbfa7061b40524531148206aa7030283813442136a75fc14d89d14c7f3f2a5c,2,ok
151,batch_10/000050.jpg,data/raw/batch_10/000050.jpg,flickr_partial,4000,1824,4000,1824,3345618,bdc8135d6b7b143729042e8b6fed988c623a46078b12da912cb5dbf0d892adce,10,ok
152,batch_10/000051.jpg,data/raw/batch_10/000051.jpg,flickr_partial,4000,1824,4000,1824,1969569,b29983b41ab5ae0d618a77ff47c67590eec908093189ee1b5132570e05c86ee6,1,ok
153,batch_10/000052.jpg,data/raw/batch_10/000052.jpg,flickr_partial,4000,1824,4000,1824,3294461,fe2cf2af6201adb7ffc98145e722bff27ad8ecb8212fdf70f976ebdcc9d61ce6,1,ok
154,batch_10/000053.jpg,data/raw/batch_10/000053.jpg,flickr_partial,4000,1824,4000,1824,2187449,36b4784635767f6f14a3b6e94fcab5e3d57e5d42ecd9a4d36423bf35a9013e7c,1,ok
155,batch_10/000054.jpg,data/raw/batch_10/000054.jpg,flickr_partial,1824,4000,1824,4000,2792827,61d5d084123e2b3bed1f5b62e850f8b1a24d871cd95d9ff31097153739210ea0,2,ok
156,batch_10/000055.jpg,data/raw/batch_10/000055.jpg,flickr_partial,4000,1824,4000,1824,2794804,a7f377b37ebd63707c1d6b30d54f9ac0632d5629c6e330307d51fd127321b7a7,1,ok
157,batch_10/000056.jpg,data/raw/batch_10/000056.jpg,flickr_partial,4000,1824,4000,1824,3494753,41c2d86dcecfbbfa0e99f8ff5d8e3d6ed0dff41c6acacaa233c1373b4d401f22,1,ok
158,batch_10/000057.jpg,data/raw/batch_10/000057.jpg,flickr_partial,1824,4000,1824,4000,3779748,fbddb95108d13df8520a3ef6fd359286a8c152e46c2dc3f0a812a5a1f3e9e4af,2,ok
159,batch_10/000058.jpg,data/raw/batch_10/000058.jpg,flickr_partial,1824,4000,1824,4000,2682841,6658c36937bbbbb1c4f1c97cf06826620eda57373349a3494d0be2a299192002,1,ok
160,batch_10/000059.jpg,data/raw/batch_10/000059.jpg,flickr_partial,1824,4000,1824,4000,3936399,e8e8a7ddf18b74d287f01b588407ab2ce434f68a0e30fbb495275b8723fd9306,2,ok
161,batch_10/000060.jpg,data/raw/batch_10/000060.jpg,flickr_partial,1824,4000,1824,4000,3431275,7936f7a40e18c00b607ae6e557ecaed33ba278066a6034cc1e9d91a1fd2d67f7,1,ok
162,batch_10/000061.jpg,data/raw/batch_10/000061.jpg,flickr_partial,4000,1824,4000,1824,2820562,db05a35ba97c09fb851c64ce7a2298e5f69d5e5ee7c8b7f05c915f7a987a05c7,1,ok
163,batch_10/000062.jpg,data/raw/batch_10/000062.jpg,flickr_partial,4000,1824,4000,1824,3459311,c552d67fd04a4223dfb427222e050788ee6bc0eea4a952950e615bba088c716b,3,ok
164,batch_10/000063.jpg,data/raw/batch_10/000063.jpg,flickr_partial,4000,1824,4000,1824,3633123,28c37573f37f9bef28bef8599093b1397cc96084885dd07d62aee787e334d122,2,ok
165,batch_10/000064.jpg,data/raw/batch_10/000064.jpg,flickr_partial,4000,1824,4000,1824,3761349,834dd432b3dadddb2c22f518b5caf38a3e58747cb41f3aec1d68d9e6822d8a59,1,ok
166,batch_10/000065.jpg,data/raw/batch_10/000065.jpg,flickr_partial,1824,4000,1824,4000,3909970,92263f2eada98055674c349f82af8d233624da16e33cb4581f6a0bb50dac2b04,1,ok
167,batch_10/000066.jpg,data/raw/batch_10/000066.jpg,flickr_partial,4000,1824,4000,1824,3549308,620dc2a2ca246baab3b68dcb0ace2b4d5213ebd64dad87ceb974e4b886983b6a,1,ok
168,batch_10/000067.jpg,data/raw/batch_10/000067.jpg,flickr_partial,4000,1824,4000,1824,3539531,d3a53c13d2c152feff9643f49a4b30f4f42d472e37317445098a11f725ec9418,1,ok
169,batch_10/000068.jpg,data/raw/batch_10/000068.jpg,flickr_partial,1824,4000,1824,4000,2949950,92b6bd61ff309f2c1b82c0f40483806a5c7b98650920c1ca998371025bb78d3a,1,ok
170,batch_10/000069.jpg,data/raw/batch_10/000069.jpg,flickr_partial,4000,1824,4000,1824,3094668,c2d5b15312a2d81659ff6b0c78c1f8ed2bc0c072aef3334e85956d39cc437e99,1,ok
171,batch_10/000070.jpg,data/raw/batch_10/000070.jpg,flickr_partial,4000,1824,4000,1824,2797572,540984b9f6b23c6db97183f96af14716f1c3d24f897d2e05de2a8b95c85ed1bc,2,ok
172,batch_10/000071.jpg,data/raw/batch_10/000071.jpg,flickr_partial,1824,4000,1824,4000,3594816,e4701e5f8c5fd0eb13ffdb902ac61e0992ca1e9451619af1952a26ac3519f0a5,2,ok
173,batch_10/000072.jpg,data/raw/batch_10/000072.jpg,flickr_partial,4000,1824,4000,1824,3009077,b80bb664a440f2a6f6383f474e2205183d88d09dd4d3a9fdb669e5548701a221,2,ok
174,batch_10/000073.jpg,data/raw/batch_10/000073.jpg,flickr_partial,4000,1824,4000,1824,2372738,5db8c7bdcd7b64e591afd3841ec424cf2fc39f115145167c0e9b3bd0ddfe844f,1,ok
175,batch_10/000074.jpg,data/raw/batch_10/000074.jpg,flickr_partial,1824,4000,1824,4000,2838370,8ff7b028f744e4c88cc2ed51fc22c9cec5494f101ca6843e6c39d1760aeda7a8,1,ok
176,batch_10/000075.jpg,data/raw/batch_10/000075.jpg,flickr_partial,1824,4000,1824,4000,1479467,0d20ef991c822151a54f00c79e10b045138f8a77f0607c1e9a4307b797321ab5,3,ok
177,batch_10/000076.jpg,data/raw/batch_10/000076.jpg,flickr_partial,1824,4000,1824,4000,2232324,1a6afb1026ab948f721bca25504a0ca8d9dccc18920ae6f6a1fed4c5590d3a8c,4,ok
178,batch_10/000077.jpg,data/raw/batch_10/000077.jpg,flickr_partial,1824,4000,1824,4000,2624045,4fd58694379ef542a5c4a3eb2e2ac77ad8496c5cd3b45d666a976af23320a5a6,2,ok
179,batch_10/000078.jpg,data/raw/batch_10/000078.jpg,flickr_partial,1824,4000,1824,4000,1829749,316e258e4d67baaeb4777da373c5d83b11ce3f99cd85b362c5cb044522e2660b,1,ok
180,batch_10/000079.jpg,data/raw/batch_10/000079.jpg,flickr_partial,4000,1824,4000,1824,1691937,7da8a8565b4480fbcdce798cdef014e2d9107850de3f3a6eb74a150166ddbc37,2,ok
181,batch_10/000080.jpg,data/raw/batch_10/000080.jpg,flickr_partial,1824,4000,1824,4000,1416071,d2caca025cdb5e334490cd8c47977750e79c09f4a32eb1594a28ec0427edcb7c,1,ok
182,batch_10/000081.jpg,data/raw/batch_10/000081.jpg,flickr_partial,4000,1824,4000,1824,1914937,ef6be4cf558c463db63658ee3c4638129ba482c07e5de21cb2de6648e6328ddf,4,ok
183,batch_10/000082.jpg,data/raw/batch_10/000082.jpg,flickr_partial,4000,1824,4000,1824,1946342,65186bea3666f236a111f70e6b5089ce42fc2c450d101caeb9ef528f142f86aa,1,ok
184,batch_10/000083.jpg,data/raw/batch_10/000083.jpg,flickr_partial,1824,4000,1824,4000,1736598,5b3cfb7489e8b6462b2bc05e84d6564627f6239937e368192b42d2ffc8dd9f03,5,ok
185,batch_10/000084.jpg,data/raw/batch_10/000084.jpg,flickr_partial,1824,4000,1824,4000,1336031,1be0553c6ebbcdb0fafb7c2f2c7ac7b5c5b0537251e5aa596c601aca1b5ac18b,5,ok
186,batch_10/000085.jpg,data/raw/batch_10/000085.jpg,flickr_partial,1824,4000,1824,4000,1525740,81ed22e8a4786d8a02d04acfb00a92028b52f6e0ba74182e5252dfd120b6b0c6,9,ok
187,batch_10/000086.jpg,data/raw/batch_10/000086.jpg,flickr_partial,1824,4000,1824,4000,1934942,79fa0f63e56e547fe62e597809c18d87961853742588fc7107a1975a1985c1e8,7,ok
188,batch_10/000087.jpg,data/raw/batch_10/000087.jpg,flickr_partial,1824,4000,1824,4000,1535600,54e60bff0de9122bafaadf927635f9acca4d44e400a4d8f166474e676a99a012,3,ok
189,batch_10/000088.jpg,data/raw/batch_10/000088.jpg,flickr_partial,1824,4000,1824,4000,1462009,3c220f7b06ebc0cc24ac8eda0badc79feb5534fc926731063041b2c017dbb6cd,2,ok
190,batch_10/000089.jpg,data/raw/batch_10/000089.jpg,flickr_partial,1824,4000,1824,4000,1288233,dba629f7a24406ca5110f4a4a196efaae015cd8ecd4e54b1ca692b2f8768bf6b,5,ok
191,batch_10/000090.jpg,data/raw/batch_10/000090.jpg,flickr_partial,1824,4000,1824,4000,3138938,bbbc97a13b411dc1d1c01950b2be4536588208d136bda0639b804ddcba10f154,5,ok
192,batch_10/000091.jpg,data/raw/batch_10/000091.jpg,flickr_partial,4000,1824,4000,1824,2564507,1b96ec19d8fbc495100b15c38a8dd115d084b42012f0513c6f76f0898827b2ee,4,ok
193,batch_10/000092.jpg,data/raw/batch_10/000092.jpg,flickr_partial,1824,4000,1824,4000,3163630,aa208c255e066ec47dbcdacdffe9c97ad823ae43af66ca87b79e064a048afed8,2,ok
194,batch_10/000093.jpg,data/raw/batch_10/000093.jpg,flickr_partial,4000,1824,4000,1824,3346408,4a6a8cda27990042e125b239694d4ba97837dd3f422b4e5771dd13dc92882ed8,14,ok
195,batch_10/000094.jpg,data/raw/batch_10/000094.jpg,flickr_partial,1824,4000,1824,4000,2821897,d206f39d25be30821fe4818f09da23bb3c408dae31e18c6a9690ba4d22261e93,6,ok
196,batch_10/000095.jpg,data/raw/batch_10/000095.jpg,flickr_partial,1824,4000,1824,4000,3455836,fe758ea5c793f526664d06907a99726abfbbc3b1113045ab8358d56d06ee50b9,2,ok
197,batch_10/000096.jpg,data/raw/batch_10/000096.jpg,flickr_partial,3000,4000,3000,4000,4770748,8d772dd5468c639f151b6831cdfb7a56fa0c2a8f2a4b4dcd69c1daa491526059,6,ok
198,batch_10/000097.jpg,data/raw/batch_10/000097.jpg,flickr_partial,1824,4000,1824,4000,3288854,9ad371b32ec39c7a6fd9dd255918cfac22fa264b3766f6974c010163724aa306,2,ok
199,batch_10/000098.jpg,data/raw/batch_10/000098.jpg,flickr_partial,1824,4000,1824,4000,1494375,98e672e0171617ea7ea237d52a6b9097ea8f0f160b78bb5eb08501ff11b808bc,3,ok
200,batch_10/000099.jpg,data/raw/batch_10/000099.jpg,flickr_partial,1824,4000,1824,4000,1266876,fb770949f2b0c5d4f8795825a1c792eb0b23c385d8ec2a5b4b1eccd49b86928f,1,ok
201,batch_11/000000.jpg,data/raw/batch_11/000000.jpg,flickr_partial,4000,1824,4000,1824,944401,b5e5b685c8089389eb912c3df02ff51ff90f8e7138d9584072961accd29732e7,3,ok
202,batch_11/000001.jpg,data/raw/batch_11/000001.jpg,flickr_partial,1824,4000,1824,4000,2295165,818da6d01589e605f71f81d0d2bf55fcdf6e8dcf2e114d59d40804b6aacfa0d4,3,ok
203,batch_11/000002.jpg,data/raw/batch_11/000002.jpg,flickr_partial,1824,4000,1824,4000,1335085,297164f45e27a25ff3f735d18925c5be696cbe196c71bca9d2c1a115aa20d650,1,ok
204,batch_11/000003.jpg,data/raw/batch_11/000003.jpg,flickr_partial,1824,4000,1824,4000,1678176,8107b8cf0bbd4ad16cc631e20ece658c660c0707213d97c699fb79c30114e45a,5,ok
205,batch_11/000004.jpg,data/raw/batch_11/000004.jpg,flickr_partial,1824,4000,1824,4000,1497196,b9c76717c1c45de151d0cd30bf6753915e03601719116531dde8cbe50a80ce7e,2,ok
206,batch_11/000005.jpg,data/raw/batch_11/000005.jpg,flickr_partial,1824,4000,1824,4000,1387901,beb8b6d7dbd1c34433130967b2c10bc1e86014aff12cfc9235a8d1d23d28e1e8,2,ok
207,batch_11/000006.jpg,data/raw/batch_11/000006.jpg,flickr_partial,1824,4000,1824,4000,1208051,e658b7062b8c398e820d70968babb0db23465dccb6602804b66215c14c38db3e,4,ok
208,batch_11/000007.jpg,data/raw/batch_11/000007.jpg,flickr_partial,1824,4000,1824,4000,1308939,dfe1b35a5743e66cad569863fa4190c41fc47f0f9423c8d9adf195494726e9d5,1,ok
209,batch_11/000008.jpg,data/raw/batch_11/000008.jpg,flickr_partial,1824,4000,1824,4000,1295353,84c15c82d2896a6d0c2a31b3af5204e9cb06050ecca459c0aeeeb38674d00490,3,ok
210,batch_11/000009.jpg,data/raw/batch_11/000009.jpg,flickr_partial,1824,4000,1824,4000,3141891,4f689a5145ad539a6997e902f7946619ae464529e01e705a335643ee596b07ef,2,ok
211,batch_11/000010.jpg,data/raw/batch_11/000010.jpg,flickr_partial,1824,4000,1824,4000,2412474,626e10835e25d60728bfff53666d8f81aa4b51485a6d6c75490eccafcdb87c03,5,ok
212,batch_11/000011.jpg,data/raw/batch_11/000011.jpg,flickr_partial,1824,4000,1824,4000,1723504,318c5e2e4dd1a1031f1db217d8779c791eb3e3165a4364628075bbdc3744fe34,3,ok
213,batch_11/000012.jpg,data/raw/batch_11/000012.jpg,flickr_partial,1824,4000,1824,4000,2303911,8851aa2976c9b4011860a13a50d240aba9175fd39ea3a6178f700c3af82eba7a,2,ok
214,batch_11/000013.jpg,data/raw/batch_11/000013.jpg,flickr_partial,1824,4000,1824,4000,1974158,7c1080c780d210eb9e9d2390743267245f3171ef8aa418514ff179126724515b,2,ok
215,batch_11/000014.jpg,data/raw/batch_11/000014.jpg,flickr_partial,1824,4000,1824,4000,2858882,e3bfeee6b15cf7ea3e3ec55505c4b39410e5d8a2801b680ffafaec8d8cb83837,2,ok
216,batch_11/000015.jpg,data/raw/batch_11/000015.jpg,flickr_partial,1824,4000,1824,4000,2488107,13794d217ae830e91f6f2fed32f7825e952d413400355020b4e9b9165a38bfaa,5,ok
217,batch_11/000016.jpg,data/raw/batch_11/000016.jpg,flickr_partial,4000,1824,4000,1824,2243607,e8eff755e8bdd611ed8b46646c34a64e0c568c8a95f646ef70bcdc3e176d814e,2,ok
218,batch_11/000017.jpg,data/raw/batch_11/000017.jpg,flickr_partial,1824,4000,1824,4000,2055305,a3db82730101c05c494cba83529b6a6dc86b134aa487bdf3fefa5679326ace70,1,ok
219,batch_11/000018.jpg,data/raw/batch_11/000018.jpg,flickr_partial,4000,1824,4000,1824,3376661,4c879b0fc525ce58412ca405512f08ac780d9bf3464fef4f0d4603ba6993bae9,7,ok
220,batch_11/000019.jpg,data/raw/batch_11/000019.jpg,flickr_partial,6000,4000,6000,4000,11597906,9a3f95e25e45cf1f90278145075cc0396b99b6bbc231d9651e5d8c25caeac8d0,4,ok
221,batch_11/000020.jpg,data/raw/batch_11/000020.jpg,flickr_partial,6000,4000,6000,4000,11634669,81107940e54c8437b67b535ba70e44c4156bae210ffc20b58e82a55debffe5e7,1,ok
222,batch_11/000021.jpg,data/raw/batch_11/000021.jpg,flickr_partial,6000,4000,6000,4000,14388314,21224aead00f9950e5be9962d6cdf69ff184c0a5ccc668af7736696f937c72c8,1,ok
223,batch_11/000022.jpg,data/raw/batch_11/000022.jpg,flickr_partial,6000,4000,6000,4000,14721495,f64c4323b42ed2cf32b082252c40ba4dc83ba90b71437a93b9707e1a3433343f,1,ok
224,batch_11/000023.jpg,data/raw/batch_11/000023.jpg,flickr_partial,6000,4000,6000,4000,13555559,0eace95caca8b4ab3e2ab66c887157f8a4106693914957c4467b0c6abe9138b9,1,ok
225,batch_11/000024.jpg,data/raw/batch_11/000024.jpg,flickr_partial,6000,4000,6000,4000,14332734,e5df2af0d66d947c4317fa1008163c97301ddeae731c69f21a1f33c87a283f9f,1,ok
226,batch_11/000025.jpg,data/raw/batch_11/000025.jpg,flickr_partial,6000,4000,6000,4000,10771208,1be2c8154818f38124f05fb404a41e12d7e30ccf81ea90e0cf3e54038dee846b,1,ok
227,batch_11/000026.jpg,data/raw/batch_11/000026.jpg,flickr_partial,6000,4000,6000,4000,11034308,f053780fce3a6fb4de9c5d3c627600d8d21fd95bd0450b0016df0b0ee6589b50,3,ok
228,batch_11/000027.jpg,data/raw/batch_11/000027.jpg,flickr_partial,2322,4128,2322,4128,7472218,6a739187c8def10c3f6ad4802298d1a6e021792b118d3258b01edb9afacfef97,1,ok
229,batch_11/000028.jpg,data/raw/batch_11/000028.jpg,flickr_partial,2322,4128,2322,4128,6362288,7f9f67a6c1f4e1f09efd09e8b6e8dab44607e941cbb41862806836ccf5981482,11,ok
230,batch_11/000029.jpg,data/raw/batch_11/000029.jpg,flickr_partial,2322,4128,2322,4128,6649338,c75f21d5680b02d4f0839b472b10ef02654ab4c9b679af9a427a08df39e56707,2,ok
231,batch_11/000030.jpg,data/raw/batch_11/000030.jpg,flickr_partial,2322,4128,2322,4128,5951998,a86e13d2c63b12b0b0492389cccb6a9c312cd1dfd01c9704519d2b77b57ef0fe,1,ok
232,batch_11/000031.jpg,data/raw/batch_11/000031.jpg,flickr_partial,2322,4128,2322,4128,6061611,22c971bc3c4c0c359a5571f8ee605d6d54a5fa2093e837121ef010d8d6a215a1,1,ok
233,batch_11/000032.jpg,data/raw/batch_11/000032.jpg,flickr_partial,2322,4128,2322,4128,6202117,1771081d3d6b1bcbfc67b1c452fab085f94d463eb05c49ddfb8049e6f7a5166c,1,ok
234,batch_11/000033.jpg,data/raw/batch_11/000033.jpg,flickr_partial,2322,4128,2322,4128,5648230,021ad8cffee5fac22124862cd2fb4a1e9bb73e963e055999fd83da1aa34a2d91,1,ok
235,batch_11/000034.jpg,data/raw/batch_11/000034.jpg,flickr_partial,2448,3264,2448,3264,1659434,80d30938a84e547199e9f638a048b3d9802d4c1093f096a1400682f375d0eb65,1,ok
236,batch_11/000035.jpg,data/raw/batch_11/000035.jpg,flickr_partial,3264,2448,3264,2448,1371917,1bf1fc7bd35a77533c52523c1e81fc68f6231168c3dd17ce6638cdb1bebc39a2,1,ok
237,batch_11/000036.jpg,data/raw/batch_11/000036.jpg,flickr_partial,2448,3264,2448,3264,1438048,e2540cc19e806415871647336cb318091dcf61f0528948781ee54c9bfb9adec3,1,ok
238,batch_11/000037.jpg,data/raw/batch_11/000037.jpg,flickr_partial,4618,3463,4618,3463,2235310,3c2ca7523b300fbe091e9a0b1dd2081d12a6184272bb62fe38259beae2e9c037,1,ok
239,batch_11/000038.jpg,data/raw/batch_11/000038.jpg,flickr_partial,3463,4618,3463,4618,3296811,7dc474748f38c5202a0e94af88529ffe292efec68edc659256a524fe4430bd37,1,ok
240,batch_11/000039.jpg,data/raw/batch_11/000039.jpg,flickr_partial,3463,4618,3463,4618,2944536,8d07c69dd875e654b43ac70bb12f4c6683b48e10756acc04a23a086faaf88011,3,ok
241,batch_11/000040.jpg,data/raw/batch_11/000040.jpg,flickr_partial,3463,4618,3463,4618,3441378,058d782f7c87459aecc718b08f5cce006419a12fa7b455920e50fd20dd74fc8d,4,ok
242,batch_11/000041.jpg,data/raw/batch_11/000041.jpg,flickr_partial,3463,4618,3463,4618,842542,73a71072039336fdfd02e8e6c3a6bfbe1df6963cc1836aefa5b145ca5054906e,1,ok
243,batch_11/000042.jpg,data/raw/batch_11/000042.jpg,flickr_partial,3463,4618,3463,4618,1898755,fa9c5390ca03700120afa171636236011f4805998048b45b784128c85b28470d,1,ok
244,batch_11/000043.jpg,data/raw/batch_11/000043.jpg,flickr_partial,3120,4160,3120,4160,3607192,7c139e25df4911b9d0a1fd0f17d547f68c238bce7ac1c889d88c400b68b6a8f7,1,ok
245,batch_11/000044.jpg,data/raw/batch_11/000044.jpg,flickr_partial,3120,4160,3120,4160,4236987,c8786f67983af1909336c7c492f35f0a3d1dbbf1c306d3608352f2c68dfc9aba,3,ok
246,batch_11/000045.jpg,data/raw/batch_11/000045.jpg,flickr_partial,3120,4160,3120,4160,3596824,850f8aa512b0b5a27573913409b08b502a47ab2238aba82e4a069e9e6a89c5a4,1,ok
247,batch_11/000046.jpg,data/raw/batch_11/000046.jpg,flickr_partial,3456,4608,3456,4608,7385433,6021dab53f77de57062c0d46bf799c143e4d9888797325187aaacc716c7c2857,2,ok
248,batch_11/000047.jpg,data/raw/batch_11/000047.jpg,flickr_partial,3024,4032,3024,4032,2111925,a79ff413c2cd63f5503613a5663c1ccc6bb03dc2af402f08b2e0a48295b99720,1,ok
249,batch_11/000048.jpg,data/raw/batch_11/000048.jpg,flickr_partial,3024,4032,3024,4032,2845970,0e8b7ac83740ca61b3a0eb2b6b1ecfe003c69eb3a8cca922e2a755696e00b5e7,2,ok
250,batch_11/000049.jpg,data/raw/batch_11/000049.jpg,flickr_partial,3024,4032,3024,4032,2751947,e85c7e369b569d04fee193c27f89652207e0562af242643819b6ef6aabf60f0a,1,ok
251,batch_11/000050.jpg,data/raw/batch_11/000050.jpg,flickr_partial,3024,4032,3024,4032,2492751,994a9a15c056817be20bd309d684cadbdfcbc41346996a3ad3ece0a010a5efa6,1,ok
252,batch_11/000051.jpg,data/raw/batch_11/000051.jpg,flickr_partial,4032,3024,4032,3024,2628489,4e7125d1d1eedeacc13bb3ffb4372f76a49a8831340628665008fca643f56e63,1,ok
253,batch_11/000052.jpg,data/raw/batch_11/000052.jpg,flickr_partial,3024,4032,3024,4032,2377257,b5b8f1e000751b91fb851f05f197747e0e0f06d6120c96420afed07039ffbf48,2,ok
254,batch_11/000053.jpg,data/raw/batch_11/000053.jpg,flickr_partial,4032,3024,4032,3024,2893459,ce57ac6d430d888237f6c25321ffe9fc04d37f60bffa5a7e72472ef7507e5818,2,ok
255,batch_11/000054.jpg,data/raw/batch_11/000054.jpg,flickr_partial,3024,4032,3024,4032,4574827,1add76da7b35ab47cde0b30f89b77199cce57249f2c485364c9d43c1c0b9617a,2,ok
256,batch_11/000055.jpg,data/raw/batch_11/000055.jpg,flickr_partial,3024,4032,3024,4032,3884557,fd1e441659cab53cdadd819ba3487fd5295053c2409b8f3bb9ece50a52d3fbeb,1,ok
257,batch_11/000056.jpg,data/raw/batch_11/000056.jpg,flickr_partial,3024,4032,3024,4032,3771882,6c88b2656a59a1d448baab7e3f5c99e55c3c5967dd41a55acc370feb97fdc5f6,1,ok
258,batch_11/000057.jpg,data/raw/batch_11/000057.jpg,flickr_partial,3024,4032,3024,4032,2350083,58138b54f10d82880ea81d88090b2df137a3d1e34b4a3fdda79de7d5e69a4d80,1,ok
259,batch_11/000058.jpg,data/raw/batch_11/000058.jpg,flickr_partial,3024,4032,3024,4032,3988919,24c65c302ae0b42b84b7fd812a6019bb74f34e0c1959a93e7cbbc66b878fa6be,1,ok
260,batch_11/000059.jpg,data/raw/batch_11/000059.jpg,flickr_partial,3024,4032,3024,4032,4213611,52245135c91fff6d349532ed04fdf1f2f1aa094daaa9ae80d29b1d97106d6094,3,ok
261,batch_11/000060.jpg,data/raw/batch_11/000060.jpg,flickr_partial,3024,4032,3024,4032,3386353,d1549bb0d1dcdf14cdea3681da68b78d4df2d173263bfd916145ec3afbf763c1,2,ok
262,batch_11/000061.jpg,data/raw/batch_11/000061.jpg,flickr_partial,3024,4032,3024,4032,3921098,0100d16dbbf376112e4adc9e53d7efdb1851162c2b993ac9ff08c3537154b098,2,ok
263,batch_11/000062.jpg,data/raw/batch_11/000062.jpg,flickr_partial,3024,4032,3024,4032,2802735,df8597415bf76ad2573965f56561ef1a5ebaf4c08bc2c20af7862892736bab60,1,ok
264,batch_11/000063.jpg,data/raw/batch_11/000063.jpg,flickr_partial,3024,4032,3024,4032,3756592,1a356faaeb09f02c9ee003fec8bcb1cbd815336a11c5a7519d6d0361e8f6b8cd,5,ok
265,batch_11/000064.jpg,data/raw/batch_11/000064.jpg,flickr_partial,3024,4032,3024,4032,2951433,8805a94dc409ee7a066204634c412957be32c4c8af0a678b7c85c6a012898839,1,ok
266,batch_11/000065.jpg,data/raw/batch_11/000065.jpg,flickr_partial,3024,4032,3024,4032,3599019,ec12aed9f33f4eeb2540f1e4077248f55721524ce3766f88b2bee79af79c1599,1,ok
267,batch_11/000066.jpg,data/raw/batch_11/000066.jpg,flickr_partial,3024,4032,3024,4032,4055240,f4369f5e619638035c5f1e359c02099cbf1c5c035098ef7a535ffc31057b5d7d,1,ok
268,batch_11/000067.jpg,data/raw/batch_11/000067.jpg,flickr_partial,3024,4032,3024,4032,3316023,22040ab1db75e2d646d0bd645a0649aa7b9831b6d7d90999fd3024c830b8724e,2,ok
269,batch_11/000068.jpg,data/raw/batch_11/000068.jpg,flickr_partial,3024,4032,3024,4032,3415205,855c1e09d7cead8e48348dd69e70b749495fa8b211d34482cb14d2330881051f,1,ok
270,batch_11/000069.jpg,data/raw/batch_11/000069.jpg,flickr_partial,3024,4032,3024,4032,3833811,29dad3efd82d12a76d3dc48f7ba3b78fef6b1df56c86fc1203d99ce8fc0c7023,2,ok
271,batch_11/000070.jpg,data/raw/batch_11/000070.jpg,flickr_partial,3024,4032,3024,4032,4346015,0f309298668a83b752126ba38283076234b0c5ca884ad2dc2619c62a42cf3c79,2,ok
272,batch_11/000071.jpg,data/raw/batch_11/000071.jpg,flickr_partial,3024,4032,3024,4032,3722947,09f59d8eb462384eb79a7e9ba2c1d89a670631cd955ec9c56266e28f2bd2787c,7,ok
273,batch_11/000072.jpg,data/raw/batch_11/000072.jpg,flickr_partial,3024,4032,3024,4032,2254368,85a437461c914d96ebe0b4d706dd469bc83781ecc9482ce4f80158db82cda8da,1,ok
274,batch_11/000073.jpg,data/raw/batch_11/000073.jpg,flickr_partial,3024,4032,3024,4032,3816040,867c00436ce7471bfc8d32490810e31a62a46537674baa07638408400df97f58,2,ok
275,batch_11/000074.jpg,data/raw/batch_11/000074.jpg,flickr_partial,4032,3024,4032,3024,3558174,1731e1c16567905d7ed6c143aca7126c093fb66c42dd0052a86053bd2aee3c06,9,ok
276,batch_11/000075.jpg,data/raw/batch_11/000075.jpg,flickr_partial,3024,4032,3024,4032,3539874,8858538a9596442866130d56f850240effc290063065510be44934cee17c8964,5,ok
277,batch_11/000076.jpg,data/raw/batch_11/000076.jpg,flickr_partial,3024,4032,3024,4032,3439877,2c85a73264ae980f244f46254d5c2f09b8af5045639ce8568d59fb2b6b67761f,2,ok
278,batch_11/000077.jpg,data/raw/batch_11/000077.jpg,flickr_partial,3024,4032,3024,4032,3261499,7d7dce00d7a9a7cc37d6958e4c5bda892f29bfcd45da75fb362fc60d983fc888,2,ok
279,batch_11/000078.jpg,data/raw/batch_11/000078.jpg,flickr_partial,3024,4032,3024,4032,3276640,03e6000da11e6067aec25548127f8f6eba67ba12cd3d4d99171c9d60a4f1f12e,1,ok
280,batch_11/000079.jpg,data/raw/batch_11/000079.jpg,flickr_partial,4032,3024,4032,3024,3666450,049e68a7d5194a1ec385cc6d8b249b3fc6b916c6805de28b441b97fff5b49579,9,ok
281,batch_11/000080.jpg,data/raw/batch_11/000080.jpg,flickr_partial,3024,4032,3024,4032,2223065,2edafba7cfaa5fe797662e9536109874fb77feca6d8232173a29bb9f4e7f9f29,2,ok
282,batch_11/000081.jpg,data/raw/batch_11/000081.jpg,flickr_partial,3024,4032,3024,4032,2069026,16c10615f71d41107ff92ad832545b815c00692b39f9cbd9d076f9c9c08f4866,1,ok
283,batch_11/000082.jpg,data/raw/batch_11/000082.jpg,flickr_partial,3024,4032,3024,4032,3258627,6aca0a88effbef0899716fd851578b0be639cd880fb2cece6966389a691279c1,3,ok
284,batch_11/000083.jpg,data/raw/batch_11/000083.jpg,flickr_partial,3024,4032,3024,4032,2836389,2b07f515b81dcd741b6ad0f9faed20abc5cb595452bfc51d94d2a5b88d956ef9,1,ok
285,batch_11/000084.jpg,data/raw/batch_11/000084.jpg,flickr_partial,3024,4032,3024,4032,1966500,56f8293310aa4cd571790d96c5d92a6784602fb528b0b76cf2127163251eb19f,1,ok
286,batch_11/000085.jpg,data/raw/batch_11/000085.jpg,flickr_partial,3024,4032,3024,4032,431905,1c93e1a9c87215e58fa6a54793f5bf45732b533e7c71f69bc7fda67cb5d4bbf6,1,ok
287,batch_11/000086.jpg,data/raw/batch_11/000086.jpg,flickr_partial,3024,4032,3024,4032,1066883,441f19754aa27d7c1516437903f9e26f8df263fed892c3056fe83af49921772b,1,ok
288,batch_11/000087.jpg,data/raw/batch_11/000087.jpg,flickr_partial,3024,4032,3024,4032,4316644,5dc89ed5939bf3ffaaf4854d9ca804f65ea7dcc87720f30f661f7ec22467897f,1,ok
289,batch_11/000088.jpg,data/raw/batch_11/000088.jpg,flickr_partial,3120,4160,3120,4160,2424969,89952db8119e62c18f8a2e1f38214274eb68cd0735c1c588bb7a02f3a1930a16,3,ok
290,batch_11/000089.jpg,data/raw/batch_11/000089.jpg,flickr_partial,2448,3264,2448,3264,3849221,e9d1f8d4e6856d40302acdbd16716e7659c051e0c641641d465c361baee90a50,1,ok
291,batch_11/000090.jpg,data/raw/batch_11/000090.jpg,flickr_partial,3264,2448,3264,2448,2309391,af3bc3b2e33021f5e8cdc1811a6d1cd393faa453be7c4f013b722b81f4a122a7,2,ok
292,batch_11/000091.jpg,data/raw/batch_11/000091.jpg,flickr_partial,2448,3264,2448,3264,3665678,362073a8949afd40b46d64a1f23f3fd3316a169c932bb387c23031e31f460e86,1,ok
293,batch_11/000092.jpg,data/raw/batch_11/000092.jpg,flickr_partial,3264,2448,3264,2448,2673593,83570496b62769b0380a7f2c90d3bda90c302268527f281d07500845564ace61,2,ok
294,batch_11/000093.jpg,data/raw/batch_11/000093.jpg,flickr_partial,3264,2448,3264,2448,2840453,525a67224eb967a75a4cd72342f7923ebb4430e6385bbc83d77e4ae4d551067c,1,ok
295,batch_11/000094.jpg,data/raw/batch_11/000094.jpg,flickr_partial,2988,5312,2988,5312,7467969,8841dbe72434260c7270f90802e87c4961f5fd552fae6cb0f2287ebcac4a3a60,2,ok
296,batch_11/000095.jpg,data/raw/batch_11/000095.jpg,flickr_partial,2988,5312,2988,5312,5172322,27fc10c10d3b539141aaf0645f4610ee48a54dee63eadfe2f7263bd5d88f2d3a,8,ok
297,batch_11/000096.jpg,data/raw/batch_11/000096.jpg,flickr_partial,2988,5312,2988,5312,5289760,175ff30c3d318dcc15214419a47ee5ab4e36e70af7d6907743b00ef4d388d0d5,4,ok
298,batch_11/000097.jpg,data/raw/batch_11/000097.jpg,flickr_partial,2988,5312,2988,5312,4825628,dfb521b60d4ad8af5c9a4421382e9794375ad2950e2e2c821f6acc16e934be1f,12,ok
299,batch_11/000098.jpg,data/raw/batch_11/000098.jpg,flickr_partial,2988,5312,2988,5312,7080361,cb498429706c667b93b3ae14757eb64faa6348fe3f060d95b0662fd7a3aec15e,2,ok
300,batch_11/000099.jpg,data/raw/batch_11/000099.jpg,flickr_partial,2988,5312,2988,5312,6613221,5ae4956a00b76eb619e1f1c7a9828414df0f11180f7a4ba4a87aa5d648b1ad79,2,ok
301,batch_12/000000.jpg,data/raw/batch_12/000000.jpg,flickr_partial,2988,5312,2988,5312,6609453,5e28562c2bf09376cb00363686f42d38a78d467d68eb2c74df409540d3ab50cd,6,ok
302,batch_12/000001.jpg,data/raw/batch_12/000001.jpg,flickr_partial,2988,5312,2988,5312,5990500,ecbdad5b1d0a05f750ad6fc0d83777b1cbf1a51148abf2057b1bcabea1dd6885,2,ok
303,batch_12/000002.jpg,data/raw/batch_12/000002.jpg,flickr_partial,2988,5312,2988,5312,8172203,7308280fcbc44930f5e71a11060fd722680316f4068bde9c30ce92ec9aa0f0f3,1,ok
304,batch_12/000003.jpg,data/raw/batch_12/000003.jpg,flickr_partial,2988,5312,2988,5312,5767157,c98ad9b4a9fcefdf711f55077d2fa6efd3600cea56e9d235799d60a9ef9c2e9e,1,ok
305,batch_12/000004.jpg,data/raw/batch_12/000004.jpg,flickr_partial,4160,2340,4160,2340,660265,61dfc620e46d4bc354b450103726ea4dd90cd184f878481f33212c1a77dd948d,2,ok
306,batch_12/000005.jpg,data/raw/batch_12/000005.jpg,flickr_partial,4160,2340,4160,2340,1180888,4e39f38d58da0eae35b385dcfbf55985dc218e30f1641ae390721f770274b650,1,ok
307,batch_12/000006.jpg,data/raw/batch_12/000006.jpg,flickr_partial,1836,3264,1836,3264,2714981,f4c3c24f4888c8daa2067f99324a1cfb0f56682a36528c9a74913893ecdcd0b5,1,ok
308,batch_12/000007.jpg,data/raw/batch_12/000007.jpg,flickr_partial,2988,5312,2988,5312,4551517,abb633172c6facb3488e77e0fde94305293b551b9522cd2263cfb47f84b00534,2,ok
309,batch_12/000008.jpg,data/raw/batch_12/000008.jpg,flickr_partial,2988,5312,2988,5312,5504828,4e5a913a7ac024b27940c3f58d8c38414ce51bf0dd243a492576e67974edc635,1,ok
310,batch_12/000009.jpg,data/raw/batch_12/000009.jpg,flickr_partial,2988,5312,2988,5312,4498885,c4723d202899fa96cc4c9d47da81b149904b36601d4348536331232810a71ba2,3,ok
311,batch_12/000010.jpg,data/raw/batch_12/000010.jpg,flickr_partial,2988,5312,2988,5312,5252002,a36a1e0a1e243a3bb7b64932799e3e6581036e5d1e6148a04837a812974f1dc0,5,ok
312,batch_12/000011.jpg,data/raw/batch_12/000011.jpg,flickr_partial,2988,5312,2988,5312,4864724,5af5b1a80f87bbfd08412946bf5ce6816cbc003df4a827d82855ec069d3ee240,1,ok
313,batch_12/000012.jpg,data/raw/batch_12/000012.jpg,flickr_partial,2988,5312,2988,5312,4428655,b8f6b4dca6c16819d2a0f7dc263a239f32702b6aef0c1ea075f69425126cca3a,1,ok
314,batch_12/000013.jpg,data/raw/batch_12/000013.jpg,flickr_partial,5312,2988,5312,2988,7499276,c67f8c9ec07b8bd308a948e5ea927f9e8364f2361f48ecc1e9f86c0f07566031,2,ok
315,batch_12/000014.jpg,data/raw/batch_12/000014.jpg,flickr_partial,2988,5312,2988,5312,4948322,c02f5f502b15689f5d35db778a167288e7155b47e9a212b0f1ef018c418643b7,1,ok
316,batch_12/000015.jpg,data/raw/batch_12/000015.jpg,flickr_partial,4160,2340,4160,2340,2115248,dadf8b69d5769c070a440dc0d99b550a1a48bd6d92faacf0793b72dc8472413a,3,ok
317,batch_12/000016.jpg,data/raw/batch_12/000016.jpg,flickr_partial,4160,2340,4160,2340,748333,6d8161d0d2f546693e57c2efa646295ae14d37f0c6fa444daacbc2bbd51103fe,1,ok
318,batch_12/000017.jpg,data/raw/batch_12/000017.jpg,flickr_partial,2988,5312,2988,5312,11241883,69d815abe87122e5825c7ded831a944fa6a055c89a37f048b12083aab6e656c7,3,ok
319,batch_12/000018.jpg,data/raw/batch_12/000018.jpg,flickr_partial,2988,5312,2988,5312,11520174,10676ca58e8d38a8a59cbec6e02e4e06b6d109514b206e69f4464cfdd06819a6,1,ok
320,batch_12/000019.jpg,data/raw/batch_12/000019.jpg,flickr_partial,2988,5312,2988,5312,10874087,9468e8ff7a36878df6b017360a6256fed1d395b21fbdb304dbec5a3e7dc1913d,8,ok
321,batch_12/000020.jpg,data/raw/batch_12/000020.jpg,flickr_partial,2988,5312,2988,5312,10718867,58bd4e0c8b0dff98bce7fb6fd9f78e31db49f9d23d4ccd156a10744118ed2c6b,3,ok
322,batch_12/000021.jpg,data/raw/batch_12/000021.jpg,flickr_partial,2988,5312,2988,5312,9011336,7eb6894c5f06f8873cbde17fbdc6bc35375964393cfeff73ac3f531fdabe554a,2,ok
323,batch_12/000022.jpg,data/raw/batch_12/000022.jpg,flickr_partial,2988,5312,2988,5312,4752192,cce72557a98aaaca60a44c1e54e7f342080ef98945f67d6752e161b78ae9f44d,1,ok
324,batch_12/000023.jpg,data/raw/batch_12/000023.jpg,flickr_partial,2988,5312,2988,5312,6534830,ec877f863dbc385a17496b42a858c2e112ab6667d4b2cec277b04f992aff2bd9,3,ok
325,batch_12/000024.jpg,data/raw/batch_12/000024.jpg,flickr_partial,2988,5312,2988,5312,8137377,2de72569df4cbe173e78a00670806983632a576c3e772e0ddbaab67b33d3068c,25,ok
326,batch_12/000025.jpg,data/raw/batch_12/000025.jpg,flickr_partial,2988,5312,2988,5312,5867501,6e63ec3de5aec80c56f3689e00ab9cd9a97f64b8ca3be5415d4504648dcc0dc6,27,ok
327,batch_12/000026.jpg,data/raw/batch_12/000026.jpg,flickr_partial,2988,5312,2988,5312,6854972,b79d0694816d1f230390c7f1f46266260c6a238de4ea6ba1c244972b9c19c8d9,24,ok
328,batch_12/000027.jpg,data/raw/batch_12/000027.jpg,flickr_partial,2988,5312,2988,5312,6793765,6dc66979e95d6adaff10b83d0183d54aaf79e2c47b00523ec461090139d5047c,3,ok
329,batch_12/000028.jpg,data/raw/batch_12/000028.jpg,flickr_partial,2988,5312,2988,5312,7223908,8ff117bd393b988287cf49fc588187bead06eb446b3069146295a5ccd4189b78,10,ok
330,batch_12/000029.jpg,data/raw/batch_12/000029.jpg,flickr_partial,2988,5312,2988,5312,8009362,9d8eb60c4962fd94e6fbef0489e25a941b84ba8b03eac16afc7533aaf7a16dfd,8,ok
331,batch_12/000030.jpg,data/raw/batch_12/000030.jpg,flickr_partial,2988,5312,2988,5312,7965218,2003b5e67425a5314cb9119506aa2f23246d69b39599405ea7b76afb565af104,5,ok
332,batch_12/000031.jpg,data/raw/batch_12/000031.jpg,flickr_partial,2988,5312,2988,5312,7900941,784db0c51ac8fe2d4a925ca127569a42d72a36d950f309fb183b203de0ab9b2c,10,ok
333,batch_12/000032.jpg,data/raw/batch_12/000032.jpg,flickr_partial,2988,5312,2988,5312,7593176,1a6999af107e15328e3dd61c7e059eb46e0f70e70e86424a088133a44289ecf9,2,ok
334,batch_12/000033.jpg,data/raw/batch_12/000033.jpg,flickr_partial,2988,5312,2988,5312,5513781,9fdca9898bd0b349bbe4d1f0ecb24217c099f81330c16d8a65b7b343340f6c08,7,ok
335,batch_12/000034.jpg,data/raw/batch_12/000034.jpg,flickr_partial,2988,5312,2988,5312,6583063,67765bf9a285bac41bd3e396c54033316b5c3bea8d6e2fef73e3e2182ed500e4,7,ok
336,batch_12/000035.jpg,data/raw/batch_12/000035.jpg,flickr_partial,2988,5312,2988,5312,6854415,986baaccb45926e40e93c6a0f47fe111c6b948ded60dc6bd47b2e55315e5b728,4,ok
337,batch_12/000036.jpg,data/raw/batch_12/000036.jpg,flickr_partial,2448,3264,2448,3264,4385567,5785624ed8fbbac527a9508d100ba9ee126592d3f01e0ca1ded8e88a620da2ed,1,ok
338,batch_12/000037.jpg,data/raw/batch_12/000037.jpg,flickr_partial,3024,4032,3024,4032,7047620,82839ccccf3b631d7c1a9da28f8881d3e42d5782f327d92b3dd0fda3eb041477,5,ok
339,batch_12/000038.jpg,data/raw/batch_12/000038.jpg,flickr_partial,3096,4128,3096,4128,5314500,b1311a077c8242cfcc630817c60d9ccb80ebf948c3dbc7ddf91a1835838c54c8,6,ok
340,batch_12/000039.jpg,data/raw/batch_12/000039.jpg,flickr_partial,2988,5312,2988,5312,5918447,455757c3c406e75d6570fc8b825b91efed9b79010f82895277206c0164bdd79d,3,ok
341,batch_12/000040.jpg,data/raw/batch_12/000040.jpg,flickr_partial,2988,5312,2988,5312,4572241,0ae88e674d23ae3ba01f035f081bac95b0b2f6ff8ae2b7ad39f679f9c30ae993,1,ok
342,batch_12/000041.jpg,data/raw/batch_12/000041.jpg,flickr_partial,2988,5312,2988,5312,4505639,2ac743a2e2bcceb5b8dc99bb2c31a92b096d12328d80812ca107afe212262796,2,ok
343,batch_12/000042.jpg,data/raw/batch_12/000042.jpg,flickr_partial,2988,5312,2988,5312,5063370,3870543e01351e2bbcfec234921d5afb842417f4b4c44873a29238787aa6edb9,1,ok
344,batch_12/000043.jpg,data/raw/batch_12/000043.jpg,flickr_partial,4160,3120,4160,3120,7061477,89bf9df1395123fc421ac70cd43208a40d64f91a5f4b73faa4ab3a325e4c7ba6,8,ok
345,batch_12/000044.jpg,data/raw/batch_12/000044.jpg,flickr_partial,3024,4032,3024,4032,5347808,01aa2bdc09dc0e4d55a90ec8c6a5b37eff21fa3119da75632cfe3876e2588c87,1,ok
346,batch_12/000045.jpg,data/raw/batch_12/000045.jpg,flickr_partial,2976,3968,2976,3968,3804242,4d03e498a8ebc95de5c14fbbfaf1afc5c57e54131ff83da087ab90d515e763e3,1,ok
347,batch_12/000046.jpg,data/raw/batch_12/000046.jpg,flickr_partial,2976,3968,2976,3968,6112514,18630757c3167dffc0a7c24d36f920b0c645ff5be3d1f90b2fe9f2b9d4e37b5b,9,ok
348,batch_12/000047.jpg,data/raw/batch_12/000047.jpg,flickr_partial,2976,3968,2976,3968,3956360,6d3cc8a8d7fb4a32cf0ce733d8621628da87dc5bf1dd15eeed46323d807456cb,11,ok
349,batch_12/000048.jpg,data/raw/batch_12/000048.jpg,flickr_partial,2976,3968,2976,3968,4362163,a2a6cf048961908564a659e9809c0b7c4c3fa4dbf6a261ca0f9782ffd02f4085,2,ok
350,batch_12/000049.jpg,data/raw/batch_12/000049.jpg,flickr_partial,2976,3968,2976,3968,5039495,c15f887ac13cdea4c2cc6e0430938cb65a6743d16f5b14a315c79d59e38d40da,2,ok
351,batch_12/000050.jpg,data/raw/batch_12/000050.jpg,flickr_partial,2976,3968,2976,3968,6365488,9032d5a6d32cc7672c7ba4d66ec18f4707ec602106d71a47b8f7689d32fa194c,16,ok
352,batch_12/000051.jpg,data/raw/batch_12/000051.jpg,flickr_partial,3968,2976,3968,2976,7242855,21550f9c223be650c33a9c7af177c829014392d9b6c1a85f148572f9f0c3b06d,17,ok
353,batch_12/000052.jpg,data/raw/batch_12/000052.jpg,flickr_partial,2988,5312,2988,5312,5933872,de29d1732664729099f78074ce2d945c93f8dfbf133f9833b5bebe618fe498ed,1,ok
354,batch_12/000053.jpg,data/raw/batch_12/000053.jpg,flickr_partial,2988,5312,2988,5312,6971133,94212df4652dd96cfcdc6c21b4d41af68c183a5e0797bc9e17d91dd9b0c28dbf,1,ok
355,batch_12/000054.jpg,data/raw/batch_12/000054.jpg,flickr_partial,2988,5312,2988,5312,5244210,96f9f50030396b62939879e4758bc79883859f913a8764cebd924fa5e620181a,1,ok
356,batch_12/000055.jpg,data/raw/batch_12/000055.jpg,flickr_partial,3120,4160,3120,4160,2432548,3b92f171ffc8c1786da19ed92e2e558ad5960ee2de9fade3267d5511ba575684,3,ok
357,batch_12/000056.jpg,data/raw/batch_12/000056.jpg,flickr_partial,4160,3120,4160,3120,2584730,bccfd04d8bbd9640893a68eb54632bfb3b63892e913e7ecf0d6bf7e8189c8ffd,1,ok
358,batch_12/000057.jpg,data/raw/batch_12/000057.jpg,flickr_partial,3120,4160,3120,4160,4279330,c392a94f7674ee7e7219bbe212f5c94a144c4245e4d1945573e09be65c3c55d0,9,ok
359,batch_12/000058.jpg,data/raw/batch_12/000058.jpg,flickr_partial,3024,4032,3024,4032,4122421,5ee2c24ae6b597dc3f06ce72a94685f02f264bfd2e1c422e175de869043d99ff,7,ok
360,batch_12/000059.jpg,data/raw/batch_12/000059.jpg,flickr_partial,3024,4032,3024,4032,2413040,019aa9adf7980581eb6ff568961f9301bb32fbd746a563da00bb5cd8566c9ea3,6,ok
361,batch_12/000060.jpg,data/raw/batch_12/000060.jpg,flickr_partial,4560,2160,4560,2160,3909505,794550a21296acda49d0632f926a1c4379d36ed160f82400a2b787e532191b41,1,ok
362,batch_12/000061.jpg,data/raw/batch_12/000061.jpg,flickr_partial,3000,4000,3000,4000,3292224,3a8d98b192a8ca1560f6dfe693cae086ba9f07fde82384e88ab0f8a9725f0f84,38,ok
363,batch_12/000062.jpg,data/raw/batch_12/000062.jpg,flickr_partial,4000,3000,4000,3000,3580565,e097eb4325d90bd9c9dafb6efda6f63111ea6bbb690c6cc3e0b8bf8782bae827,37,ok
364,batch_12/000063.jpg,data/raw/batch_12/000063.jpg,flickr_partial,2368,4208,2368,4208,1546962,288c9606fcbf2c3e85cc0b116808858ea421951d32e0b245a4a3bdda53ffb06c,2,ok
365,batch_12/000064.jpg,data/raw/batch_12/000064.jpg,flickr_partial,2368,4208,2368,4208,1419444,e3d11fbf11a55557ad8afa5915601208ac11558b2a011dcc50e49ab9c8767de6,1,ok
366,batch_12/000065.jpg,data/raw/batch_12/000065.jpg,flickr_partial,2368,4208,2368,4208,1335502,7f82c1a66b388c33c044a6ba13613d55699287654ef4ca815f391c90c5a1d562,1,ok
367,batch_12/000066.jpg,data/raw/batch_12/000066.jpg,flickr_partial,4208,2368,4208,2368,3013554,fccaa8f3e8d699ae092c81db09a8492a0afd453d0e7f84b6f894eeb2e2c16b2a,4,ok
368,batch_12/000067.jpg,data/raw/batch_12/000067.jpg,flickr_partial,2368,4208,2368,4208,2358354,92ce630c0a426a53e2e9d9b1843e580016318706f6e84951eba78858adddd46b,2,ok
369,batch_12/000068.jpg,data/raw/batch_12/000068.jpg,flickr_partial,2368,4208,2368,4208,7871549,3dd60d117ea77dc5d6662787e11a292f100522b1ef54a647a24469179c30f16f,1,ok
370,batch_12/000069.jpg,data/raw/batch_12/000069.jpg,flickr_partial,2368,4208,2368,4208,2338728,0f68ccbae72a94d3df24cb48cab479700a46fcf99cded50954094055653d3a69,1,ok
371,batch_12/000070.jpg,data/raw/batch_12/000070.jpg,flickr_partial,2368,4208,2368,4208,1658195,78aed6f9bdcee7d3157af535c5d45f3d9f2f9eb7aca3101d26eb5e11c6df1bc5,1,ok
372,batch_12/000071.jpg,data/raw/batch_12/000071.jpg,flickr_partial,1512,2016,1512,2016,1101034,280ed2541b92e72b598352753033d80a0046e5724ca1b5d5074162ad31b052c4,1,ok
373,batch_12/000072.jpg,data/raw/batch_12/000072.jpg,flickr_partial,3120,4160,3120,4160,4776437,06d1ade3a31d0d2eb50f83daca4dd50ab3fd02f1e63a7299f10aae66e07d4ea5,1,ok
374,batch_12/000073.jpg,data/raw/batch_12/000073.jpg,flickr_partial,3120,4160,3120,4160,5199989,9d782db717400c9008cb32501ae65cb867ddeaf71f52d4a28f281b9a78221c18,1,ok
375,batch_12/000074.jpg,data/raw/batch_12/000074.jpg,flickr_partial,3120,4160,3120,4160,6792481,9877efd1ff02523e486d1359cf2be0877611af7994f3d472e120044615fe27dc,9,ok
376,batch_12/000075.jpg,data/raw/batch_12/000075.jpg,flickr_partial,4160,3120,4160,3120,7206821,a5fe901f25f1d54f0e0053293c4ed82dcaa92aa888ac281460586e25860180d4,2,ok
377,batch_12/000076.jpg,data/raw/batch_12/000076.jpg,flickr_partial,4160,3120,4160,3120,4851155,69c5de93e7dc77ea7a53959207290e26caba9e3da25b7b5017a5821697a1dc87,1,ok
378,batch_12/000077.jpg,data/raw/batch_12/000077.jpg,flickr_partial,3120,4160,3120,4160,5892184,3305ec159af54bcb5f66b77db3ea23b8b00405e46e48ef8c1068a2a9493c4a20,2,ok
379,batch_12/000078.jpg,data/raw/batch_12/000078.jpg,flickr_partial,4160,3120,4160,3120,5737599,1f4652542d24211a575b5b34aa3e4fbce7f1009be16c0df2ca7dc51f554aaf71,1,ok
380,batch_12/000079.jpg,data/raw/batch_12/000079.jpg,flickr_partial,3120,4160,3120,4160,7120897,c66d4b8e1a5c6a6dbe7d1d3170e508d33f6f70a87214d3ad2ac712d2174e3d10,2,ok
381,batch_12/000080.jpg,data/raw/batch_12/000080.jpg,flickr_partial,4160,3120,4160,3120,5060320,fa5bc8452f158416be68395f43860ee0653cab4eab531a4b308753981d8f3a77,1,ok
382,batch_12/000081.jpg,data/raw/batch_12/000081.jpg,flickr_partial,4160,3120,4160,3120,5684188,8a7375224f142a4890dfe87e8430046791713cbc11d4ae4c2625ff252ed708ed,1,ok
383,batch_12/000082.jpg,data/raw/batch_12/000082.jpg,flickr_partial,3120,4160,3120,4160,5797432,b9043a85eaa0b30daadf05364c4784f39929427bef8b4f600780a2ce9c50b269,1,ok
384,batch_12/000083.jpg,data/raw/batch_12/000083.jpg,flickr_partial,4160,3120,4160,3120,5659937,5b40e43f47137e62c187927e6e478464b23e235200540a25e03b1997cc38dc05,1,ok
385,batch_12/000084.jpg,data/raw/batch_12/000084.jpg,flickr_partial,4160,3120,4160,3120,6555637,966d97d5adaf3c5a4fef89f7d2ddfd16fcb5620824e3cca8611847c766e631db,10,ok
386,batch_12/000085.jpg,data/raw/batch_12/000085.jpg,flickr_partial,3120,4160,3120,4160,6927747,f9dc2b9db194d4f3c90da72bce7aca6eff79c2368afe50d5b7f8e4a91c5d1da3,12,ok
387,batch_12/000086.jpg,data/raw/batch_12/000086.jpg,flickr_partial,3120,4160,3120,4160,6138264,ab45f5f6fd4b679ef144ab1f35062617cb13caa446b6c01f35e2f1370c24b053,4,ok
388,batch_12/000087.jpg,data/raw/batch_12/000087.jpg,flickr_partial,3120,4160,3120,4160,6940630,0863f152189bc0bc2339d8a97f746561e95d60d031de2e53dbc1bb21bf89fd96,5,ok
389,batch_12/000088.jpg,data/raw/batch_12/000088.jpg,flickr_partial,4160,3120,4160,3120,7736136,6bf5f37ae5af3b06daa8ab6b8068f01d9d73b773d431d0900867555ca369e1fb,15,ok
390,batch_12/000089.jpg,data/raw/batch_12/000089.jpg,flickr_partial,3120,4160,3120,4160,4700114,97aed3232952b5213597f17a95c764862d05101dceff78241716907a123d8148,6,ok
391,batch_12/000090.jpg,data/raw/batch_12/000090.jpg,flickr_partial,4160,3120,4160,3120,8001176,ead5de139cba9f5f2be8de18ccaa1530dc550ce2130d127bfaf66e13a4a85ca0,6,ok
392,batch_12/000091.jpg,data/raw/batch_12/000091.jpg,flickr_partial,4160,3120,4160,3120,4521315,a2a0ef6f7875b8aa54d0b6433b1a9c6b49b25c5ce9d8e5d16b70e54fe23b9c57,11,ok
393,batch_12/000092.jpg,data/raw/batch_12/000092.jpg,flickr_partial,3120,4160,3120,4160,5968518,e0ffde97f15a7a0b58772985a22b75b745bab63ca30b65bda764dfc0d997cdd7,3,ok
394,batch_12/000093.jpg,data/raw/batch_12/000093.jpg,flickr_partial,4160,3120,4160,3120,5398394,4f3f220370b04c1f32d034b21c9d33b246c901467b916c1fa551c71b67266fe2,5,ok
395,batch_12/000094.jpg,data/raw/batch_12/000094.jpg,flickr_partial,3120,4160,3120,4160,5030943,d3101ca04ecee9a3dd1bee6aee4f66eb5e789cc0f7b2df7bbc2767774ef47251,4,ok
396,batch_12/000095.jpg,data/raw/batch_12/000095.jpg,flickr_partial,2368,4208,2368,4208,5737217,e9177a5b6f28bc0a94cb04e0a8e0cbd7b3e29f9c37a547932ceb7234da780d45,3,ok
397,batch_12/000096.jpg,data/raw/batch_12/000096.jpg,flickr_partial,3120,4160,3120,4160,5272141,08e86fab01d31d23fd49cbef8df7048dd324c041dfed206b4fa17cde48603d46,1,ok
398,batch_12/000097.jpg,data/raw/batch_12/000097.jpg,flickr_partial,3120,4160,3120,4160,7713096,ce7c689467096c2e315e583d4b7cc4258ce01c19f49d4d9acbf25d0aa4a4fbfe,3,ok
399,batch_12/000098.jpg,data/raw/batch_12/000098.jpg,flickr_partial,4160,3120,4160,3120,3586246,fb42f20d63509fa4484abe18434454b04cf7480122dd2a4191760073afdefbe6,1,ok
400,batch_12/000099.jpg,data/raw/batch_12/000099.jpg,flickr_partial,4160,3120,4160,3120,4014266,34523e96ca5a416e83a6d42f9df9ccfaf15f11b4e64a871281fc02968298bec0,1,ok
401,batch_13/000000.jpg,data/raw/batch_13/000000.jpg,flickr_partial,4160,3120,4160,3120,3727183,69d9ad5a8aa041dafe03e80126ce9a08af3e051b506ddbfcef0bf1c96440dda8,1,ok
402,batch_13/000001.jpg,data/raw/batch_13/000001.jpg,flickr_partial,3120,4160,3120,4160,5756510,33c0129338dab7f2c3ebc28f3aaf663dd3b3404fd6170dad471d0c36e999af28,1,ok
403,batch_13/000002.jpg,data/raw/batch_13/000002.jpg,flickr_partial,4160,3120,4160,3120,3832474,7a425a6c34329cb1f9776e43783a84c732e2dafc405fe6aa9a508637c7020377,1,ok
404,batch_13/000003.jpg,data/raw/batch_13/000003.jpg,flickr_partial,3120,4160,3120,4160,7368481,16633fd4ca7f36efae3273661f0ddda1cba4c764bff1885d9a3bb2c6bc077cc1,4,ok
405,batch_13/000004.jpg,data/raw/batch_13/000004.jpg,flickr_partial,3120,4160,3120,4160,5688546,34882ec9d3fe5eb7baf316de206d59d6387a23a18ab2e8701f92027c9d6dffff,3,ok
406,batch_13/000005.jpg,data/raw/batch_13/000005.jpg,flickr_partial,3120,4160,3120,4160,6347972,8fced5b4038e0b97576760ba81058244b39d80b8f8b707a718b2b63b349303fe,5,ok
407,batch_13/000006.jpg,data/raw/batch_13/000006.jpg,flickr_partial,3120,4160,3120,4160,2034396,90eba302c2b0dd888f38c3ff2e93fa5fe35f0600c223381a59c7bf1aba35e7e6,1,ok
408,batch_13/000007.jpg,data/raw/batch_13/000007.jpg,flickr_partial,4160,3120,4160,3120,6429193,e2a0e200a98c6b57444eb7719cf41554402e59ec362a00acba80ee3e1a344a3b,2,ok
409,batch_13/000008.jpg,data/raw/batch_13/000008.jpg,flickr_partial,4160,3120,4160,3120,5772861,48126bde8f7e8b6551b81df2256ea9ce59e8ca908d7b6173ca5c87eb0c2a961a,4,ok
410,batch_13/000009.jpg,data/raw/batch_13/000009.jpg,flickr_partial,4160,3120,4160,3120,6529371,36d9a6055663d39078f4892b3813d4520f30526d6a69645f53ed5a0724bbd8ad,6,ok
411,batch_13/000010.jpg,data/raw/batch_13/000010.jpg,flickr_partial,4160,3120,4160,3120,5854993,2e703fb60ae3800d868c48e700fa6f249ff443811027e3725c8e2ab5da69015c,4,ok
412,batch_13/000011.jpg,data/raw/batch_13/000011.jpg,flickr_partial,4160,3120,4160,3120,3550199,aa9d2fa2abc3483774e966d567ff8999c2f690f97a62698321b10c6f0f468657,1,ok
413,batch_13/000012.jpg,data/raw/batch_13/000012.jpg,flickr_partial,4160,3120,4160,3120,5729581,de80300bebbae57c278c8aca54bb34668579422a63faea45959e5d3173a378b8,1,ok
414,batch_13/000013.jpg,data/raw/batch_13/000013.jpg,flickr_partial,4208,2368,4208,2368,2559269,8abc3fd232e0b894b784162b5ee3ef832fb2b1d108ccfe72193535f1b5a09f7f,7,ok
415,batch_13/000014.jpg,data/raw/batch_13/000014.jpg,flickr_partial,2368,4208,2368,4208,1953795,4cf90708e216703e897648a393c4048067a8f0849bd1b8a716ca72dc1059ad66,7,ok
416,batch_13/000015.jpg,data/raw/batch_13/000015.jpg,flickr_partial,3120,4160,3120,4160,3604432,39d2aabd3db0a510854782b4471d61a074a0c7489781a15543c2a9e285c13fe2,5,ok
417,batch_13/000016.jpg,data/raw/batch_13/000016.jpg,flickr_partial,3120,4160,3120,4160,7136227,f8d9c5248f022bb9782b376c3aec4dee9c032654b445b1e688d11bf49fb7c133,3,ok
418,batch_13/000017.jpg,data/raw/batch_13/000017.jpg,flickr_partial,3120,4160,3120,4160,6284797,fb77984137776383d6b18c67ef81c199fa6f3c975af5f5d593e949b7fca2bb57,1,ok
419,batch_13/000018.jpg,data/raw/batch_13/000018.jpg,flickr_partial,3120,4160,3120,4160,5500818,22597da98b240d494131609c2fa4a2a74496f39eb9059167ff536560e4e4d43d,1,ok
420,batch_13/000019.jpg,data/raw/batch_13/000019.jpg,flickr_partial,3120,4160,3120,4160,6826288,1262ae806a3a1d2b471f34ad1614401b7b8cde564805b31db393505bb48fdec0,8,ok
421,batch_13/000020.jpg,data/raw/batch_13/000020.jpg,flickr_partial,4208,2368,4208,2368,8556432,367995c8284f592f2e8dd7ec4c8be9f8ac4b4cbfd1515431ef5d9a1670d0ee95,3,ok
422,batch_13/000021.jpg,data/raw/batch_13/000021.jpg,flickr_partial,4208,2368,4208,2368,10626983,c267cb1bb8962fba075ddbff631eb4eeec193f99978feb16ee39cfa17edba7ce,1,ok
423,batch_13/000022.jpg,data/raw/batch_13/000022.jpg,flickr_partial,4160,3120,4160,3120,4009053,634ec60b7ec589688623e9028aadf43dc77be58dc15eb7e546db2e3e2a9070fe,8,ok
424,batch_13/000023.jpg,data/raw/batch_13/000023.jpg,flickr_partial,4208,2368,4208,2368,1730808,145c7d86432509f6c573ee28a96a55bf0fc70118564c44e75ad77985a1103596,1,ok
425,batch_13/000024.jpg,data/raw/batch_13/000024.jpg,flickr_partial,4160,3120,4160,3120,8999542,e61d20affd9182e2ae054db37d1948bced0d81a657ddb986bbe587491e646234,1,ok
426,batch_13/000025.jpg,data/raw/batch_13/000025.jpg,flickr_partial,3120,4160,3120,4160,6659301,b942a5f0313a749ca07226cded5608a605e782f0506fb64bf6e61e8142950d13,37,ok
427,batch_13/000026.jpg,data/raw/batch_13/000026.jpg,flickr_partial,3120,4160,3120,4160,5276515,0860cef4b077fcb831b4b48093e9463cfb9946b0d6af4a28ab2c49a4d01b9f56,3,ok
428,batch_13/000027.jpg,data/raw/batch_13/000027.jpg,flickr_partial,3120,4160,3120,4160,3874658,e15d156dab84ef403a012cf8414be93d3bd0fdd787d60c629ba9ccfd1721f2e5,2,ok
429,batch_13/000028.jpg,data/raw/batch_13/000028.jpg,flickr_partial,3120,4160,3120,4160,5658939,d2b71a0bf061d60714378b016aad3884417aab7827c03bd613e387dcf3c057ca,2,ok
430,batch_13/000029.jpg,data/raw/batch_13/000029.jpg,flickr_partial,3120,4160,3120,4160,6632345,3f433900f2c84ffa5581971eea0eb5bca01313f8bac3ae7483350a03b40ff4a0,1,ok
431,batch_13/000030.jpg,data/raw/batch_13/000030.jpg,flickr_partial,3120,4160,3120,4160,4854322,30f76c9e6617d863369208792e38a16de84a545ab8a136a463a0f858664908ea,1,ok
432,batch_13/000031.jpg,data/raw/batch_13/000031.jpg,flickr_partial,3120,4160,3120,4160,4895260,6eea65ac31eac90bfb37116bb5748b89e688765efc421c87c00dd061ba4be28a,3,ok
433,batch_13/000032.jpg,data/raw/batch_13/000032.jpg,flickr_partial,3120,4160,3120,4160,5111319,35c1ca734bf5307ec4740aa76958a22078579f85fb50cc181e17751e0f7708fa,1,ok
434,batch_13/000033.jpg,data/raw/batch_13/000033.jpg,flickr_partial,3120,4160,3120,4160,3938845,2fe3a090c6ac1016ce42248911eea6abb456e3bfc47f92a7b65d0c30d1b58c31,1,ok
435,batch_13/000034.jpg,data/raw/batch_13/000034.jpg,flickr_partial,3120,4160,3120,4160,6457244,651a70e1f3f3f656a8481540a7a189ed9c6487dd75ab802f1f0222e86fb7eb6a,2,ok
436,batch_13/000035.jpg,data/raw/batch_13/000035.jpg,flickr_partial,4160,3120,4160,3120,3719040,230d909847468edb9198e36e985edd51d494a8a6bc86db7d8223c2066098d5e4,2,ok
437,batch_13/000036.jpg,data/raw/batch_13/000036.jpg,flickr_partial,4160,3120,4160,3120,7455869,7ba76f6535b67d8e695917a1a94185c2e76f03fa2a580ac77cd9aa9736aa9928,3,ok
438,batch_13/000037.jpg,data/raw/batch_13/000037.jpg,flickr_partial,3120,4160,3120,4160,5260370,bb43461743d3e1a8025b7ef4d65463dcb6fc710d4134012120c50e636e7b173a,1,ok
439,batch_13/000038.jpg,data/raw/batch_13/000038.jpg,flickr_partial,3120,4160,3120,4160,7158653,11dff8bd31d018a8e2861bd476059ac2e7911647fd26d5009900690a05cd1119,1,ok
440,batch_13/000039.jpg,data/raw/batch_13/000039.jpg,flickr_partial,3120,4160,3120,4160,7640187,2eea90d4de3066c23ca4f76bcd77aefae0a18d29419b73ca778a8c3bb36a43c2,2,ok
441,batch_13/000040.jpg,data/raw/batch_13/000040.jpg,flickr_partial,3120,4160,3120,4160,6206556,e6782c9750f4dcf06b1f36c16fce91c3343bdd3ab787512d3a2fbb2b53288120,1,ok
442,batch_13/000041.jpg,data/raw/batch_13/000041.jpg,flickr_partial,3120,4160,3120,4160,6577484,6265c23325c7a53f2e35e902ea7531752c99dd609434f8ab331aeb709775f9e5,2,ok
443,batch_13/000042.jpg,data/raw/batch_13/000042.jpg,flickr_partial,3120,4160,3120,4160,7716106,095880050b05c63c2f8054513c6cf5b85859babc162c7d0b348910fe250715e1,1,ok
444,batch_13/000043.jpg,data/raw/batch_13/000043.jpg,flickr_partial,3120,4160,3120,4160,3276289,a2a54ff35cb266244083ba27e276ea0006c91e354c8c0e41f5cb550653e2f4e8,2,ok
445,batch_13/000044.jpg,data/raw/batch_13/000044.jpg,flickr_partial,4160,3120,4160,3120,8475668,1636b63028b30f8782e09d151e372ea8b8e0363f5184d47f3aeef95c6cd8129f,3,ok
446,batch_13/000045.jpg,data/raw/batch_13/000045.jpg,flickr_partial,3120,4160,3120,4160,6290492,7074c46d4346172879cb878d22fe265c56af47aa03e2b20bf5bd94986f1f83e5,4,ok
447,batch_13/000046.jpg,data/raw/batch_13/000046.jpg,flickr_partial,4160,3120,4160,3120,7005891,4675656e41a77adf4baa98fe15c87ad3e956a465cdf32f7ca2f4d3268ba3aa59,1,ok
448,batch_13/000047.jpg,data/raw/batch_13/000047.jpg,flickr_partial,4160,3120,4160,3120,8935251,708ef94b3d724fd710124a998e6ca44d34c9131cf6315112b844c7ebbd745229,2,ok
449,batch_13/000048.jpg,data/raw/batch_13/000048.jpg,flickr_partial,3120,4160,3120,4160,4314130,b782c5c3d63db8acf5cf5f3f1b3977160888b26acba5aed3849652c53f85677b,1,ok
450,batch_13/000049.jpg,data/raw/batch_13/000049.jpg,flickr_partial,3120,4160,3120,4160,4355602,5b94f4f8ce90f7854b6e93fda6cc66277f5dc9baf24c5f89852073b113206a09,3,ok
451,batch_13/000050.jpg,data/raw/batch_13/000050.jpg,flickr_partial,4160,3120,4160,3120,7224664,62378cd443e92979bf126bbf5a0cbe67cc0efc0298b50f077d9ca2c366310dd1,2,ok
452,batch_13/000051.jpg,data/raw/batch_13/000051.jpg,flickr_partial,4160,3120,4160,3120,3429609,03849458301df7e669bae6583a00f3071654506ef6e3808d942cb9904b8fe82a,1,ok
453,batch_13/000052.jpg,data/raw/batch_13/000052.jpg,flickr_partial,4160,3120,4160,3120,4464063,80a3e411f7fd33044afadb289292a82fa45ee563d9ada4dc592c81b5351fa728,2,ok
454,batch_13/000053.jpg,data/raw/batch_13/000053.jpg,flickr_partial,4160,3120,4160,3120,6231555,b0b00359f379bdeefa6d79b8e18f4793f8e682c5307b26cd75da05c0fda1c365,3,ok
455,batch_13/000054.jpg,data/raw/batch_13/000054.jpg,flickr_partial,4160,3120,4160,3120,3588436,01ab077ed4c469596c9ebc459ac9e4b703ec53147d28a1b8cd52214a8bce631d,20,ok
456,batch_13/000055.jpg,data/raw/batch_13/000055.jpg,flickr_partial,3120,4160,3120,4160,5367799,a0ca2b77106d6591482fbba67704631c73378b102850eaa51c3ffdebab63a307,1,ok
457,batch_13/000056.jpg,data/raw/batch_13/000056.jpg,flickr_partial,3120,4160,3120,4160,4643921,50a05741219c17cdbb535b653c8da26e6eb126c867151e4005ea5bb83b80fff1,8,ok
458,batch_13/000057.jpg,data/raw/batch_13/000057.jpg,flickr_partial,3120,4160,3120,4160,8294149,c392d708b8d133236d8c1672a1cd41b9c6b28b0801a8103efab644bb76e39c2d,1,ok
459,batch_13/000058.jpg,data/raw/batch_13/000058.jpg,flickr_partial,4160,3120,4160,3120,5911282,947f3aa1685759d7ff0f34505001229b96d912315ac53481f8a541b65a114332,1,ok
460,batch_13/000059.jpg,data/raw/batch_13/000059.jpg,flickr_partial,3024,4032,3024,4032,2995823,df9015cfe3429b9d71173374872177933b348cc31fff273f971f5f097981c1a0,11,ok
461,batch_13/000060.jpg,data/raw/batch_13/000060.jpg,flickr_partial,4160,3120,4160,3120,3241139,5a57fd6b3c530b684fa06f7401499fb3d231cb6537edf53d0361b890cb1d7357,1,ok
462,batch_13/000061.jpg,data/raw/batch_13/000061.jpg,flickr_partial,3120,4160,3120,4160,3481826,1797ff7167422e734f0833b72aaace0c504330b2a2d21222607844c1ed434c71,1,ok
463,batch_13/000062.jpg,data/raw/batch_13/000062.jpg,flickr_partial,3120,4160,3120,4160,3420432,6f6912f6d403f8a68b7ba5f35c60efa5522a963ea73fa62041b17a0d310339c1,1,ok
464,batch_13/000063.jpg,data/raw/batch_13/000063.jpg,flickr_partial,3120,4160,3120,4160,1907543,c67fde26aa53592895e915730ffb47fc6adcb9d9054e41bc810d5d04b0c4dfc1,1,ok
465,batch_13/000064.jpg,data/raw/batch_13/000064.jpg,flickr_partial,4160,3120,4160,3120,2250225,c2b0b90decf3d9f439532cc50ef54cea254857d6ccd99c36ac27bb28721b86aa,1,ok
466,batch_13/000065.jpg,data/raw/batch_13/000065.jpg,flickr_partial,3120,4160,3120,4160,952058,80124f14e122f0204a27d5506def83979f0a45e520037b242c62ddf2fe5fb56e,1,ok
467,batch_13/000066.jpg,data/raw/batch_13/000066.jpg,flickr_partial,4160,3120,4160,3120,3078400,db0bf3628b7c27873b906ab7602a8ad673a9db752cc4e0d4b4be7e4afd1eddaa,1,ok
468,batch_13/000067.jpg,data/raw/batch_13/000067.jpg,flickr_partial,4160,3120,4160,3120,1864861,c5638a886ef59f9ddf674842618164ea6585e971cf91f47303ef88818f2f4320,1,ok
469,batch_13/000068.jpg,data/raw/batch_13/000068.jpg,flickr_partial,3120,4160,3120,4160,2254022,1812f2b69565fff148edc3de8323603025de4e152aecaddaec3abc91e239f6b5,1,ok
470,batch_13/000069.jpg,data/raw/batch_13/000069.jpg,flickr_partial,4160,3120,4160,3120,3777456,00a2f125526d7706eac4832996d4e1fcb9742b08ecf307818a8494dd1495965b,1,ok
471,batch_13/000070.jpg,data/raw/batch_13/000070.jpg,flickr_partial,3120,4160,3120,4160,3401882,d1dcfe89c34fd74e4c461ee3a945290cd4c0ca3e1f6b87b8676c3ed5fc7cf220,1,ok
472,batch_13/000071.jpg,data/raw/batch_13/000071.jpg,flickr_partial,3120,4160,3120,4160,2386618,bdbb872f198bc05302fe0142c64863f04f78e1a48fb2d556f03402d277925a5b,1,ok
473,batch_13/000072.jpg,data/raw/batch_13/000072.jpg,flickr_partial,3120,4160,3120,4160,3072433,a669278e1a5df0448edb562191ea32bea04a66eb97793964c618cd77f6204eb5,1,ok
474,batch_13/000073.jpg,data/raw/batch_13/000073.jpg,flickr_partial,4160,3120,4160,3120,3335214,e58f0d11726b6bd067dd04b768e13b0a26ab570168d4f49a4724bad04633252b,1,ok
475,batch_13/000074.jpg,data/raw/batch_13/000074.jpg,flickr_partial,4160,3120,4160,3120,2402252,d7e24c6a25e0266588ff9c7dc3714913712be39660c4b5bf96dbd668640ab10c,1,ok
476,batch_13/000075.jpg,data/raw/batch_13/000075.jpg,flickr_partial,4160,3120,4160,3120,1878399,f8fe5704a7d980c36e7fb014a71283662e884432c34ad76aba8da1ca3f3fbcd9,1,ok
477,batch_13/000076.jpg,data/raw/batch_13/000076.jpg,flickr_partial,3120,4160,3120,4160,1343234,db90284ef8aec9a5996c16a6a7692808f4a19f3024b5de37cb51abe2ff74a17d,1,ok
478,batch_13/000077.jpg,data/raw/batch_13/000077.jpg,flickr_partial,3120,4160,3120,4160,1894178,927c36b2990894a6bffb0e61cb1485327d476098cc5ce05265e116c6652dc057,1,ok
479,batch_13/000078.jpg,data/raw/batch_13/000078.jpg,flickr_partial,3120,4160,3120,4160,3664214,d6d0c34fcb2ebc3df0f54c4adc5ce6e88b4e9cf9379cf74c89c80f1cf1025085,2,ok
480,batch_13/000079.jpg,data/raw/batch_13/000079.jpg,flickr_partial,3120,4160,3120,4160,2070896,c86b7be8a055dce589cf136aa0acfec9c6596a0983fa020907a61101f8202b4a,1,ok
481,batch_13/000080.jpg,data/raw/batch_13/000080.jpg,flickr_partial,3120,4160,3120,4160,2009333,e2adcc360cf0e43b3931a6829aa6e30075979cb9c3b365479d657cd538a7a52f,2,ok
482,batch_13/000081.jpg,data/raw/batch_13/000081.jpg,flickr_partial,3120,4160,3120,4160,3286801,54dd9cd08d00c4391aa9aac67e9d7f8e45d32087ebeb6c2ee1f1e0d46f64782d,1,ok
483,batch_13/000082.jpg,data/raw/batch_13/000082.jpg,flickr_partial,3120,4160,3120,4160,2235692,6533efcdac282543a8fe3e45bc6672310fa6825f9c901b34bcfb7bb7b06a88b7,1,ok
484,batch_13/000083.jpg,data/raw/batch_13/000083.jpg,flickr_partial,4160,3120,4160,3120,2271788,6360fe6424f64e247ef2b2fad17f00c19df53f83f7e13a030dbcd77cae7676ad,4,ok
485,batch_13/000084.jpg,data/raw/batch_13/000084.jpg,flickr_partial,4160,3120,4160,3120,4095886,8ca299683e65cf7cee0d82fd37f7919235aa087b514b416e9d3bfc4114755aa3,9,ok
486,batch_13/000085.jpg,data/raw/batch_13/000085.jpg,flickr_partial,3120,4160,3120,4160,3489262,fcd40fd1adf942c696f2679bfb6781cd0feb2d62bf5bccba7ee839b46ab9c23e,1,ok
487,batch_13/000086.jpg,data/raw/batch_13/000086.jpg,flickr_partial,3120,4160,3120,4160,3151358,3cd62b43bc74dd1491b71fc6b3ae8e1b0afb8357ae7a33d487bb2d990e5196eb,1,ok
488,batch_13/000087.jpg,data/raw/batch_13/000087.jpg,flickr_partial,3120,4160,3120,4160,3967351,36db80adf1be6192f65d25522ad94a7dd0735aeb8b781d3bee6484d93303ab67,3,ok
489,batch_13/000088.jpg,data/raw/batch_13/000088.jpg,flickr_partial,4160,3120,4160,3120,3565848,f06d69f45928d25380959e0c7dafb6f9bd272fa6a1421046c45d28385778fb8d,1,ok
490,batch_13/000089.jpg,data/raw/batch_13/000089.jpg,flickr_partial,3120,4160,3120,4160,3918923,7f5fa9d0a1c3da7c1095c5c520680a64521ec0fe65e71a00dcddac4e7b4351a8,2,ok
491,batch_13/000090.jpg,data/raw/batch_13/000090.jpg,flickr_partial,4160,3120,4160,3120,2084651,af2f70798ce24390c7a1b333ce18e069a52527d152bca0098947da856763e012,2,ok
492,batch_13/000091.jpg,data/raw/batch_13/000091.jpg,flickr_partial,3120,4160,3120,4160,1498494,d39de6bcddf26b0e2ec0f476c41986b3235ebc07d475d9d875d7752d9fb53e09,1,ok
493,batch_13/000092.jpg,data/raw/batch_13/000092.jpg,flickr_partial,3120,4160,3120,4160,1779341,20e9b6312bf6ddd58a0f4eeff1b142ea63c9a21ec633b3a425d282d5d84f0320,2,ok
494,batch_13/000093.jpg,data/raw/batch_13/000093.jpg,flickr_partial,4160,3120,4160,3120,1404254,9a01967753a642bcbe0ba0f800837b2887c3c5167968599ff5c33c34da569791,1,ok
495,batch_13/000094.jpg,data/raw/batch_13/000094.jpg,flickr_partial,4160,3120,4160,3120,1588060,cce62a06e5ff20a648d8c9534d80ca3294374eaef3ab42e0add31abd3ea122f7,2,ok
496,batch_13/000095.jpg,data/raw/batch_13/000095.jpg,flickr_partial,3120,4160,3120,4160,3239124,792e5b81db22f9a65fc65c79026f5829cfa3eb74dafbe8103277a072fd2dd01e,3,ok
497,batch_13/000096.jpg,data/raw/batch_13/000096.jpg,flickr_partial,4160,3120,4160,3120,2495405,6f6e50db92627b72e9047ae22cd336ac68a6fb67825b13430c7e155a59f80439,1,ok
498,batch_13/000097.jpg,data/raw/batch_13/000097.jpg,flickr_partial,4160,3120,4160,3120,2476508,8e59c238a51468a3b4f1f917a1286703b57bcd0fc964542a049639b628b9357b,2,ok
499,batch_13/000098.jpg,data/raw/batch_13/000098.jpg,flickr_partial,4160,3120,4160,3120,2048985,8bb016614640a928519bc1a85c8d6588f42551ab3d294c35f33a6986583b7da7,1,ok
500,batch_13/000099.jpg,data/raw/batch_13/000099.jpg,flickr_partial,4160,3120,4160,3120,1506973,8d2b630739346fba2c9f375dc5d4b9432c229f6464295cc1452033825da7adc4,1,ok
501,batch_14/000000.jpg,data/raw/batch_14/000000.jpg,flickr_partial,4160,3120,4160,3120,757522,e0d2038d3a8bbb3aa5e870876e7dd9886ccf2be3b835ab9fc6f90ef156241649,1,ok
502,batch_14/000001.jpg,data/raw/batch_14/000001.jpg,flickr_partial,4160,3120,4160,3120,3081100,5b8702f26db8b682118c32fa48d335d9dec450827a27f05feaf4afa05103ff7f,1,ok
503,batch_14/000002.jpg,data/raw/batch_14/000002.jpg,flickr_partial,4160,3120,4160,3120,1634923,70b37df64acc5da4d9b52168d5783bc763705fdf7e5254308a3f0c15b6298484,2,ok
504,batch_14/000003.jpg,data/raw/batch_14/000003.jpg,flickr_partial,4160,3120,4160,3120,2107539,d1518eefe43f426b4f2ad7528309fe1e236ead0ea265da763938843c8c030cbc,2,ok
505,batch_14/000004.jpg,data/raw/batch_14/000004.jpg,flickr_partial,4160,3120,4160,3120,2119302,758c7bbcd6d74b570c8de1a4d670551b4914b42ff57e6966d307c9a3cdfe1d5c,1,ok
506,batch_14/000005.jpg,data/raw/batch_14/000005.jpg,flickr_partial,3120,4160,3120,4160,673219,ead35a279a013c1bf780954ba3417b131816eef9143dce2fc964e6fb609a999b,1,ok
507,batch_14/000006.jpg,data/raw/batch_14/000006.jpg,flickr_partial,3120,4160,3120,4160,978592,91255ca15b66de1ddcc3e686a201ef771ea42fa82fe8589607aecf068b39d1c8,2,ok
508,batch_14/000007.jpg,data/raw/batch_14/000007.jpg,flickr_partial,4160,3120,4160,3120,2702761,3862d71ae1227aee3df0bd3917528302363b98f5b202ef4d7e794880efd0aec5,2,ok
509,batch_14/000008.jpg,data/raw/batch_14/000008.jpg,flickr_partial,3120,4160,3120,4160,2356467,06bf683fd62cdb76fc92118f788013fc0cd91e060cd88ae41b89b811c4a2a098,1,ok
510,batch_14/000009.jpg,data/raw/batch_14/000009.jpg,flickr_partial,3120,4160,3120,4160,3211225,3977ff728d0bf1c152bedcadcd03facf8b1f6819aefe16b50b08d3a3811b35d4,2,ok
511,batch_14/000010.jpg,data/raw/batch_14/000010.jpg,flickr_partial,4160,3120,4160,3120,1615123,deeb8b386ab44edeb0c33b08b64a6ed3c6195b2f9d3c790e9f0cefa1ca979581,1,ok
512,batch_14/000011.jpg,data/raw/batch_14/000011.jpg,flickr_partial,4160,3120,4160,3120,2220772,e89849d8cafbff2c8032ee3da5b5f605f62460f2b700fea7464264fd541f28ce,1,ok
513,batch_14/000012.jpg,data/raw/batch_14/000012.jpg,flickr_partial,4160,3120,4160,3120,2313125,596faced308fa7615e70fdfce2de59559591d77c6c2838de531441c4dd9758c0,1,ok
514,batch_14/000013.jpg,data/raw/batch_14/000013.jpg,flickr_partial,4160,3120,4160,3120,1728435,55546ee5415e679506a4af3c7bec879b12c887c4700654d312df1fca84530ce7,2,ok
515,batch_14/000014.jpg,data/raw/batch_14/000014.jpg,flickr_partial,3120,4160,3120,4160,2090041,25f8dfa1df2e19de3a059b077da02b6befa98bc7b1d5c4442745df734bc394b1,1,ok
516,batch_14/000015.jpg,data/raw/batch_14/000015.jpg,flickr_partial,4160,3120,4160,3120,3049005,e9bd6fdf18b0662eea9e339680cf417d31e5584cac08c2268abb4deefa3a777c,3,ok
517,batch_14/000016.jpg,data/raw/batch_14/000016.jpg,flickr_partial,4160,3120,4160,3120,954730,ebff6aeec96380a03cdf95be21794363ffa6afdd21b9e061cfb9dd8ce933cb2a,1,ok
518,batch_14/000017.jpg,data/raw/batch_14/000017.jpg,flickr_partial,4160,3120,4160,3120,1524962,f9e59e1e2441eee24c02897a5938cbe4311335b65aeb1bfc6bceab32227052f5,1,ok
519,batch_14/000018.jpg,data/raw/batch_14/000018.jpg,flickr_partial,4160,3120,4160,3120,823638,de9463dd01d084488e2f0d25919e21d98465b3a8e4862e4ec3ff0ed27070e701,1,ok
520,batch_14/000019.jpg,data/raw/batch_14/000019.jpg,flickr_partial,3120,4160,3120,4160,1988292,f6292d61f43e9ef9c87c3e6e2b4430454ad5cc903186315322478ed07e2e50d6,2,ok
521,batch_14/000020.jpg,data/raw/batch_14/000020.jpg,flickr_partial,4160,3120,4160,3120,2610666,8bc78b1be8fac56a02b82e3d1f9536f7d6870afb58c740591b4b750488045abf,1,ok
522,batch_14/000021.jpg,data/raw/batch_14/000021.jpg,flickr_partial,3024,4032,3024,4032,5067445,e9c2372dd25cfcc909515b6b0eb5e2d1717906f42f46ba6fc4b94580a06088f0,4,ok
523,batch_14/000022.jpg,data/raw/batch_14/000022.jpg,flickr_partial,3456,3456,3456,3456,13420696,3f66336d7ca670bc06c9b077e9eff3853cb898a50f23e08e748032e81541f292,5,ok
524,batch_14/000023.jpg,data/raw/batch_14/000023.jpg,flickr_partial,3120,4160,3120,4160,6129536,dc6df66d48793a8cee848ae81bac6b7d8bbf0615c70df2dc6f57e8501e0fa873,2,ok
525,batch_14/000024.jpg,data/raw/batch_14/000024.jpg,flickr_partial,3120,4160,3120,4160,5872501,e73e32984efed336bbb48c8c98783bef9342e6323dac2fabd9d9b1c608f1d339,1,ok
526,batch_14/000025.jpg,data/raw/batch_14/000025.jpg,flickr_partial,3120,4160,3120,4160,6272020,d9b6a5c038f21047b7d049e3e7066cdec3779b44b4f9de4f455e8b34f9712961,2,ok
527,batch_14/000026.jpg,data/raw/batch_14/000026.jpg,flickr_partial,3024,4032,3024,4032,6653282,ef2ace69fda5ce6876033b6a740dcce9af672d845c0b6c3aa8826444483ffe57,1,ok
528,batch_14/000027.jpg,data/raw/batch_14/000027.jpg,flickr_partial,3024,4032,3024,4032,4160484,8ffdbb8f338b86c520889c64def62bab333ac947e99c2df3397de57ab0801883,1,ok
529,batch_14/000028.jpg,data/raw/batch_14/000028.jpg,flickr_partial,3024,4032,3024,4032,4524264,d2825a289b6d2d2ffd5242e5030dc80659369c7ed7c4f9e6669ca386b72b5a35,1,ok
530,batch_14/000029.jpg,data/raw/batch_14/000029.jpg,flickr_partial,3024,4032,3024,4032,6669802,ba02a2344bd74c1c7c37e6486058c6b8df0c134eb0fe207624b860bbe27075ec,1,ok
531,batch_14/000030.jpg,data/raw/batch_14/000030.jpg,flickr_partial,3024,4032,3024,4032,5655707,2083ff282952f28e2d3b99cc5be9a93578990163d52c714540e7f5817c0ffa43,1,ok
532,batch_14/000031.jpg,data/raw/batch_14/000031.jpg,flickr_partial,3024,4032,3024,4032,2702685,946604d97077ea4503678e844020ba918b4ea1ffdae1729fb86ed9e858fd7639,1,ok
533,batch_14/000032.jpg,data/raw/batch_14/000032.jpg,flickr_partial,4032,3024,4032,3024,2010502,739fb57265f55c4109d8e6797e9d44322961b624b14783f1cec3c18e7b6f493a,2,ok
534,batch_14/000033.jpg,data/raw/batch_14/000033.jpg,flickr_partial,3024,4032,3024,4032,7827791,256476927a091d72f156ee94eb9ad46d9e4b1515200dfa655216506e54d16374,1,ok
535,batch_14/000034.jpg,data/raw/batch_14/000034.jpg,flickr_partial,3024,4032,3024,4032,4656355,858dfaaa963c7386dab5c0ee6e18e282ca2b072fa0efc925d69c8dd263d61cb1,1,ok
536,batch_14/000035.jpg,data/raw/batch_14/000035.jpg,flickr_partial,3024,4032,3024,4032,4354800,0466d7b62ba8a2a13b0743972799e6c4f547adaa735111569aa1967080129507,1,ok
537,batch_14/000036.jpg,data/raw/batch_14/000036.jpg,flickr_partial,3024,4032,3024,4032,4659268,890b82d87d0613550796286f8d65197715f1f30d455845b302d95a4d21f995c1,2,ok
538,batch_14/000037.jpg,data/raw/batch_14/000037.jpg,flickr_partial,3024,4032,3024,4032,5667084,817579ff47ec09aa76162e79ca76efe20f6220cda14ac9cb31e136c6873c1a80,3,ok
539,batch_14/000038.jpg,data/raw/batch_14/000038.jpg,flickr_partial,3024,4032,3024,4032,5271961,193f206867280e0d794f27274754615cc6fef61d253d6a786e48c51026e0c158,1,ok
540,batch_14/000039.jpg,data/raw/batch_14/000039.jpg,flickr_partial,3024,4032,3024,4032,4924741,1fedc866f9f69aa43ee49095a87c783ea0851347122c53c35d6049d1ffee92b3,1,ok
541,batch_14/000040.jpg,data/raw/batch_14/000040.jpg,flickr_partial,3024,4032,3024,4032,4986952,831d7ccd9e9f33e969533e65c3f9e8f65a5e83463a946abcc9989501ef508cdf,1,ok
542,batch_14/000041.jpg,data/raw/batch_14/000041.jpg,flickr_partial,3024,4032,3024,4032,4476185,57ba908e9c574edb91ccfef337ef825a8249cc248f5d5feb70108637d86c0c26,1,ok
543,batch_14/000042.jpg,data/raw/batch_14/000042.jpg,flickr_partial,3024,4032,3024,4032,6015392,dc46c4a46cedd6c52732eb04075cdae17611c6216c5414d5d01501b8344f34bb,2,ok
544,batch_14/000043.jpg,data/raw/batch_14/000043.jpg,flickr_partial,4032,3024,4032,3024,7082708,59533ef652c833d04c0fd890695c9c6a8006f9760c3b751b576b24bf6cf5a00c,3,ok
545,batch_14/000044.jpg,data/raw/batch_14/000044.jpg,flickr_partial,3024,4032,3024,4032,4663442,97acffd8477a81ee216bf6d20d33be85294c62be243bf23302f253ca9fe3f4f7,1,ok
546,batch_14/000045.jpg,data/raw/batch_14/000045.jpg,flickr_partial,3024,4032,3024,4032,5741921,de41fcec3b81f10f53c8710a69c0aa1044a068de35010bca0d18e3046b88b23a,2,ok
547,batch_14/000046.jpg,data/raw/batch_14/000046.jpg,flickr_partial,4032,3024,4032,3024,5215429,3d2328b1390046f2fb4e76009d10e6228245ce1a3518315477f30010a2952e01,1,ok
548,batch_14/000047.jpg,data/raw/batch_14/000047.jpg,flickr_partial,3024,4032,3024,4032,3078025,1ac1284e7bea16cd25bc6f33ca8a43fc4fa07d15b509ba2d31053366cd0d5785,4,ok
549,batch_14/000048.jpg,data/raw/batch_14/000048.jpg,flickr_partial,842,474,842,474,202713,c0127e12147a0c428635c510839022be11a41b2de3af1dc088767e102c196b6a,2,ok
550,batch_14/000049.jpg,data/raw/batch_14/000049.jpg,flickr_partial,3024,4032,3024,4032,4952467,34c9a475dcf04afe68523c11b40f7d597e6d3731c424db6018372727c2d4a6a1,1,ok
551,batch_14/000050.jpg,data/raw/batch_14/000050.jpg,flickr_partial,3024,4032,3024,4032,2702819,483fbb5cdb700fecf98d6d49f03f908393e200108547332236e17168b77c46ea,1,ok
552,batch_14/000051.jpg,data/raw/batch_14/000051.jpg,flickr_partial,4032,3024,4032,3024,3134410,b075670642146121bd54e64725e9fa587faba9a7e4c86fd461329c6e0a4ebf4c,1,ok
553,batch_14/000052.jpg,data/raw/batch_14/000052.jpg,flickr_partial,3024,4032,3024,4032,5730793,883300cdd4257c9d3ce408049d25f9e4a28bc7caba32fd726e49f71a8f22e6a7,2,ok
554,batch_14/000053.jpg,data/raw/batch_14/000053.jpg,flickr_partial,4032,3024,4032,3024,3245338,a000ade8898b2e2c79427191bde4dda51083e30d7292a2ee767019f2a047e13c,1,ok
555,batch_14/000054.jpg,data/raw/batch_14/000054.jpg,flickr_partial,4032,3024,4032,3024,2867249,3e02d93c9beb400fb3559da2e1c5823e1cab94c57a8204a2a065643258123dec,1,ok
556,batch_14/000055.jpg,data/raw/batch_14/000055.jpg,flickr_partial,3024,4032,3024,4032,6522533,9a116a4d234cc18c321719adeb018f19dd83b5a629ecb046cf8148ea443f2502,1,ok
557,batch_14/000056.jpg,data/raw/batch_14/000056.jpg,flickr_partial,3024,4032,3024,4032,6048180,a80f82d38e4e61d050781fc8d43bd258e76d80246d9dad38a6231ae3a6ddac8d,1,ok
558,batch_14/000057.jpg,data/raw/batch_14/000057.jpg,flickr_partial,4032,3024,4032,3024,3279040,62b24e58c9b6df5474d6139b16274a18a5bc53291a8f5f48b9630f955ac5b648,1,ok
559,batch_14/000058.jpg,data/raw/batch_14/000058.jpg,flickr_partial,4032,3024,4032,3024,3690288,057d75eaaf82d98fc4a79bd424ecc1887cd1bc01c049386268d29aa6e142dd4f,1,ok
560,batch_14/000059.jpg,data/raw/batch_14/000059.jpg,flickr_partial,3024,4032,3024,4032,5076577,d5d3ffe57bdea93c25951f64a21a5d5766ad2ba4523f40aa4323145698cf9f3d,1,ok
561,batch_14/000060.jpg,data/raw/batch_14/000060.jpg,flickr_partial,3024,4032,3024,4032,4013475,9d9c989463f42821a84025a399082d3f57a194217471fee57559ec014a73f797,1,ok
562,batch_14/000061.jpg,data/raw/batch_14/000061.jpg,flickr_partial,3024,4032,3024,4032,4772454,631a3f542ee956f6c3d755438a621141cd96a3b2243aa9e0b95c453bb19b50bd,1,ok
563,batch_14/000062.jpg,data/raw/batch_14/000062.jpg,flickr_partial,3024,4032,3024,4032,4652943,c6620275ce0f18c757016d5204394033229abc1c923aa5b6030b976d86e8256f,2,ok
564,batch_14/000063.jpg,data/raw/batch_14/000063.jpg,flickr_partial,3024,4032,3024,4032,4671932,f5a0efef11df5e929947937afd47037fb60c9227e4fbc6d72b22bfbed9e9eb22,1,ok
565,batch_14/000064.jpg,data/raw/batch_14/000064.jpg,flickr_partial,3024,4032,3024,4032,3633636,fd01e123e77497a7c192485d4e0f04623a4b48d38055de052ca87eef43874460,1,ok
566,batch_14/000065.jpg,data/raw/batch_14/000065.jpg,flickr_partial,3024,4032,3024,4032,4389612,1379a91de8daa46610e24cf50400dc4a86f9d51ddc6b163336241a38d07a85b5,1,ok
567,batch_14/000066.jpg,data/raw/batch_14/000066.jpg,flickr_partial,3024,4032,3024,4032,4733360,c398b3f9a21051c144bab0628e4eee55657247c10e7231dd3531d8a1bb5549d0,1,ok
568,batch_14/000067.jpg,data/raw/batch_14/000067.jpg,flickr_partial,3024,4032,3024,4032,5840776,a9f5c380b3735c510c81abd2d5498da6854246b484fb2d42d9562e5896dcd408,3,ok
569,batch_14/000068.jpg,data/raw/batch_14/000068.jpg,flickr_partial,3024,4032,3024,4032,2576495,c8d07857d7de83600186b1f90213995d70f66659a6674a3f3af3e12b5af1f051,1,ok
570,batch_14/000069.jpg,data/raw/batch_14/000069.jpg,flickr_partial,3024,4032,3024,4032,4474928,2d67d5d731555f9a518395904cf87c9de65b1aa18ca0f1bc0f2db4c2f66361a4,2,ok
571,batch_14/000070.jpg,data/raw/batch_14/000070.jpg,flickr_partial,3024,4032,3024,4032,5722549,8102572c8c42bdd8749f4070073c88ead5135e38239253e01c987d9d2687ee52,1,ok
572,batch_14/000071.jpg,data/raw/batch_14/000071.jpg,flickr_partial,3024,4032,3024,4032,5820175,3d88ce231f3efae3ed43e98ef767831ea4e0543fb5dda678f10179befe027920,2,ok
573,batch_14/000072.jpg,data/raw/batch_14/000072.jpg,flickr_partial,3024,4032,3024,4032,5561390,72ef61b87a61f461e2fc5419ac8ca50cc1e91579d1378741cc2b2dcd7b1a6ad2,1,ok
574,batch_14/000073.jpg,data/raw/batch_14/000073.jpg,flickr_partial,3024,4032,3024,4032,4568880,3884340dd7eefca80285ebb59f99e324c0aa3961849b49d72ec16bf5028e9af3,1,ok
575,batch_14/000074.jpg,data/raw/batch_14/000074.jpg,flickr_partial,3024,4032,3024,4032,4765358,1b48beab4dc8da0e709da67a62358ad7b036468d6cc38aeccc1df2ef151882a5,1,ok
576,batch_14/000075.jpg,data/raw/batch_14/000075.jpg,flickr_partial,3024,4032,3024,4032,4739034,f26d8ab9ec123c373a042147972838964cc63946ca0d800f639ab61e6e82f702,1,ok
577,batch_14/000076.jpg,data/raw/batch_14/000076.jpg,flickr_partial,3024,4032,3024,4032,4620544,f8070f8ff2db24cf8e04f8642713c601b2c59753be3b406e09fa249bba378ca7,1,ok
578,batch_14/000077.jpg,data/raw/batch_14/000077.jpg,flickr_partial,3024,4032,3024,4032,3087235,9093e9917885192455a3abfb6e3ad458b34942fff88fa500098545f477cbc5a1,2,ok
579,batch_14/000078.jpg,data/raw/batch_14/000078.jpg,flickr_partial,3024,4032,3024,4032,2654096,e35f7a88ed6583cc998d9c430a5314210283bf1e0a8cefb63f9e7887e9af38f2,1,ok
580,batch_14/000079.jpg,data/raw/batch_14/000079.jpg,flickr_partial,3024,4032,3024,4032,3238016,9ef6aa5cfa2350750f6306aac25c7dc614741df402e31ffc2fadc1696712a9a5,4,ok
581,batch_14/000080.jpg,data/raw/batch_14/000080.jpg,flickr_partial,3024,4032,3024,4032,2856927,7a87ef4b277f5ed30f2aeaa78024598188910ca8d68cd25119500048fddba7f4,1,ok
582,batch_14/000081.jpg,data/raw/batch_14/000081.jpg,flickr_partial,3024,4032,3024,4032,3072942,bf7b42b8d9979292dfb53596966874ede445a8b82cd56c648b26594ef78032ae,6,ok
583,batch_14/000082.jpg,data/raw/batch_14/000082.jpg,flickr_partial,3024,4032,3024,4032,2786136,4c1b4a1a054411be2dd784b67c27ce961dcbddf936277308a69f851666f10a66,1,ok
584,batch_14/000083.jpg,data/raw/batch_14/000083.jpg,flickr_partial,3024,4032,3024,4032,4417968,8c124dbd7e40815aceb0c368402037d1fe7668d6f6c2dc49b2d7a2368d040989,2,ok
585,batch_14/000084.jpg,data/raw/batch_14/000084.jpg,flickr_partial,3024,4032,3024,4032,4479435,9012c62fe31345d2ea1cce1653f678c34acb3f5f284debbaee02a6f31b7b0287,1,ok
586,batch_14/000085.jpg,data/raw/batch_14/000085.jpg,flickr_partial,3024,4032,3024,4032,3397573,ed45c87d81b610501a98168118cdd45cf013d21ea25272f1fbb636601d1ca77f,1,ok
587,batch_14/000086.jpg,data/raw/batch_14/000086.jpg,flickr_partial,3024,4032,3024,4032,3351651,0e0f9e39283157b0dad0e1574d01f880681992825ac5be757b2fb70096e26e2d,1,ok
588,batch_14/000087.jpg,data/raw/batch_14/000087.jpg,flickr_partial,3024,4032,3024,4032,4944213,fd084be94098cd644ad57449a4170d75aeeac40f14d952d29a7af78c57bdd936,2,ok
589,batch_14/000088.jpg,data/raw/batch_14/000088.jpg,flickr_partial,3024,4032,3024,4032,5899826,dd256a56b6983ad17af999ad8682057842b8c29fc85cb55a654ab1fb592c8dce,3,ok
590,batch_14/000089.jpg,data/raw/batch_14/000089.jpg,flickr_partial,3024,4032,3024,4032,4800045,86652ef0f8a2451d468e6c3a73676cfcf3a9b2abe14f1976283b4698ac544518,1,ok
591,batch_14/000090.jpg,data/raw/batch_14/000090.jpg,flickr_partial,3024,4032,3024,4032,5705762,7d0cc3df371b7ead54ae92aa6afd6717b6fe0c2692c905e6d20f09c1f56e6e6d,1,ok
592,batch_14/000091.jpg,data/raw/batch_14/000091.jpg,flickr_partial,3024,4032,3024,4032,5333953,1b246817590450f356d18d17b1dc6077e10df4806cafdab0b7b0274362047979,1,ok
593,batch_14/000092.jpg,data/raw/batch_14/000092.jpg,flickr_partial,3024,4032,3024,4032,4696283,c8acd2cf7a17537a998da5f16f72f44b7d05fb7fe3cbefff6b3b0e2ab635334c,1,ok
594,batch_14/000093.jpg,data/raw/batch_14/000093.jpg,flickr_partial,3024,4032,3024,4032,5292599,6d789a4346f91b7ba956c1f99e74d606584da6748c77ea42f75a63cf4cde857e,3,ok
595,batch_14/000094.jpg,data/raw/batch_14/000094.jpg,flickr_partial,3024,4032,3024,4032,4668521,25c2e87c97341cad053bedd339c9f40f2d0d6710c32c0c0517c1b73676f754d6,4,ok
596,batch_14/000095.jpg,data/raw/batch_14/000095.jpg,flickr_partial,3024,4032,3024,4032,6364669,407e708884ac59fb105fb0d662397d703a467956b9f3e25a3b57238ea4223dcf,1,ok
597,batch_14/000096.jpg,data/raw/batch_14/000096.jpg,flickr_partial,3024,4032,3024,4032,5772823,51140ee706e8c1074e3397fc3c6ad1a0212a1e94f0e6a8659a8df0aef14042aa,1,ok
598,batch_14/000097.jpg,data/raw/batch_14/000097.jpg,flickr_partial,3024,4032,3024,4032,4939358,4214132c0681cb09d1e7b5d0894b709cb5973f1da498a0d7a19783950212a141,26,ok
599,batch_14/000098.jpg,data/raw/batch_14/000098.jpg,flickr_partial,3024,4032,3024,4032,2986595,bf490f10d4c350338b06c5669fe535c95615267670cb931c2198445f7988eb18,1,ok
600,batch_14/000099.jpg,data/raw/batch_14/000099.jpg,flickr_partial,3024,4032,3024,4032,5444648,fd6f953a2838595937297e869529c481db2c36fe2f2a6d7c7b87d6f711bc0539,2,ok
601,batch_15/000000.jpg,data/raw/batch_15/000000.jpg,flickr_partial,3024,4032,3024,4032,4195030,573e7aa14df242e2037c9d80ae0b3b1162598ad4a0ac97401de906bfaecaaca5,8,ok
602,batch_15/000001.jpg,data/raw/batch_15/000001.jpg,flickr_partial,3024,4032,3024,4032,3945658,2a73f196ec53c64ac8333750080530ba9a0e592f030dc92ee31c7b0392e1147f,1,ok
603,batch_15/000002.jpg,data/raw/batch_15/000002.jpg,flickr_partial,3024,4032,3024,4032,1820019,d109015504cd48bd586f79f37742e8e217493f3f26ac66b6ebd301b5b699e130,2,ok
604,batch_15/000003.jpg,data/raw/batch_15/000003.jpg,flickr_partial,3024,4032,3024,4032,5862202,bbc004b2df71e7f448111c95c22eefc9069c9af4fd9c1d003a28c0dba3533297,2,ok
605,batch_15/000004.jpg,data/raw/batch_15/000004.jpg,flickr_partial,3024,4032,3024,4032,4895836,272bebe5a4da308c62d6fb31ec087af93d908c3b8cb99dd1ccafddeca3e9d8ee,2,ok
606,batch_15/000005.jpg,data/raw/batch_15/000005.jpg,flickr_partial,3024,4032,3024,4032,4051853,442447fc7e885f3a271fbb22f53eadedf74fac9e5cee1f122f5d6644b194040a,2,ok
607,batch_15/000006.jpg,data/raw/batch_15/000006.jpg,flickr_partial,3024,4032,3024,4032,5822557,5f625188b9f31208befe761d0db32ab7d016867d717d70a1523e8c6c7d740eca,2,ok
608,batch_15/000007.jpg,data/raw/batch_15/000007.jpg,flickr_partial,3024,4032,3024,4032,5454439,2d9c68504d3123c697792ab1618b5131e8aff9329e56417dfb3597a2eb6f470b,6,ok
609,batch_15/000008.jpg,data/raw/batch_15/000008.jpg,flickr_partial,3024,4032,3024,4032,3355901,0bde0e185564297ba7fb5e8535354c292d3ab19b3f6bea70e83a158ab1e1b82d,1,ok
610,batch_15/000009.jpg,data/raw/batch_15/000009.jpg,flickr_partial,3024,4032,3024,4032,5380945,513137bba8aaddcaad7e4df5eef2d11f7df05e4f91d4a509a7ccd8e37286e3ab,6,ok
611,batch_15/000010.jpg,data/raw/batch_15/000010.jpg,flickr_partial,3024,4032,3024,4032,5091221,2409907a9f17b65d7af9d32b7b861a5decdf54c43412f0bcb04c4e9529cb8d7b,8,ok
612,batch_15/000011.jpg,data/raw/batch_15/000011.jpg,flickr_partial,3024,4032,3024,4032,4647879,aab4b599976fc0e824dc30c0a6cbaf861fb3e769be60819544182735fdf80234,2,ok
613,batch_15/000012.jpg,data/raw/batch_15/000012.jpg,flickr_partial,3024,4032,3024,4032,5943330,9ef59df8dc3189fc9129d6a39823e65d1e9c40c631a93010b0bff8b53acfcc1a,2,ok
614,batch_15/000013.jpg,data/raw/batch_15/000013.jpg,flickr_partial,3024,4032,3024,4032,5332828,864fee6eb35e2f8771d14e81d981cefed71a6dd096c7878fc2aede205bb40857,7,ok
615,batch_15/000014.jpg,data/raw/batch_15/000014.jpg,flickr_partial,2448,3264,2448,3264,4288128,5d2d26d4a25aae945546da0f83ae4da41b6d84705c19be6554b799792cfdb7bb,1,ok
616,batch_15/000015.jpg,data/raw/batch_15/000015.jpg,flickr_partial,3264,2448,3264,2448,4268574,358809a0f7d5f02d518159704f3256285f57d719baa1dcf94617c49349970df9,12,ok
617,batch_15/000016.jpg,data/raw/batch_15/000016.jpg,flickr_partial,2448,3264,2448,3264,5286587,c571139bc23d0478fb211d271c7ec1e56a4ae24dc8b900f0a95a34f8b76dc282,4,ok
618,batch_15/000017.jpg,data/raw/batch_15/000017.jpg,flickr_partial,2448,3264,2448,3264,3696219,a12fd5ecc36063b2f80115d21d192fbf4ed05a20fc364ced4e0996d6757193c3,4,ok
619,batch_15/000018.jpg,data/raw/batch_15/000018.jpg,flickr_partial,1536,2048,1536,2048,2221614,d56d65680425d73fe615b39862599543378a9217f1e2765aa833f0386b9bd7c3,2,ok
620,batch_15/000019.jpg,data/raw/batch_15/000019.jpg,flickr_partial,2048,1536,2048,1536,1797903,d81a58f0dcfce2cd7624ff7b21b4fd8cf2834b37c781fdf36b944f5b1819cd6e,11,ok
621,batch_15/000020.jpg,data/raw/batch_15/000020.jpg,flickr_partial,2048,1536,2048,1536,1818408,31a103d8dabd0acce4f40ad0288b69de08f41b8e38c398fe62e0427e9aeebcae,3,ok
622,batch_15/000021.jpg,data/raw/batch_15/000021.jpg,flickr_partial,1536,2048,1536,2048,1604954,cd43373aac0bf0d59a8be2fcad85e67652712ce2031694affcaff014d247f853,4,ok
623,batch_15/000022.jpg,data/raw/batch_15/000022.jpg,flickr_partial,1536,2048,1536,2048,1454986,d2cf4badab37417d8bdfcf3bf5bd9bf9ba8ffd37feac0c084d3982bfa79cd109,9,ok
624,batch_15/000023.jpg,data/raw/batch_15/000023.jpg,flickr_partial,1536,2048,1536,2048,1345309,32b0ab93ff0ff3e51bde06da71cd62ea31df3ebd333effd0de3c232b27cf92b1,3,ok
625,batch_15/000024.jpg,data/raw/batch_15/000024.jpg,flickr_partial,1536,2048,1536,2048,2398476,4a4470a06f9e768a1bb7fcb9b4ca82fe4a2eb51e8334d0cf27d2019a4ae4325c,14,ok
626,batch_15/000025.jpg,data/raw/batch_15/000025.jpg,flickr_partial,1536,2048,1536,2048,1973246,8112f98ed8c438108a4490cc961092135758fdf6729fa6770c5cc332f1d7c9f3,5,ok
627,batch_15/000026.jpg,data/raw/batch_15/000026.jpg,flickr_partial,1536,2048,1536,2048,2024824,8f46242341d3bd02c8f8a6a77a47c6aaa0ac0608cc7ef94f2a87d1edba1eaf51,2,ok
628,batch_15/000027.jpg,data/raw/batch_15/000027.jpg,flickr_partial,1536,2048,1536,2048,1340057,8cec2a6b589ecb99d14f8787acf2c7e5fa0a379a7941e51e5b424e5e4e50614d,1,ok
629,batch_15/000028.jpg,data/raw/batch_15/000028.jpg,flickr_partial,1536,2048,1536,2048,1835155,d7de2c262beb3e37e50391ea5fbec133c04af7a6f27db936ba23ea6922bfa240,14,ok
630,batch_15/000029.jpg,data/raw/batch_15/000029.jpg,flickr_partial,1536,2048,1536,2048,1816375,991a820a83dc8854cd913b326820f0a59ce9fc5782bb6e100776518a5cefe908,29,ok
631,batch_15/000030.jpg,data/raw/batch_15/000030.jpg,flickr_partial,1536,2048,1536,2048,2007803,b6be73c1c245e3e2d3efd13da42f08267a2d2bcda5075adcc424cd877394bc45,2,ok
632,batch_15/000031.jpg,data/raw/batch_15/000031.jpg,flickr_partial,3024,4032,3024,4032,4273295,f1aa32e4fce9b8a9b0ce61e506f4de88a0789d883dbea45c20753efd6eac1dd0,4,ok
633,batch_15/000032.jpg,data/raw/batch_15/000032.jpg,flickr_partial,4032,3024,4032,3024,4534651,f32fafd98754621d2d26810bad0ec8da4e7de6c95a38ac336b8f50311439769b,4,ok
634,batch_15/000033.jpg,data/raw/batch_15/000033.jpg,flickr_partial,3024,4032,3024,4032,5300010,d19180c24d7ee72a59c53441c6f63c3360d9f62b9248ad7ae9cdf903e17414ed,1,ok
635,batch_15/000034.jpg,data/raw/batch_15/000034.jpg,flickr_partial,3024,4032,3024,4032,3110499,918b58232abef3ce672bf19cb7582186d8a763771bc89b3c6d9833486d46cdcc,1,ok
636,batch_15/000035.jpg,data/raw/batch_15/000035.jpg,flickr_partial,3024,4032,3024,4032,4460437,0175751dae313d98169a39d7d4cbb90a3473c2e2546fec812e8d62defc6fa964,2,ok
637,batch_15/000036.jpg,data/raw/batch_15/000036.jpg,flickr_partial,3024,4032,3024,4032,5847712,d4488174d173a62671695106586346593aa8d4b0c15eea9bfcb1105719b87a56,17,ok
638,batch_15/000037.jpg,data/raw/batch_15/000037.jpg,flickr_partial,3024,4032,3024,4032,7402327,2a9fffe526011b5256f6cde8ada0b80e1603fcc15005007c33f59b527366d69a,1,ok
639,batch_15/000038.jpg,data/raw/batch_15/000038.jpg,flickr_partial,3024,4032,3024,4032,7878301,eeb38223086296a07e6012ea041ce39daf32c9471e976d34489807cfbb03ebd4,3,ok
640,batch_15/000039.jpg,data/raw/batch_15/000039.jpg,flickr_partial,3024,4032,3024,4032,6053015,b97b5ce868359d7f6710bcba49966f0653bc9c4a7bb4d47bd3d58f52d4ad7aaa,1,ok
641,batch_15/000040.jpg,data/raw/batch_15/000040.jpg,flickr_partial,3024,4032,3024,4032,6961804,4d1ec95fdfad1a71d0902e0c3d8b34a1e20166da3e1d86f68b60a9882400786e,1,ok
642,batch_15/000041.jpg,data/raw/batch_15/000041.jpg,flickr_partial,3024,4032,3024,4032,7339868,9086e6f14240c037d5708eb0d4104b0913271dc5c9a67f5dfffd2ff17897dce1,2,ok
643,batch_15/000042.jpg,data/raw/batch_15/000042.jpg,flickr_partial,3024,4032,3024,4032,5985993,a9256aea8277786469ccbd2b53acc28bf75cac293cb2d9a74402eb73bf33800f,1,ok
644,batch_15/000043.jpg,data/raw/batch_15/000043.jpg,flickr_partial,1536,2048,1536,2048,2182615,b531af673f55a2ea4c6fe917a0657dd7f0c25926c6a0e88ef7941a2a55752976,1,ok
645,batch_15/000044.jpg,data/raw/batch_15/000044.jpg,flickr_partial,1536,2048,1536,2048,1881268,e18a251bff0d4561e269afd12d7b87fb0a3e2929944a26239cd3638cd5d3f6b6,1,ok
646,batch_15/000045.jpg,data/raw/batch_15/000045.jpg,flickr_partial,1536,2048,1536,2048,1985068,6758a1699eb2555f74df090a3fca86fb22875f311a2391144a1ac6696e50fc50,1,ok
647,batch_15/000046.jpg,data/raw/batch_15/000046.jpg,flickr_partial,3264,2448,3264,2448,3397959,fa18947a9323f0ec523d5d64a7dce5aa2b609df87c785ce68f33fd3f1eb863ba,1,ok
648,batch_15/000047.jpg,data/raw/batch_15/000047.jpg,flickr_partial,3024,4032,3024,4032,3949280,df81136f0839b0816283acbb94a1f6997c03f1d8bbfe4445d69ed06d515ae831,4,ok
649,batch_15/000048.jpg,data/raw/batch_15/000048.jpg,flickr_partial,3024,4032,3024,4032,3766376,4730ddc3143df399a614a1c3fcce271ae02938322dfd3185d97764fd5c23aeb6,2,ok
650,batch_15/000049.jpg,data/raw/batch_15/000049.jpg,flickr_partial,3024,4032,3024,4032,3120421,e2ff6ca43e4afd537fe03fcbdb2937c1b958c91cd1a1ad5c1e0f0919fe905372,4,ok
651,batch_15/000050.jpg,data/raw/batch_15/000050.jpg,flickr_partial,3024,4032,3024,4032,3280093,2184583902831a47b7e53e18224f318ccc0c63d8d3bbdcf5e90b10e9b7fa3a34,1,ok
652,batch_15/000051.jpg,data/raw/batch_15/000051.jpg,flickr_partial,3024,4032,3024,4032,4267217,d833b86789be3d3f56a5d12a2ab913aa2b6385a25e8f2351e48aa6e3290144a9,3,ok
653,batch_15/000052.jpg,data/raw/batch_15/000052.jpg,flickr_partial,3024,4032,3024,4032,3634322,66eca32b84987c2aed59d3795b34464e623746ce4e1eb955f905eb13458f27e5,7,ok
654,batch_15/000053.jpg,data/raw/batch_15/000053.jpg,flickr_partial,3024,4032,3024,4032,3835896,1fa413667a92dac5d1808bbd9e86343fae6d69333f0f3579b5ffbe868935f140,2,ok
655,batch_15/000054.jpg,data/raw/batch_15/000054.jpg,flickr_partial,3024,4032,3024,4032,4006127,fd2260df11e95746b86067c380ee9718d2adbf0c424e91e82be24c7bc9f99be6,1,ok
656,batch_15/000055.jpg,data/raw/batch_15/000055.jpg,flickr_partial,3024,4032,3024,4032,3219709,058e0ab1d58691608fee2a214456d1e6f46861c6bf446df187905d625ddf98a8,2,ok
657,batch_15/000056.jpg,data/raw/batch_15/000056.jpg,flickr_partial,3024,4032,3024,4032,3242592,e8935ed8703a619b6e9f048a4f58de424a99b9e339271379ebfb298f39d69b1d,5,ok
658,batch_15/000057.jpg,data/raw/batch_15/000057.jpg,flickr_partial,3024,4032,3024,4032,4616780,9b3306a328474a3851f57cee080ac99cf5747eb278667cf73a23d47ca858b757,2,ok
659,batch_15/000058.jpg,data/raw/batch_15/000058.jpg,flickr_partial,3024,4032,3024,4032,3655904,a39330e664574af935b1e00bb62ab04ccb679363480d706169e8d1516a1c270a,2,ok
660,batch_15/000059.jpg,data/raw/batch_15/000059.jpg,flickr_partial,3024,4032,3024,4032,3764215,bf6d01fc985dd9de16b1385959c925937205ab5c0b203a9324d8f6098a3fc684,1,ok
661,batch_15/000060.jpg,data/raw/batch_15/000060.jpg,flickr_partial,1536,2048,1536,2048,1241502,f4846f5b2be9ed1d8ec1c2d62629c6f4b75991b7678922a5d3f7fbd5dcc2206e,1,ok
662,batch_15/000061.jpg,data/raw/batch_15/000061.jpg,flickr_partial,1536,2048,1536,2048,1856414,a22e0647a02b4f7d3a0d8adf871f866d54e40efcb959ad6ba82ca018a3803302,1,ok
663,batch_15/000062.jpg,data/raw/batch_15/000062.jpg,flickr_partial,2048,1536,2048,1536,2315503,bbd40ad2878efc82ea29fada9cc8a38564da858c4a7908d82ea49ffe790029ca,3,ok
664,batch_15/000063.jpg,data/raw/batch_15/000063.jpg,flickr_partial,3264,2448,3264,2448,4878488,448990c54e1115a683d041870d88b5d4eef1307ca1938f7e29d8380129ffc728,2,ok
665,batch_15/000064.jpg,data/raw/batch_15/000064.jpg,flickr_partial,4032,3024,4032,3024,5960554,254875224c8bf51ae2baca03c4f61d72232124c5dc442a83697d95062b3b89db,8,ok
666,batch_15/000065.jpg,data/raw/batch_15/000065.jpg,flickr_partial,4032,3024,4032,3024,7722915,e769d56178d26bfe7c9006a14e6c10c5b5f0560f7e3f3e438a3b271e6c1a32c2,4,ok
667,batch_15/000066.jpg,data/raw/batch_15/000066.jpg,flickr_partial,4032,3024,4032,3024,7971194,d4fa0504316c9bc766a2d102aedc94de824968ff7527391b3ebea3a0ca3e26f0,8,ok
668,batch_15/000067.jpg,data/raw/batch_15/000067.jpg,flickr_partial,1536,2048,1536,2048,2217201,07969700cd44f9b158ccc44a746ea0ce43d102fae93a9cf29e1e1f5c20604696,1,ok
669,batch_15/000068.jpg,data/raw/batch_15/000068.jpg,flickr_partial,1536,2048,1536,2048,1952091,ddc61ed753b0b3b004d3356050552eac8e1d1073b5e1d56d40b912af6ca4846f,1,ok
670,batch_15/000069.jpg,data/raw/batch_15/000069.jpg,flickr_partial,1536,2048,1536,2048,1779671,db5294237cd055fda0efedaf48bca828aa367726ffc6ce5fea698acd5e86b3f9,1,ok
671,batch_15/000070.jpg,data/raw/batch_15/000070.jpg,flickr_partial,1536,2048,1536,2048,2424480,9eaa2ed46adc1627fdb5043758382e54f13f1b28675f48c0447323e3b7ad7669,1,ok
672,batch_15/000071.jpg,data/raw/batch_15/000071.jpg,flickr_partial,2448,3264,2448,3264,3743679,fdc0efc1ae74168380967c50922cf3f516f6312ddb28220ca62944bb58af3d21,4,ok
673,batch_15/000072.jpg,data/raw/batch_15/000072.jpg,flickr_partial,1536,2048,1536,2048,1497849,3bb475fdf4746e80340fccdec39b5693b90075bd71be659ff178c939a080f7bc,2,ok
674,batch_15/000073.jpg,data/raw/batch_15/000073.jpg,flickr_partial,1536,2048,1536,2048,1238256,c95ae36621107847fde386b8ebc2154c343a94ff169f30bbf2f7be4ae537091f,3,ok
675,batch_15/000074.jpg,data/raw/batch_15/000074.jpg,flickr_partial,2048,1536,2048,1536,1955892,15f7a36824f9c3c3f09101bfad26c54564aeb01ae4f9429fb4eb5786471198fe,2,ok
676,batch_15/000075.jpg,data/raw/batch_15/000075.jpg,flickr_partial,1536,2048,1536,2048,1629294,97ed2f3d7e0d11323875a2de1d04bab8ccfd71e6dcd5835f3d96bf80fa265caf,2,ok
677,batch_15/000076.jpg,data/raw/batch_15/000076.jpg,flickr_partial,2048,1536,2048,1536,1807361,1ebb4774dbe8d73072c5a27b9e8c09d2a02bba0cc0fd821fc19456d9151edc79,6,ok
678,batch_15/000077.jpg,data/raw/batch_15/000077.jpg,flickr_partial,2048,1536,2048,1536,836402,9c61e3f19d21fc3c5272214ec5f4bad1d9aaa6b365255a896fa5c1378c954304,2,ok
679,batch_15/000078.jpg,data/raw/batch_15/000078.jpg,flickr_partial,2448,3264,2448,3264,3025832,62ab26f3a8d3f8b342c4aab76341983f734b5329c13d45d687ad93278ddbfc67,6,ok
680,batch_15/000079.jpg,data/raw/batch_15/000079.jpg,flickr_partial,2448,3264,2448,3264,3734275,1ca8f553d340b6faeb30755ed1ea41ae5879c3b28057182dd3594260af196f81,1,ok
681,batch_15/000080.jpg,data/raw/batch_15/000080.jpg,flickr_partial,1536,2048,1536,2048,1991254,b00d3314f459f3189f9c7573ab66b0c00e2a7adfccf2c810aaca614ea041d520,3,ok
682,batch_15/000081.jpg,data/raw/batch_15/000081.jpg,flickr_partial,1536,2048,1536,2048,1944373,9f8151c8a944978cad4c04acfa6211ea2963a70c5318cdd1dc34cbc809905390,1,ok
683,batch_15/000082.jpg,data/raw/batch_15/000082.jpg,flickr_partial,1536,2048,1536,2048,2027737,2b6e9e83d0a97beaf9fd613f452fa76d9be6efb479ddfc3155135c1ff1d9c869,1,ok
684,batch_15/000083.jpg,data/raw/batch_15/000083.jpg,flickr_partial,1536,2048,1536,2048,1169729,23fc8e19ade24a5ef8dc99a9e9d129d9754be9271961def9b3c6ded0bfade2e7,1,ok
685,batch_15/000084.jpg,data/raw/batch_15/000084.jpg,flickr_partial,3264,2448,3264,2448,2383467,0dda8750799e98be2d8215d6aa117f0ee0a13c61d67e43203285cff6ff3ee8bf,3,ok
686,batch_2/000000.JPG,data/official_complete/TACO/data/batch_2/000000.JPG,zenodo_archive,2448,3264,2448,3264,2066619,0dfade8cd3114c81eda14cd3c2991d1732e65e7e0fb25a7c3b72f3bbef28b152,2,ok
687,batch_2/000001.JPG,data/official_complete/TACO/data/batch_2/000001.JPG,zenodo_archive,2448,3264,2448,3264,1849613,fa8beb018d391d3c28199b328f91baa464fba332f64783dc3081e5885eb1944d,3,ok
688,batch_2/000003.JPG,data/official_complete/TACO/data/batch_2/000003.JPG,zenodo_archive,3264,2448,3264,2448,430483,0d99c60e298b873d82112c54e4a1cda84ab89b6ce558829bed89367723e154aa,2,ok
689,batch_2/000005.JPG,data/official_complete/TACO/data/batch_2/000005.JPG,zenodo_archive,2448,3264,2448,3264,572734,76fda316275f0c1e8e1ce22130e5917ba3576ea16fcfa59a97e5e3afc38d4b7b,7,ok
690,batch_2/000006.JPG,data/official_complete/TACO/data/batch_2/000006.JPG,zenodo_archive,2448,3264,2448,3264,1016223,e45ceeea331e385dc712d6f78aaed262450c080f86b0f5df627d6f27aa627191,1,ok
691,batch_2/000007.JPG,data/official_complete/TACO/data/batch_2/000007.JPG,zenodo_archive,2448,3264,2448,3264,758033,a5c07246b37fec972503a9c2f54274bd13a9290f75dc35d8d6db80e9de6e50b2,3,ok
692,batch_2/000008.JPG,data/official_complete/TACO/data/batch_2/000008.JPG,zenodo_archive,2448,3264,2448,3264,1096714,b07a26973b68d35217470b3f6f873d45902594a4849eed02cf56ad198e1be726,2,ok
693,batch_2/000009.JPG,data/official_complete/TACO/data/batch_2/000009.JPG,zenodo_archive,2448,3264,2448,3264,743108,71d1c3a283af2ec1a9c8402ad8b4977acc3af37f7060b3af98327e1a02b6969a,5,ok
694,batch_2/000010.JPG,data/official_complete/TACO/data/batch_2/000010.JPG,zenodo_archive,3264,2448,3264,2448,763776,5c885a55843af8000680a9a3fc755911a69914c22adca092e7ccf60d425b315a,4,ok
695,batch_2/000012.JPG,data/official_complete/TACO/data/batch_2/000012.JPG,zenodo_archive,2448,3264,2448,3264,1845955,1988331909b9e0d713e986fa11dd63451b834db2e560c676655fff60a7e2231f,1,ok
696,batch_2/000013.JPG,data/official_complete/TACO/data/batch_2/000013.JPG,zenodo_archive,2448,3264,2448,3264,2121773,5f6d44dbedac5c3b8278bd193d998e9b235008abe23e518f58f92d0704f0ed9f,2,ok
697,batch_2/000015.JPG,data/official_complete/TACO/data/batch_2/000015.JPG,zenodo_archive,2448,3264,2448,3264,1569675,1f5f839533928b95fff6e1ce5ef636ceaa4e0b94948e88bb0b4e2b08aef5d6f0,1,ok
698,batch_2/000016.JPG,data/official_complete/TACO/data/batch_2/000016.JPG,zenodo_archive,2448,3264,2448,3264,1080513,8eed7da585fbc040cb8a476a8ec652dc5197e698d0cc9d9a36ed6733ea0be508,1,ok
699,batch_2/000017.JPG,data/official_complete/TACO/data/batch_2/000017.JPG,zenodo_archive,2448,3264,2448,3264,1378580,4aba2569add0f0e15d71d822a21ce432e43f8871ae3a02fd7e047828f84d8567,1,ok
700,batch_2/000018.JPG,data/official_complete/TACO/data/batch_2/000018.JPG,zenodo_archive,2448,3264,2448,3264,1538721,0f64ef78a484c850f157b7e20d02893d337d84d4f70faa1d793e11d0fd9b77d1,1,ok
701,batch_2/000019.JPG,data/official_complete/TACO/data/batch_2/000019.JPG,zenodo_archive,3264,2448,3264,2448,1818976,1aa4b2a9f7a3885ba19f60d02cd189627efb4d9647ad9cc754b293987914c902,1,ok
702,batch_2/000020.JPG,data/official_complete/TACO/data/batch_2/000020.JPG,zenodo_archive,3264,2448,3264,2448,1054419,fdac5ad06d7c5230b61623d676f42905d3e445b04a416e7cfe4e73dda0ebc172,1,ok
703,batch_2/000021.JPG,data/official_complete/TACO/data/batch_2/000021.JPG,zenodo_archive,2448,3264,2448,3264,801877,45d61144b2785ba0214740c49fbe075d3886694ea3ac121486cc933d99b71efa,3,ok
704,batch_2/000022.JPG,data/official_complete/TACO/data/batch_2/000022.JPG,zenodo_archive,2448,3264,2448,3264,1378289,d0428582cd3ab9fd374544fa2fba210d00e4cd5883c17db243f72e008c27061e,4,ok
705,batch_2/000023.JPG,data/official_complete/TACO/data/batch_2/000023.JPG,zenodo_archive,3264,2448,3264,2448,568227,fba8bf8a51c1f9facd404b7e19f1c5210d2aa5a0916c786235ffab968b50c47d,3,ok
706,batch_2/000024.JPG,data/official_complete/TACO/data/batch_2/000024.JPG,zenodo_archive,2448,3264,2448,3264,454282,665fa6a9552cc686582c586f82ab37d55c163b52c3ad5f525ad184ccbc8225e4,4,ok
707,batch_2/000025.JPG,data/official_complete/TACO/data/batch_2/000025.JPG,zenodo_archive,2448,3264,2448,3264,646484,87e3d1fa94abe5c6f7fcc2e440a4cd29db825f20a060dffadd57bc023085ca30,2,ok
708,batch_2/000026.JPG,data/official_complete/TACO/data/batch_2/000026.JPG,zenodo_archive,3264,2448,3264,2448,607982,4539a1cb81208e4da52399747a4dae6b7ac4acbda2be7199981b6754b90bc111,6,ok
709,batch_2/000027.JPG,data/official_complete/TACO/data/batch_2/000027.JPG,zenodo_archive,3264,2448,3264,2448,654997,5029af6ab5d2f36504fce9db6aaaa2b066911995e660a419e43addbe55756a08,5,ok
710,batch_2/000029.JPG,data/official_complete/TACO/data/batch_2/000029.JPG,zenodo_archive,2448,3264,2448,3264,961167,8842ef1f72a0be5ef06a5b907494ef78d7581131eb5e35093bd8fb626225a866,2,ok
711,batch_2/000031.JPG,data/official_complete/TACO/data/batch_2/000031.JPG,zenodo_archive,2448,3264,2448,3264,798988,03856f7858b203803d83a6946f56701510f784a394872e2e924ee4b70eae5be8,1,ok
712,batch_2/000032.JPG,data/official_complete/TACO/data/batch_2/000032.JPG,zenodo_archive,2448,3264,2448,3264,580361,e606c9030436ceac1440854bac713ef7da22d2f8bf7cdd948bc89e9feaf7a1d8,2,ok
713,batch_2/000033.JPG,data/official_complete/TACO/data/batch_2/000033.JPG,zenodo_archive,2448,3264,2448,3264,943815,064aa221e703ae8b3afafa7c476be6947354416eb7666700c5df26989af47f65,9,ok
714,batch_2/000034.JPG,data/official_complete/TACO/data/batch_2/000034.JPG,zenodo_archive,2448,3264,2448,3264,1166860,2e820dfcca81a9b8ae79601175c6f4c69c02291356dd78c020f1413d782a1be8,8,ok
715,batch_2/000035.JPG,data/official_complete/TACO/data/batch_2/000035.JPG,zenodo_archive,2448,3264,2448,3264,1108875,5b79036776419f6381b51e6b6270fc3e5de538243c8b07a694898f0e69b3bda1,5,ok
716,batch_2/000036.JPG,data/official_complete/TACO/data/batch_2/000036.JPG,zenodo_archive,2448,3264,2448,3264,1631529,4c83595882da040b68a3696410cbc5cd56cafc513d0dd7828660e9bd3802fabd,2,ok
717,batch_2/000037.JPG,data/official_complete/TACO/data/batch_2/000037.JPG,zenodo_archive,2448,3264,2448,3264,1919126,22032788b143aef8accec5f0c750a88ecc5faac04d02717e1738b6acd5fe81aa,2,ok
718,batch_2/000038.JPG,data/official_complete/TACO/data/batch_2/000038.JPG,zenodo_archive,2448,3264,2448,3264,1794799,1cb626f8f5d729557ff4b7bf595fe40953a387a16ce22fc788bed3a9c099e501,4,ok
719,batch_2/000039.JPG,data/official_complete/TACO/data/batch_2/000039.JPG,zenodo_archive,2448,3264,2448,3264,1807514,7b389eb58049d87a9cd738437239cfc2e7273425f7f6849721e2bb6d8c1b45c8,2,ok
720,batch_2/000040.JPG,data/official_complete/TACO/data/batch_2/000040.JPG,zenodo_archive,2448,3264,2448,3264,1929886,332734db59c1f5be52bae4519f80571b3961c8d71437cbcab885db4d4265d972,1,ok
721,batch_2/000041.JPG,data/official_complete/TACO/data/batch_2/000041.JPG,zenodo_archive,2448,3264,2448,3264,2258010,a1d08f91a9ae7522a266da021bf6607b57e060147ce4973414a221f7e2a870b4,2,ok
722,batch_2/000042.JPG,data/official_complete/TACO/data/batch_2/000042.JPG,zenodo_archive,2448,3264,2448,3264,2111720,ddcb47ea651852ff9c0b4c1a329c977fa5fd510503461cdd1d0ab93cce385a77,2,ok
723,batch_2/000043.JPG,data/official_complete/TACO/data/batch_2/000043.JPG,zenodo_archive,2448,3264,2448,3264,2247247,4be552cb95198048ed77fa8979047c6322dcdb5d56522b8af94564a03951cdb2,2,ok
724,batch_2/000044.JPG,data/official_complete/TACO/data/batch_2/000044.JPG,zenodo_archive,2448,3264,2448,3264,1456714,c770bedac5ed97bffbdaafcb2be33caeee815c775489e14048c35f1cd89b1395,3,ok
725,batch_2/000046.JPG,data/official_complete/TACO/data/batch_2/000046.JPG,zenodo_archive,2448,3264,2448,3264,2091323,9c41195048884b6584d828a5ab93144e3456be57f9049175c2acfe0a7aa30943,1,ok
726,batch_2/000047.JPG,data/official_complete/TACO/data/batch_2/000047.JPG,zenodo_archive,2448,3264,2448,3264,1959801,4d4ce10ae91f7041352631261d023b95ae9ef0959740ec91c646ed99f8e2f439,2,ok
727,batch_2/000048.JPG,data/official_complete/TACO/data/batch_2/000048.JPG,zenodo_archive,2448,3264,2448,3264,1264531,35c2b9484cb8daab74967ef99c436e1dc59c79e274452894e1ad08db79fc33f6,37,ok
728,batch_2/000050.JPG,data/official_complete/TACO/data/batch_2/000050.JPG,zenodo_archive,2448,3264,2448,3264,1780119,e2e980322e706c8ce0f2d5845769e3350a0d699871b9ccef017c014b8c9e3787,7,ok
729,batch_2/000051.JPG,data/official_complete/TACO/data/batch_2/000051.JPG,zenodo_archive,2448,3264,2448,3264,1534020,7eef588cba0792faa9fb64d4555e3d6c307a250151d627fffa5f0b034b54a71f,2,ok
730,batch_2/000052.JPG,data/official_complete/TACO/data/batch_2/000052.JPG,zenodo_archive,2448,3264,2448,3264,1707411,e83e7d328ca6b97890771b7639ccf9bad0365ea901521b67e00d9c8d403f0acd,8,ok
731,batch_2/000053.JPG,data/official_complete/TACO/data/batch_2/000053.JPG,zenodo_archive,2448,3264,2448,3264,1991128,ebdc84fb787cf968943c7bb13a274040f3ea8474d8fcfe252230bc168386eda8,3,ok
732,batch_2/000054.JPG,data/official_complete/TACO/data/batch_2/000054.JPG,zenodo_archive,2448,3264,2448,3264,1844302,0e72ce2cde06df07bb437f0c1293c196052312276ae1c5101205ceef006636df,9,ok
733,batch_2/000055.JPG,data/official_complete/TACO/data/batch_2/000055.JPG,zenodo_archive,2448,3264,2448,3264,1740709,5dabbb19171d31e4da003a2b407d46cf67aa2cb824d6acd3c1c0fd852575889f,1,ok
734,batch_2/000056.JPG,data/official_complete/TACO/data/batch_2/000056.JPG,zenodo_archive,2448,3264,2448,3264,2162205,cb407dc81fd421e86bb65d10bdd6886aebf75354e24b7b6738a1bcf83e653e0b,1,ok
735,batch_2/000057.JPG,data/official_complete/TACO/data/batch_2/000057.JPG,zenodo_archive,2448,3264,2448,3264,2210463,0a6c24e2a72542283879ac83f3780cf2d71e96f6fb9df528a6407e816b4da0a7,1,ok
736,batch_2/000058.JPG,data/official_complete/TACO/data/batch_2/000058.JPG,zenodo_archive,2448,3264,2448,3264,2312451,1175e6ce762857fdd3ffe498ba6b42cc8f55f5fe8713d58e08df9c0fe20a0cd7,1,ok
737,batch_2/000059.JPG,data/official_complete/TACO/data/batch_2/000059.JPG,zenodo_archive,2448,3264,2448,3264,2317944,3a24945bcd9fa9a376d3d1f4630c2b59e5234941969f16258b815cdae057b6b5,4,ok
738,batch_2/000060.JPG,data/official_complete/TACO/data/batch_2/000060.JPG,zenodo_archive,3264,2448,3264,2448,3098835,bff68929d3e7de0384297d7237c4bdd2761df6984b25b2b732f06a0eddd35ec8,1,ok
739,batch_2/000061.JPG,data/official_complete/TACO/data/batch_2/000061.JPG,zenodo_archive,3264,2448,3264,2448,2789390,6a412ec58d8c2190afafd1e957c7ea22a403b2eff6b7eaa03e7d78d73d620ddc,1,ok
740,batch_2/000062.JPG,data/official_complete/TACO/data/batch_2/000062.JPG,zenodo_archive,3264,2448,3264,2448,2548963,3685feba0b86e44ffeb740f18b86db76b4cb0b8ef6045dbcdedd62582afa86ff,1,ok
741,batch_2/000063.JPG,data/official_complete/TACO/data/batch_2/000063.JPG,zenodo_archive,3264,2448,3264,2448,3014075,b6dbca16886b08fd3bf053918ed848e7272ec73ce9abbfdbcf0abe5c0263a919,1,ok
742,batch_2/000064.JPG,data/official_complete/TACO/data/batch_2/000064.JPG,zenodo_archive,3264,2448,3264,2448,2000974,af699ad6b4e722775ae58bfeff351a7c438bf1acd5267bff0d084267e0db1915,1,ok
743,batch_2/000065.JPG,data/official_complete/TACO/data/batch_2/000065.JPG,zenodo_archive,2448,3264,2448,3264,2795310,e6823e24596d02541ec27d4ca77a48d91bbe347db629f2cbae1b69f38b97eb37,2,ok
744,batch_2/000067.JPG,data/official_complete/TACO/data/batch_2/000067.JPG,zenodo_archive,3264,2448,3264,2448,2476008,d750d4da1f49ab72692b1eb4b765a7cab343ade1ace156832d4869cc3720a7e2,1,ok
745,batch_2/000068.JPG,data/official_complete/TACO/data/batch_2/000068.JPG,zenodo_archive,2448,3264,2448,3264,1695469,c64a911adc89f85bb722dd5d89dc23422718187b3fa5e51d7583eede6f334e04,3,ok
746,batch_2/000069.JPG,data/official_complete/TACO/data/batch_2/000069.JPG,zenodo_archive,3264,2448,3264,2448,2485905,63a7e7352c59c95cf77e46844e338a4b277b058a7d815891e28148b137a61395,1,ok
747,batch_2/000070.JPG,data/official_complete/TACO/data/batch_2/000070.JPG,zenodo_archive,3264,2448,3264,2448,3002911,b5e4101944e3c9fdfdb2f6316081ce075c2a91f611b632121830ed9302f23ea6,1,ok
748,batch_2/000071.JPG,data/official_complete/TACO/data/batch_2/000071.JPG,zenodo_archive,2448,3264,2448,3264,2575131,27c61cc6a663a47b088c94e39ffee5c52c1a712f4a935548f242b6b23b4c3df6,1,ok
749,batch_2/000072.JPG,data/official_complete/TACO/data/batch_2/000072.JPG,zenodo_archive,3264,2448,3264,2448,2622964,d8d30fb7595cc08bd110608471565df6788328a650e7a888690781e5c5c745ed,1,ok
750,batch_2/000073.JPG,data/official_complete/TACO/data/batch_2/000073.JPG,zenodo_archive,2448,3264,2448,3264,1971757,eea41402945a9ac7e2c68ed22d35f3cd0272320320a2c963b25ad5b3595ebb1b,3,ok
751,batch_2/000074.JPG,data/official_complete/TACO/data/batch_2/000074.JPG,zenodo_archive,3264,2448,3264,2448,2142565,1264902e9407a8ec1a309fefe89d380cd0758f4b02954d631fcfaf269cdb65f3,3,ok
752,batch_2/000075.JPG,data/official_complete/TACO/data/batch_2/000075.JPG,zenodo_archive,3264,2448,3264,2448,1857164,5b848f812a6835bdbbdb71608b84591986d469e545c9b3854f0283f1044bdece,6,ok
753,batch_2/000076.JPG,data/official_complete/TACO/data/batch_2/000076.JPG,zenodo_archive,3264,2448,3264,2448,1781172,65498e7984df4905adb64e88e4626cd7e5cb0f4b1e02dcb0bc74cda06be458ed,3,ok
754,batch_2/000077.JPG,data/official_complete/TACO/data/batch_2/000077.JPG,zenodo_archive,2448,3264,2448,3264,783965,31fe614e8371ffa21e2ded19b3bf7eb9d3a5f4bf40e5bb2d215b94e47f28bec5,2,ok
755,batch_2/000079.JPG,data/official_complete/TACO/data/batch_2/000079.JPG,zenodo_archive,2448,3264,2448,3264,1372893,78b00693a2ec299f6a2ec1e94749ed58064f696ad80a15d635fcb28b77d67192,5,ok
756,batch_2/000080.JPG,data/official_complete/TACO/data/batch_2/000080.JPG,zenodo_archive,2448,3264,2448,3264,1500279,7130f5e9ed6c5ac48e5d42e5fa4f7536987f7ade3f3c1a72be79e685a1417715,3,ok
757,batch_2/000081.JPG,data/official_complete/TACO/data/batch_2/000081.JPG,zenodo_archive,2448,3264,2448,3264,1203998,dbcf9366a120133765701cca8e83223efae8d7419da35118228100a3bf9f7c28,2,ok
758,batch_2/000082.JPG,data/official_complete/TACO/data/batch_2/000082.JPG,zenodo_archive,2448,3264,2448,3264,2093537,d09beb33a5241a42f0fc7b24172b20b715dc8776f11f1097dee7e41cb8786981,9,ok
759,batch_2/000083.JPG,data/official_complete/TACO/data/batch_2/000083.JPG,zenodo_archive,2448,3264,2448,3264,1982601,c8a8d6729e01092759b610b7df29958ee8b968e1223e34c1de8e5558d1d974f4,1,ok
760,batch_2/000085.JPG,data/official_complete/TACO/data/batch_2/000085.JPG,zenodo_archive,2448,3264,2448,3264,1627607,81a1c88e3f730c74e36f890d835d4a39e54ebb4c858a1935bbea2fd145eca9ce,1,ok
761,batch_2/000086.JPG,data/official_complete/TACO/data/batch_2/000086.JPG,zenodo_archive,2448,3264,2448,3264,1235931,46707008adf7a24fd01578a5bbc1885fbeedec802b1c058e8a30f4a22f4d5a17,2,ok
762,batch_2/000014.JPG,data/official_complete/TACO/data/batch_2/000014.JPG,zenodo_archive,2442,2597,2442,2597,566675,a2194b2f0a28a927ec7310450689109af1dbeb72bb40cfda68b665dc14596c98,1,ok
763,batch_2/000030.JPG,data/official_complete/TACO/data/batch_2/000030.JPG,zenodo_archive,2214,3264,2214,3264,765851,74c0223e7e2635d5087b42ef29834c4d8a1bc8d11632010f8e6ca395657b1c66,4,ok
764,batch_2/000049.JPG,data/official_complete/TACO/data/batch_2/000049.JPG,zenodo_archive,3163,2448,3163,2448,1680925,fd8b6306862550b3039f503a7c7d039e0bab0bd1b25f2cd9dafa4ca39444df16,10,ok
765,batch_2/000088.JPG,data/official_complete/TACO/data/batch_2/000088.JPG,zenodo_archive,2448,3264,2448,3264,1707034,e508819c5bd722de74be50f6e76655f2bfaf8095926ad733cae20f1824d76ccf,2,ok
766,batch_2/000089.JPG,data/official_complete/TACO/data/batch_2/000089.JPG,zenodo_archive,3264,2448,3264,2448,1883983,482706bf622d041c2603d0cbacae81cf5512dc7076e212f466911cc457183add,1,ok
767,batch_2/000090.JPG,data/official_complete/TACO/data/batch_2/000090.JPG,zenodo_archive,3264,2448,3264,2448,2209961,2148430a5c94a49d08e17e86e46ea77be6447c0f6e61745a52bca66587b74a92,1,ok
768,batch_2/000091.JPG,data/official_complete/TACO/data/batch_2/000091.JPG,zenodo_archive,3264,2448,3264,2448,1847301,579c96ac29e718a51fd1b704a9ae23910aff1129b274a6a20cef19573ca406fc,1,ok
769,batch_2/000092.JPG,data/official_complete/TACO/data/batch_2/000092.JPG,zenodo_archive,3264,2448,3264,2448,1095740,acfef05fa634ebe9c74cbe02c4330e2b376da4457e3aeb3da6685d92f58a0d3c,1,ok
770,batch_2/000093.JPG,data/official_complete/TACO/data/batch_2/000093.JPG,zenodo_archive,2448,3264,2448,3264,1888945,aca90e2d630f0c59e744b44e34c0f47d6a55dfa595774f57de02a95cdeb0a2c7,1,ok
771,batch_2/000094.JPG,data/official_complete/TACO/data/batch_2/000094.JPG,zenodo_archive,3264,2448,3264,2448,1926494,b85bca975f92a51ff8380b993c372f32d729ce66a0480aaf09fe8f0ddd247abb,1,ok
772,batch_2/000095.JPG,data/official_complete/TACO/data/batch_2/000095.JPG,zenodo_archive,3264,2448,3264,2448,1174207,a8c2e68f6b7681dd0c8c5af7f3c8e87e57ea0a45068c7c6e2e9cdc2a11a9803b,1,ok
773,batch_2/000096.JPG,data/official_complete/TACO/data/batch_2/000096.JPG,zenodo_archive,3264,2448,3264,2448,1435163,a2a6bb5101921aa2c1017ba6b348217981f653242f314a72c9f514aa3e57edf0,2,ok
774,batch_2/000097.JPG,data/official_complete/TACO/data/batch_2/000097.JPG,zenodo_archive,2448,3264,2448,3264,1803721,08bee7279ebf1f80e0aedc6f90ce2c7bd48d466b178e78178486a703ef7db114,1,ok
775,batch_2/000098.JPG,data/official_complete/TACO/data/batch_2/000098.JPG,zenodo_archive,2448,3264,2448,3264,1715588,9e415c327dcc16532c2c2833c8157548202d44d5b93b71ce78d72a22c0f090fd,8,ok
776,batch_2/000099.JPG,data/official_complete/TACO/data/batch_2/000099.JPG,zenodo_archive,2448,3264,2448,3264,2317146,a10f9b66fce2bad208f0613ffaea1ef1b9401e7669232570c25831a9610a5a64,1,ok
777,batch_2/000084.JPG,data/official_complete/TACO/data/batch_2/000084.JPG,zenodo_archive,1925,1408,1925,1408,520911,60de63f07759bc5c443f41f12264209aae5fa05e3eb75b61ce7d051370382b8a,8,ok
778,batch_3/IMG_4972.JPG,data/official_complete/TACO/data/batch_3/IMG_4972.JPG,zenodo_archive,2448,3264,2448,3264,2187754,25df27e1149e902dc89058b32b5f8c4ab5f2ea1ab78ac9895c45babb604e2020,2,ok
779,batch_3/IMG_4977.JPG,data/official_complete/TACO/data/batch_3/IMG_4977.JPG,zenodo_archive,2448,3264,2448,3264,1502118,04b4043edade5078e66b153dd64db5b5478355834a45bd8f5f41595769772798,1,ok
780,batch_3/IMG_4978.JPG,data/official_complete/TACO/data/batch_3/IMG_4978.JPG,zenodo_archive,2448,3264,2448,3264,1258607,13f6cb4db4029c3ac3d6242bf6bdc42a8d06bc1856f23c5c0ed489b97139af5d,2,ok
781,batch_3/IMG_4980.JPG,data/official_complete/TACO/data/batch_3/IMG_4980.JPG,zenodo_archive,2448,3264,2448,3264,1897932,68c05c3bbe704980d88b9d85b89d7131da32e6bbc902babcc58a14e2b3671d6a,2,ok
782,batch_3/IMG_4992.JPG,data/official_complete/TACO/data/batch_3/IMG_4992.JPG,zenodo_archive,2448,3264,2448,3264,2204170,5496d222733303e3075731296b5bd67b251518a11227b9204f288d7e7afef7a8,2,ok
783,batch_3/IMG_4994.JPG,data/official_complete/TACO/data/batch_3/IMG_4994.JPG,zenodo_archive,2448,3264,2448,3264,1680658,e0fcacb166f45e95f2c29414336990821ce2275a9f54908cb22df7faa078e6de,3,ok
784,batch_3/IMG_4996.JPG,data/official_complete/TACO/data/batch_3/IMG_4996.JPG,zenodo_archive,2448,3264,2448,3264,1428628,d184f9287e770e5411d1882a01e6ebcffb862d0f174877251786ccd45d87986b,4,ok
785,batch_3/IMG_4997.JPG,data/official_complete/TACO/data/batch_3/IMG_4997.JPG,zenodo_archive,2448,3264,2448,3264,1912311,a5638848d778b4678495490e3a65217d270fb03d68d08c045da025e7a0b8bdc1,2,ok
786,batch_3/IMG_4998.JPG,data/official_complete/TACO/data/batch_3/IMG_4998.JPG,zenodo_archive,2448,3264,2448,3264,2066762,c38abdbbb8ca91af9b323c3194d5240155a54cab89766ccf0fbef40de12fb343,1,ok
787,batch_3/IMG_5002.JPG,data/official_complete/TACO/data/batch_3/IMG_5002.JPG,zenodo_archive,2448,3264,2448,3264,829915,0baef6e9bf9363be7864124db338008704092ac3d3de023715f217328bcc742b,2,ok
788,batch_3/IMG_5003.JPG,data/official_complete/TACO/data/batch_3/IMG_5003.JPG,zenodo_archive,2448,3264,2448,3264,1877932,a90c30db5935b2c9a4721a12db2b7821b3f969b267964834f59e999f1d34fce8,18,ok
789,batch_3/IMG_5036.JPG,data/official_complete/TACO/data/batch_3/IMG_5036.JPG,zenodo_archive,2448,3264,2448,3264,808261,fa867be67e8d4483e11479aaed6acb64e4a53e39aae131cd10b085efbcfa4eb6,2,ok
790,batch_3/IMG_5039.JPG,data/official_complete/TACO/data/batch_3/IMG_5039.JPG,zenodo_archive,2448,3264,2448,3264,1374795,97770b2c7cf1f6b7e1fb57ad704d3160fe232be49227dff83fb8d61bf9f3b8a7,2,ok
791,batch_3/IMG_5040.JPG,data/official_complete/TACO/data/batch_3/IMG_5040.JPG,zenodo_archive,2448,3264,2448,3264,539974,a3628c181728d3a9e1faf684e92f57ab41373cd6688f0cff4d599c461a208f3d,1,ok
792,batch_3/IMG_5041.JPG,data/official_complete/TACO/data/batch_3/IMG_5041.JPG,zenodo_archive,2448,3264,2448,3264,580404,fd9884403eca2f2e026262f08490efd45f44b2276eb31220e921137b28386c31,1,ok
793,batch_3/IMG_5042.JPG,data/official_complete/TACO/data/batch_3/IMG_5042.JPG,zenodo_archive,2448,3264,2448,3264,698618,8839c116b3b3260c4301eeb99217aec1f01c8e09a64a42553fd99c6b6cb921df,1,ok
794,batch_3/IMG_5043.JPG,data/official_complete/TACO/data/batch_3/IMG_5043.JPG,zenodo_archive,2448,3264,2448,3264,801615,89f95125646dcee25c3bd8a5e7c1f8a5fecda698dab527335574abac427c4dd2,1,ok
795,batch_3/IMG_5044.JPG,data/official_complete/TACO/data/batch_3/IMG_5044.JPG,zenodo_archive,2448,3264,2448,3264,517632,467d54fe82f3e2a4fd4c6a78ad61857aa28ababd0082da873b3c52393a46b3a4,1,ok
796,batch_3/IMG_5045.JPG,data/official_complete/TACO/data/batch_3/IMG_5045.JPG,zenodo_archive,2448,3264,2448,3264,610724,f8b339f2f48920ed29a50afa3d56180089ac8dc7b7dded216122e4b045eccef4,2,ok
797,batch_3/IMG_5046.JPG,data/official_complete/TACO/data/batch_3/IMG_5046.JPG,zenodo_archive,2448,3264,2448,3264,1523305,d6119dd1dd517dd1ac2be55dbee215addb6ad8a11184027ac2a03b7db1947596,4,ok
798,batch_3/IMG_5048.JPG,data/official_complete/TACO/data/batch_3/IMG_5048.JPG,zenodo_archive,2448,3264,2448,3264,611612,85c3d57c3badd448040810c561d1a35bb82d53c652923995bd9f8eb920607939,1,ok
799,batch_3/IMG_5049.JPG,data/official_complete/TACO/data/batch_3/IMG_5049.JPG,zenodo_archive,2448,3264,2448,3264,468352,9b1e03c8168d20ba8010e84c6c680277006c56611c773147b594a3acd4300ab4,1,ok
800,batch_3/IMG_5050.JPG,data/official_complete/TACO/data/batch_3/IMG_5050.JPG,zenodo_archive,2448,3264,2448,3264,455977,f582041501188acb3bc342e529b826033d71f6095b722039abfbc095bfe516e0,2,ok
801,batch_3/IMG_5051.JPG,data/official_complete/TACO/data/batch_3/IMG_5051.JPG,zenodo_archive,2448,3264,2448,3264,787640,0f5a21d91ed5b4df640c8127e5a36936ad87aea6aa2fd644cacd90457ff95bf0,1,ok
802,batch_3/IMG_5052.JPG,data/official_complete/TACO/data/batch_3/IMG_5052.JPG,zenodo_archive,2448,3264,2448,3264,785403,cc78a92fb3b60db9cfd1664b1a724c7c23cc102ee855f09f7191d678fecd438c,1,ok
803,batch_3/IMG_5053.JPG,data/official_complete/TACO/data/batch_3/IMG_5053.JPG,zenodo_archive,2448,3264,2448,3264,788497,31851202f7fabd197a0b4864eee0a70034f5dbde531fa8ccf0dc7294cd193e45,3,ok
804,batch_3/IMG_5054.JPG,data/official_complete/TACO/data/batch_3/IMG_5054.JPG,zenodo_archive,2448,3264,2448,3264,803596,f4bb4aa55a54fe12d09526427d916eb6285946cc6958c4bf6560acc718436e68,6,ok
805,batch_3/IMG_5055.JPG,data/official_complete/TACO/data/batch_3/IMG_5055.JPG,zenodo_archive,2448,3264,2448,3264,1702037,0215be9f948fa5c534b7e3d6b84753a44bcfbfd603c3818456ddda55122cf57a,3,ok
806,batch_3/IMG_5056.JPG,data/official_complete/TACO/data/batch_3/IMG_5056.JPG,zenodo_archive,2448,3264,2448,3264,1453661,24e5ab2a17c8c1dcb3d6a1e20d9bb48fb0d9c4ad9bccde86acd4eac2dc66b6b9,1,ok
807,batch_3/IMG_5057.JPG,data/official_complete/TACO/data/batch_3/IMG_5057.JPG,zenodo_archive,2448,3264,2448,3264,1598637,adfe1db1f45ca68c34808050722bf9c5170886828df5f27b2829e9af2cd549de,1,ok
808,batch_3/IMG_5058.JPG,data/official_complete/TACO/data/batch_3/IMG_5058.JPG,zenodo_archive,2448,3264,2448,3264,983671,e169f750b9f939b5ae67c08552e3e211dea1165145bd35ba6424affd59704d7f,1,ok
809,batch_3/IMG_5060.JPG,data/official_complete/TACO/data/batch_3/IMG_5060.JPG,zenodo_archive,2448,3264,2448,3264,1693244,1db44f16098f0d8819ddf8a97ec0ef336fe57c56d1dabde53c891098d8545a9d,4,ok
810,batch_3/IMG_4852.JPG,data/official_complete/TACO/data/batch_3/IMG_4852.JPG,zenodo_archive,3264,2448,3264,2448,748471,2636cf914b19f5dca9848811c84b170b7aa0ab22eec1bbd965253a83acd557e9,2,ok
811,batch_3/IMG_4854.JPG,data/official_complete/TACO/data/batch_3/IMG_4854.JPG,zenodo_archive,3264,2448,3264,2448,1976701,60730aa5576dab5f7584c85c07d98f6b4996d91efa8f160619442d9de2ea7609,1,ok
812,batch_3/IMG_4855.JPG,data/official_complete/TACO/data/batch_3/IMG_4855.JPG,zenodo_archive,3264,2448,3264,2448,1554407,b32eb1526ffbec74d7c2904cf56f869e63edc01088719a8abdfc2c75ad2a2961,1,ok
813,batch_3/IMG_4856.JPG,data/official_complete/TACO/data/batch_3/IMG_4856.JPG,zenodo_archive,3264,2448,3264,2448,1959977,b449c482f941855f96b390678960d4784c4c0574e5a54268ccf0223c8233f8f4,1,ok
814,batch_3/IMG_4859.JPG,data/official_complete/TACO/data/batch_3/IMG_4859.JPG,zenodo_archive,2448,3264,2448,3264,1624683,54af2e99394528f98d829b5b496595bb5c254442a2765f7d320b6dc1df0fe30a,2,ok
815,batch_3/IMG_4860.JPG,data/official_complete/TACO/data/batch_3/IMG_4860.JPG,zenodo_archive,2448,3264,2448,3264,655801,f25fbd13cba58a035ac8230a6837da30680cb54489eae1d11bfcfa310f5bfbd1,4,ok
816,batch_3/IMG_4862.JPG,data/official_complete/TACO/data/batch_3/IMG_4862.JPG,zenodo_archive,2448,3264,2448,3264,1600778,343025fb4c12b9fa95f8e99f7b9fb3b9253ca267755bed24c5e95c5026aff5e1,8,ok
817,batch_3/IMG_4865.JPG,data/official_complete/TACO/data/batch_3/IMG_4865.JPG,zenodo_archive,2448,3264,2448,3264,384656,c0b37f2fc3b27baa6014cd7ff6429a330faf0d0c234240a18fb726268159d3bf,2,ok
818,batch_3/IMG_4868.JPG,data/official_complete/TACO/data/batch_3/IMG_4868.JPG,zenodo_archive,2448,3264,2448,3264,540445,4cf5af49f5c8922b7324ec549938cd5afba17531b0184dd3cc145d1edde4e545,2,ok
819,batch_3/IMG_4869.JPG,data/official_complete/TACO/data/batch_3/IMG_4869.JPG,zenodo_archive,2448,3264,2448,3264,483383,0061cc19ae30df8399bb92d859ad1e02950b978bece53ac20d2d1bd1ba18905d,1,ok
820,batch_3/IMG_4874.JPG,data/official_complete/TACO/data/batch_3/IMG_4874.JPG,zenodo_archive,2448,3264,2448,3264,509776,423c941263a9520d67c5fc030c161d8ea84225f4f8ef1f1b23b31ab0e50ddbe3,2,ok
821,batch_3/IMG_4875.JPG,data/official_complete/TACO/data/batch_3/IMG_4875.JPG,zenodo_archive,3264,2448,3264,2448,467604,dadf2b091977b3adb7c7ef5db237cc25bba91fd07fe47d6f4f82b2c4ca2bd5e9,2,ok
822,batch_3/IMG_4876.JPG,data/official_complete/TACO/data/batch_3/IMG_4876.JPG,zenodo_archive,2448,3264,2448,3264,514350,1b7b5ec798d2ba97a2866d2a7bfb9f4bff5d822c918ca9dfc8ea074784f57fa2,2,ok
823,batch_3/IMG_4877.JPG,data/official_complete/TACO/data/batch_3/IMG_4877.JPG,zenodo_archive,2448,3264,2448,3264,416891,9776dff26cd76a2636c0179de0e4155be6c752436844df1ef53c95a2dfde4ca1,2,ok
824,batch_3/IMG_4878.JPG,data/official_complete/TACO/data/batch_3/IMG_4878.JPG,zenodo_archive,3264,2448,3264,2448,494310,ccf4e3d667c4d00620991b1c0974a5cb04cd07e2e78e521344c83d9224bef58f,2,ok
825,batch_3/IMG_4879.JPG,data/official_complete/TACO/data/batch_3/IMG_4879.JPG,zenodo_archive,2448,3264,2448,3264,363814,e79333028bcf80f7c22bfa831c8a0d62d1280959ca113e6c939877895c672734,1,ok
826,batch_3/IMG_4883.JPG,data/official_complete/TACO/data/batch_3/IMG_4883.JPG,zenodo_archive,2448,3264,2448,3264,2104843,591981d137a112ec6ebaa6b96de305aa138abb26e341da9e02871320e2c0a790,2,ok
827,batch_3/IMG_4887.JPG,data/official_complete/TACO/data/batch_3/IMG_4887.JPG,zenodo_archive,2448,3264,2448,3264,1989162,0abea3d8d09e971630db069ef06913a1dac4a563608ca63fffa886fe7a1717d3,2,ok
828,batch_3/IMG_4889.JPG,data/official_complete/TACO/data/batch_3/IMG_4889.JPG,zenodo_archive,2448,3264,2448,3264,1962837,d6af2b94d91c0da0969890edf65e11b8823333016f2f80dc9db31be4bfd76e8c,2,ok
829,batch_3/IMG_4891.JPG,data/official_complete/TACO/data/batch_3/IMG_4891.JPG,zenodo_archive,2448,3264,2448,3264,1904688,b500e4da690367b35cb06de2116103e030e6b44d1d7000175e5d3cc7d09c575c,3,ok
830,batch_3/IMG_4893.JPG,data/official_complete/TACO/data/batch_3/IMG_4893.JPG,zenodo_archive,2448,3264,2448,3264,1628650,49ef0445f0d22dc931298bfcd648911d9fb53757a9e52d40853c1d1a135bb47b,2,ok
831,batch_3/IMG_4895.JPG,data/official_complete/TACO/data/batch_3/IMG_4895.JPG,zenodo_archive,2448,3264,2448,3264,2263211,c73b02d8d15ab121bdae528dc14e3759cbea27929713cb5a200ba7188904f9c5,2,ok
832,batch_3/IMG_4897.JPG,data/official_complete/TACO/data/batch_3/IMG_4897.JPG,zenodo_archive,2448,3264,2448,3264,2295698,3c58f4612bdbdc57116e2b1369959daf5ba9ba8331feff08cf88c5d192752ecf,3,ok
833,batch_3/IMG_4898.JPG,data/official_complete/TACO/data/batch_3/IMG_4898.JPG,zenodo_archive,2448,3264,2448,3264,1741466,0a9324bc6eff6bd0c79a01641614357f0cfd14aa3c1f3647c5a80a2810294bca,1,ok
834,batch_3/IMG_4901.JPG,data/official_complete/TACO/data/batch_3/IMG_4901.JPG,zenodo_archive,2448,3264,2448,3264,2334315,8c828a3cede300b395af8441cc1963a8c759ba43bdfd368e1c8462935220cc68,3,ok
835,batch_3/IMG_4902.JPG,data/official_complete/TACO/data/batch_3/IMG_4902.JPG,zenodo_archive,2448,3264,2448,3264,2076367,b953f8e13d253190f49fec69329d8cfb336e52f935bf7b401956b77a6cbd60a0,4,ok
836,batch_3/IMG_4907.JPG,data/official_complete/TACO/data/batch_3/IMG_4907.JPG,zenodo_archive,2448,3264,2448,3264,1870385,dedc1f7d0317483bbab0bc052f324d27f79bd837587094640be8a6a51c71ecb9,1,ok
837,batch_3/IMG_4911.JPG,data/official_complete/TACO/data/batch_3/IMG_4911.JPG,zenodo_archive,2448,3264,2448,3264,1853622,e3a094ad50579bbe99746aa9cabbf8aca62c7d4451324f1c964a60a273320563,2,ok
838,batch_3/IMG_4913.JPG,data/official_complete/TACO/data/batch_3/IMG_4913.JPG,zenodo_archive,2448,3264,2448,3264,1163561,311c78edbb9ad5920b1df6c50d86927e5991b6b5d1c1170fec84ac6f84e3ba7a,5,ok
839,batch_3/IMG_4914.JPG,data/official_complete/TACO/data/batch_3/IMG_4914.JPG,zenodo_archive,2448,3264,2448,3264,368834,72e0d4611356660b60b82c23a0cee7a7cc3bf740571734ff47692bec41590514,5,ok
840,batch_3/IMG_4915.JPG,data/official_complete/TACO/data/batch_3/IMG_4915.JPG,zenodo_archive,2448,3264,2448,3264,397039,963dad0cfffe5694e3c546155a8c85156fd731f66fac53f5ec388e1b1c0580d7,1,ok
841,batch_3/IMG_4916.JPG,data/official_complete/TACO/data/batch_3/IMG_4916.JPG,zenodo_archive,2448,3264,2448,3264,396328,f2a51f7db7a297db192368aa4f74e512edc97b3520445b4182dcba5cc29916ad,2,ok
842,batch_3/IMG_4917.JPG,data/official_complete/TACO/data/batch_3/IMG_4917.JPG,zenodo_archive,2448,3264,2448,3264,602122,ba32039a9b2833cfdc5b7745648c619641f832fd13b35e3deaef7eedfde0ef44,1,ok
843,batch_3/IMG_4919.JPG,data/official_complete/TACO/data/batch_3/IMG_4919.JPG,zenodo_archive,2448,3264,2448,3264,2005789,ca66b68706c0639fba242e5d9a9be2f6768303031d01d3475187236198fdfec8,3,ok
844,batch_3/IMG_4921.JPG,data/official_complete/TACO/data/batch_3/IMG_4921.JPG,zenodo_archive,2448,3264,2448,3264,1994270,bccb1d0dbbb8030f9e0ddc8fec0c26c1b67f691de758ceefc52adf34c8d33821,3,ok
845,batch_3/IMG_4922.JPG,data/official_complete/TACO/data/batch_3/IMG_4922.JPG,zenodo_archive,2448,3264,2448,3264,1680924,9ed45de0ac38e0ecd67dfd987eb10a0b1e61ceb5c2bdb0b0788aab0654ede342,2,ok
846,batch_3/IMG_4924.JPG,data/official_complete/TACO/data/batch_3/IMG_4924.JPG,zenodo_archive,2448,3264,2448,3264,2231119,764a91d800fb0f43938c0dff34856d5fa4120b0028837c42d46740dfde0c3a64,3,ok
847,batch_3/IMG_4926.JPG,data/official_complete/TACO/data/batch_3/IMG_4926.JPG,zenodo_archive,2448,3264,2448,3264,583606,ffa5a5779aeb2320345c1d294bc695d20665527b98adc450a5b4ae72e5d8ccf9,1,ok
848,batch_3/IMG_4928.JPG,data/official_complete/TACO/data/batch_3/IMG_4928.JPG,zenodo_archive,2448,3264,2448,3264,2408925,3bb3ff028490699e6fef566a34c4591f1283ddb91894815fee2ffa4abf55413a,2,ok
849,batch_3/IMG_4932.JPG,data/official_complete/TACO/data/batch_3/IMG_4932.JPG,zenodo_archive,2448,3264,2448,3264,1993650,85605274d0c8b15a07f7f6dfc8e791047a22b6640111d91b7f8c627459793811,5,ok
850,batch_3/IMG_4934.JPG,data/official_complete/TACO/data/batch_3/IMG_4934.JPG,zenodo_archive,2448,3264,2448,3264,535431,65122abb41efaa60f5294cd792330b8ab448c43e021a7acb67d7f192d2f9e229,3,ok
851,batch_3/IMG_4936.JPG,data/official_complete/TACO/data/batch_3/IMG_4936.JPG,zenodo_archive,2448,3264,2448,3264,1171595,aaccebd9e2be704829c86041b8422415c160a755c5d1bb9b1a4fb124fd0d737a,2,ok
852,batch_3/IMG_4939.JPG,data/official_complete/TACO/data/batch_3/IMG_4939.JPG,zenodo_archive,2448,3264,2448,3264,476321,dacbe8b5717aec933f26e3ede3d1a8c94c00b7bf71690ee068a1134ccc3db27d,3,ok
853,batch_3/IMG_4941.JPG,data/official_complete/TACO/data/batch_3/IMG_4941.JPG,zenodo_archive,3264,2448,3264,2448,1223205,98038212d434634fd8ff6eb22b65396a3d0e0f68a070852451568d439f076c4a,20,ok
854,batch_3/IMG_4961.JPG,data/official_complete/TACO/data/batch_3/IMG_4961.JPG,zenodo_archive,2448,3264,2448,3264,1895681,fc5b99ba21b5466ad8d1704a64dc1fcbf61254c151c8226804a07bff9a1498df,3,ok
855,batch_3/IMG_4963.JPG,data/official_complete/TACO/data/batch_3/IMG_4963.JPG,zenodo_archive,3264,2448,3264,2448,551452,ae0c5660ea2e9a8986d2ea8fdf849ca00055d43b73c11d883a9291ffb45ad629,1,ok
856,batch_3/IMG_4964.JPG,data/official_complete/TACO/data/batch_3/IMG_4964.JPG,zenodo_archive,3264,2448,3264,2448,881332,b0ac9f83284d4969853e21f0974ec3ac1defd94e944f10ccb1fabfca0f34364b,1,ok
857,batch_3/IMG_4965.JPG,data/official_complete/TACO/data/batch_3/IMG_4965.JPG,zenodo_archive,3264,2448,3264,2448,861763,48821952a23ffa486c42c539982679c9f0dcf0f2b7baf2b56df3a0e387a24dd3,1,ok
858,batch_3/IMG_4966.JPG,data/official_complete/TACO/data/batch_3/IMG_4966.JPG,zenodo_archive,3264,2448,3264,2448,834772,d0e0ec7ea9965dce110501c3f14cb91ff2d8840b50941cf40b5439b7dafe52bc,4,ok
859,batch_3/IMG_4967.JPG,data/official_complete/TACO/data/batch_3/IMG_4967.JPG,zenodo_archive,2448,3264,2448,3264,598258,f14cebe6398095b9916229ba8a838b72bb1d5b40644cb7257f052b7b9a1993e7,3,ok
860,batch_3/IMG_4969.JPG,data/official_complete/TACO/data/batch_3/IMG_4969.JPG,zenodo_archive,2448,3264,2448,3264,2308533,e188823650b5ec4d6daca6436261af7d39106c290166fed06f7b49faa5350502,13,ok
861,batch_3/IMG_4971.JPG,data/official_complete/TACO/data/batch_3/IMG_4971.JPG,zenodo_archive,2448,3264,2448,3264,970507,335ac00893e36cf5ec1a285b61c4856b256fc97aac1128d5ecfb0da3d34eb62d,1,ok
862,batch_3/IMG_4881.JPG,data/official_complete/TACO/data/batch_3/IMG_4881.JPG,zenodo_archive,2448,3085,2448,3085,1658526,cf4d41dc95f4df3af910d153c6f622fff514fa6c6ea6e55d1628e75260d89373,3,ok
863,batch_3/IMG_4929.JPG,data/official_complete/TACO/data/batch_3/IMG_4929.JPG,zenodo_archive,2448,3011,2448,3011,1499161,cebab79eed4e9a4a7fdaa3454528a9cae6315774de9b51707cb0a63cdd140d41,1,ok
864,batch_3/IMG_4950.JPG,data/official_complete/TACO/data/batch_3/IMG_4950.JPG,zenodo_archive,2448,2607,2448,2607,1365187,efad8ecb24777dc3a18dcf222d915c73fcf308f3d2e0dbf35d05d76b37212d40,3,ok
865,batch_3/IMG_4857.JPG,data/official_complete/TACO/data/batch_3/IMG_4857.JPG,zenodo_archive,3264,2290,3264,2290,726439,bea3128929ace96ba19629d52ea8dbf5edd7c0dc25e95a52b830274491757b86,1,ok
866,batch_3/IMG_4948.JPG,data/official_complete/TACO/data/batch_3/IMG_4948.JPG,zenodo_archive,2448,2470,2448,2470,722218,59284326932e58749852880414c60c89f42d259836e45cbebd03d36919537662,17,ok
867,batch_3/IMG_5037.JPG,data/official_complete/TACO/data/batch_3/IMG_5037.JPG,zenodo_archive,2448,2858,2448,2858,1152061,de2661656641ff409b7ed852fae5900fa4fe78a4aee71e6f947040cd4b6a2182,1,ok
868,batch_3/IMG_5061.JPG,data/official_complete/TACO/data/batch_3/IMG_5061.JPG,zenodo_archive,3264,2448,3264,2448,1559473,1f851bc756866ec6238b56a1d238dc9661d9c7c29368412d390b360077a2edf4,2,ok
869,batch_3/IMG_5063.JPG,data/official_complete/TACO/data/batch_3/IMG_5063.JPG,zenodo_archive,3264,2448,3264,2448,446072,c184028468d6e031b37504e849c1dc49b1184964be99d1c1d6361752680e4046,2,ok
870,batch_3/IMG_5064.JPG,data/official_complete/TACO/data/batch_3/IMG_5064.JPG,zenodo_archive,3264,2448,3264,2448,501919,c0b4be022f73272704513e2e18aa26623c482c0ed0af95fee7ee509488112f71,2,ok
871,batch_3/IMG_5065.JPG,data/official_complete/TACO/data/batch_3/IMG_5065.JPG,zenodo_archive,3264,2448,3264,2448,416790,61c077274ab41187dc9a181342c5ccbbdfc604009efbd58a779c705ea50d9858,1,ok
872,batch_3/IMG_5066.JPG,data/official_complete/TACO/data/batch_3/IMG_5066.JPG,zenodo_archive,2448,3264,2448,3264,399925,60232b8d3c623db4b0df4b0b6ab1192e78c34fdadfe4af1a148b4d013b3bfd46,3,ok
873,batch_3/IMG_5067.JPG,data/official_complete/TACO/data/batch_3/IMG_5067.JPG,zenodo_archive,2448,3264,2448,3264,616107,b0c31a56b3c62727c2a2580d55b0394bd1d3b23e7d7edffade0505ec9070d0db,4,ok
874,batch_3/IMG_5068.JPG,data/official_complete/TACO/data/batch_3/IMG_5068.JPG,zenodo_archive,3264,2448,3264,2448,816810,fcbbb1779f3d17f94d82072935c8580f3193cb834b3d5d4d2040fc53d1ceeaf8,7,ok
875,batch_4/000032.JPG,data/official_complete/TACO/data/batch_4/000032.JPG,zenodo_archive,2448,3264,2448,3264,2307089,1ef9ec43da473aab83c0a79fb4b27e49cf879f021a9988f2cdc57d2d34b874a7,7,ok
876,batch_4/000067.JPG,data/official_complete/TACO/data/batch_4/000067.JPG,zenodo_archive,3264,2448,3264,2448,1347208,3d30bb4a206991d02b11c0a85032bc4d100898197373aa2cacbcf6d184fb1639,1,ok
877,batch_4/000066.JPG,data/official_complete/TACO/data/batch_4/000066.JPG,zenodo_archive,3264,2448,3264,2448,2237306,27736c8e2bdaa01624a79849ad4e3c93d7b55c6d107d987975a110be47cc917d,5,ok
878,batch_4/000000.JPG,data/official_complete/TACO/data/batch_4/000000.JPG,zenodo_archive,2448,3264,2448,3264,1430005,fc77924e346b40c09e436ec79f5d071f7e21c5cb68ba09feca4399084cd3b325,1,ok
879,batch_4/000002.JPG,data/official_complete/TACO/data/batch_4/000002.JPG,zenodo_archive,2448,3264,2448,3264,1518885,1c884ebad1886546f7291d108299a91347c975c269d945584f9f1329886f932a,15,ok
880,batch_4/000003.JPG,data/official_complete/TACO/data/batch_4/000003.JPG,zenodo_archive,2448,3264,2448,3264,1498252,159dba2a6c113271cd498476840667244a203f35a6c2a3281c1b6de184acb8e6,1,ok
881,batch_4/000004.JPG,data/official_complete/TACO/data/batch_4/000004.JPG,zenodo_archive,3264,2448,3264,2448,1862858,367bf78ddcbedc4cfe047ca1730470b0edd10fdceeac8427c3df2ccd198e51e8,6,ok
882,batch_4/000005.JPG,data/official_complete/TACO/data/batch_4/000005.JPG,zenodo_archive,3264,2448,3264,2448,1691524,e0f2f26642da0419162f8c501e9f65ecf8b93b82bfd83af21354539026886088,3,ok
883,batch_4/000006.JPG,data/official_complete/TACO/data/batch_4/000006.JPG,zenodo_archive,2448,3264,2448,3264,1467406,1b22e89356f8fab9cb63e7007cc1cc431f9cacb819dda2c2d4b1be6f0796ad6d,1,ok
884,batch_4/000007.JPG,data/official_complete/TACO/data/batch_4/000007.JPG,zenodo_archive,2448,3264,2448,3264,1919152,641697521968676ca9a041ece9026536f9e69b99e335def4cf8d4ee0dffbf358,1,ok
885,batch_4/000008.JPG,data/official_complete/TACO/data/batch_4/000008.JPG,zenodo_archive,2448,3264,2448,3264,2101173,ce99ccf647456ceefb82a6927abd4eff4310850094cb23f6f574e177dfc8b55f,1,ok
886,batch_4/000009.JPG,data/official_complete/TACO/data/batch_4/000009.JPG,zenodo_archive,2448,3264,2448,3264,1847557,7a54a558723fc8d4eab6821652afc1f930f924db1859a91e3f9796a431649e9b,1,ok
887,batch_4/000010.JPG,data/official_complete/TACO/data/batch_4/000010.JPG,zenodo_archive,2448,3264,2448,3264,2070100,8b681949399f0c7db944f60392c70988fba94277589b529a5985afe3d3167208,3,ok
888,batch_4/000011.JPG,data/official_complete/TACO/data/batch_4/000011.JPG,zenodo_archive,2448,3264,2448,3264,2256557,3cc305a1c708055ee6148c0563104a9b06e4f5740ab5d06efa1a2739f71ff00c,3,ok
889,batch_4/000012.JPG,data/official_complete/TACO/data/batch_4/000012.JPG,zenodo_archive,2448,3264,2448,3264,1678030,f14dd6a324dea05f8a9b0e0c987aab51fb638e69bb60f90ee2d40b1664b4398c,1,ok
890,batch_4/000013.JPG,data/official_complete/TACO/data/batch_4/000013.JPG,zenodo_archive,2448,3264,2448,3264,2252986,df7df19dbf26ce55ee996494719167d823bc64b383038028dd2b4fd67221a91d,1,ok
891,batch_4/000014.JPG,data/official_complete/TACO/data/batch_4/000014.JPG,zenodo_archive,2448,3264,2448,3264,2177929,df441615f250efbddc38928396c713fbc26d9a4c55bb7b0170f370baa9a9dbbb,2,ok
892,batch_4/000015.JPG,data/official_complete/TACO/data/batch_4/000015.JPG,zenodo_archive,2448,3264,2448,3264,1937190,b554567f53d53e1c741d269ea19bed03b86a7fdd63e7b1a5a614cffee32d2d2f,1,ok
893,batch_4/000016.JPG,data/official_complete/TACO/data/batch_4/000016.JPG,zenodo_archive,3264,2448,3264,2448,1959936,7681f38a01c82063c0c3163dc2d6b89f8da838399b90768900485f860167cc6b,1,ok
894,batch_4/000018.JPG,data/official_complete/TACO/data/batch_4/000018.JPG,zenodo_archive,2448,3264,2448,3264,1994792,cef1d46a55b436b03d65a4901f5580824deabb1a6c83fb8ed8ad699c1bd8391b,1,ok
895,batch_4/000019.JPG,data/official_complete/TACO/data/batch_4/000019.JPG,zenodo_archive,3264,2448,3264,2448,1637477,c24f54f3351eb52108958354ae9ab65ea8247b3e397e501fb3839510b21da778,1,ok
896,batch_4/000020.JPG,data/official_complete/TACO/data/batch_4/000020.JPG,zenodo_archive,2448,3264,2448,3264,1545919,661f16ea13b5d1b3cd03a51818055ed3f183c28f55e5e014dc94a63989d75db0,1,ok
897,batch_4/000021.JPG,data/official_complete/TACO/data/batch_4/000021.JPG,zenodo_archive,3264,2448,3264,2448,2136568,0581bcb7a7dc89004305ada8d8fe2adf2f433ee87a5e328a7eea4b6ae2a4c0d6,1,ok
898,batch_4/000022.JPG,data/official_complete/TACO/data/batch_4/000022.JPG,zenodo_archive,2448,3264,2448,3264,2221717,aad9430ba06650e689d79637a770781fdb3b16ed3c657f42c32eaa609f1c833e,1,ok
899,batch_4/000023.JPG,data/official_complete/TACO/data/batch_4/000023.JPG,zenodo_archive,3264,2448,3264,2448,1170909,90e32bccf9ed66ca4febc1968295b3a541fbdffd68cf1daafebce8a5c9c4dbc3,1,ok
900,batch_4/000025.JPG,data/official_complete/TACO/data/batch_4/000025.JPG,zenodo_archive,2448,3264,2448,3264,2086329,06c881727626cfaf4843fdb4ab098395eff08998991ef3c3365d1a8d9aa29fcc,1,ok
901,batch_4/000026.JPG,data/official_complete/TACO/data/batch_4/000026.JPG,zenodo_archive,2448,3264,2448,3264,1419361,a93464a3411ec11f61ef840f9258bcdfa087da6396ea2fe83ff588c0919c6bc0,1,ok
902,batch_4/000027.JPG,data/official_complete/TACO/data/batch_4/000027.JPG,zenodo_archive,2448,3264,2448,3264,1661151,9714509203dbfa7b13092605d6cb06e453698581604c5f20efd2f6b2a7253205,1,ok
903,batch_4/000028.JPG,data/official_complete/TACO/data/batch_4/000028.JPG,zenodo_archive,3264,2448,3264,2448,2036194,7a1677592b4802f7be94bed272fb67346979debe8ca6df6ce9390e4765e1e602,2,ok
904,batch_4/000029.JPG,data/official_complete/TACO/data/batch_4/000029.JPG,zenodo_archive,3264,2448,3264,2448,2015667,fecf2463e89006a65269ae6de76ffd778253cfb68024f7da37b773867653f3e9,4,ok
905,batch_4/000031.JPG,data/official_complete/TACO/data/batch_4/000031.JPG,zenodo_archive,3264,2448,3264,2448,1009472,b795d2e319a5b75c2d47edae4391121b4985156b2bfba2ff8a336086f9b0d395,3,ok
906,batch_4/000034.JPG,data/official_complete/TACO/data/batch_4/000034.JPG,zenodo_archive,3264,2448,3264,2448,2204156,c7c2d157ce92e7b29cef4210bc11cd8a2c5bc93bad0f91488843fe6d7e95d889,1,ok
907,batch_4/000035.JPG,data/official_complete/TACO/data/batch_4/000035.JPG,zenodo_archive,2448,3264,2448,3264,1345424,05c97f562cc8ee7083949876b83f14e757259086c4d9bba6e599821e40140365,2,ok
908,batch_4/000036.JPG,data/official_complete/TACO/data/batch_4/000036.JPG,zenodo_archive,2448,3264,2448,3264,1445649,53d8a58a0186e10a95af2432a3616008dbb846ee22525cff3c8a3f53e8dcac6b,1,ok
909,batch_4/000037.JPG,data/official_complete/TACO/data/batch_4/000037.JPG,zenodo_archive,2448,3264,2448,3264,1833813,43c2b94c9456e4fa2e25ece9549255a2acebdf97c2e1058edcd195a25d496352,1,ok
910,batch_4/000039.JPG,data/official_complete/TACO/data/batch_4/000039.JPG,zenodo_archive,3264,2448,3264,2448,1617652,aec3d9816ee997731da4aedc88ce104f9b6a00df7513d4b1a7608857ab3a28f3,1,ok
911,batch_4/000040.JPG,data/official_complete/TACO/data/batch_4/000040.JPG,zenodo_archive,2448,3264,2448,3264,2034920,96d9ad36be9c36bf0513e813a2a75b0fda56fb0032a57b2b2eee52773c7b0822,1,ok
912,batch_4/000041.JPG,data/official_complete/TACO/data/batch_4/000041.JPG,zenodo_archive,2448,3264,2448,3264,2131029,e3bd59a68c1991f89ef45f4e88fcd2923a9c2dc2b3cd1a2740bec7d647320d15,1,ok
913,batch_4/000042.JPG,data/official_complete/TACO/data/batch_4/000042.JPG,zenodo_archive,2448,3264,2448,3264,2348580,a2b2e2dc8c0f9bbb59368d502820c6dc1bb333b8c8cb6f74322875d325373cb8,1,ok
914,batch_4/000043.JPG,data/official_complete/TACO/data/batch_4/000043.JPG,zenodo_archive,2448,3264,2448,3264,1638720,4f7ac525e5a2647bae49ecfb82085e947f6a153eb40394121671c7d972e2378a,1,ok
915,batch_4/000045.JPG,data/official_complete/TACO/data/batch_4/000045.JPG,zenodo_archive,3264,2448,3264,2448,1919636,93a14415eb01d5e72cfb3fa39d63556edf4f1cbf30c3adc804d425103f405ff8,3,ok
916,batch_4/000046.JPG,data/official_complete/TACO/data/batch_4/000046.JPG,zenodo_archive,3264,2448,3264,2448,1488109,6168c14ca76f08e277c950599fca17d80bca2cf60515b607692ea312b9a72868,2,ok
917,batch_4/000047.JPG,data/official_complete/TACO/data/batch_4/000047.JPG,zenodo_archive,2448,3264,2448,3264,2178162,e4f1471b9c57e683a81a0c1e6f81847c57e11717ef779b6b585e1dac0b5b6f89,1,ok
918,batch_4/000048.JPG,data/official_complete/TACO/data/batch_4/000048.JPG,zenodo_archive,2448,3264,2448,3264,1692884,f1538d34d9f5d2e28c2d74b3068f2141feef271886bfc681dda93f8234b95feb,1,ok
919,batch_4/000049.JPG,data/official_complete/TACO/data/batch_4/000049.JPG,zenodo_archive,2448,3264,2448,3264,2159425,3c9bdbc94951c2e581b1e5dab3d9677c56929dacaca4a86fff3bfba13d624cf6,1,ok
920,batch_4/000050.JPG,data/official_complete/TACO/data/batch_4/000050.JPG,zenodo_archive,2448,3264,2448,3264,1821214,7b5914d28c8065a1d17f21dfd5584ee62d125055ae93fa1cc4d1380ffdae3596,1,ok
921,batch_4/000051.JPG,data/official_complete/TACO/data/batch_4/000051.JPG,zenodo_archive,2448,3264,2448,3264,1689528,869bec0ce2a32e4f25afb1d71a64e4073bbe40b2b479db10cd708a4ea7581dbd,1,ok
922,batch_4/000052.JPG,data/official_complete/TACO/data/batch_4/000052.JPG,zenodo_archive,2448,3264,2448,3264,1679606,90f7f1e69cb71ec3819281640f9ab866d53c7d563b855eb8dac8ac1f9b87d4cd,1,ok
923,batch_4/000053.JPG,data/official_complete/TACO/data/batch_4/000053.JPG,zenodo_archive,3264,2448,3264,2448,2490913,f0c0c31edee9c8027aca1b89ad263200d7073e0956fd5f31dbf3368086354868,1,ok
924,batch_4/000054.JPG,data/official_complete/TACO/data/batch_4/000054.JPG,zenodo_archive,3264,2448,3264,2448,2454103,953121630bbd705bd204ea1f816a1dd67ce95648ab02875547869aed651f9f5a,4,ok
925,batch_4/000055.JPG,data/official_complete/TACO/data/batch_4/000055.JPG,zenodo_archive,3264,2448,3264,2448,2465819,3ed8dd919637858cd5c78ceef4a0dbfe8fea3510e28babaa5b9583e5ef6ad601,1,ok
926,batch_4/000056.JPG,data/official_complete/TACO/data/batch_4/000056.JPG,zenodo_archive,3264,2448,3264,2448,2041485,fe3c1d05204767c9da78f5b4daca6a5704a0ed3335c61014eaf7265f9c52e8cf,1,ok
927,batch_4/000057.JPG,data/official_complete/TACO/data/batch_4/000057.JPG,zenodo_archive,2448,3264,2448,3264,2589645,e670b7f271f161e0fc03c0228dc8c20b842364cc9b40ae412601a2c990b661bc,1,ok
928,batch_4/000058.JPG,data/official_complete/TACO/data/batch_4/000058.JPG,zenodo_archive,3264,2448,3264,2448,2318862,b675a9b9eeee5080155e3165cc29bbb8f49bb8b48560112e0f8a1b718a9681d1,2,ok
929,batch_4/000059.JPG,data/official_complete/TACO/data/batch_4/000059.JPG,zenodo_archive,2448,3264,2448,3264,1885898,da6c29343b2756b5f5a1988557cb735121ad6b2d9fb33382d94a30e50c4192d1,1,ok
930,batch_4/000060.JPG,data/official_complete/TACO/data/batch_4/000060.JPG,zenodo_archive,3264,2448,3264,2448,1605080,4b14baf5eba5fb19a5933359de87970f19c428bb9ab998d1843ca8aef2ea3cc1,1,ok
931,batch_4/000061.JPG,data/official_complete/TACO/data/batch_4/000061.JPG,zenodo_archive,2448,3264,2448,3264,1995697,0422c43f26751ffa7787beb137d84116aebe564281475c470b3bd986cf4db3f8,1,ok
932,batch_4/000062.JPG,data/official_complete/TACO/data/batch_4/000062.JPG,zenodo_archive,2448,3264,2448,3264,1405803,eeb0eeedbaee517bd8db6209cfbd89c4e7544bbcf1bbb9984f927f7f4197729d,1,ok
933,batch_4/000063.JPG,data/official_complete/TACO/data/batch_4/000063.JPG,zenodo_archive,2448,3264,2448,3264,2890694,a11aa6d87d9620bf650b6ed9ba6bc2964737b19249e1cf139f837920e645e83c,1,ok
934,batch_4/000064.JPG,data/official_complete/TACO/data/batch_4/000064.JPG,zenodo_archive,3264,2448,3264,2448,1361021,029e2edb27407444f4d00d69b998e5ff4050c6614727f848cf881e11aff654ce,1,ok
935,batch_4/000065.JPG,data/official_complete/TACO/data/batch_4/000065.JPG,zenodo_archive,3264,2448,3264,2448,2191841,f122a2f9583c169f3b18174ffe29ca0921b9d6523728ebb877ecea59e8d88234,2,ok
936,batch_4/000068.JPG,data/official_complete/TACO/data/batch_4/000068.JPG,zenodo_archive,2448,3264,2448,3264,1643759,70f3302fbdc9ab829ae42a45c704fc28ee2901798101d1b1d03183adb2ad4cf7,1,ok
937,batch_4/000069.JPG,data/official_complete/TACO/data/batch_4/000069.JPG,zenodo_archive,3264,2448,3264,2448,1945714,37072815c05f1092af295fd92c6b7050e0f99a072209acb03a3d89814d3e4a9d,1,ok
938,batch_4/000070.JPG,data/official_complete/TACO/data/batch_4/000070.JPG,zenodo_archive,3264,2448,3264,2448,2729422,c0bfb8b8410e637d14fd0b20181eb9ec419744703ddf00955ff911c07714c64a,1,ok
939,batch_4/000071.JPG,data/official_complete/TACO/data/batch_4/000071.JPG,zenodo_archive,3264,2448,3264,2448,1843413,a4b63117de42028331c3794b601773184c6a022044d9ad809bb2093a87263dea,1,ok
940,batch_4/000072.JPG,data/official_complete/TACO/data/batch_4/000072.JPG,zenodo_archive,3264,2448,3264,2448,1569881,a3c263fb2370f0c0fd5d9738e92b2399fc5a0028222ac4724c1ea7b796717800,1,ok
941,batch_4/000073.JPG,data/official_complete/TACO/data/batch_4/000073.JPG,zenodo_archive,3264,2448,3264,2448,2597271,d55babe1a0cea63b6d6804199056ed2a3c876a6c02f7e4d734671fdf69376846,2,ok
942,batch_4/000074.JPG,data/official_complete/TACO/data/batch_4/000074.JPG,zenodo_archive,3264,2448,3264,2448,2481872,d4b31fadf708c13a30a969cf5efc30585e9190b5f185962f4a5c397c3139a5e5,1,ok
943,batch_4/000076.JPG,data/official_complete/TACO/data/batch_4/000076.JPG,zenodo_archive,3264,2448,3264,2448,2512463,48e36494883406bb81c158c81c9c7d4e1ee4acf400439d9351260d762f736e70,1,ok
944,batch_4/000077.JPG,data/official_complete/TACO/data/batch_4/000077.JPG,zenodo_archive,3264,2448,3264,2448,1369877,8619b595f6930ebec7219a8ea38f57b045a2f20c0669897123fb452aef4948a2,1,ok
945,batch_4/000079.JPG,data/official_complete/TACO/data/batch_4/000079.JPG,zenodo_archive,3264,2448,3264,2448,2296015,6f4a642edd51c29add5c328267447886578f22775e33497e116cdc685f908668,1,ok
946,batch_4/000080.JPG,data/official_complete/TACO/data/batch_4/000080.JPG,zenodo_archive,3264,2448,3264,2448,2079030,8638eb8f2cc9296a7d102c968a219deb1fdc4b7128b8edab18a34dcba4fc0070,2,ok
947,batch_4/000081.JPG,data/official_complete/TACO/data/batch_4/000081.JPG,zenodo_archive,2448,3264,2448,3264,1732763,2b5074f37a169eaf20a874b47c8ce5313ee07d107dfb9e2ec196ebd8360e47fc,1,ok
948,batch_4/000082.JPG,data/official_complete/TACO/data/batch_4/000082.JPG,zenodo_archive,3264,2448,3264,2448,1848106,4ed6e99d2286dbef2401d4331e5c3caa1b89e564be9f5af34821b63284367965,2,ok
949,batch_4/000083.JPG,data/official_complete/TACO/data/batch_4/000083.JPG,zenodo_archive,3264,2448,3264,2448,2367687,03027c9e77d344d345ca49cf393b93ab6ca924423c8d8273f25be3c850e6a5cd,1,ok
950,batch_4/000084.JPG,data/official_complete/TACO/data/batch_4/000084.JPG,zenodo_archive,3264,2448,3264,2448,1793795,55bc7a09b8fbcd3dd0fe822aef0c851c36218321211dd10d0eafd5803a2ad531,1,ok
951,batch_4/000085.JPG,data/official_complete/TACO/data/batch_4/000085.JPG,zenodo_archive,3264,2448,3264,2448,1787193,292a4e31da031d7fd419e671ead9ac67d2f1fe3e9b9257325a9f1a01c6c6f584,3,ok
952,batch_4/000086.JPG,data/official_complete/TACO/data/batch_4/000086.JPG,zenodo_archive,2448,3264,2448,3264,1373010,485a48c3cc047d2fb2b6b9fa5a4b9ffc5a07b777336d15953e65804fb5b2604a,1,ok
953,batch_4/000087.JPG,data/official_complete/TACO/data/batch_4/000087.JPG,zenodo_archive,3264,2448,3264,2448,1207575,43fe2e2cf78e8cae95d71b676b1f5ab75c3f283847e9427118ef3860ae7ae97f,5,ok
954,batch_4/000088.JPG,data/official_complete/TACO/data/batch_4/000088.JPG,zenodo_archive,2448,3264,2448,3264,1504597,d66c5a757d94a5db49128fd0001758dd2c041183bc03fb0b2e1746e9c6390b20,4,ok
955,batch_4/000089.JPG,data/official_complete/TACO/data/batch_4/000089.JPG,zenodo_archive,2448,3264,2448,3264,1054999,ffb0ea39723a3c4abaf5a00d1cb7b462fe497aa5b7c3466c9ee3901bcdc712ce,1,ok
956,batch_4/000090.JPG,data/official_complete/TACO/data/batch_4/000090.JPG,zenodo_archive,2448,3264,2448,3264,767241,c9f84e72d1bb17fcdcedc288da150c75f859c49edb4bfa852ea61a5a148c6875,1,ok
957,batch_4/000092.JPG,data/official_complete/TACO/data/batch_4/000092.JPG,zenodo_archive,2448,3264,2448,3264,1520129,1eb7b6ee06797411f5e571990e6da9dd66ed40b60f30a2b458411cc21adcda02,1,ok
958,batch_4/000093.JPG,data/official_complete/TACO/data/batch_4/000093.JPG,zenodo_archive,2448,3264,2448,3264,1126845,5a10118ba4c3f5a864e1f8f41b7c702f6a2c3d6b0039b430e038055b83a49c79,2,ok
959,batch_4/000094.JPG,data/official_complete/TACO/data/batch_4/000094.JPG,zenodo_archive,3264,2448,3264,2448,906324,32cb7d00222fb6046e8505c181e0fe842018ba817b5433b614b311a97e3e95db,2,ok
960,batch_4/000095.JPG,data/official_complete/TACO/data/batch_4/000095.JPG,zenodo_archive,3264,2448,3264,2448,1090429,27c122c019a1417254be5b1b17605f0302aa9381d4582d6c241425ecd787a6d9,1,ok
961,batch_4/000096.JPG,data/official_complete/TACO/data/batch_4/000096.JPG,zenodo_archive,2448,3264,2448,3264,1059371,88168a4c0c07efaaf33f16fe3f89ac7297df1043fddeeeb18a54978ebf05dd7f,3,ok
962,batch_4/000097.JPG,data/official_complete/TACO/data/batch_4/000097.JPG,zenodo_archive,2448,3264,2448,3264,1045336,f8bc5a1110be10e85577b1e9176301b254be5e05c7fb5c8244b7abc4c9978831,8,ok
963,batch_4/000098.JPG,data/official_complete/TACO/data/batch_4/000098.JPG,zenodo_archive,2448,3264,2448,3264,1079293,389486142d36f7fe5aa116cf68e2646b39306b20ee86a5552b7682db13e38d3b,2,ok
964,batch_5/000071.JPG,data/official_complete/TACO/data/batch_5/000071.JPG,zenodo_archive,2448,3264,2448,3264,2516480,e9827e1921e694fbfee24ccf3b64cc7b4b65ca7a5dbd0d0f4cb175e12e108bb5,4,ok
965,batch_5/000072.JPG,data/official_complete/TACO/data/batch_5/000072.JPG,zenodo_archive,3264,2448,3264,2448,1719532,e835e9ffb0ca0156609ec39f8042f005a580b887d3a6872b3df54281a8bc9e62,2,ok
966,batch_5/000073.JPG,data/official_complete/TACO/data/batch_5/000073.JPG,zenodo_archive,2448,3264,2448,3264,1864036,62b21af614d41670513c32750ba09ecd3370d88053b66cfc940d23812b21c0ae,4,ok
967,batch_5/000074.JPG,data/official_complete/TACO/data/batch_5/000074.JPG,zenodo_archive,2448,3264,2448,3264,2531127,92416b143b35c918e87a45e735b47d5905772482deb76f83d6ed3135ebd0121f,1,ok
968,batch_5/000075.JPG,data/official_complete/TACO/data/batch_5/000075.JPG,zenodo_archive,2448,3264,2448,3264,2407806,eec085f24a9e9b3e2a588bffde28cf876a8469a6420ab4e3780364201a652060,1,ok
969,batch_5/000076.JPG,data/official_complete/TACO/data/batch_5/000076.JPG,zenodo_archive,2448,3264,2448,3264,2217965,4cd88f3a87099234fb4dcc894eb9d4095d65f925fa24d47f1b7cbd37fa19c867,1,ok
970,batch_5/000119.JPG,data/official_complete/TACO/data/batch_5/000119.JPG,zenodo_archive,3264,2448,3264,2448,2010662,169281a46ea8dc7a3337704c2d5346fe490fb96d4232ae6b11eaa9a1e9e665b3,2,ok
971,batch_5/000079.JPG,data/official_complete/TACO/data/batch_5/000079.JPG,zenodo_archive,3264,2448,3264,2448,1795452,6d48e863fbf225fffa1e5d9eef1c8e6d921960787b2af924a15e7a1f7207069a,1,ok
972,batch_5/000081.JPG,data/official_complete/TACO/data/batch_5/000081.JPG,zenodo_archive,2448,3264,2448,3264,2214397,5efd94dab023a95785807d0a5c0b85a690888db10dbc9a5e3716002e37679b6d,1,ok
973,batch_5/000082.JPG,data/official_complete/TACO/data/batch_5/000082.JPG,zenodo_archive,2448,3264,2448,3264,1622904,55834300bf2905e89b86f583d4f18eb78406cdd280521b839fad99407c2dba62,1,ok
974,batch_5/000083.JPG,data/official_complete/TACO/data/batch_5/000083.JPG,zenodo_archive,3264,2448,3264,2448,1652966,d9b869a2ebdf763d766de4c43b02bc1d6d5964d045dae4d4301f20be7efe3773,3,ok
975,batch_5/000084.JPG,data/official_complete/TACO/data/batch_5/000084.JPG,zenodo_archive,3264,2448,3264,2448,2003036,0321e0f8035dd1b6003bd244ab06c13f941aa627375ba8e7d070a20786813321,2,ok
976,batch_5/000085.JPG,data/official_complete/TACO/data/batch_5/000085.JPG,zenodo_archive,3264,2448,3264,2448,1997281,3a8e43469d1d704928f4236f0725b66e1b13ffd5f19bbaf0fa159545d2777323,3,ok
977,batch_5/000086.JPG,data/official_complete/TACO/data/batch_5/000086.JPG,zenodo_archive,3264,2448,3264,2448,1698022,7fad83849ae176e6061109bea76c05fddb7becfc867106c8a4db39c8a9a74bb0,1,ok
978,batch_5/000087.JPG,data/official_complete/TACO/data/batch_5/000087.JPG,zenodo_archive,2448,3264,2448,3264,2462099,b3a39ed18d7faa352875a039129b163d54fe0cc89f3e94e9b63e776aae7d893f,1,ok
979,batch_5/000088.JPG,data/official_complete/TACO/data/batch_5/000088.JPG,zenodo_archive,2448,3264,2448,3264,2668165,16df960ce6d323edb93323d5398667bd721be75ef63a57aaa40cabc09ae49896,1,ok
980,batch_5/000089.JPG,data/official_complete/TACO/data/batch_5/000089.JPG,zenodo_archive,3264,2448,3264,2448,2456862,1c598752fbf8c77d8934096318922f2e011a2b8edc191e47eae984e15f61e51a,1,ok
981,batch_5/000090.JPG,data/official_complete/TACO/data/batch_5/000090.JPG,zenodo_archive,3264,2448,3264,2448,1781699,48fe6cfc97bde4ce6baa3148dcce9f129aecd251eaaeabd50d56c2c93c64f1de,1,ok
982,batch_5/000091.JPG,data/official_complete/TACO/data/batch_5/000091.JPG,zenodo_archive,3264,2448,3264,2448,2042389,b7f73902bc59f95e4402314366f0a22527e3d06456fa0de320fb384fa70da429,3,ok
983,batch_5/000092.JPG,data/official_complete/TACO/data/batch_5/000092.JPG,zenodo_archive,2448,3264,2448,3264,1890971,858713a776470d4e64021b19f95521d8a3c1d59e70527341ff9b199cd4bb4c81,3,ok
984,batch_5/000093.JPG,data/official_complete/TACO/data/batch_5/000093.JPG,zenodo_archive,3264,2448,3264,2448,1398582,99359569e0f764ca3d8a9d463c54e05af8cd7ad2d230d4fb468c21735fdd2af6,2,ok
985,batch_5/000094.JPG,data/official_complete/TACO/data/batch_5/000094.JPG,zenodo_archive,3264,2448,3264,2448,799114,fc0d0388b27c41cee84702f6ea1c84b00bc8a3c1b97d4e9db6fa5aeb73f99de5,2,ok
986,batch_5/000095.JPG,data/official_complete/TACO/data/batch_5/000095.JPG,zenodo_archive,3264,2448,3264,2448,930533,20c8931ace7204de3deeca7a541a962804003f04b141048e7f3419fc1d907d07,1,ok
987,batch_5/000096.JPG,data/official_complete/TACO/data/batch_5/000096.JPG,zenodo_archive,3264,2448,3264,2448,983644,6600fcfba1e89fa79e9adc27b67562fbf48afd5fc366f5f16cb5407944361728,1,ok
988,batch_5/000097.JPG,data/official_complete/TACO/data/batch_5/000097.JPG,zenodo_archive,3264,2448,3264,2448,1790472,d27724d8b13eb7e7409b5d25724b38db8525df06a11580c76816dae066f95133,1,ok
989,batch_5/000098.JPG,data/official_complete/TACO/data/batch_5/000098.JPG,zenodo_archive,3264,2448,3264,2448,1172905,b4fe7370d1660fa41cdeb4de14387a016861aa39c05006aaeb23da148f6ee4d8,1,ok
990,batch_5/000099.JPG,data/official_complete/TACO/data/batch_5/000099.JPG,zenodo_archive,2448,3264,2448,3264,1198027,798a397510338ac365d8132bdb32103146e963a25db6d6c748752f6958ea72a6,1,ok
991,batch_5/000100.JPG,data/official_complete/TACO/data/batch_5/000100.JPG,zenodo_archive,3264,2448,3264,2448,957503,d3701dcecde628bdd8a9329feb196bb0bfe6ff333ae4575fdef8f0b74e3a64ac,1,ok
992,batch_5/000062.JPG,data/official_complete/TACO/data/batch_5/000062.JPG,zenodo_archive,2448,3264,2448,3264,784332,4c08a9e46f91065538a472abe200dab26303e22181778d6c54e547ebdea65811,1,ok
993,batch_5/000063.JPG,data/official_complete/TACO/data/batch_5/000063.JPG,zenodo_archive,2448,3264,2448,3264,801480,c94d7ffbc68818fa154c3dbf9b4373b4cbf457e3ca3ca7a2565cc0dc305399db,2,ok
994,batch_5/000064.JPG,data/official_complete/TACO/data/batch_5/000064.JPG,zenodo_archive,2448,3264,2448,3264,2075766,a926521690ed231b90d8c9a5bebb78ab0515d3bc691f92d54892697260fec34a,2,ok
995,batch_5/000066.JPG,data/official_complete/TACO/data/batch_5/000066.JPG,zenodo_archive,2448,3264,2448,3264,2437408,3e584e311d04da4ca9f09ff9f53fa14d7794f7fa327fd3ec652c38c3cc6d1586,3,ok
996,batch_5/000067.JPG,data/official_complete/TACO/data/batch_5/000067.JPG,zenodo_archive,2448,3264,2448,3264,2494926,041102be1aa1d0de0aa52ed0d4a38594475238839582cb169f628df0652017c9,6,ok
997,batch_5/000068.JPG,data/official_complete/TACO/data/batch_5/000068.JPG,zenodo_archive,2448,3264,2448,3264,1005241,c53e3c2bfe464bcb258835774d925357b6de4226ff9c7e6611e023eb1bea8b21,2,ok
998,batch_5/000069.JPG,data/official_complete/TACO/data/batch_5/000069.JPG,zenodo_archive,2448,3264,2448,3264,1526341,107813d131787a489e7fb7d0978fa85cf5762e691729bd0adac5f024c083cb10,2,ok
999,batch_5/000070.JPG,data/official_complete/TACO/data/batch_5/000070.JPG,zenodo_archive,2448,3264,2448,3264,2015673,c754631e178bfd85474ab5def3b39fc4399f43145207f9afbbabd8fb537a0748,4,ok
1000,batch_5/000101.JPG,data/official_complete/TACO/data/batch_5/000101.JPG,zenodo_archive,2448,3264,2448,3264,2006659,c1bf9bd9c3922bc4ef27a618cee0eb161ea4ddadb3fdcf3fe783ff5e05b56a4a,1,ok
1001,batch_5/000102.JPG,data/official_complete/TACO/data/batch_5/000102.JPG,zenodo_archive,3264,2448,3264,2448,1528547,2a053c6e1bcc41540abd14dea57ef073c23f40502f909ef689e3af3e25d6dca4,2,ok
1002,batch_5/000103.JPG,data/official_complete/TACO/data/batch_5/000103.JPG,zenodo_archive,3264,2448,3264,2448,1466412,ac4bb80b4f38aa362fceb13a40d0131677e79f6a631c1e67fb2a04d6282e2194,2,ok
1003,batch_5/000104.JPG,data/official_complete/TACO/data/batch_5/000104.JPG,zenodo_archive,3264,2448,3264,2448,1811549,e44a274f8634a2ee92b4f0e62ca2c316be0e82b5d237a574acf07fa65cae257d,3,ok
1004,batch_5/000105.JPG,data/official_complete/TACO/data/batch_5/000105.JPG,zenodo_archive,3264,2448,3264,2448,1388336,079d989751a360740bccc743e29ce9f2dfe799f53b57699af0eb05b22bc37a7d,2,ok
1005,batch_5/000106.JPG,data/official_complete/TACO/data/batch_5/000106.JPG,zenodo_archive,3264,2448,3264,2448,2117284,76ae4c6d4eb05f00ef99a4615948004c6b7e1adf27fd2cad7e0dfaf84057dfdd,6,ok
1006,batch_5/000107.JPG,data/official_complete/TACO/data/batch_5/000107.JPG,zenodo_archive,3264,2448,3264,2448,1375263,5399d0776590a3b98be33cad284ce1c62f538c012c951e66bd13c57ed10d3cc5,2,ok
1007,batch_5/000108.JPG,data/official_complete/TACO/data/batch_5/000108.JPG,zenodo_archive,2448,3264,2448,3264,1621202,1f608ca9cc2ceacfe1dda31753e61632b136b7b4c747bf9bad0c2a969e9dce15,3,ok
1008,batch_5/000120.JPG,data/official_complete/TACO/data/batch_5/000120.JPG,zenodo_archive,2448,3264,2448,3264,2088189,dd0b467f89d760ac09399d301941dbc474bd207a97574233e84a8f2df81f0d2b,4,ok
1009,batch_5/000110.JPG,data/official_complete/TACO/data/batch_5/000110.JPG,zenodo_archive,3264,2448,3264,2448,1643382,6db1c26c763e2e39d7db8a5e17568e28df66c0a8078844ea07f55530d5282291,1,ok
1010,batch_5/000111.JPG,data/official_complete/TACO/data/batch_5/000111.JPG,zenodo_archive,2448,3264,2448,3264,1792295,f4dea01d2ea87b9aec9cf61763724bed9e93e9cb31b15f6d0b71857502e2e7cc,5,ok
1011,batch_5/000112.JPG,data/official_complete/TACO/data/batch_5/000112.JPG,zenodo_archive,2448,3264,2448,3264,563635,2b67ba2cfed16536ca9533d09908ac34c9e32b3bc5ad0c23e1c325889b86cb94,1,ok
1012,batch_5/000113.JPG,data/official_complete/TACO/data/batch_5/000113.JPG,zenodo_archive,3264,2448,3264,2448,2478244,da0baa5339f4b51801ee43647f6d89c48995226f1f0982a72895065c2e7138ef,2,ok
1013,batch_5/000114.JPG,data/official_complete/TACO/data/batch_5/000114.JPG,zenodo_archive,2448,3264,2448,3264,1912620,1a91770beedc67a811349926777764450739ba9381594fd51310c596f77c3f7e,6,ok
1014,batch_5/000115.JPG,data/official_complete/TACO/data/batch_5/000115.JPG,zenodo_archive,2448,3264,2448,3264,1147634,90f5d9029182098e56811b74dfcdc57d49c1ce6e75df5bbd764df9e33b514aa2,1,ok
1015,batch_5/000116.JPG,data/official_complete/TACO/data/batch_5/000116.JPG,zenodo_archive,3264,2448,3264,2448,1164244,da18cd41d77fec44ea340cfc3a8f8b7fffca73c2d4975ad60d5625a71d230794,2,ok
1016,batch_5/000117.JPG,data/official_complete/TACO/data/batch_5/000117.JPG,zenodo_archive,3264,2448,3264,2448,1418963,29ecf950098834576a2ee3cc4853fdc52a80edbe36bc3008fa8fd128380e7d6e,1,ok
1017,batch_5/000118.JPG,data/official_complete/TACO/data/batch_5/000118.JPG,zenodo_archive,3264,2448,3264,2448,1113377,cd292709c7ed7510b50d5a9c4bb850b0c1fb078940ac8b4374fa054815902997,1,ok
1018,batch_5/000000.JPG,data/official_complete/TACO/data/batch_5/000000.JPG,zenodo_archive,2448,3264,2448,3264,1002938,434507ea39653cd2af9a80010b6ddca793da3315ffee0f39ba2ab2d7321ac2bc,3,ok
1019,batch_5/000001.JPG,data/official_complete/TACO/data/batch_5/000001.JPG,zenodo_archive,2448,3264,2448,3264,2427247,ed0913a5a24aafdbb6ee98f13e0beba601165634c29e734a7a39cadad3affc68,2,ok
1020,batch_5/000002.JPG,data/official_complete/TACO/data/batch_5/000002.JPG,zenodo_archive,2448,3264,2448,3264,2177766,22216a65a17cee7352e3f082023f5cc63d643491967e92d9544dde09bb1f93c0,2,ok
1021,batch_5/000004.JPG,data/official_complete/TACO/data/batch_5/000004.JPG,zenodo_archive,3264,2448,3264,2448,1165314,f2a290469cda8dd8964d353e209510ff1279f5b6395e4b7ac682bbc999769a1e,3,ok
1022,batch_5/000005.JPG,data/official_complete/TACO/data/batch_5/000005.JPG,zenodo_archive,3264,2448,3264,2448,1077120,a6a88ccb49c803b04d0bda1109c063d04c07803ba5d2ad686173f2b4e8c7938f,6,ok
1023,batch_5/000006.JPG,data/official_complete/TACO/data/batch_5/000006.JPG,zenodo_archive,2448,3264,2448,3264,1362182,8ccc1c037d02673a48b22899b6a1ba42b563b4c401f838501f6618183e1817b6,2,ok
1024,batch_5/000007.JPG,data/official_complete/TACO/data/batch_5/000007.JPG,zenodo_archive,3264,2448,3264,2448,1508223,cc19e3518494d5a9166d21aa4d49b27ca1042161b49c94a7f07204333cf920f4,1,ok
1025,batch_5/000008.JPG,data/official_complete/TACO/data/batch_5/000008.JPG,zenodo_archive,2448,3264,2448,3264,1158781,a1fa45020c2a4433eefafbdc8eb06bf998a10904de62a28c8122dc42e871cef2,1,ok
1026,batch_5/000009.JPG,data/official_complete/TACO/data/batch_5/000009.JPG,zenodo_archive,2448,3264,2448,3264,1510372,8a4db34d6b43ecfed7b74d6094ab6ee43e5e95dd3ae382c05b9fdb9e8619a3de,3,ok
1027,batch_5/000010.JPG,data/official_complete/TACO/data/batch_5/000010.JPG,zenodo_archive,3264,2448,3264,2448,1479806,8872173c63efa7492c7b266588dbdefd71a1b73c4ce845d6edfaf6d4a9c663ac,3,ok
1028,batch_5/000011.JPG,data/official_complete/TACO/data/batch_5/000011.JPG,zenodo_archive,2448,3264,2448,3264,1029411,6d9372591c476f621cb2ea92d3561f66ac888f62f9313e6b43e82ceece5f1054,2,ok
1029,batch_5/000012.JPG,data/official_complete/TACO/data/batch_5/000012.JPG,zenodo_archive,2448,3264,2448,3264,1374819,9e3e241a90f189e00b32401bb6a50fe499294bdd2a8d03f1e819cfc73ae4bd28,8,ok
1030,batch_5/000013.JPG,data/official_complete/TACO/data/batch_5/000013.JPG,zenodo_archive,2448,3264,2448,3264,1435729,cba2cd34a8ec626103da53b96445e429480f41b30794e2eef80cc2c76fb3bb5c,1,ok
1031,batch_5/000014.JPG,data/official_complete/TACO/data/batch_5/000014.JPG,zenodo_archive,2448,3264,2448,3264,1632897,26e03b5a0c79ad6b13e7cc2d9787f62f24593ca31809af8a45dd0c46f64e2435,1,ok
1032,batch_5/000015.JPG,data/official_complete/TACO/data/batch_5/000015.JPG,zenodo_archive,2448,3264,2448,3264,1654783,ff6f2233530e0c774bb7a175231961d7b6628f28d575a64b478807aa94d36649,14,ok
1033,batch_5/000016.JPG,data/official_complete/TACO/data/batch_5/000016.JPG,zenodo_archive,2448,3264,2448,3264,2198343,482a94b87dcd75fd93f1aec85d0dfa39392febb3210030b22bf5331779036be8,2,ok
1034,batch_5/000017.JPG,data/official_complete/TACO/data/batch_5/000017.JPG,zenodo_archive,2448,3264,2448,3264,1354612,033fb38f6d77449b3323a6e26f57dce4b7071c0419e0dddd36064c5c44b05307,2,ok
1035,batch_5/000018.JPG,data/official_complete/TACO/data/batch_5/000018.JPG,zenodo_archive,2448,3264,2448,3264,1920880,ba9d38e67836e17162c8e5f1750a26f8f7b22ed9f0e62645461d273de19d291b,1,ok
1036,batch_5/000019.JPG,data/official_complete/TACO/data/batch_5/000019.JPG,zenodo_archive,2448,3264,2448,3264,1688919,2ca1f59f746b7c5b295900b2c77472a7346769fcdd90ed20ecebce89c9877ca5,3,ok
1037,batch_5/000020.JPG,data/official_complete/TACO/data/batch_5/000020.JPG,zenodo_archive,2448,3264,2448,3264,1918072,eb9b910389e5197fa235cfe0cfc4e60cc69ff1efaebda0a6044dfd05d7cddcd2,7,ok
1038,batch_5/000021.JPG,data/official_complete/TACO/data/batch_5/000021.JPG,zenodo_archive,2448,3264,2448,3264,844119,b01bdce2e4780289cd7322b4648984b903a4681062f01c273c670a1502c68eb6,1,ok
1039,batch_5/000022.JPG,data/official_complete/TACO/data/batch_5/000022.JPG,zenodo_archive,2448,3264,2448,3264,1485687,3c728020a3d52ad389e22f10247c77429f8c65a4bbb3e4cf43e6b3801ee03568,5,ok
1040,batch_5/000023.JPG,data/official_complete/TACO/data/batch_5/000023.JPG,zenodo_archive,2448,3264,2448,3264,2009133,bd1b15ed1af778be689cc1380ff33ebea83b502c54766019aa4d63c8373166ed,1,ok
1041,batch_5/000024.JPG,data/official_complete/TACO/data/batch_5/000024.JPG,zenodo_archive,2448,3264,2448,3264,790577,434e8d8bcce7e00a92eea20ef825b79ed52d8ad49574ba7807584c044856f62a,1,ok
1042,batch_5/000025.JPG,data/official_complete/TACO/data/batch_5/000025.JPG,zenodo_archive,2448,3264,2448,3264,2470617,e1aae85f02c77e77820ee2fbf7af494c4706f877355b28d3f1138b6f4c568d20,1,ok
1043,batch_5/000026.JPG,data/official_complete/TACO/data/batch_5/000026.JPG,zenodo_archive,2448,3264,2448,3264,1312051,9d04804d7eaf9bd3275da8f2075f0540e9560696e7e0e9348a66cd5976d5f4d9,1,ok
1044,batch_5/000027.JPG,data/official_complete/TACO/data/batch_5/000027.JPG,zenodo_archive,2448,3264,2448,3264,916192,d799791143185de487167e2e294de03b67b8df27c6246a17c43779cc9587fb54,3,ok
1045,batch_5/000028.JPG,data/official_complete/TACO/data/batch_5/000028.JPG,zenodo_archive,2448,3264,2448,3264,670050,9cfa3081e04f6e984e5aba7747f1671c1b5ee65988d1ff0110d8d470a8f95067,3,ok
1046,batch_5/000029.JPG,data/official_complete/TACO/data/batch_5/000029.JPG,zenodo_archive,2448,3264,2448,3264,1016759,6f4860865b8b059f0abcd7d5df992d0b1a03af7856c3060f958016bde54821c3,6,ok
1047,batch_5/000030.JPG,data/official_complete/TACO/data/batch_5/000030.JPG,zenodo_archive,2448,3264,2448,3264,1222571,f7f6485ce698ffc35340bb11619e6f485e928d213d6726b677f345e6adaf0c39,17,ok
1048,batch_5/000031.JPG,data/official_complete/TACO/data/batch_5/000031.JPG,zenodo_archive,2448,3264,2448,3264,1262217,3192b5de487f13b1c4dcbfe6850f880907aa0c25316a7de186826597e9af9b9f,5,ok
1049,batch_5/000033.JPG,data/official_complete/TACO/data/batch_5/000033.JPG,zenodo_archive,2448,3264,2448,3264,1742316,99d17068e6e97e8575aadb3cd1ac2f6948611e301b66cf941f8fd4d2e51d76de,1,ok
1050,batch_5/000034.JPG,data/official_complete/TACO/data/batch_5/000034.JPG,zenodo_archive,2448,3264,2448,3264,1372306,a2671ffbf6c9501cc5e9192d0056ead3ce6cc9eb13de02a0ce6e7c5b46d6d21d,2,ok
1051,batch_5/000035.JPG,data/official_complete/TACO/data/batch_5/000035.JPG,zenodo_archive,2448,3264,2448,3264,1731148,2f102db3dd7f73997a1d132f45fe745af30ea7b434159b0579629e423c408d27,2,ok
1052,batch_5/000036.JPG,data/official_complete/TACO/data/batch_5/000036.JPG,zenodo_archive,2448,3264,2448,3264,1210088,4a176f019ccc4a4fdf06da297288736f40dd99a492d1a970ef905a18e79ced4d,8,ok
1053,batch_5/000037.JPG,data/official_complete/TACO/data/batch_5/000037.JPG,zenodo_archive,2448,3264,2448,3264,1201228,d9971198c131371ca2199080a30087d83c326d0f061dd201cce6c066f23cc92c,2,ok
1054,batch_5/000038.JPG,data/official_complete/TACO/data/batch_5/000038.JPG,zenodo_archive,2448,3264,2448,3264,1571702,da7fde4aa6d1167e4252e19b476947d0df0d3daf85339bcd5bd909ca95c914e7,2,ok
1055,batch_5/000039.JPG,data/official_complete/TACO/data/batch_5/000039.JPG,zenodo_archive,2448,3264,2448,3264,2088336,c39a44004788b69082f2f91210fabd947c926be99cf32b364afd9a006164320b,1,ok
1056,batch_5/000040.JPG,data/official_complete/TACO/data/batch_5/000040.JPG,zenodo_archive,3264,2448,3264,2448,1551231,81df0a17e2125eb2adccb497a735a9941c71549a4467b0f4b08b4c52712ae507,3,ok
1057,batch_5/000041.JPG,data/official_complete/TACO/data/batch_5/000041.JPG,zenodo_archive,2448,3264,2448,3264,1443702,f12c0d22286c09b0c4ae6de7414735642c4b5a39d1b85630926ad88fb9f7677d,3,ok
1058,batch_5/000042.JPG,data/official_complete/TACO/data/batch_5/000042.JPG,zenodo_archive,2448,3264,2448,3264,1187257,ac7ffa5135acc45d1df2250d2a1e16d34f3d5869b1873732688c3a6834e725be,1,ok
1059,batch_5/000043.JPG,data/official_complete/TACO/data/batch_5/000043.JPG,zenodo_archive,2448,3264,2448,3264,1901810,5b95cf5c630a5758747180869c04b9b01c51215a6379c3dfd8885a677d6e6f48,1,ok
1060,batch_5/000045.JPG,data/official_complete/TACO/data/batch_5/000045.JPG,zenodo_archive,2448,3264,2448,3264,1772383,fb2cadac0f4e3c6a3a29625acc4ceadba3d98b52e1ac4960c3cfe197fc76b670,5,ok
1061,batch_5/000046.JPG,data/official_complete/TACO/data/batch_5/000046.JPG,zenodo_archive,2448,3264,2448,3264,1211574,205d9ad7fd01d700887dd4f573e2337b87322fb254b97edc1cebcc6068e7ccdb,1,ok
1062,batch_5/000047.JPG,data/official_complete/TACO/data/batch_5/000047.JPG,zenodo_archive,2448,3264,2448,3264,907036,af0578c933945c12aa9f0ea5443dc453786056b928268ef36d9448831490f1d6,5,ok
1063,batch_5/000048.JPG,data/official_complete/TACO/data/batch_5/000048.JPG,zenodo_archive,2448,3264,2448,3264,1759734,23115022e6faed68ce988c1039c755e9d81116abd8dbd14ba4786ecc2d3112f2,1,ok
1064,batch_5/000049.JPG,data/official_complete/TACO/data/batch_5/000049.JPG,zenodo_archive,2448,3264,2448,3264,739238,f406e57a2a4c54e134ea0a7795b44638cf741205aae0d9808f9efb9f936f9e67,13,ok
1065,batch_5/000050.JPG,data/official_complete/TACO/data/batch_5/000050.JPG,zenodo_archive,2448,3264,2448,3264,854498,205d80651a6919d28be79acca4878e5cb1a87c4f71d42cdc6cbb6306feb3e11c,2,ok
1066,batch_5/000051.JPG,data/official_complete/TACO/data/batch_5/000051.JPG,zenodo_archive,2448,3264,2448,3264,725760,e7c697ef15e2a4cc937a67c11ac9a92e4f5806ae56316a5b59975418d0190f8c,2,ok
1067,batch_5/000052.JPG,data/official_complete/TACO/data/batch_5/000052.JPG,zenodo_archive,2448,3264,2448,3264,2065493,7ea18c5eb29a956e27aaa1a428de5ec9a4524900b95ba2de0bcda1b4279824e8,1,ok
1068,batch_5/000054.JPG,data/official_complete/TACO/data/batch_5/000054.JPG,zenodo_archive,2448,3264,2448,3264,1307241,f14b418b81194c9101e35a6f5b60520d16815e89a5af5a3cf66ca6c2a7eab6bf,1,ok
1069,batch_5/000055.JPG,data/official_complete/TACO/data/batch_5/000055.JPG,zenodo_archive,2448,3264,2448,3264,1589587,100acf7db9060407a453a438bbb0992f453a624cb804be40920f5cf597e95f87,3,ok
1070,batch_5/000056.JPG,data/official_complete/TACO/data/batch_5/000056.JPG,zenodo_archive,2448,3264,2448,3264,760287,f52e60db14789c48a14e675fe226155f2428f673496cdcfce0d30b945802f6d7,3,ok
1071,batch_5/000057.JPG,data/official_complete/TACO/data/batch_5/000057.JPG,zenodo_archive,2448,3264,2448,3264,493146,6e855509c78dea6f47f50b367a271850b79cae16b8be3746e6c493d3c5ddc041,2,ok
1072,batch_5/000058.JPG,data/official_complete/TACO/data/batch_5/000058.JPG,zenodo_archive,2448,3264,2448,3264,1583176,6cc931b10df25c877f9d3b390271ec1c28cd3fc89255518cf164fb5d0f7c4fa0,9,ok
1073,batch_5/000059.JPG,data/official_complete/TACO/data/batch_5/000059.JPG,zenodo_archive,2448,3264,2448,3264,581109,f9101217a1e2b071165dfbc17eaedb756a05cc646afca92de0ffd690f001f48b,1,ok
1074,batch_5/000060.JPG,data/official_complete/TACO/data/batch_5/000060.JPG,zenodo_archive,2448,3264,2448,3264,614018,71b86532397840d76815977035a424f5679ea31b72d87d06b045117083ba0036,2,ok
1075,batch_5/000061.JPG,data/official_complete/TACO/data/batch_5/000061.JPG,zenodo_archive,2448,3264,2448,3264,1568268,926fceb0ab329077af957a5d523608d8528671db45cd4e71679a3f06340ceca2,1,ok
1076,batch_6/000052.JPG,data/official_complete/TACO/data/batch_6/000052.JPG,zenodo_archive,2448,3264,2448,3264,1587641,6e748ae4395de654628924c2ddaae248b1ad25f29d5e984c630358c4a6b329ad,1,ok
1077,batch_6/000104.JPG,data/official_complete/TACO/data/batch_6/000104.JPG,zenodo_archive,2448,3264,2448,3264,458635,f03263f1a9a8dc0e336960936c48661f14f37861f6830e853ad88e049fe646e7,2,ok
1078,batch_6/000103.JPG,data/official_complete/TACO/data/batch_6/000103.JPG,zenodo_archive,3264,2448,3264,2448,775674,fac231cdda7e0c6676a49f661d1eb05a8b1d389111b05c3275856160a416badb,5,ok
1079,batch_6/000102.JPG,data/official_complete/TACO/data/batch_6/000102.JPG,zenodo_archive,2448,3264,2448,3264,2197900,5f569713d800361f60786c8d23aa5a992f4c2a1efc677a068981a01fcd5adc27,5,ok
1080,batch_6/000101.JPG,data/official_complete/TACO/data/batch_6/000101.JPG,zenodo_archive,2624,1968,2624,1968,824812,66b7e4c277efecaa467e53cc7e4585281d9d743b7acb88f4b9965ea2e7e45e0a,2,ok
1081,batch_6/000100.JPG,data/official_complete/TACO/data/batch_6/000100.JPG,zenodo_archive,3264,2448,3264,2448,2028831,ec2a0bc7a2be9e0133d0341cc3f8612e86b4617a615d8d1ba1a21fdf1d68d8d5,2,ok
1082,batch_6/000099.JPG,data/official_complete/TACO/data/batch_6/000099.JPG,zenodo_archive,2624,1968,2624,1968,717638,9fd27c462861a4173de222a59c6940b868d1682bc08b9f0e616871fddae1bfcd,5,ok
1083,batch_6/000098.JPG,data/official_complete/TACO/data/batch_6/000098.JPG,zenodo_archive,2448,3264,2448,3264,1464969,d9bfdd53ab8d1bf1d87ba1cc0aac05d002c8147d26f89101fa035bddc1c7a969,1,ok
1084,batch_6/000097.JPG,data/official_complete/TACO/data/batch_6/000097.JPG,zenodo_archive,3680,2760,3680,2760,1220418,ad745fb283951fd29a9d5334f999616aef45bfb73d77ab9e02b31be1c04f471f,7,ok
1085,batch_6/000096.JPG,data/official_complete/TACO/data/batch_6/000096.JPG,zenodo_archive,2448,3264,2448,3264,743059,95c2dd4350080a1daece0097fb1532222e9d8d2d726c557dca7045040cdd9488,1,ok
1086,batch_6/000095.JPG,data/official_complete/TACO/data/batch_6/000095.JPG,zenodo_archive,2624,1968,2624,1968,411649,c6e0485a032e9a25dbb62701064292756f6cd1eb7f625d79439f31df5c66b00b,1,ok
1087,batch_6/000094.JPG,data/official_complete/TACO/data/batch_6/000094.JPG,zenodo_archive,2448,3264,2448,3264,1970495,636e295031758a83ab5a2ab7bf5f9f7d282710bcae50171e101296ca96e82f57,1,ok
1088,batch_6/000093.JPG,data/official_complete/TACO/data/batch_6/000093.JPG,zenodo_archive,3264,2448,3264,2448,485825,acd78101153308cd0523eb50a90d4965702d7e13e1bab4e0fc94cda5b686e9c5,2,ok
1089,batch_6/000092.JPG,data/official_complete/TACO/data/batch_6/000092.JPG,zenodo_archive,2448,3264,2448,3264,1181194,defd773cbb7a8a50c245752bd80d55b5d5c05d3252d3a7c4e00ec70d74de4f12,3,ok
1090,batch_6/000091.JPG,data/official_complete/TACO/data/batch_6/000091.JPG,zenodo_archive,2448,3264,2448,3264,1460274,cf5cd6a92a2280d44cb24fe75dcc65500279857f3ad7f5abe3f4bcfe48f29f82,1,ok
1091,batch_6/000090.JPG,data/official_complete/TACO/data/batch_6/000090.JPG,zenodo_archive,3264,2448,3264,2448,1381737,0b66ce9c63cf58af3322f88e5412354fc352e6a21f7fc2f98f7af5b0a62c33ce,1,ok
1092,batch_6/000089.JPG,data/official_complete/TACO/data/batch_6/000089.JPG,zenodo_archive,2448,3264,2448,3264,1693409,10612a7913dd8c330de1acb0dc63df2b1a2487f9429924fb4b472ecd9e493106,1,ok
1093,batch_6/000088.JPG,data/official_complete/TACO/data/batch_6/000088.JPG,zenodo_archive,3644,2337,3644,2337,919721,80bf08ab10e3e84ca0b5ac475ec3fd7c17a9c7d4533d44d584121b672ff21f70,1,ok
1094,batch_6/000087.JPG,data/official_complete/TACO/data/batch_6/000087.JPG,zenodo_archive,2624,1968,2624,1968,909075,565ab8fa49b903ca1a76eb4ed39b248f8f9b01f80250cb4811fc085b97a027b9,3,ok
1095,batch_6/000086.JPG,data/official_complete/TACO/data/batch_6/000086.JPG,zenodo_archive,2624,1968,2624,1968,662728,0e56635662077b9437eb2f8d8d8d760cb36acf0a1dc11d08cb93abfb01e35c5b,1,ok
1096,batch_6/000085.JPG,data/official_complete/TACO/data/batch_6/000085.JPG,zenodo_archive,2448,3264,2448,3264,374246,cfe2a2c360489e41740def80229acc593666ed1621e388fe25a56a8dafb1c5ca,1,ok
1097,batch_6/000083.JPG,data/official_complete/TACO/data/batch_6/000083.JPG,zenodo_archive,2867,2756,2867,2756,932533,5affc1bb64b39aa34c44679579514b33134a806e66fe14418fce2081e0c2af16,2,ok
1098,batch_6/000082.JPG,data/official_complete/TACO/data/batch_6/000082.JPG,zenodo_archive,3680,2760,3680,2760,1448840,8fbf6fed38de378f2265d762ecf98977d8d3c61b7a71d063db13885bfa68f611,2,ok
1099,batch_6/000080.JPG,data/official_complete/TACO/data/batch_6/000080.JPG,zenodo_archive,3264,2448,3264,2448,1236617,fb156ac1c8ed23f8e01dddac9ad9e1c1de0a733a209ee790e33f51d6e2963e27,2,ok
1100,batch_6/000079.JPG,data/official_complete/TACO/data/batch_6/000079.JPG,zenodo_archive,2448,3264,2448,3264,1763502,5d51c1e8cea57c19f0c23ae5dda5c4ffed76a3327ae5b231d16c93be3f0ca98a,1,ok
1101,batch_6/000078.JPG,data/official_complete/TACO/data/batch_6/000078.JPG,zenodo_archive,2624,1968,2624,1968,1114802,a36320ec89754023a08c194ba603a958ef830e081debf1436a111c0a256a74ac,5,ok
1102,batch_6/000077.JPG,data/official_complete/TACO/data/batch_6/000077.JPG,zenodo_archive,3680,2760,3680,2760,1471766,a95357b7295c6b7474cbad11da31756ad295f84121384667c9e0a293f4a68a70,2,ok
1103,batch_6/000076.JPG,data/official_complete/TACO/data/batch_6/000076.JPG,zenodo_archive,2275,3235,2275,3235,292161,79ea558a451b1ce4017bee6858bdf382ed4cafc3ca38678b3d30bb9bc34788fe,3,ok
1104,batch_6/000075.JPG,data/official_complete/TACO/data/batch_6/000075.JPG,zenodo_archive,2448,3264,2448,3264,496442,43c0d90b4bcf010861045cefe9d83278caf1ce789ea0499b18823e807091a5b6,1,ok
1105,batch_6/000074.JPG,data/official_complete/TACO/data/batch_6/000074.JPG,zenodo_archive,3264,2448,3264,2448,525907,9c38d857039047fc6b6433493e9385e09ae42efaf7fc9bb529d216b2b8c6bf08,2,ok
1106,batch_6/000073.JPG,data/official_complete/TACO/data/batch_6/000073.JPG,zenodo_archive,3264,2448,3264,2448,2042674,c885578774a7ce2d5fbea0e28c7a249aaa1c57ec15d8467c655660c2ef43da5e,3,ok
1107,batch_6/000072.JPG,data/official_complete/TACO/data/batch_6/000072.JPG,zenodo_archive,2448,3264,2448,3264,1459883,c2a0468efc243bbcb3bf5a16ef87647a42fe0af19fb011a8a2de20759baf823a,90,ok
1108,batch_6/000071.JPG,data/official_complete/TACO/data/batch_6/000071.JPG,zenodo_archive,2448,3264,2448,3264,1937452,751b803edf2f6d3c63b7f8700d228d06698ca7855882892d3495952a40028b99,1,ok
1109,batch_6/000070.JPG,data/official_complete/TACO/data/batch_6/000070.JPG,zenodo_archive,2624,1968,2624,1968,601556,140ad4d67db721d3a3f957288e53868b01945da6990f368eb270ac010a1a1409,1,ok
1110,batch_6/000069.JPG,data/official_complete/TACO/data/batch_6/000069.JPG,zenodo_archive,3264,2448,3264,2448,1935913,386c1979486e6ea10bc3fe1eabbfc66f07c812408ade2b1bea585b51866ba47e,2,ok
1111,batch_6/000068.JPG,data/official_complete/TACO/data/batch_6/000068.JPG,zenodo_archive,3264,2448,3264,2448,1715066,24508bbb716ddc1ed1a8a9dd24e6a688018ca4230513cdd4f70eb99ad46d7eaa,9,ok
1112,batch_6/000066.JPG,data/official_complete/TACO/data/batch_6/000066.JPG,zenodo_archive,3264,2448,3264,2448,1801164,82507dcd8be2881fd8abe38aef4081f5c0b982268d4e1e351cfdfe4c4f636794,30,ok
1113,batch_6/000065.JPG,data/official_complete/TACO/data/batch_6/000065.JPG,zenodo_archive,2448,3264,2448,3264,495168,cb1b92694ce76ce219d384c3683b8daf3bfafd5c4e98e665f1858f5d28157075,4,ok
1114,batch_6/000064.JPG,data/official_complete/TACO/data/batch_6/000064.JPG,zenodo_archive,2624,1968,2624,1968,1014915,59116ee43ede23a68e64e5facdf5bd2e92050f867bbfd95f9a4910bceab7df61,5,ok
1115,batch_6/000063.JPG,data/official_complete/TACO/data/batch_6/000063.JPG,zenodo_archive,3264,2448,3264,2448,819271,8ff7950d77a783d556bd6a070b771ff3dc442b2535d69172cf32270f1c800d18,1,ok
1116,batch_6/000062.JPG,data/official_complete/TACO/data/batch_6/000062.JPG,zenodo_archive,3264,2448,3264,2448,1319113,40cccd7aa4fedb1b172c605f63517c92eb980f71dd6758bc1b073b44fccd5c74,1,ok
1117,batch_6/000061.JPG,data/official_complete/TACO/data/batch_6/000061.JPG,zenodo_archive,2448,3264,2448,3264,927741,41a3f5f2809767418a8af9c963dcba152116de10d733c3c88de689edb77d7e36,2,ok
1118,batch_6/000060.JPG,data/official_complete/TACO/data/batch_6/000060.JPG,zenodo_archive,2448,3264,2448,3264,400244,d9f9e1014461ffc6282da5c5f079eac9d6427e2f628ed4b081bc2cf716cd9626,1,ok
1119,batch_6/000059.JPG,data/official_complete/TACO/data/batch_6/000059.JPG,zenodo_archive,3264,2448,3264,2448,402853,6ad0ec0da26b398febae919c2b4579ee14f498b08933756745deba8b6f5bd872,3,ok
1120,batch_6/000058.JPG,data/official_complete/TACO/data/batch_6/000058.JPG,zenodo_archive,2448,3264,2448,3264,395045,580edff1e55731e95ecc086b3cffa12079e148e8705e10eebe2511463b8d675a,4,ok
1121,batch_6/000056.JPG,data/official_complete/TACO/data/batch_6/000056.JPG,zenodo_archive,3264,2448,3264,2448,491166,3c772b1cda3cfa5763e31b4021fc2b8fe00021a4fd4d5b5e865d499b747abb67,6,ok
1122,batch_6/000055.JPG,data/official_complete/TACO/data/batch_6/000055.JPG,zenodo_archive,3264,2448,3264,2448,1888783,f94bf0356b9faa4bb7d28bd01e1f1c81c5a720a2a4d6fd9e92958ea1f3a4cd9b,5,ok
1123,batch_6/000057.JPG,data/official_complete/TACO/data/batch_6/000057.JPG,zenodo_archive,3264,2448,3264,2448,724114,7123756caf0e4f225dfca082e31b213bac6b779130b41e53749a2f7eabc33300,20,ok
1124,batch_6/000054.JPG,data/official_complete/TACO/data/batch_6/000054.JPG,zenodo_archive,3264,2448,3264,2448,718128,ac83ee455dbe243f5619b2dfa07c23cf9452fcc044e14719ed9466c25543e016,2,ok
1125,batch_6/000053.JPG,data/official_complete/TACO/data/batch_6/000053.JPG,zenodo_archive,2448,3264,2448,3264,1199750,46867c769db1a8e41afe731af57788fb153140fb84343434a5395a3dcf6552a0,1,ok
1126,batch_6/000000.JPG,data/official_complete/TACO/data/batch_6/000000.JPG,zenodo_archive,2448,3264,2448,3264,1383423,688cd915d1b744d91eefc25a6779724c902ad0c7e33269ed8d7e2750bb1fe208,1,ok
1127,batch_6/000051.JPG,data/official_complete/TACO/data/batch_6/000051.JPG,zenodo_archive,2448,3264,2448,3264,1954981,7b59cf1a6987a6299e34a152788df1341becc41978cc807a37b44f27cadc3b7f,1,ok
1128,batch_6/000050.JPG,data/official_complete/TACO/data/batch_6/000050.JPG,zenodo_archive,2448,3264,2448,3264,1019586,fe5e120f4c85815f84d4ceb0c80ed8a33c5dba2e4ebdf6006b8ec902801dc222,1,ok
1129,batch_6/000049.JPG,data/official_complete/TACO/data/batch_6/000049.JPG,zenodo_archive,2448,3264,2448,3264,1466331,f393e3b9a66249196e8b31b0c34751b41b45d24752abcfbbd94cc9a763db68b5,2,ok
1130,batch_6/000048.JPG,data/official_complete/TACO/data/batch_6/000048.JPG,zenodo_archive,3264,2448,3264,2448,833505,6e248f74dfe417e10c211b562b3a9fcee203211ca2490e81d445f6b700286a6e,1,ok
1131,batch_6/000047.JPG,data/official_complete/TACO/data/batch_6/000047.JPG,zenodo_archive,3264,2448,3264,2448,1668541,a5635188c609454cabfb16477ed84b91c912934f9d7ea6db605bab0698635a3c,2,ok
1132,batch_6/000046.JPG,data/official_complete/TACO/data/batch_6/000046.JPG,zenodo_archive,2448,3264,2448,3264,1375697,275f86a19c493c945abd510a3ce9bbd4f81974e41e352711f9716dfa008086d1,18,ok
1133,batch_6/000045.JPG,data/official_complete/TACO/data/batch_6/000045.JPG,zenodo_archive,3264,2448,3264,2448,2108755,6420f53faeaad4d9a347a24f90ecd2f77e7f2c70d7f80ae626a40608915d9fa5,2,ok
1134,batch_6/000043.JPG,data/official_complete/TACO/data/batch_6/000043.JPG,zenodo_archive,3264,2448,3264,2448,1322658,43d8ecb6682da24acbd2a45449f4875ea16717f9a25863c35fdabdf62de8c32a,2,ok
1135,batch_6/000042.JPG,data/official_complete/TACO/data/batch_6/000042.JPG,zenodo_archive,2448,3264,2448,3264,727817,d3a7fdb96e0c8693e091b387230bec7c8ea7f225ee207e0949fa494670f8710a,2,ok
1136,batch_6/000041.JPG,data/official_complete/TACO/data/batch_6/000041.JPG,zenodo_archive,3264,2448,3264,2448,438153,b08aa9e4654f08692b852cbe26600ded4d4599a1e38c63fd5f4340c5e32cd908,3,ok
1137,batch_6/000040.JPG,data/official_complete/TACO/data/batch_6/000040.JPG,zenodo_archive,3680,2760,3680,2760,1304169,ebd500f4f710c6fb7acf267fa3a5153527b66dfc64e7bba22cb3dcfaa3e2e7d3,1,ok
1138,batch_6/000039.JPG,data/official_complete/TACO/data/batch_6/000039.JPG,zenodo_archive,3264,2448,3264,2448,480467,86b1ef0f2bb6b2b6a9be8aff77abc4ba464290c7dcc90ee3a93ba24263ea2496,2,ok
1139,batch_6/000038.JPG,data/official_complete/TACO/data/batch_6/000038.JPG,zenodo_archive,2624,1968,2624,1968,922199,29c53685e4be654b448513e56e02a2c138abcc7ac5c6a771e05f2a916996e3bc,3,ok
1140,batch_6/000037.JPG,data/official_complete/TACO/data/batch_6/000037.JPG,zenodo_archive,2624,1968,2624,1968,1050961,54f63b3f8cdfafd291f68b0e0c3713d5d7853de72cc243d133012291c04aca81,12,ok
1141,batch_6/000036.JPG,data/official_complete/TACO/data/batch_6/000036.JPG,zenodo_archive,2624,1968,2624,1968,733392,e06cc461aeb8824cade7876c3ac1ae67da5f1b02e35981eb6966d666c99470c8,5,ok
1142,batch_6/000035.JPG,data/official_complete/TACO/data/batch_6/000035.JPG,zenodo_archive,2448,3264,2448,3264,393319,40fcb5d367276c10cec6a32715eb73e6b9a6788d9f19cb87e8f95f3acc0ee217,6,ok
1143,batch_6/000034.JPG,data/official_complete/TACO/data/batch_6/000034.JPG,zenodo_archive,2448,3264,2448,3264,1539269,686d5111dc11ca4936150229dcf4ec878d601960e5c3d01ece3197ca7cd8ae03,2,ok
1144,batch_6/000033.JPG,data/official_complete/TACO/data/batch_6/000033.JPG,zenodo_archive,2624,1968,2624,1968,461210,aea56678cedc45d484812c12e62cb709d22533194277663447fa672d82f527b9,2,ok
1145,batch_6/000032.JPG,data/official_complete/TACO/data/batch_6/000032.JPG,zenodo_archive,3264,2448,3264,2448,916404,3019592a9e88365256c1b42dc7ea8b7f1d918b5d3993106073318e645b980664,4,ok
1146,batch_6/000031.JPG,data/official_complete/TACO/data/batch_6/000031.JPG,zenodo_archive,2448,3264,2448,3264,1795820,f8e6699073dd62c6a2cb86a7816235058eb2f9aee289c1ccccd4612c72a36b45,7,ok
1147,batch_6/000029.JPG,data/official_complete/TACO/data/batch_6/000029.JPG,zenodo_archive,3680,2760,3680,2760,1159703,c2a857ea109795c676d19973df84b1bd8ee4a57324bca48270cb6ca37b4fb99a,6,ok
1148,batch_6/000028.JPG,data/official_complete/TACO/data/batch_6/000028.JPG,zenodo_archive,2448,3264,2448,3264,1626489,bb01b117f5fb77098d911d99506d165baf0dbc50be5283ac1c0fe6dae0556d28,1,ok
1149,batch_6/000027.JPG,data/official_complete/TACO/data/batch_6/000027.JPG,zenodo_archive,3264,2448,3264,2448,1244702,cb406103584a8a63dbc47a2addd87fee24299726927b3692b19be2bf0d22c19d,1,ok
1150,batch_6/000026.JPG,data/official_complete/TACO/data/batch_6/000026.JPG,zenodo_archive,2448,3264,2448,3264,1667978,d8e7a9301dae43b0a51a60444baed38121b060f450c51e080412df4079e94948,1,ok
1151,batch_6/000025.JPG,data/official_complete/TACO/data/batch_6/000025.JPG,zenodo_archive,3264,2448,3264,2448,503257,56c3fd730c32e9a8afe8d4fa9e61dc5cb9ae78c285b917cd3d5a17eb4a0b2fc4,1,ok
1152,batch_6/000024.JPG,data/official_complete/TACO/data/batch_6/000024.JPG,zenodo_archive,2624,1968,2624,1968,576414,b7e332aedb3561bf726b9af2214c23115ff28e6f2eec20ee1c6255c42c818c02,5,ok
1153,batch_6/000023.JPG,data/official_complete/TACO/data/batch_6/000023.JPG,zenodo_archive,3264,2448,3264,2448,708469,c55b6d34cf964def3d77582e56e74462a8f7e1a9aa75aba370c8f0c87987531b,3,ok
1154,batch_6/000022.JPG,data/official_complete/TACO/data/batch_6/000022.JPG,zenodo_archive,2448,3264,2448,3264,636240,e21b32ca2c0cf875f28f29eb8fe845ed888013c5c11d77b9bb75e2f8b7a70c51,7,ok
1155,batch_6/000021.JPG,data/official_complete/TACO/data/batch_6/000021.JPG,zenodo_archive,2448,3264,2448,3264,355290,6aec44cd4773940a8a0d1a2f662030a54e0193378b8f6a44da7402b7e74fbc10,1,ok
1156,batch_6/000020.JPG,data/official_complete/TACO/data/batch_6/000020.JPG,zenodo_archive,2448,3264,2448,3264,1369906,f2124f2730dcd1e9de15c77aa14ef1aeb152b1ef929af9ba5bed9c1e3542ed21,1,ok
1157,batch_6/000019.JPG,data/official_complete/TACO/data/batch_6/000019.JPG,zenodo_archive,3264,2448,3264,2448,1715185,b22f4dc743b96a6e0f2560881205a55c82acfd93252dbc4678a1a17c441d926d,2,ok
1158,batch_6/000018.JPG,data/official_complete/TACO/data/batch_6/000018.JPG,zenodo_archive,2448,3264,2448,3264,888145,ddc6401117952bd0bc19ea2f6c498b58247c7fd0b80b2aab1946b8929dffd3cb,1,ok
1159,batch_6/000017.JPG,data/official_complete/TACO/data/batch_6/000017.JPG,zenodo_archive,2448,3264,2448,3264,480933,4dbea9afa46d0277cd75e13ce7eaa832e9c066d13bc73725f447c23030817f2e,6,ok
1160,batch_6/000015.JPG,data/official_complete/TACO/data/batch_6/000015.JPG,zenodo_archive,2815,2195,2815,2195,428222,6e6600bfee268aee0a260374030ad4324198bf35b12068f4eda5447624cd642c,3,ok
1161,batch_6/000014.JPG,data/official_complete/TACO/data/batch_6/000014.JPG,zenodo_archive,2448,3264,2448,3264,1645753,a1f943b70a0d1cf36701dddd6e180181fdbde192b3879b1b26364aa373f6a0c9,7,ok
1162,batch_6/000013.JPG,data/official_complete/TACO/data/batch_6/000013.JPG,zenodo_archive,2448,3264,2448,3264,1611973,4afea0f08ec917f965f6fc86ca1b99a5b61400a90b4e6acf07e4e4c9e44ab9a6,3,ok
1163,batch_6/000011.JPG,data/official_complete/TACO/data/batch_6/000011.JPG,zenodo_archive,2448,3264,2448,3264,1524482,3fb5628a61786f6a3b2265184cc0481b39932070a99ab970a22bd9e580a522d5,1,ok
1164,batch_6/000010.JPG,data/official_complete/TACO/data/batch_6/000010.JPG,zenodo_archive,2448,3264,2448,3264,380508,22033aafb8f381a7b4282b8ba1fb784b8d706cf29334ccd6dab030da38d38016,1,ok
1165,batch_6/000009.JPG,data/official_complete/TACO/data/batch_6/000009.JPG,zenodo_archive,3264,2448,3264,2448,375458,ceba2affb45067615a716a49305ca20338ec9b8a8b31390700c7b19b6e4f1b19,1,ok
1166,batch_6/000008.JPG,data/official_complete/TACO/data/batch_6/000008.JPG,zenodo_archive,2624,1968,2624,1968,475716,d1c0748785de0f1dab64c05615dfef8d3327e0f77d63d0ed72e711898689ed70,1,ok
1167,batch_6/000007.JPG,data/official_complete/TACO/data/batch_6/000007.JPG,zenodo_archive,2448,3264,2448,3264,1429828,20b0a78f3a5c77333427586ec61e8dc734c44e0df28b2b63de4440a6e718665f,1,ok
1168,batch_6/000006.JPG,data/official_complete/TACO/data/batch_6/000006.JPG,zenodo_archive,3264,2448,3264,2448,1216005,491cf5ba35efd29b4d9af6a8020c7015e22237eca2347d758157036f69d3cf28,4,ok
1169,batch_6/000005.JPG,data/official_complete/TACO/data/batch_6/000005.JPG,zenodo_archive,2448,3264,2448,3264,1448306,3a2d01f33ee8a9d401cfce5ab44e940949bd144603afe73693981f9d05af8544,3,ok
1170,batch_6/000003.JPG,data/official_complete/TACO/data/batch_6/000003.JPG,zenodo_archive,2448,3264,2448,3264,1779629,fc452bb876113cb7abde25744c98d37637e1fffda16163908e38fe8578667dd7,2,ok
1171,batch_6/000002.JPG,data/official_complete/TACO/data/batch_6/000002.JPG,zenodo_archive,3264,2448,3264,2448,358945,798fe9e4cc2f945a17334e28d3b4fb46ca235df26464a4645334934cde58883a,2,ok
1172,batch_6/000001.JPG,data/official_complete/TACO/data/batch_6/000001.JPG,zenodo_archive,2448,3264,2448,3264,683468,b148c44ec76c8c275e9d6ec50a7a2f0275a744c13e9ed35a50f8ab62a5ee4248,5,ok
1173,batch_7/000000.JPG,data/official_complete/TACO/data/batch_7/000000.JPG,zenodo_archive,6000,4000,6000,4000,4959241,cec29aa8d2ef8d5e9579fe25d80c4b8fe8870f3de98f85fc0222fee675fbbbce,1,ok
1174,batch_7/000001.JPG,data/official_complete/TACO/data/batch_7/000001.JPG,zenodo_archive,6000,4000,6000,4000,4723335,1a51cd287662215e5892c3b56c43792d12caca968cf6a80d487dcef2961775b8,4,ok
1175,batch_7/000002.JPG,data/official_complete/TACO/data/batch_7/000002.JPG,zenodo_archive,6000,4000,6000,4000,3968253,d13240525f25c2118b800e627a4d68307f8aa107d41cfeaed0b596f432b9d72a,3,ok
1176,batch_7/000003.JPG,data/official_complete/TACO/data/batch_7/000003.JPG,zenodo_archive,6000,4000,6000,4000,3978918,d8ea56c97e9adb78ee04deb0408ae912f34dc8b5e93ce15e4cd61931c6ad810e,1,ok
1177,batch_7/000004.JPG,data/official_complete/TACO/data/batch_7/000004.JPG,zenodo_archive,6000,4000,6000,4000,4299382,f54564c2016f25e4b9148d76dd2cbd001273bb284be6b86bc5a098f8a910a77e,2,ok
1178,batch_7/000005.JPG,data/official_complete/TACO/data/batch_7/000005.JPG,zenodo_archive,6000,4000,6000,4000,5904292,2711f390e3fa35b673810ec1d849643e0f05893558b794c1aaf92cc08509cfec,1,ok
1179,batch_7/000006.JPG,data/official_complete/TACO/data/batch_7/000006.JPG,zenodo_archive,6000,4000,6000,4000,5333170,a662fc715b968bf431f993211ff07dfed77c7c1d42355ac575613b5bd5c934e9,2,ok
1180,batch_7/000008.JPG,data/official_complete/TACO/data/batch_7/000008.JPG,zenodo_archive,6000,4000,6000,4000,2830623,d2965e2162e53ad65264bcbcfad2e9ed56804376be39b83acb1aecce3f025348,1,ok
1181,batch_7/000010.JPG,data/official_complete/TACO/data/batch_7/000010.JPG,zenodo_archive,6000,4000,6000,4000,2756418,56fef56e7773c3abf1e7ece0708bf9455e22248cb57dfb7e6af885128362432d,3,ok
1182,batch_7/000011.JPG,data/official_complete/TACO/data/batch_7/000011.JPG,zenodo_archive,6000,4000,6000,4000,2015626,5877f66185565985fa1321eedf797ae4c42c50826938435addf0db5cb1bfeccd,1,ok
1183,batch_7/000012.JPG,data/official_complete/TACO/data/batch_7/000012.JPG,zenodo_archive,6000,4000,6000,4000,3831735,a7fe8d7661149e83b5632fc9f8b26d26fdd32cdf2a70011efb4999068e06c795,1,ok
1184,batch_7/000013.JPG,data/official_complete/TACO/data/batch_7/000013.JPG,zenodo_archive,3264,2448,3264,2448,1488054,05a23fadec4d1884aa5a1f99c13cd2dd073caa3cb276630cd39865da7804a43c,2,ok
1185,batch_7/000014.JPG,data/official_complete/TACO/data/batch_7/000014.JPG,zenodo_archive,3264,2448,3264,2448,1483717,c5ac5cb4e03a356c89addaa77d00e56472a4e8f6777e3d3c04797ebcee03831c,1,ok
1186,batch_7/000015.JPG,data/official_complete/TACO/data/batch_7/000015.JPG,zenodo_archive,2448,3264,2448,3264,959725,3e417f3b4f05ae03b23381656033800ccc010fb5620f17a3030ed984b4b5d718,2,ok
1187,batch_7/000016.JPG,data/official_complete/TACO/data/batch_7/000016.JPG,zenodo_archive,2448,3264,2448,3264,1391212,c9bb58cabe33db90407f35fe85f01b762b6cf46be82ac7dfd2aca5d59010a596,1,ok
1188,batch_7/000017.JPG,data/official_complete/TACO/data/batch_7/000017.JPG,zenodo_archive,3264,2448,3264,2448,1700764,eb119cb3fa52e44f8d7950a61f15622c9ff00baf000363f14aa9796efe789378,1,ok
1189,batch_7/000018.JPG,data/official_complete/TACO/data/batch_7/000018.JPG,zenodo_archive,3264,2448,3264,2448,1934557,eae25386e5263dbd0218e91ed6fbe271da728ea2b7152cb7a7b7df4ea62cfbaa,5,ok
1190,batch_7/000019.JPG,data/official_complete/TACO/data/batch_7/000019.JPG,zenodo_archive,3264,2448,3264,2448,1826684,070e3b248ff2940d1eaaca402318dc23ebbff1a8a64ed0d55d63f9e1cfe7a3e3,1,ok
1191,batch_7/000020.JPG,data/official_complete/TACO/data/batch_7/000020.JPG,zenodo_archive,3264,2448,3264,2448,1646311,4540dd30710d1fbfcaebc7e4c2bec5d36ca2ec5f8247aae11e963995399072c8,1,ok
1192,batch_7/000021.JPG,data/official_complete/TACO/data/batch_7/000021.JPG,zenodo_archive,3264,2448,3264,2448,1689920,eda046ff059c6530723f43c99d4950e4c0e8f17ce116dc3236078095f4c391fa,4,ok
1193,batch_7/000022.JPG,data/official_complete/TACO/data/batch_7/000022.JPG,zenodo_archive,3264,2448,3264,2448,1669365,31edb21042f85f0fc34a08cfca7f8ae300707325392291c955fbabedb6a9210b,13,ok
1194,batch_7/000023.JPG,data/official_complete/TACO/data/batch_7/000023.JPG,zenodo_archive,2448,3264,2448,3264,2490332,db599d7bc2e93dc174b4880692347bbe95793307f30375bbc0b43817df75f73a,4,ok
1195,batch_7/000024.JPG,data/official_complete/TACO/data/batch_7/000024.JPG,zenodo_archive,3264,2448,3264,2448,2312588,b54324261d7ae93c9adda557607fce502d98ce5ecf4b590887bff82f5347f0eb,2,ok
1196,batch_7/000025.JPG,data/official_complete/TACO/data/batch_7/000025.JPG,zenodo_archive,3264,2448,3264,2448,2899682,279cf477a445a581f38511e67f3d2ea29478ba04af82024b19bf61df5e8fa860,2,ok
1197,batch_7/000029.JPG,data/official_complete/TACO/data/batch_7/000029.JPG,zenodo_archive,2448,3264,2448,3264,690867,8927d004c8a9b717ef97c984a63ffb99f0ce23f649766dfad8ddfca53823991c,3,ok
1198,batch_7/000030.JPG,data/official_complete/TACO/data/batch_7/000030.JPG,zenodo_archive,960,1280,960,1280,154101,a33c88b64f800d43f3d1719dd3c7bb9bf8c82f60152057f20048de679ed51468,1,ok
1199,batch_7/000031.JPG,data/official_complete/TACO/data/batch_7/000031.JPG,zenodo_archive,2448,3264,2448,3264,483607,25f58427a5411064038f810c04de1bf666b888fe16429211e75ba890e685774c,2,ok
1200,batch_7/000033.JPG,data/official_complete/TACO/data/batch_7/000033.JPG,zenodo_archive,2448,3264,2448,3264,566012,93e196f0607613322f40377ec1190dddad8f14fea7322b987de2544015a8c02e,3,ok
1201,batch_7/000034.JPG,data/official_complete/TACO/data/batch_7/000034.JPG,zenodo_archive,2448,3264,2448,3264,685830,dd77adc4ae70819eda1a05d193123804e29af64bd97534e416680f97c4feff9f,1,ok
1202,batch_7/000035.JPG,data/official_complete/TACO/data/batch_7/000035.JPG,zenodo_archive,3264,2448,3264,2448,1915859,3e89d5163867e68eb091dd07d53e51171fc103e9b1ed87ba27fda66464e95225,5,ok
1203,batch_7/000036.JPG,data/official_complete/TACO/data/batch_7/000036.JPG,zenodo_archive,3264,2448,3264,2448,1080464,26b9c0ab8f5b795e22442503b2955c2d38f40519706d9ac24f8d7f59704f6566,8,ok
1204,batch_7/000037.JPG,data/official_complete/TACO/data/batch_7/000037.JPG,zenodo_archive,2448,3264,2448,3264,1387876,f138c5db7f9db8481c333ea4c3ef3c4329232eb8beade365574ee646efa541c1,2,ok
1205,batch_7/000038.JPG,data/official_complete/TACO/data/batch_7/000038.JPG,zenodo_archive,2448,3264,2448,3264,1559994,2353479184cadf79be89584e65f3d0cccdab47cb238d24f2f849fcd090af60f1,2,ok
1206,batch_7/000039.JPG,data/official_complete/TACO/data/batch_7/000039.JPG,zenodo_archive,2448,3264,2448,3264,1345287,83e02ebe773e0a1517cc94bef1ccf5ecd57ebac549fa504fc08c2c81e68e53a7,7,ok
1207,batch_7/000042.JPG,data/official_complete/TACO/data/batch_7/000042.JPG,zenodo_archive,2448,3264,2448,3264,1101741,29da4dfa8cf1e1d6c30afae42e1f3f210b0b9fc86b9e03f0b945de101471d9c1,1,ok
1208,batch_7/000043.JPG,data/official_complete/TACO/data/batch_7/000043.JPG,zenodo_archive,2448,3264,2448,3264,1694780,f39830c593f2e6c7317c41ced5ceb0b8fcd90a0383b485100653f49304667316,11,ok
1209,batch_7/000044.JPG,data/official_complete/TACO/data/batch_7/000044.JPG,zenodo_archive,2448,3264,2448,3264,1765225,c22897e4a86b76cce7bc3940f56f8199cebd5714660ae8870c73b4725bef7dd3,8,ok
1210,batch_7/000045.JPG,data/official_complete/TACO/data/batch_7/000045.JPG,zenodo_archive,2448,3264,2448,3264,1417136,746060cc1062505993e7b58a25851b6622953f6ba10957fc59e67f5b4071b105,2,ok
1211,batch_7/000047.JPG,data/official_complete/TACO/data/batch_7/000047.JPG,zenodo_archive,2448,3264,2448,3264,1286170,8d83036bb2a02d6b6c81730e1589dedefd01acb555973227b84009e6572cc6c8,5,ok
1212,batch_7/000048.JPG,data/official_complete/TACO/data/batch_7/000048.JPG,zenodo_archive,2448,3264,2448,3264,1862689,01edc8784a5c41ab397ad09ab38b5f727527eecf06230cebab649b451470fca2,5,ok
1213,batch_7/000049.JPG,data/official_complete/TACO/data/batch_7/000049.JPG,zenodo_archive,2448,3264,2448,3264,2469327,ebab6a66b57478805a541ddeec08a4d15a299675b93d879b80542a1774856ead,24,ok
1214,batch_7/000050.JPG,data/official_complete/TACO/data/batch_7/000050.JPG,zenodo_archive,2448,3264,2448,3264,1819952,2e59216ef62aa5da43c3451cab1f49ee017404ab5d69322b3506b51aa753139b,4,ok
1215,batch_7/000051.JPG,data/official_complete/TACO/data/batch_7/000051.JPG,zenodo_archive,2448,3264,2448,3264,1319565,0abc2110bec2f979257e1f6dfa1b2220f58fa7a7df389b3ee10d0b86c89ed873,9,ok
1216,batch_7/000052.JPG,data/official_complete/TACO/data/batch_7/000052.JPG,zenodo_archive,3264,2448,3264,2448,1864155,6b8b88ce7298e76fa8ef6a52e2b8bbe5c127472217371771040af4e3219287f7,2,ok
1217,batch_7/000053.JPG,data/official_complete/TACO/data/batch_7/000053.JPG,zenodo_archive,3264,2448,3264,2448,1798744,e802548b86a5ec69f0a48c7fff75c53f0b8c449b29c203ebba9eb1f0dcf459c6,2,ok
1218,batch_7/000054.JPG,data/official_complete/TACO/data/batch_7/000054.JPG,zenodo_archive,3264,2448,3264,2448,1042581,d6de9da51719c9a3b26e7d096ecf4465e8fe329e0ad57c19c6dbc82ed31a87bd,2,ok
1219,batch_7/000055.JPG,data/official_complete/TACO/data/batch_7/000055.JPG,zenodo_archive,2448,3264,2448,3264,1276176,95dabd06353e4524f961786ee0c5e0d3267eddf9b5a60cc672049689b1ca2bde,1,ok
1220,batch_7/000056.JPG,data/official_complete/TACO/data/batch_7/000056.JPG,zenodo_archive,2448,3264,2448,3264,1133386,1cbb310ecb6188b86628ac4147bc881cdf2e8de361a11d01906de5302af30589,1,ok
1221,batch_7/000057.JPG,data/official_complete/TACO/data/batch_7/000057.JPG,zenodo_archive,2448,3264,2448,3264,1776863,ffaee344991cd65df999c6fe226717655b51eda7fb36d9408491778581516f6f,1,ok
1222,batch_7/000058.JPG,data/official_complete/TACO/data/batch_7/000058.JPG,zenodo_archive,2448,3264,2448,3264,1846069,68570a9f72a54a0a47c789257c86cbca9c8f2d4060cbf211b4b8108f7f742448,2,ok
1223,batch_7/000060.JPG,data/official_complete/TACO/data/batch_7/000060.JPG,zenodo_archive,2448,3264,2448,3264,2059966,d58e33340ce3982e07e3a00c89c308641230cf23efbced9e29e8c6d5ad067203,1,ok
1224,batch_7/000062.JPG,data/official_complete/TACO/data/batch_7/000062.JPG,zenodo_archive,2448,3264,2448,3264,2038740,2ff9a99765ef998f538ed112136a00871229d14989d29cd541bcc82d83362531,12,ok
1225,batch_7/000063.JPG,data/official_complete/TACO/data/batch_7/000063.JPG,zenodo_archive,3264,2448,3264,2448,1594594,54422c97e9757f58ee59360083b8f5fc6ff4d172f66fbf2a9ac31bc39331a3f5,2,ok
1226,batch_7/000064.JPG,data/official_complete/TACO/data/batch_7/000064.JPG,zenodo_archive,3264,2448,3264,2448,2780351,252b18050a0336b1fd56d1a73a404fabe6f37522c902542b8f0adf19300aa511,3,ok
1227,batch_7/000065.JPG,data/official_complete/TACO/data/batch_7/000065.JPG,zenodo_archive,3264,2448,3264,2448,1992249,d3668aa6f9e38d228867bc223b4ecd16482b0ce52d3eb0bd66795669ec6ab70c,4,ok
1228,batch_7/000066.JPG,data/official_complete/TACO/data/batch_7/000066.JPG,zenodo_archive,3264,2448,3264,2448,1799532,582dfb5a2e9b75e335e8d2f55865ba9aedb6cef3fa1823e74c51c096e68a7b69,3,ok
1229,batch_7/000067.JPG,data/official_complete/TACO/data/batch_7/000067.JPG,zenodo_archive,3264,2448,3264,2448,1439279,1d81fb650797b0b3867e0ecc39740210b6be5a84c59d5e7ed8bb9ceb91b1feef,2,ok
1230,batch_7/000068.JPG,data/official_complete/TACO/data/batch_7/000068.JPG,zenodo_archive,3264,2448,3264,2448,2702406,88ccb481f371db37ae2d8aab86211f1e3eaa48f043778a3e55b9365ecd168a6b,1,ok
1231,batch_7/000069.JPG,data/official_complete/TACO/data/batch_7/000069.JPG,zenodo_archive,2448,3264,2448,3264,1821646,06643c1f2a6fffdcaba6fa9015517c2ac1329ee0ddb519da3d65f68d4b714a88,1,ok
1232,batch_7/000070.JPG,data/official_complete/TACO/data/batch_7/000070.JPG,zenodo_archive,2448,3264,2448,3264,2213084,caef2b64bbb9ccd0aed7fc87092e5286175d3af854fe2cd5c309dd4cbf1b501b,3,ok
1233,batch_7/000071.JPG,data/official_complete/TACO/data/batch_7/000071.JPG,zenodo_archive,3264,2448,3264,2448,2251488,b73f2d106078b705790377429cae7f9a953e789260f68a14d5eee9621569c26c,1,ok
1234,batch_7/000072.JPG,data/official_complete/TACO/data/batch_7/000072.JPG,zenodo_archive,2448,3264,2448,3264,670347,580a23dbe553b52693e3a9a640c572be05291cee7e85f7a98015f0a0e7b1a1de,5,ok
1235,batch_7/000073.JPG,data/official_complete/TACO/data/batch_7/000073.JPG,zenodo_archive,2448,3264,2448,3264,2345720,78c56c80a70cc9778faed7e7710f0efa732dd416f3d8c96b25bfb0b50ff552f8,5,ok
1236,batch_7/000075.JPG,data/official_complete/TACO/data/batch_7/000075.JPG,zenodo_archive,3264,2448,3264,2448,2197631,d12a94cf6aca8ac3d7a275d37f7eeee9f2a399403da6c7d0a1ac41502c59e79e,2,ok
1237,batch_7/000076.JPG,data/official_complete/TACO/data/batch_7/000076.JPG,zenodo_archive,2448,3264,2448,3264,1520163,af23395a39915055fb29190193eaadea87dd2c96349dc48917c5e0e0d9c9dd04,2,ok
1238,batch_7/000077.JPG,data/official_complete/TACO/data/batch_7/000077.JPG,zenodo_archive,2448,3264,2448,3264,1393914,cf9b7a8fd1b99526950d53c0e7278f64b68ba2da67fdeecf442f6e15fff17610,3,ok
1239,batch_7/000078.JPG,data/official_complete/TACO/data/batch_7/000078.JPG,zenodo_archive,2448,3264,2448,3264,1421298,9ff398912f147ce37ad0d5646e0f110d601958581fef0a52ac4598a3996bb8fc,20,ok
1240,batch_7/000079.JPG,data/official_complete/TACO/data/batch_7/000079.JPG,zenodo_archive,2448,3264,2448,3264,1664529,271565ed29454d2414860d180f699ebddcf9ac3034c39f1f9aa485745564cb72,10,ok
1241,batch_7/000080.JPG,data/official_complete/TACO/data/batch_7/000080.JPG,zenodo_archive,3264,2448,3264,2448,1820151,4308c77a110939a96082d4f9e5c8999c364d62dd4a2e102f7dcc1363dd03cc76,4,ok
1242,batch_7/000081.JPG,data/official_complete/TACO/data/batch_7/000081.JPG,zenodo_archive,2448,3264,2448,3264,1952514,65ade537db00b86c48900d1a5b3efef7306817ad9edb1af2372233884df32524,4,ok
1243,batch_7/000082.JPG,data/official_complete/TACO/data/batch_7/000082.JPG,zenodo_archive,3264,2448,3264,2448,1387530,99781ffd39ee95e6dd1ca6bb01778306bf66c097ae1ae12b73c772c1fc705339,1,ok
1244,batch_7/000083.JPG,data/official_complete/TACO/data/batch_7/000083.JPG,zenodo_archive,2448,3264,2448,3264,1890791,4b857a033cfcdc8acabee631823c484873877c1beeb5d52c735c00de3cbd07f6,3,ok
1245,batch_7/000084.JPG,data/official_complete/TACO/data/batch_7/000084.JPG,zenodo_archive,2448,2448,2448,2448,1068761,5d789da040c780ee16ed6fad547436b7b7ee2ecb2665f7d586b9a6368e2dbe19,6,ok
1246,batch_7/000085.JPG,data/official_complete/TACO/data/batch_7/000085.JPG,zenodo_archive,2448,3264,2448,3264,1501485,d1b1bc7f620a05f692919263635819c11365a81a164b482df9ebc2971177a195,20,ok
1247,batch_7/000086.JPG,data/official_complete/TACO/data/batch_7/000086.JPG,zenodo_archive,2448,3264,2448,3264,1586293,4b936c6161c97725fd580c9a0bf3ee7b9a4153ca897e28466fd6e1a1446e0e67,4,ok
1248,batch_7/000087.JPG,data/official_complete/TACO/data/batch_7/000087.JPG,zenodo_archive,3264,2448,3264,2448,1827183,c26e30515a067089b55ff60a571c094457a41ef10e90d350ba1c75fae754044f,10,ok
1249,batch_7/000088.JPG,data/official_complete/TACO/data/batch_7/000088.JPG,zenodo_archive,2448,3264,2448,3264,2018988,f560f9da8f45436395662c909baabfa49c5d378d7d2c8de444c541fdd7d0037e,1,ok
1250,batch_7/000089.JPG,data/official_complete/TACO/data/batch_7/000089.JPG,zenodo_archive,3264,2448,3264,2448,1884425,966fcfe20a36fbdbfe3e49f06e3e91c9120800840eeb304703f3c3536936c76e,1,ok
1251,batch_7/000090.JPG,data/official_complete/TACO/data/batch_7/000090.JPG,zenodo_archive,2448,3264,2448,3264,1505444,a4dd6f8a9564e371200467d9135eebb4b766e2d77bc30ea5f410754fb3219847,2,ok
1252,batch_7/000091.JPG,data/official_complete/TACO/data/batch_7/000091.JPG,zenodo_archive,3264,2448,3264,2448,1637339,652fbe1cd58ae5d966134ffc4c1ad97980f760be0009f7bf4bbb0edcd1b2f334,2,ok
1253,batch_7/000092.JPG,data/official_complete/TACO/data/batch_7/000092.JPG,zenodo_archive,3264,2448,3264,2448,784969,68ebb6109b340e5e10b8905b4f98f5c65900152d94f90bd9a093fe24c0df43ba,5,ok
1254,batch_7/000093.JPG,data/official_complete/TACO/data/batch_7/000093.JPG,zenodo_archive,2448,3264,2448,3264,1538960,0225cf27f0f368c630effe798fa016a33931c948304760544b16502cc5d9cc34,1,ok
1255,batch_7/000094.JPG,data/official_complete/TACO/data/batch_7/000094.JPG,zenodo_archive,2448,3264,2448,3264,2185025,911e1ace496d4799c6b3695306b503e965d82b364e46abd8e32c4b3e89eebd72,1,ok
1256,batch_7/000095.JPG,data/official_complete/TACO/data/batch_7/000095.JPG,zenodo_archive,2448,3264,2448,3264,994721,eb321bad8d871e021047e2c2613f6f068d20075d20cfdd63cdbad69a3e2126e1,1,ok
1257,batch_7/000096.JPG,data/official_complete/TACO/data/batch_7/000096.JPG,zenodo_archive,2448,2448,2448,2448,624631,83c086ee0cc4e08ef29422b6523c1a8c57d10cbda40699a8ab1fd361a3c29c7b,3,ok
1258,batch_7/000097.JPG,data/official_complete/TACO/data/batch_7/000097.JPG,zenodo_archive,2448,3264,2448,3264,1629770,f89e715e198152e1d284f93efa895861be61143d92316ef5b8de71012d181451,2,ok
1259,batch_7/000098.JPG,data/official_complete/TACO/data/batch_7/000098.JPG,zenodo_archive,3264,2448,3264,2448,2306458,2f58db57ca662b76f5b28ab82203c5a20573dba36a67d3b5efd020e847aeb596,1,ok
1260,batch_7/000100.JPG,data/official_complete/TACO/data/batch_7/000100.JPG,zenodo_archive,3264,2448,3264,2448,2285173,81b403b34c5845e83c6f6b41f7cba8333b98dfa72aaeecbd50f66af8f60a18a5,1,ok
1261,batch_7/000101.JPG,data/official_complete/TACO/data/batch_7/000101.JPG,zenodo_archive,3264,2448,3264,2448,2567015,cf9ec85b4bcf9a50cdb0e84e07a8d9d308f44691c21ba582ab53ff0ea177eb0d,1,ok
1262,batch_7/000102.JPG,data/official_complete/TACO/data/batch_7/000102.JPG,zenodo_archive,3264,2448,3264,2448,2290984,8f214c118f6816dce39d53af62dca330c362f5fcfb4b09657005cf0d97896bc9,1,ok
1263,batch_7/000103.JPG,data/official_complete/TACO/data/batch_7/000103.JPG,zenodo_archive,3264,2448,3264,2448,2706653,e8eb2727e7321bdc4d4b0a9439dd9ec95715bbcd0a485881a9041c088b7dda75,1,ok
1264,batch_7/000104.JPG,data/official_complete/TACO/data/batch_7/000104.JPG,zenodo_archive,3264,2448,3264,2448,2698294,87ec272252d3ad5f04d82a5a132eb875ddf8e7e4851ca645f0a9bbfacfc1b131,1,ok
1265,batch_7/000106.JPG,data/official_complete/TACO/data/batch_7/000106.JPG,zenodo_archive,3264,2448,3264,2448,2879189,3aa4d3176290ead84dc0f9ce9fd5ed908b630f5918807e75ee220d5f42750e9e,1,ok
1266,batch_7/000107.JPG,data/official_complete/TACO/data/batch_7/000107.JPG,zenodo_archive,3264,2448,3264,2448,1595387,7aab3fe57afe258a32f701dac3a9aa6819201d80803be21cc67a8c426fbe2604,1,ok
1267,batch_7/000108.JPG,data/official_complete/TACO/data/batch_7/000108.JPG,zenodo_archive,3264,2448,3264,2448,1765339,ff503309915a8d645d4fee2c8babf51637914e7cfba26b56cb0109d5550ec9eb,1,ok
1268,batch_7/000109.JPG,data/official_complete/TACO/data/batch_7/000109.JPG,zenodo_archive,3264,2448,3264,2448,1600570,1e50f171fbd16cf857e09cca407f08f0f07d1ad7536e01ea743a6656f40667d6,3,ok
1269,batch_7/000110.JPG,data/official_complete/TACO/data/batch_7/000110.JPG,zenodo_archive,2448,3264,2448,3264,1199716,0c08bf4c5dd5bc75edd2a2710fd359d688eef8e3e8bcd78fabc3271976c0640b,2,ok
1270,batch_7/000111.JPG,data/official_complete/TACO/data/batch_7/000111.JPG,zenodo_archive,3264,2448,3264,2448,1596606,e364e3ff0c6efaa2d694c292e1749c62cbe4710d0121508dcd4e175c8d5eb9d5,1,ok
1271,batch_7/000112.JPG,data/official_complete/TACO/data/batch_7/000112.JPG,zenodo_archive,3264,2448,3264,2448,1822497,2b6941af6722c1450888072dd8132224b70f0049d06a5df3405e3432096d8abd,2,ok
1272,batch_7/000113.JPG,data/official_complete/TACO/data/batch_7/000113.JPG,zenodo_archive,3264,2448,3264,2448,1812813,60ae1a28ae508d7beb97d2c0f178b4e677c9152885b5d0863f2d0fc0c504fcc7,2,ok
1273,batch_7/000114.JPG,data/official_complete/TACO/data/batch_7/000114.JPG,zenodo_archive,3264,2448,3264,2448,1881174,9c5c89c5d488b07d33a87ab2b875682d1a9c06aac19c126ea67cbbf5cf5aa7cb,4,ok
1274,batch_7/000115.JPG,data/official_complete/TACO/data/batch_7/000115.JPG,zenodo_archive,3264,2448,3264,2448,1879406,f2570c55821822d14cf1639ae309f2c8c33f585b6be0b7ae0df37b522d7d8b47,1,ok
1275,batch_7/000117.JPG,data/official_complete/TACO/data/batch_7/000117.JPG,zenodo_archive,3264,2448,3264,2448,1801663,0327333dd11b8eb5a09605e4980877957e3aef0ccf6682415ae11d3318b8aae1,1,ok
1276,batch_7/000118.JPG,data/official_complete/TACO/data/batch_7/000118.JPG,zenodo_archive,3264,2448,3264,2448,1561240,07922dfca5112a5dcb40332fa841882e695814bd0d7cd28fa435228d9f0cb91f,1,ok
1277,batch_7/000119.JPG,data/official_complete/TACO/data/batch_7/000119.JPG,zenodo_archive,3264,2448,3264,2448,1585644,d070ea284989b417de0759748f79ef58f601460d780489f26121ed71993d7059,1,ok
1278,batch_7/000120.JPG,data/official_complete/TACO/data/batch_7/000120.JPG,zenodo_archive,3264,2448,3264,2448,1495615,e777f5461c14cbe343d03b390551fb3767206ae7537654058c4087c8213fd7d8,4,ok
1279,batch_7/000121.JPG,data/official_complete/TACO/data/batch_7/000121.JPG,zenodo_archive,3264,2448,3264,2448,2134144,d8d28f788d22c64aef763237e8f70391d6a7d51ee2c19252167d749339971ca5,1,ok
1280,batch_7/000122.JPG,data/official_complete/TACO/data/batch_7/000122.JPG,zenodo_archive,3264,2448,3264,2448,2158435,69e7ed59626dbf68ac4e6cacc6e5b35a8906228ff583611b9ae8ecdbb4125f27,7,ok
1281,batch_7/000123.JPG,data/official_complete/TACO/data/batch_7/000123.JPG,zenodo_archive,3264,2448,3264,2448,1871035,7bd665f3a44ece078f4b855711baf1c9862d7be045506152a2aa05c3c3590a96,2,ok
1282,batch_7/000124.JPG,data/official_complete/TACO/data/batch_7/000124.JPG,zenodo_archive,3264,2448,3264,2448,1767209,863aec18b740a9177000c303822b5a2fa6f58ba547356b604270d3a027876aac,1,ok
1283,batch_7/000125.JPG,data/official_complete/TACO/data/batch_7/000125.JPG,zenodo_archive,3264,2448,3264,2448,1723737,0730e22db1962245e7868aab7b94f3f3a5b0c9782144686b2e9221aec49805c5,5,ok
1284,batch_7/000126.JPG,data/official_complete/TACO/data/batch_7/000126.JPG,zenodo_archive,3264,2448,3264,2448,2242717,86bad33c6a8b138fff91036f32bd2da5e2570cb8c07df1ef5eeeadcf72688a26,1,ok
1285,batch_7/000127.JPG,data/official_complete/TACO/data/batch_7/000127.JPG,zenodo_archive,2448,3264,2448,3264,1495887,e30b7151d74140bdcf13d15f745e6d79e1d4ad2438e922565894822f07f630ca,3,ok
1286,batch_7/000128.JPG,data/official_complete/TACO/data/batch_7/000128.JPG,zenodo_archive,3264,2448,3264,2448,2366231,4f86f08e6bc06caa078040cbc8741894789f642beed5972316156e3c7a29100e,1,ok
1287,batch_7/000129.JPG,data/official_complete/TACO/data/batch_7/000129.JPG,zenodo_archive,3264,2448,3264,2448,2559742,f012ec7082c2a5d3038b8dcb68903ac42cdee351d2904df03f576a418a9c216d,2,ok
1288,batch_7/000131.JPG,data/official_complete/TACO/data/batch_7/000131.JPG,zenodo_archive,2448,3264,2448,3264,1585506,6772c1e7e960c560237d528904d4a710e54b9f88d2baa496fe485c65b871f84b,4,ok
1289,batch_7/000132.JPG,data/official_complete/TACO/data/batch_7/000132.JPG,zenodo_archive,3264,2448,3264,2448,2165770,e8286af904a485046be01e9e3f5be879b3878700e961f70fecf110b0f2ec16e9,2,ok
1290,batch_7/000133.JPG,data/official_complete/TACO/data/batch_7/000133.JPG,zenodo_archive,3264,2448,3264,2448,1806367,dde43dfdd725597a80054e79ea0328374ac7d6d4bb2ac8a060ff11399393468a,1,ok
1291,batch_7/000134.JPG,data/official_complete/TACO/data/batch_7/000134.JPG,zenodo_archive,3264,2448,3264,2448,2253059,d1ae3caf7337367b8eb9d5e7f76642a0ed38fa38b09b701a11f95aade778b787,4,ok
1292,batch_7/000135.JPG,data/official_complete/TACO/data/batch_7/000135.JPG,zenodo_archive,3264,2448,3264,2448,2427939,beaf0e4e010fadc2c4bdbe5d7f7583b18621523b2b3ee2819d9447e4aaded33d,1,ok
1293,batch_7/000136.JPG,data/official_complete/TACO/data/batch_7/000136.JPG,zenodo_archive,3264,2448,3264,2448,2553525,c75a51530327e64492ce325d30653c43fbbcd04ae609c0cbe76fd20745a400c4,3,ok
1294,batch_7/000137.JPG,data/official_complete/TACO/data/batch_7/000137.JPG,zenodo_archive,3264,2448,3264,2448,2703722,c1d48f4ed4690e7a45eb51663da73f529ee8cadbd51cc1108b75ca8aa0c19866,2,ok
1295,batch_7/000138.JPG,data/official_complete/TACO/data/batch_7/000138.JPG,zenodo_archive,2448,3264,2448,3264,2687987,1da5739c08f7144a2bb55dad3528234b5349b2fbd00d9c2e6db42ef63fa375f7,4,ok
1296,batch_7/000139.JPG,data/official_complete/TACO/data/batch_7/000139.JPG,zenodo_archive,2448,3264,2448,3264,2873305,4071d1d923bce51003019f52092f9b2c1a1ea25eb665859002e8a166b9b034b9,2,ok
1297,batch_7/000140.JPG,data/official_complete/TACO/data/batch_7/000140.JPG,zenodo_archive,2448,3264,2448,3264,2536477,e50cd386554fa870e0dcaa240fb63f4a9e84233e1b19486bb378c913b5136612,2,ok
1298,batch_7/000141.JPG,data/official_complete/TACO/data/batch_7/000141.JPG,zenodo_archive,2448,3264,2448,3264,2602304,e51565298e283426f48c3835e41a76c59c71d9e854dca5124deedca7e5a5960a,1,ok
1299,batch_7/000142.JPG,data/official_complete/TACO/data/batch_7/000142.JPG,zenodo_archive,2448,3264,2448,3264,1991967,7ca03cdebcc9891c8c9c807a297c2f62472e3c2426d5680d62c44d175608e44f,1,ok
1300,batch_8/000000.jpg,,,3264,2448,,,,,3,missing
1301,batch_8/000001.jpg,,,2448,3264,,,,,1,missing
1302,batch_8/000002.jpg,,,3264,2448,,,,,2,missing
1303,batch_8/000003.jpg,,,3264,2448,,,,,1,missing
1304,batch_8/000004.jpg,,,3264,2448,,,,,2,missing
1305,batch_8/000005.jpg,,,6000,4000,,,,,2,missing
1306,batch_8/000006.jpg,,,3264,2448,,,,,1,missing
1307,batch_8/000007.jpg,,,2448,3264,,,,,7,missing
1308,batch_8/000008.jpg,,,2448,3264,,,,,7,missing
1309,batch_8/000009.jpg,,,2448,3264,,,,,2,missing
1310,batch_8/000010.jpg,,,2448,3264,,,,,2,missing
1311,batch_8/000011.jpg,,,2448,3264,,,,,3,missing
1312,batch_8/000012.jpg,,,2448,3264,,,,,3,missing
1313,batch_8/000013.jpg,,,2448,3264,,,,,3,missing
1314,batch_8/000014.jpg,,,3264,2448,,,,,25,missing
1315,batch_8/000015.jpg,,,3264,2448,,,,,3,missing
1316,batch_8/000016.jpg,,,2448,3264,,,,,4,missing
1317,batch_8/000017.jpg,,,3264,2448,,,,,2,missing
1318,batch_8/000018.jpg,,,2448,3264,,,,,1,missing
1319,batch_8/000019.jpg,,,2448,3264,,,,,3,missing
1320,batch_8/000020.jpg,,,2448,3264,,,,,2,missing
1321,batch_8/000021.jpg,,,3264,2448,,,,,54,missing
1322,batch_8/000022.jpg,,,2448,3264,,,,,1,missing
1323,batch_8/000023.jpg,,,3264,2448,,,,,17,missing
1324,batch_8/000024.jpg,,,2448,3264,,,,,2,missing
1325,batch_8/000025.jpg,,,2448,3264,,,,,4,missing
1326,batch_8/000026.jpg,,,2448,3264,,,,,3,missing
1327,batch_8/000027.jpg,,,2448,3264,,,,,5,missing
1328,batch_8/000028.jpg,,,2448,3264,,,,,13,missing
1329,batch_8/000029.jpg,,,2448,3264,,,,,8,missing
1330,batch_8/000030.jpg,,,2448,3264,,,,,2,missing
1331,batch_8/000031.jpg,,,2448,3264,,,,,10,missing
1332,batch_8/000032.jpg,,,3264,2448,,,,,1,missing
1333,batch_8/000033.jpg,,,2448,3264,,,,,6,missing
1334,batch_8/000034.jpg,,,2448,3264,,,,,9,missing
1335,batch_8/000035.jpg,,,2448,3264,,,,,10,missing
1336,batch_8/000036.jpg,,,2448,3264,,,,,5,missing
1337,batch_8/000037.jpg,,,2448,3264,,,,,2,missing
1338,batch_8/000038.jpg,,,2448,3264,,,,,3,missing
1339,batch_8/000039.jpg,,,2448,3264,,,,,1,missing
1340,batch_8/000040.jpg,,,2448,3264,,,,,4,missing
1341,batch_8/000041.jpg,,,3264,2448,,,,,1,missing
1342,batch_8/000042.jpg,,,3264,2448,,,,,4,missing
1343,batch_8/000043.jpg,,,3264,2448,,,,,1,missing
1344,batch_8/000044.jpg,,,3264,2448,,,,,7,missing
1345,batch_8/000045.jpg,,,3264,2448,,,,,1,missing
1346,batch_8/000046.jpg,,,3264,2448,,,,,2,missing
1347,batch_8/000047.jpg,,,3264,2448,,,,,3,missing
1348,batch_8/000048.jpg,,,3264,2448,,,,,2,missing
1349,batch_8/000049.jpg,,,3264,2448,,,,,1,missing
1350,batch_8/000050.jpg,,,3264,2448,,,,,1,missing
1351,batch_8/000051.jpg,,,2448,3264,,,,,8,missing
1352,batch_8/000052.jpg,,,3264,2448,,,,,3,missing
1353,batch_8/000053.jpg,,,3264,2448,,,,,22,missing
1354,batch_8/000054.jpg,,,1280,960,,,,,6,missing
1355,batch_8/000055.jpg,,,1280,960,,,,,6,missing
1356,batch_8/000056.jpg,,,1200,1600,,,,,2,missing
1357,batch_8/000057.jpg,,,1200,1600,,,,,2,missing
1358,batch_8/000058.jpg,,,1200,1600,,,,,2,missing
1359,batch_8/000059.jpg,,,1200,1600,,,,,2,missing
1360,batch_8/000060.jpg,,,1200,1600,,,,,1,missing
1361,batch_8/000061.jpg,,,1200,1600,,,,,3,missing
1362,batch_8/000062.jpg,,,1200,1600,,,,,1,missing
1363,batch_8/000063.jpg,,,1200,1600,,,,,1,missing
1364,batch_8/000064.jpg,,,1200,1600,,,,,3,missing
1365,batch_8/000065.jpg,,,2448,3264,,,,,28,missing
1366,batch_8/000066.jpg,,,2448,3264,,,,,4,missing
1367,batch_8/000067.jpg,,,3264,2448,,,,,2,missing
1368,batch_8/000068.jpg,,,2448,3264,,,,,1,missing
1369,batch_8/000069.jpg,,,3264,2448,,,,,3,missing
1370,batch_8/000070.jpg,,,3264,2448,,,,,1,missing
1371,batch_8/000071.jpg,,,3264,2448,,,,,2,missing
1372,batch_8/000072.jpg,,,2448,3264,,,,,3,missing
1373,batch_8/000073.jpg,,,2448,3264,,,,,14,missing
1374,batch_8/000074.jpg,,,2268,4032,,,,,4,missing
1375,batch_8/000075.jpg,,,2268,4032,,,,,2,missing
1376,batch_8/000076.jpg,,,2268,4032,,,,,3,missing
1377,batch_8/000077.jpg,,,2268,4032,,,,,3,missing
1378,batch_8/000078.jpg,,,2268,4032,,,,,1,missing
1379,batch_8/000079.jpg,,,2268,4032,,,,,2,missing
1380,batch_8/000080.jpg,,,2268,4032,,,,,2,missing
1381,batch_8/000081.jpg,,,2268,4032,,,,,1,missing
1382,batch_8/000082.jpg,,,2268,4032,,,,,1,missing
1383,batch_8/000083.jpg,,,2268,4032,,,,,2,missing
1384,batch_8/000084.jpg,,,2268,4032,,,,,3,missing
1385,batch_8/000085.jpg,,,2268,4032,,,,,2,missing
1386,batch_8/000086.jpg,,,2268,4032,,,,,1,missing
1387,batch_8/000087.jpg,,,2268,4032,,,,,1,missing
1388,batch_8/000088.jpg,,,2268,4032,,,,,2,missing
1389,batch_8/000089.jpg,,,2268,4032,,,,,3,missing
1390,batch_8/000090.jpg,,,2268,4032,,,,,2,missing
1391,batch_8/000091.jpg,,,2268,4032,,,,,2,missing
1392,batch_8/000092.jpg,,,2268,4032,,,,,2,missing
1393,batch_8/000093.jpg,,,2268,4032,,,,,1,missing
1394,batch_8/000094.jpg,,,2268,4032,,,,,2,missing
1395,batch_8/000095.jpg,,,2268,4032,,,,,2,missing
1396,batch_8/000096.jpg,,,2268,4032,,,,,1,missing
1397,batch_8/000097.jpg,,,2268,4032,,,,,2,missing
1398,batch_8/000098.jpg,,,2448,3264,,,,,3,missing
1399,batch_8/000099.jpg,,,3264,2448,,,,,1,missing
1400,batch_9/000000.jpg,,,3264,2448,,,,,3,missing
1401,batch_9/000001.jpg,,,3264,2448,,,,,2,missing
1402,batch_9/000002.jpg,,,2448,3264,,,,,3,missing
1403,batch_9/000003.jpg,,,2448,3264,,,,,3,missing
1404,batch_9/000004.jpg,,,3264,2448,,,,,3,missing
1405,batch_9/000005.jpg,,,2448,3264,,,,,1,missing
1406,batch_9/000006.jpg,,,2448,3264,,,,,3,missing
1407,batch_9/000007.jpg,,,3264,2448,,,,,2,missing
1408,batch_9/000008.jpg,,,2448,3264,,,,,13,missing
1409,batch_9/000009.jpg,,,3264,2448,,,,,2,missing
1410,batch_9/000010.jpg,,,3264,2448,,,,,2,missing
1411,batch_9/000011.jpg,,,3264,2448,,,,,4,missing
1412,batch_9/000012.jpg,,,3264,2448,,,,,1,missing
1413,batch_9/000013.jpg,,,3264,2448,,,,,2,missing
1414,batch_9/000014.jpg,,,3264,2448,,,,,4,missing
1415,batch_9/000015.jpg,,,2448,3264,,,,,1,missing
1416,batch_9/000016.jpg,,,2448,3264,,,,,2,missing
1417,batch_9/000017.jpg,,,2448,3264,,,,,1,missing
1418,batch_9/000018.jpg,,,2448,3264,,,,,1,missing
1419,batch_9/000019.jpg,,,3264,2448,,,,,1,missing
1420,batch_9/000020.jpg,,,2448,3264,,,,,2,missing
1421,batch_9/000021.jpg,,,2448,3264,,,,,1,missing
1422,batch_9/000022.jpg,,,3264,2448,,,,,3,missing
1423,batch_9/000023.jpg,,,3264,2448,,,,,4,missing
1424,batch_9/000024.jpg,,,2448,3264,,,,,1,missing
1425,batch_9/000025.jpg,,,2448,3264,,,,,2,missing
1426,batch_9/000026.jpg,,,2448,3264,,,,,2,missing
1427,batch_9/000027.jpg,,,2448,3264,,,,,4,missing
1428,batch_9/000028.jpg,,,2448,3264,,,,,9,missing
1429,batch_9/000029.jpg,,,2448,3264,,,,,7,missing
1430,batch_9/000030.jpg,,,2448,3264,,,,,2,missing
1431,batch_9/000031.jpg,,,2448,3264,,,,,2,missing
1432,batch_9/000032.jpg,,,2448,3264,,,,,1,missing
1433,batch_9/000033.jpg,,,2448,3264,,,,,1,missing
1434,batch_9/000034.jpg,,,2448,3264,,,,,1,missing
1435,batch_9/000035.jpg,,,2448,3264,,,,,2,missing
1436,batch_9/000036.jpg,,,2448,3264,,,,,2,missing
1437,batch_9/000037.jpg,,,2448,3264,,,,,1,missing
1438,batch_9/000038.jpg,,,2448,3264,,,,,2,missing
1439,batch_9/000039.jpg,,,2448,3264,,,,,4,missing
1440,batch_9/000040.jpg,,,2448,3264,,,,,2,missing
1441,batch_9/000041.jpg,,,2448,3264,,,,,1,missing
1442,batch_9/000042.jpg,,,2448,3264,,,,,1,missing
1443,batch_9/000043.jpg,,,2448,3264,,,,,1,missing
1444,batch_9/000044.jpg,,,2448,3264,,,,,1,missing
1445,batch_9/000045.jpg,,,2448,3264,,,,,1,missing
1446,batch_9/000046.jpg,,,2448,3264,,,,,2,missing
1447,batch_9/000047.jpg,,,2448,3264,,,,,2,missing
1448,batch_9/000048.jpg,,,2448,3264,,,,,2,missing
1449,batch_9/000049.jpg,,,3264,2448,,,,,1,missing
1450,batch_9/000050.jpg,,,3264,2448,,,,,4,missing
1451,batch_9/000051.jpg,,,3264,2448,,,,,4,missing
1452,batch_9/000052.jpg,,,3264,2448,,,,,2,missing
1453,batch_9/000053.jpg,,,3264,2448,,,,,12,missing
1454,batch_9/000054.jpg,,,3264,2448,,,,,9,missing
1455,batch_9/000055.jpg,,,3264,2448,,,,,2,missing
1456,batch_9/000056.jpg,,,2448,3264,,,,,4,missing
1457,batch_9/000057.jpg,,,3264,2448,,,,,2,missing
1458,batch_9/000058.jpg,,,2448,3264,,,,,2,missing
1459,batch_9/000059.jpg,,,2448,3264,,,,,2,missing
1460,batch_9/000060.jpg,,,2448,3264,,,,,3,missing
1461,batch_9/000061.jpg,,,2448,3264,,,,,6,missing
1462,batch_9/000062.jpg,,,2448,3264,,,,,2,missing
1463,batch_9/000063.jpg,,,2448,3264,,,,,3,missing
1464,batch_9/000064.jpg,,,3264,2448,,,,,2,missing
1465,batch_9/000065.jpg,,,2448,3264,,,,,3,missing
1466,batch_9/000066.jpg,,,2448,3264,,,,,2,missing
1467,batch_9/000067.jpg,,,1824,4000,,,,,4,missing
1468,batch_9/000068.jpg,,,1824,4000,,,,,1,missing
1469,batch_9/000069.jpg,,,1824,4000,,,,,2,missing
1470,batch_9/000070.jpg,,,1824,4000,,,,,6,missing
1471,batch_9/000071.jpg,,,1824,4000,,,,,3,missing
1472,batch_9/000072.jpg,,,4000,1824,,,,,2,missing
1473,batch_9/000073.jpg,,,1824,4000,,,,,2,missing
1474,batch_9/000074.jpg,,,1824,4000,,,,,4,missing
1475,batch_9/000075.jpg,,,1824,4000,,,,,4,missing
1476,batch_9/000076.jpg,,,4000,1824,,,,,2,missing
1477,batch_9/000077.jpg,,,4000,1824,,,,,1,missing
1478,batch_9/000078.jpg,,,1824,4000,,,,,3,missing
1479,batch_9/000079.jpg,,,1824,4000,,,,,2,missing
1480,batch_9/000080.jpg,,,1824,4000,,,,,15,missing
1481,batch_9/000081.jpg,,,1824,4000,,,,,2,missing
1482,batch_9/000082.jpg,,,1824,4000,,,,,1,missing
1483,batch_9/000083.jpg,,,1824,4000,,,,,1,missing
1484,batch_9/000084.jpg,,,1824,4000,,,,,11,missing
1485,batch_9/000085.jpg,,,4000,1824,,,,,5,missing
1486,batch_9/000086.jpg,,,1824,4000,,,,,9,missing
1487,batch_9/000087.jpg,,,1824,4000,,,,,3,missing
1488,batch_9/000088.jpg,,,1824,4000,,,,,10,missing
1489,batch_9/000089.jpg,,,1824,4000,,,,,2,missing
1490,batch_9/000090.jpg,,,1824,4000,,,,,5,missing
1491,batch_9/000091.jpg,,,4000,1824,,,,,1,missing
1492,batch_9/000092.jpg,,,1824,4000,,,,,1,missing
1493,batch_9/000093.jpg,,,1824,4000,,,,,3,missing
1494,batch_9/000094.jpg,,,4000,1824,,,,,3,missing
1495,batch_9/000095.jpg,,,1824,4000,,,,,9,missing
1496,batch_9/000096.jpg,,,1824,4000,,,,,1,missing
1497,batch_9/000097.jpg,,,4000,1824,,,,,3,missing
1498,batch_9/000098.jpg,,,1824,4000,,,,,2,missing
1499,batch_9/000099.jpg,,,1824,4000,,,,,3,missing
