split,image_id,source_relative_path,prepared_name,annotation_id,class_id,class,coco_bbox_xywh,yolo_xc_yc_w_h,image_width,image_height,relative_area,size_bucket,clipped
train,0,batch_1/000006.jpg,batch_1_000006.jpg,1,1,bottle,"517.00,127.00,447.00,1322.00","0.481783,0.384578,0.290826,0.645193",1537,2049,0.18763902,medium,False
train,1,batch_1/000008.jpg,batch_1_000008.jpg,2,4,carton,"1.00,457.00,1429.00,1519.00","0.465517,0.593704,0.929733,0.741337",1537,2049,0.68924588,large,False
train,1,batch_1/000008.jpg,batch_1_000008.jpg,3,4,carton,"531.00,292.00,1006.00,672.00","0.672739,0.306491,0.654522,0.327965",1537,2049,0.21466015,large,False
test,2,batch_1/000010.jpg,batch_1_000010.jpg,4,1,bottle,"632.00,987.00,500.00,374.00","0.573845,0.572962,0.325309,0.182528",1537,2049,0.05937803,medium,False
test,2,batch_1/000010.jpg,batch_1_000010.jpg,5,2,bottle_cap,"632.00,989.00,44.00,51.00","0.425504,0.495120,0.028627,0.024890",1537,2049,0.00071254,tiny,False
test,3,batch_1/000019.jpg,batch_1_000019.jpg,6,1,bottle,"209.00,920.00,454.00,562.00","0.212787,0.781392,0.221571,0.365647",2049,1537,0.08101703,medium,False
test,3,batch_1/000019.jpg,batch_1_000019.jpg,7,1,bottle,"1212.00,822.00,179.00,446.00","0.635188,0.679896,0.087360,0.290176",2049,1537,0.02534966,small,False
test,3,batch_1/000019.jpg,batch_1_000019.jpg,8,2,bottle_cap,"634.00,1442.00,29.00,39.00","0.316496,0.950878,0.014153,0.025374",2049,1537,0.00035913,tiny,False
test,3,batch_1/000019.jpg,batch_1_000019.jpg,9,3,can,"589.00,548.00,341.00,405.00","0.370669,0.488289,0.166423,0.263500",2049,1537,0.04385242,small,False
val,4,batch_1/000026.jpg,batch_1_000026.jpg,10,3,can,"556.00,944.00,490.00,336.00","0.521145,0.542704,0.318803,0.163982",1537,2049,0.05227807,medium,False
train,5,batch_1/000047.jpg,batch_1_000047.jpg,11,3,can,"1205.00,47.00,623.00,721.00","0.740117,0.265127,0.304051,0.469096",2049,1537,0.14262888,medium,False
train,5,batch_1/000047.jpg,batch_1_000047.jpg,12,3,can,"309.00,11.00,581.00,820.00","0.292582,0.273910,0.283553,0.533507",2049,1537,0.15127744,medium,False
train,5,batch_1/000047.jpg,batch_1_000047.jpg,13,1,bottle,"189.00,751.00,1617.00,589.00","0.486823,0.680221,0.789165,0.383214",2049,1537,0.30241929,large,False
train,5,batch_1/000047.jpg,batch_1_000047.jpg,14,2,bottle_cap,"189.00,903.00,205.00,226.00","0.142265,0.661028,0.100049,0.147040",2049,1537,0.01471114,small,False
train,6,batch_1/000055.jpg,batch_1_000055.jpg,17,3,can,"515.00,439.00,357.00,1125.00","0.451204,0.488775,0.232271,0.549048",1537,2049,0.12752781,medium,False
train,7,batch_1/000001.jpg,batch_1_000001.jpg,18,1,bottle,"826.00,744.00,464.00,205.00","0.516349,0.550748,0.226452,0.133377",2049,1537,0.03020341,small,False
train,7,batch_1/000001.jpg,batch_1_000001.jpg,19,2,bottle_cap,"1254.00,777.00,36.00,47.00","0.620791,0.520820,0.017570,0.030579",2049,1537,0.00053726,tiny,False
train,8,batch_1/000005.jpg,batch_1_000005.jpg,20,1,bottle,"824.00,557.00,89.00,236.00","0.565062,0.329429,0.057905,0.115178",1537,2049,0.00666939,tiny,False
train,9,batch_1/000007.jpg,batch_1_000007.jpg,21,3,can,"730.00,126.00,275.00,609.00","0.564411,0.210102,0.178920,0.297218",1537,2049,0.05317826,medium,False
train,9,batch_1/000007.jpg,batch_1_000007.jpg,22,6,cup,"804.00,0.00,222.00,160.00","0.595316,0.039043,0.144437,0.078087",1537,2049,0.01127865,small,False
test,10,batch_1/000012.jpg,batch_1_000012.jpg,24,1,bottle,"379.00,1127.00,425.00,318.00","0.384841,0.627623,0.276513,0.155198",1537,2049,0.04291412,small,False
test,10,batch_1/000012.jpg,batch_1_000012.jpg,25,0,bag_wrapper,"904.00,1083.00,37.00,26.00","0.600195,0.534895,0.024073,0.012689",1537,2049,0.00030546,tiny,False
train,11,batch_1/000014.jpg,batch_1_000014.jpg,28,3,can,"672.00,1069.00,219.00,161.00","0.508458,0.561005,0.142485,0.078575",1537,2049,0.01119578,small,False
train,11,batch_1/000014.jpg,batch_1_000014.jpg,29,0,bag_wrapper,"401.00,1033.00,273.00,273.00","0.349707,0.570766,0.177619,0.133236",1537,2049,0.02366516,small,False
train,11,batch_1/000014.jpg,batch_1_000014.jpg,30,4,carton,"836.00,1010.00,339.00,207.00","0.654196,0.543436,0.220560,0.101025",1537,2049,0.022282,small,False
train,12,batch_1/000048.jpg,batch_1_000048.jpg,32,1,bottle,"1527.00,460.00,415.00,1033.00","0.846510,0.635329,0.202538,0.672088",2049,1537,0.13612334,medium,False
train,12,batch_1/000048.jpg,batch_1_000048.jpg,33,1,bottle,"579.00,521.00,322.00,921.00","0.361152,0.638582,0.157150,0.599219",2049,1537,0.0941672,medium,False
train,12,batch_1/000048.jpg,batch_1_000048.jpg,34,1,bottle,"211.00,1.00,417.00,1417.00","0.204734,0.461614,0.203514,0.921926",2049,1537,0.18762473,medium,False
train,12,batch_1/000048.jpg,batch_1_000048.jpg,35,4,carton,"1208.00,611.00,369.00,882.00","0.679600,0.684450,0.180088,0.573845",2049,1537,0.10334254,medium,False
train,12,batch_1/000048.jpg,batch_1_000048.jpg,36,4,carton,"863.00,608.00,353.00,860.00","0.507321,0.675342,0.172279,0.559532",2049,1537,0.09639563,medium,False
train,12,batch_1/000048.jpg,batch_1_000048.jpg,37,2,bottle_cap,"1677.00,460.00,211.00,98.00","0.869937,0.331165,0.102977,0.063761",2049,1537,0.00656588,tiny,False
train,12,batch_1/000048.jpg,batch_1_000048.jpg,38,2,bottle_cap,"1325.00,663.00,155.00,115.00","0.684480,0.468770,0.075647,0.074821",2049,1537,0.00565996,tiny,False
train,12,batch_1/000048.jpg,batch_1_000048.jpg,39,2,bottle_cap,"969.00,636.00,146.00,124.00","0.508541,0.454131,0.071254,0.080677",2049,1537,0.00574856,tiny,False
train,12,batch_1/000048.jpg,batch_1_000048.jpg,40,2,bottle_cap,"610.00,521.00,185.00,97.00","0.342850,0.370527,0.090288,0.063110",2049,1537,0.00569807,tiny,False
train,12,batch_1/000048.jpg,batch_1_000048.jpg,41,2,bottle_cap,"212.00,1.00,169.00,103.00","0.144705,0.034157,0.082479,0.067014",2049,1537,0.00552724,tiny,False
val,13,batch_1/000053.jpg,batch_1_000053.jpg,42,1,bottle,"398.00,410.00,1134.00,998.00","0.627846,0.443631,0.737801,0.487067",1537,2049,0.35935837,large,False
val,13,batch_1/000053.jpg,batch_1_000053.jpg,43,2,bottle_cap,"1336.00,410.00,196.00,210.00","0.932986,0.251342,0.127521,0.102489",1537,2049,0.01306952,small,False
val,13,batch_1/000053.jpg,batch_1_000053.jpg,44,0,bag_wrapper,"0.00,1.00,338.00,664.00","0.109954,0.162518,0.219909,0.324061",1537,2049,0.0712638,medium,False
train,14,batch_1/000056.jpg,batch_1_000056.jpg,46,1,bottle,"419.00,8.00,713.00,1854.00","0.504554,0.456320,0.463891,0.904832",1537,2049,0.41974297,large,False
train,15,batch_1/000058.jpg,batch_1_000058.jpg,47,1,bottle,"150.00,328.00,568.00,1304.00","0.282368,0.478282,0.369551,0.636408",1537,2049,0.23518526,large,False
train,15,batch_1/000058.jpg,batch_1_000058.jpg,48,1,bottle,"802.00,405.00,547.00,1404.00","0.699740,0.540264,0.355888,0.685212",1537,2049,0.2438589,large,False
train,15,batch_1/000058.jpg,batch_1_000058.jpg,49,2,bottle_cap,"971.00,405.00,296.00,191.00","0.728042,0.244265,0.192583,0.093216",1537,2049,0.01795185,small,False
test,16,batch_1/000060.jpg,batch_1_000060.jpg,50,3,can,"750.00,244.00,402.00,1467.00","0.618738,0.477062,0.261548,0.715959",1537,2049,0.18725798,medium,False
train,17,batch_1/000003.jpg,batch_1_000003.jpg,52,6,cup,"714.00,1093.00,234.00,237.00","0.540664,0.591264,0.152245,0.115666",1537,2049,0.01760955,small,False
train,18,batch_1/000011.jpg,batch_1_000011.jpg,53,3,can,"522.00,1168.00,240.00,122.00","0.417697,0.599805,0.156148,0.059541",1537,2049,0.00929727,tiny,False
train,19,batch_1/000032.jpg,batch_1_000032.jpg,54,3,can,"503.00,808.00,445.00,357.00","0.472023,0.481454,0.289525,0.174231",1537,2049,0.05044434,medium,False
train,20,batch_1/000040.jpg,batch_1_000040.jpg,56,3,can,"285.00,402.00,472.00,624.00","0.254270,0.464541,0.230356,0.405986",2049,1537,0.09352135,medium,False
train,20,batch_1/000040.jpg,batch_1_000040.jpg,57,3,can,"1450.00,379.00,514.00,612.00","0.833089,0.445673,0.250854,0.398178",2049,1537,0.09988464,medium,False
train,21,batch_1/000043.jpg,batch_1_000043.jpg,60,3,can,"602.00,290.00,865.00,1059.00","0.504880,0.533182,0.422157,0.689005",2049,1537,0.2908682,large,False
train,22,batch_1/000049.jpg,batch_1_000049.jpg,62,3,can,"399.00,502.00,483.00,741.00","0.416721,0.425817,0.314249,0.361640",1537,2049,0.11364479,medium,False
train,23,batch_1/000054.jpg,batch_1_000054.jpg,64,3,can,"184.00,898.00,494.00,854.00","0.280416,0.646657,0.321405,0.416789",1537,2049,0.1339581,medium,False
train,23,batch_1/000054.jpg,batch_1_000054.jpg,65,1,bottle,"605.00,259.00,379.00,1196.00","0.516916,0.418253,0.246584,0.583699",1537,2049,0.14393107,medium,False
train,23,batch_1/000054.jpg,batch_1_000054.jpg,66,1,bottle,"1051.00,202.00,486.00,1078.00","0.841900,0.361640,0.316200,0.526110",1537,2049,0.16635628,medium,False
train,23,batch_1/000054.jpg,batch_1_000054.jpg,67,2,bottle_cap,"1263.00,202.00,273.00,302.00","0.910540,0.172279,0.177619,0.147389",1537,2049,0.02617904,small,False
train,24,batch_1/000061.jpg,batch_1_000061.jpg,68,3,can,"274.00,723.00,663.00,846.00","0.393949,0.559297,0.431360,0.412884",1537,2049,0.1781017,medium,False
val,25,batch_1/000021.jpg,batch_1_000021.jpg,69,1,bottle,"852.00,638.00,687.00,291.00","0.583455,0.509759,0.335286,0.189330",2049,1537,0.06347956,medium,False
val,25,batch_1/000021.jpg,batch_1_000021.jpg,70,0,bag_wrapper,"256.00,705.00,678.00,417.00","0.290386,0.594340,0.330893,0.271308",2049,1537,0.08977386,medium,False
train,26,batch_1/000022.jpg,batch_1_000022.jpg,71,1,bottle,"647.00,1033.00,820.00,376.00","0.515861,0.794405,0.400195,0.244632",2049,1537,0.09790072,medium,False
train,26,batch_1/000022.jpg,batch_1_000022.jpg,72,0,bag_wrapper,"313.00,1400.00,414.00,135.00","0.253782,0.954782,0.202050,0.087833",2049,1537,0.01774673,small,False
train,27,batch_1/000023.jpg,batch_1_000023.jpg,73,1,bottle,"372.00,1441.00,293.00,221.00","0.337345,0.757199,0.190631,0.107857",1537,2049,0.02056099,small,False
train,27,batch_1/000023.jpg,batch_1_000023.jpg,74,3,can,"1015.00,979.00,190.00,214.00","0.722186,0.530015,0.123617,0.104441",1537,2049,0.01291075,small,False
train,27,batch_1/000023.jpg,batch_1_000023.jpg,75,3,can,"904.00,1493.00,168.00,166.00","0.642811,0.769156,0.109304,0.081015",1537,2049,0.00885526,tiny,False
train,27,batch_1/000023.jpg,batch_1_000023.jpg,76,3,can,"683.00,1550.00,221.00,103.00","0.516265,0.781601,0.143787,0.050268",1537,2049,0.00722793,tiny,False
train,27,batch_1/000023.jpg,batch_1_000023.jpg,77,3,can,"1043.00,792.00,144.00,164.00","0.725439,0.426550,0.093689,0.080039",1537,2049,0.00749878,tiny,False
train,27,batch_1/000023.jpg,batch_1_000023.jpg,79,2,bottle_cap,"371.00,1437.00,31.00,49.00","0.251464,0.713275,0.020169,0.023914",1537,2049,0.00048233,tiny,False
train,28,batch_1/000024.jpg,batch_1_000024.jpg,80,3,can,"218.00,1457.00,273.00,273.00","0.230644,0.777696,0.177619,0.133236",1537,2049,0.02366516,small,False
train,28,batch_1/000024.jpg,batch_1_000024.jpg,81,3,can,"634.00,860.00,227.00,232.00","0.486337,0.476330,0.147690,0.113226",1537,2049,0.01672238,small,False
train,28,batch_1/000024.jpg,batch_1_000024.jpg,82,1,bottle,"463.00,1112.00,126.00,162.00","0.342225,0.582235,0.081978,0.079063",1537,2049,0.00648141,tiny,False
train,29,batch_1/000027.jpg,batch_1_000027.jpg,83,3,can,"668.00,717.00,455.00,655.00","0.582628,0.509761,0.296031,0.319668",1537,2049,0.09463175,medium,False
train,30,batch_1/000028.jpg,batch_1_000028.jpg,283,5,cigarette,"454.00,1437.00,36.00,102.00","0.307092,0.726208,0.023422,0.049780",1537,2049,0.00116597,tiny,False
val,31,batch_1/000030.jpg,batch_1_000030.jpg,85,3,can,"604.00,1052.00,187.00,320.00","0.453806,0.591508,0.121666,0.156174",1537,2049,0.01900097,small,False
train,32,batch_1/000031.jpg,batch_1_000031.jpg,86,3,can,"470.00,1040.00,413.00,321.00","0.440143,0.585896,0.268705,0.156662",1537,2049,0.04209585,small,False
train,33,batch_1/000042.jpg,batch_1_000042.jpg,87,3,can,"664.00,619.00,239.00,270.00","0.382382,0.490566,0.116642,0.175667",2049,1537,0.02049018,small,False
train,33,batch_1/000042.jpg,batch_1_000042.jpg,88,3,can,"1179.00,662.00,286.00,265.00","0.645193,0.516916,0.139580,0.172414",2049,1537,0.02406557,small,False
train,34,batch_1/000050.jpg,batch_1_000050.jpg,91,3,can,"642.00,854.00,833.00,804.00","0.688679,0.612982,0.541965,0.392387",1537,2049,0.21265971,large,False
train,34,batch_1/000050.jpg,batch_1_000050.jpg,92,0,bag_wrapper,"124.00,735.00,392.00,550.00","0.208198,0.492923,0.255042,0.268424",1537,2049,0.06845938,medium,False
train,35,batch_1/000059.jpg,batch_1_000059.jpg,93,3,can,"656.00,705.00,319.00,841.00","0.530579,0.549292,0.207547,0.410444",1537,2049,0.08518652,medium,False
train,35,batch_1/000059.jpg,batch_1_000059.jpg,96,4,carton,"1032.00,281.00,28.00,146.00","0.680547,0.172767,0.018217,0.071254",1537,2049,0.00129806,tiny,False
train,36,batch_1/000000.jpg,batch_1_000000.jpg,97,1,bottle,"710.00,1225.00,153.00,198.00","0.511711,0.646169,0.099545,0.096633",1537,2049,0.00961924,tiny,False
train,37,batch_1/000013.jpg,batch_1_000013.jpg,98,1,bottle,"811.00,1123.00,199.00,350.00","0.592388,0.633480,0.129473,0.170815",1537,2049,0.02211593,small,False
train,38,batch_1/000015.jpg,batch_1_000015.jpg,99,0,bag_wrapper,"1346.00,1367.00,191.00,292.00","0.937866,0.738409,0.124268,0.142509",1537,2049,0.01770926,small,False
train,38,batch_1/000015.jpg,batch_1_000015.jpg,100,0,bag_wrapper,"828.00,1058.00,193.00,187.00","0.601496,0.561981,0.125569,0.091264",1537,2049,0.01145996,small,False
test,39,batch_1/000016.jpg,batch_1_000016.jpg,101,1,bottle,"593.00,934.00,432.00,238.00","0.526350,0.513909,0.281067,0.116154",1537,2049,0.03264712,small,False
train,40,batch_1/000017.jpg,batch_1_000017.jpg,102,1,bottle,"713.00,530.00,191.00,373.00","0.526025,0.349683,0.124268,0.182040",1537,2049,0.02262176,small,False
train,41,batch_1/000025.jpg,batch_1_000025.jpg,103,3,can,"323.00,1055.00,487.00,352.00","0.368575,0.600781,0.316851,0.171791",1537,2049,0.05443219,medium,False
train,42,batch_1/000029.jpg,batch_1_000029.jpg,106,3,can,"652.00,874.00,425.00,689.00","0.562459,0.594680,0.276513,0.336262",1537,2049,0.0929806,medium,False
train,43,batch_1/000035.jpg,batch_1_000035.jpg,107,1,bottle,"33.00,230.00,602.00,1316.00","0.217306,0.433382,0.391672,0.642265",1537,2049,0.25155709,large,False
train,43,batch_1/000035.jpg,batch_1_000035.jpg,108,1,bottle,"807.00,103.00,710.00,1613.00","0.756018,0.443875,0.461939,0.787213",1537,2049,0.36364439,large,False
train,43,batch_1/000035.jpg,batch_1_000035.jpg,109,6,cup,"886.00,522.00,314.00,432.00","0.678595,0.360176,0.204294,0.210835",1537,2049,0.04307225,small,False
train,44,batch_1/000037.jpg,batch_1_000037.jpg,110,3,can,"929.00,557.00,379.00,500.00","0.545876,0.525049,0.184968,0.325309",2049,1537,0.06017185,medium,False
train,44,batch_1/000037.jpg,batch_1_000037.jpg,111,3,can,"494.00,531.00,372.00,533.00","0.331869,0.518868,0.181552,0.346779",2049,1537,0.06295849,medium,False
train,44,batch_1/000037.jpg,batch_1_000037.jpg,112,3,can,"709.00,271.00,296.00,482.00","0.418253,0.333116,0.144461,0.313598",2049,1537,0.04530258,small,False
train,45,batch_1/000045.jpg,batch_1_000045.jpg,115,3,can,"564.00,1303.00,522.00,233.00","0.402635,0.923552,0.254758,0.151594",2049,1537,0.03861985,small,False
train,45,batch_1/000045.jpg,batch_1_000045.jpg,116,3,can,"0.00,452.00,437.00,504.00","0.106637,0.458035,0.213275,0.327912",2049,1537,0.06993525,medium,False
train,45,batch_1/000045.jpg,batch_1_000045.jpg,117,3,can,"395.00,475.00,424.00,486.00","0.296242,0.467144,0.206930,0.316200",2049,1537,0.06543141,medium,False
train,45,batch_1/000045.jpg,batch_1_000045.jpg,118,3,can,"804.00,465.00,339.00,501.00","0.475110,0.465517,0.165447,0.325960",2049,1537,0.0539289,medium,False
train,45,batch_1/000045.jpg,batch_1_000045.jpg,119,3,can,"1128.00,327.00,496.00,648.00","0.671547,0.423552,0.242069,0.421601",2049,1537,0.10205654,medium,False
train,45,batch_1/000045.jpg,batch_1_000045.jpg,120,3,can,"1583.00,315.00,466.00,669.00","0.886286,0.422576,0.227428,0.435264",2049,1537,0.09899111,medium,False
val,46,batch_1/000038.jpg,batch_1_000038.jpg,121,3,can,"238.00,686.00,401.00,475.00","0.214007,0.600846,0.195705,0.309044",2049,1537,0.06048144,medium,False
val,46,batch_1/000038.jpg,batch_1_000038.jpg,122,3,can,"802.00,410.00,413.00,344.00","0.492191,0.378660,0.201562,0.223813",2049,1537,0.04511206,small,False
val,46,batch_1/000038.jpg,batch_1_000038.jpg,123,3,can,"1498.00,636.00,405.00,477.00","0.829917,0.568966,0.197657,0.310345",2049,1537,0.06134195,medium,False
train,47,batch_1/000065.JPG,batch_1_000065.JPG,129,4,carton,"1824.00,475.00,1028.00,735.00","0.716299,0.344158,0.314951,0.300245",3264,2448,0.09456249,medium,False
train,47,batch_1/000065.JPG,batch_1_000065.JPG,130,4,carton,"1183.00,55.00,1006.00,1054.00","0.516544,0.237745,0.308211,0.430556",3264,2448,0.13270187,medium,False
train,48,batch_1/000066.JPG,batch_1_000066.JPG,131,4,carton,"413.00,1120.00,1143.00,922.00","0.301624,0.645833,0.350184,0.376634",3264,2448,0.13189113,medium,False
val,49,batch_1/000067.JPG,batch_1_000067.JPG,132,4,carton,"31.00,194.00,1700.00,2107.00","0.359886,0.382200,0.694444,0.645527",2448,3264,0.44828261,large,False
train,50,batch_1/000068.JPG,batch_1_000068.JPG,133,7,straw,"898.00,1777.00,770.00,197.00","0.524101,0.574602,0.314542,0.060355",2448,3264,0.01898433,small,False
train,50,batch_1/000068.JPG,batch_1_000068.JPG,284,5,cigarette,"170.00,1508.00,86.00,154.00","0.087010,0.485600,0.035131,0.047181",2448,3264,0.00165752,tiny,False
train,50,batch_1/000068.JPG,batch_1_000068.JPG,285,5,cigarette,"130.00,1348.00,78.00,98.00","0.069036,0.428002,0.031863,0.030025",2448,3264,0.00095666,tiny,False
test,51,batch_1/000069.JPG,batch_1_000069.JPG,134,3,can,"1050.00,1654.00,410.00,353.00","0.512663,0.560815,0.167484,0.108150",2448,3264,0.01811328,small,False
train,52,batch_1/000070.JPG,batch_1_000070.JPG,135,3,can,"1038.00,1111.00,255.00,637.00","0.476103,0.437960,0.104167,0.195159",2448,3264,0.0203291,small,False
train,53,batch_1/000071.JPG,batch_1_000071.JPG,136,4,carton,"1024.00,1397.00,556.00,592.00","0.531863,0.518689,0.227124,0.181373",2448,3264,0.04119409,small,False
train,54,batch_1/000072.JPG,batch_1_000072.JPG,137,0,bag_wrapper,"704.00,1301.00,683.00,591.00","0.427083,0.489124,0.279003,0.181066",2448,3264,0.05051805,medium,False
train,54,batch_1/000072.JPG,batch_1_000072.JPG,286,5,cigarette,"968.00,2492.00,138.00,126.00","0.423611,0.782782,0.056373,0.038603",2448,3264,0.00217615,tiny,False
train,55,batch_1/000073.JPG,batch_1_000073.JPG,139,3,can,"940.00,837.00,492.00,711.00","0.484477,0.365349,0.200980,0.217831",2448,3264,0.04377974,small,False
train,56,batch_1/000074.JPG,batch_1_000074.JPG,140,6,cup,"1205.00,1905.00,211.00,271.00","0.535335,0.625153,0.086193,0.083027",2448,3264,0.00715633,tiny,False
train,56,batch_1/000074.JPG,batch_1_000074.JPG,287,5,cigarette,"1776.00,1222.00,38.00,10.00","0.733252,0.375919,0.015523,0.003064",2448,3264,4.756e-05,tiny,False
train,57,batch_1/000076.JPG,batch_1_000076.JPG,141,7,straw,"603.00,1908.00,382.00,359.00","0.324346,0.639553,0.156046,0.109988",2448,3264,0.01716312,small,False
train,57,batch_1/000076.JPG,batch_1_000076.JPG,288,5,cigarette,"548.00,1836.00,52.00,52.00","0.234477,0.570466,0.021242,0.015931",2448,3264,0.00033841,tiny,False
train,57,batch_1/000076.JPG,batch_1_000076.JPG,289,5,cigarette,"368.00,1658.00,56.00,58.00","0.161765,0.516850,0.022876,0.017770",2448,3264,0.00040649,tiny,False
train,57,batch_1/000076.JPG,batch_1_000076.JPG,290,5,cigarette,"302.00,1634.00,76.00,80.00","0.138889,0.512868,0.031046,0.024510",2448,3264,0.00076093,tiny,False
train,57,batch_1/000076.JPG,batch_1_000076.JPG,291,5,cigarette,"54.00,1340.00,60.00,62.00","0.034314,0.420037,0.024510,0.018995",2448,3264,0.00046557,tiny,False
train,57,batch_1/000076.JPG,batch_1_000076.JPG,292,5,cigarette,"1180.00,876.00,74.00,70.00","0.497141,0.279105,0.030229,0.021446",2448,3264,0.00064829,tiny,False
train,57,batch_1/000076.JPG,batch_1_000076.JPG,293,5,cigarette,"1026.00,1004.00,70.00,70.00","0.433415,0.318321,0.028595,0.021446",2448,3264,0.00061325,tiny,False
train,58,batch_1/000078.JPG,batch_1_000078.JPG,142,0,bag_wrapper,"421.00,1009.00,1362.00,1946.00","0.450163,0.607230,0.556373,0.596201",2448,3264,0.33170986,large,False
train,59,batch_1/000079.JPG,batch_1_000079.JPG,143,0,bag_wrapper,"257.00,1089.00,1712.00,1781.00","0.454657,0.606464,0.699346,0.545650",2448,3264,0.38159802,large,False
train,60,batch_1/000081.JPG,batch_1_000081.JPG,144,1,bottle,"749.00,1972.00,444.00,284.00","0.396650,0.647672,0.181373,0.087010",2448,3264,0.01578119,small,False
train,60,batch_1/000081.JPG,batch_1_000081.JPG,145,2,bottle_cap,"1135.00,1972.00,57.00,91.00","0.475286,0.618107,0.023284,0.027880",2448,3264,0.00064916,tiny,False
train,60,batch_1/000081.JPG,batch_1_000081.JPG,294,5,cigarette,"1388.00,2610.00,64.00,96.00","0.580065,0.814338,0.026144,0.029412",2448,3264,0.00076894,tiny,False
train,61,batch_1/000082.JPG,batch_1_000082.JPG,146,0,bag_wrapper,"966.00,1399.00,525.00,485.00","0.501838,0.502911,0.214461,0.148591",2448,3264,0.03186688,small,False
test,62,batch_1/000083.JPG,batch_1_000083.JPG,147,6,cup,"942.00,950.00,494.00,504.00","0.485703,0.368260,0.201797,0.154412",2448,3264,0.03115989,small,False
val,63,batch_1/000084.JPG,batch_1_000084.JPG,149,6,cup,"701.00,2191.00,605.00,559.00","0.409926,0.756893,0.247141,0.171262",2448,3264,0.04232584,small,False
val,63,batch_1/000084.JPG,batch_1_000084.JPG,151,3,can,"1090.00,411.00,170.00,148.00","0.479984,0.148591,0.069444,0.045343",2448,3264,0.00314883,tiny,False
val,63,batch_1/000084.JPG,batch_1_000084.JPG,152,3,can,"1905.00,284.00,146.00,151.00","0.808007,0.110141,0.059641,0.046262",2448,3264,0.00275911,tiny,False
train,64,batch_1/000085.JPG,batch_1_000085.JPG,153,7,straw,"871.00,1258.00,841.00,313.00","0.527574,0.433364,0.343546,0.095895",2448,3264,0.03294419,small,False
train,64,batch_1/000085.JPG,batch_1_000085.JPG,295,5,cigarette,"1338.00,1236.00,74.00,46.00","0.561683,0.385723,0.030229,0.014093",2448,3264,0.00042602,tiny,False
train,64,batch_1/000085.JPG,batch_1_000085.JPG,296,5,cigarette,"1536.00,1146.00,118.00,32.00","0.651552,0.356005,0.048203,0.009804",2448,3264,0.00047257,tiny,False
train,64,batch_1/000085.JPG,batch_1_000085.JPG,297,5,cigarette,"1590.00,1214.00,124.00,86.00","0.674837,0.385110,0.050654,0.026348",2448,3264,0.00133462,tiny,False
train,64,batch_1/000085.JPG,batch_1_000085.JPG,298,5,cigarette,"1676.00,1424.00,34.00,102.00","0.691585,0.451900,0.013889,0.031250",2448,3264,0.00043403,tiny,False
train,64,batch_1/000085.JPG,batch_1_000085.JPG,299,5,cigarette,"1710.00,1472.00,104.00,40.00","0.719771,0.457108,0.042484,0.012255",2448,3264,0.00052063,tiny,False
train,64,batch_1/000085.JPG,batch_1_000085.JPG,300,5,cigarette,"1854.00,1278.00,28.00,82.00","0.763072,0.404105,0.011438,0.025123",2448,3264,0.00028735,tiny,False
train,65,batch_1/000086.JPG,batch_1_000086.JPG,301,5,cigarette,"740.00,540.00,122.00,62.00","0.327206,0.174939,0.049837,0.018995",2448,3264,0.00094665,tiny,False
train,65,batch_1/000086.JPG,batch_1_000086.JPG,302,5,cigarette,"1396.00,1630.00,124.00,86.00","0.595588,0.512561,0.050654,0.026348",2448,3264,0.00133462,tiny,False
train,66,batch_1/000087.JPG,batch_1_000087.JPG,157,0,bag_wrapper,"1018.00,1125.00,358.00,397.00","0.488971,0.405484,0.146242,0.121630",2448,3264,0.01778738,small,False
train,66,batch_1/000087.JPG,batch_1_000087.JPG,303,5,cigarette,"148.00,816.00,60.00,72.00","0.072712,0.261029,0.024510,0.022059",2448,3264,0.00054066,tiny,False
train,67,batch_1/000088.JPG,batch_1_000088.JPG,158,3,can,"311.00,1648.00,865.00,853.00","0.303717,0.635570,0.353350,0.261336",2448,3264,0.09234291,medium,False
train,68,batch_1/000090.JPG,batch_1_000090.JPG,162,3,can,"608.00,439.00,931.00,1192.00","0.438521,0.317096,0.380310,0.365196",2448,3264,0.13888789,medium,False
train,69,batch_1/000091.JPG,batch_1_000091.JPG,165,2,bottle_cap,"2593.00,914.00,582.00,441.00","0.883578,0.463440,0.178309,0.180147",3264,2448,0.03212181,small,False
val,70,batch_1/000092.JPG,batch_1_000092.JPG,166,4,carton,"277.00,686.00,1133.00,1198.00","0.344567,0.393689,0.462827,0.367034",2448,3264,0.16987332,medium,False
val,70,batch_1/000092.JPG,batch_1_000092.JPG,168,0,bag_wrapper,"1535.00,926.00,614.00,525.00","0.752451,0.364124,0.250817,0.160846",2448,3264,0.04034281,small,False
train,72,batch_1/000094.JPG,batch_1_000094.JPG,170,0,bag_wrapper,"311.00,729.00,1507.00,1739.00","0.434845,0.489737,0.615605,0.532782",2448,3264,0.32798295,large,False
train,73,batch_1/000095.JPG,batch_1_000095.JPG,172,0,bag_wrapper,"620.00,1033.00,1749.00,2161.00","0.610498,0.647518,0.714461,0.662071",2448,3264,0.47302382,large,False
test,74,batch_1/000096.JPG,batch_1_000096.JPG,175,0,bag_wrapper,"597.00,1008.00,1218.00,1126.00","0.492647,0.481311,0.497549,0.344975",2448,3264,0.17164222,medium,False
train,75,batch_1/000062.JPG,batch_1_000062.JPG,176,3,can,"870.00,673.00,620.00,386.00","0.482026,0.265319,0.253268,0.118260",2448,3264,0.02995142,small,False
train,75,batch_1/000062.JPG,batch_1_000062.JPG,177,3,can,"1447.00,829.00,603.00,661.00","0.714257,0.355239,0.246324,0.202512",2448,3264,0.04988353,small,False
train,75,batch_1/000062.JPG,batch_1_000062.JPG,178,1,bottle,"657.00,1036.00,835.00,361.00","0.438930,0.372702,0.341095,0.110600",2448,3264,0.03772525,small,False
train,75,batch_1/000062.JPG,batch_1_000062.JPG,180,0,bag_wrapper,"0.00,2135.00,440.00,745.00","0.089869,0.768229,0.179739,0.228248",2448,3264,0.04102489,small,False
train,75,batch_1/000062.JPG,batch_1_000062.JPG,181,0,bag_wrapper,"1963.00,405.00,81.00,47.00","0.818423,0.131281,0.033088,0.014400",2448,3264,0.00047645,tiny,False
train,75,batch_1/000062.JPG,batch_1_000062.JPG,182,0,bag_wrapper,"524.00,1487.00,878.00,1427.00","0.393382,0.674173,0.358660,0.437194",2448,3264,0.15680392,medium,False
train,75,batch_1/000062.JPG,batch_1_000062.JPG,183,0,bag_wrapper,"625.00,2233.00,403.00,461.00","0.337623,0.754749,0.164624,0.141238",2448,3264,0.02325115,small,False
train,75,batch_1/000062.JPG,batch_1_000062.JPG,184,0,bag_wrapper,"1904.00,49.00,180.00,148.00","0.814542,0.037684,0.073529,0.045343",2448,3264,0.00333405,tiny,False
train,75,batch_1/000062.JPG,batch_1_000062.JPG,188,2,bottle_cap,"657.00,1217.00,80.00,160.00","0.284722,0.397365,0.032680,0.049020",2448,3264,0.00160195,tiny,False
train,76,batch_1/000098.JPG,batch_1_000098.JPG,189,1,bottle,"571.00,985.00,447.00,814.00","0.324551,0.426471,0.182598,0.249387",2448,3264,0.04553762,small,False
train,76,batch_1/000098.JPG,batch_1_000098.JPG,190,0,bag_wrapper,"1751.00,2342.00,174.00,90.00","0.750817,0.731311,0.071078,0.027574",2448,3264,0.00195988,tiny,False
train,76,batch_1/000098.JPG,batch_1_000098.JPG,191,2,bottle_cap,"1998.00,1730.00,85.00,67.00","0.833538,0.540288,0.034722,0.020527",2448,3264,0.00071274,tiny,False
train,76,batch_1/000098.JPG,batch_1_000098.JPG,192,2,bottle_cap,"797.00,985.00,96.00,53.00","0.345180,0.309896,0.039216,0.016238",2448,3264,0.00063677,tiny,False
train,78,batch_1/000064.JPG,batch_1_000064.JPG,196,6,cup,"913.00,1077.00,606.00,591.00","0.496732,0.420496,0.247549,0.181066",2448,3264,0.04482275,small,False
train,79,batch_1/000100.JPG,batch_1_000100.JPG,197,6,cup,"930.00,615.00,706.00,709.00","0.524101,0.297028,0.288399,0.217218",2448,3264,0.06264543,medium,False
val,80,batch_1/000101.JPG,batch_1_000101.JPG,198,7,straw,"1040.00,59.00,910.00,2252.00","0.610703,0.363051,0.371732,0.689951",2448,3264,0.25647688,large,False
val,80,batch_1/000101.JPG,batch_1_000101.JPG,199,6,cup,"439.00,1055.00,1445.00,1373.00","0.474469,0.533548,0.590278,0.420650",2448,3264,0.24830006,large,False
train,81,batch_1/000102.JPG,batch_1_000102.JPG,200,4,carton,"812.00,1171.00,1204.00,825.00","0.577614,0.485141,0.491830,0.252757",2448,3264,0.12431367,medium,False
train,81,batch_1/000102.JPG,batch_1_000102.JPG,201,4,carton,"955.00,340.00,1040.00,878.00","0.602533,0.238664,0.424837,0.268995",2448,3264,0.11427896,medium,False
train,81,batch_1/000102.JPG,batch_1_000102.JPG,202,4,carton,"1824.00,720.00,610.00,818.00","0.869690,0.345895,0.249183,0.250613",2448,3264,0.06244844,medium,False
train,82,batch_1/000104.JPG,batch_1_000104.JPG,208,3,can,"734.00,1236.00,1192.00,1153.00","0.407475,0.740400,0.365196,0.470997",3264,2448,0.17200616,medium,False
train,82,batch_1/000104.JPG,batch_1_000104.JPG,209,2,bottle_cap,"2245.00,1878.00,284.00,270.00","0.731311,0.822304,0.087010,0.110294",3264,2448,0.00959667,tiny,False
train,82,batch_1/000104.JPG,batch_1_000104.JPG,210,2,bottle_cap,"2493.00,1045.00,260.00,184.00","0.803615,0.464461,0.079657,0.075163",3264,2448,0.00598728,tiny,False
train,83,batch_1/000105.JPG,batch_1_000105.JPG,213,0,bag_wrapper,"848.00,1113.00,1099.00,1418.00","0.570874,0.558211,0.448938,0.434436",2448,3264,0.19503491,medium,False
train,84,batch_1/000106.JPG,batch_1_000106.JPG,214,4,carton,"1105.00,827.00,756.00,295.00","0.605801,0.298560,0.308824,0.090380",2448,3264,0.02791144,small,False
train,84,batch_1/000106.JPG,batch_1_000106.JPG,215,4,carton,"760.00,1661.00,523.00,195.00","0.417279,0.538756,0.213644,0.059743",2448,3264,0.01276365,small,False
train,84,batch_1/000106.JPG,batch_1_000106.JPG,216,4,carton,"951.00,2782.00,299.00,422.00","0.449551,0.916973,0.122141,0.129289",2448,3264,0.01579145,small,False
train,84,batch_1/000106.JPG,batch_1_000106.JPG,217,1,bottle,"1680.00,2500.00,278.00,682.00","0.743056,0.870404,0.113562,0.208946",2448,3264,0.02372835,small,False
train,84,batch_1/000106.JPG,batch_1_000106.JPG,218,1,bottle,"2030.00,2438.00,417.00,635.00","0.914420,0.844210,0.170343,0.194547",2448,3264,0.03313967,small,False
train,84,batch_1/000106.JPG,batch_1_000106.JPG,219,2,bottle_cap,"2112.00,2439.00,336.00,229.00","0.931373,0.782322,0.137255,0.070159",2448,3264,0.00962971,tiny,False
train,85,batch_1/000107.JPG,batch_1_000107.JPG,220,3,can,"2039.00,1606.00,360.00,536.00","0.906454,0.574142,0.147059,0.164216",2448,3264,0.02414937,small,False
train,85,batch_1/000107.JPG,batch_1_000107.JPG,221,0,bag_wrapper,"1909.00,544.00,200.00,268.00","0.820670,0.207721,0.081699,0.082108",2448,3264,0.00670816,tiny,False
train,85,batch_1/000107.JPG,batch_1_000107.JPG,222,0,bag_wrapper,"2061.00,501.00,189.00,286.00","0.880515,0.197304,0.077206,0.087623",2448,3264,0.00676498,tiny,False
train,85,batch_1/000107.JPG,batch_1_000107.JPG,223,0,bag_wrapper,"2153.00,413.00,192.00,277.00","0.918709,0.168964,0.078431,0.084865",2448,3264,0.00665609,tiny,False
train,86,batch_1/000108.JPG,batch_1_000108.JPG,304,5,cigarette,"1296.00,1512.00,84.00,116.00","0.546569,0.481005,0.034314,0.035539",2448,3264,0.00121948,tiny,False
test,87,batch_1/000110.JPG,batch_1_000110.JPG,226,0,bag_wrapper,"676.00,546.00,212.00,292.00","0.319444,0.212010,0.086601,0.089461",2448,3264,0.00774742,tiny,False
test,87,batch_1/000110.JPG,batch_1_000110.JPG,227,3,can,"779.00,2933.00,240.00,116.00","0.367239,0.916360,0.098039,0.035539",2448,3264,0.00348424,tiny,False
test,88,batch_1/000111.JPG,batch_1_000111.JPG,228,3,can,"844.00,2332.00,257.00,296.00","0.397263,0.759804,0.104984,0.090686",2448,3264,0.00952058,tiny,False
test,88,batch_1/000111.JPG,batch_1_000111.JPG,229,3,can,"434.00,1871.00,187.00,281.00","0.215482,0.616268,0.076389,0.086091",2448,3264,0.00657637,tiny,False
train,89,batch_1/000115.JPG,batch_1_000115.JPG,231,4,carton,"1523.00,1057.00,564.00,539.00","0.553002,0.541871,0.172794,0.220180",3264,2448,0.03804576,small,False
train,89,batch_1/000115.JPG,batch_1_000115.JPG,232,1,bottle,"361.00,520.00,698.00,331.00","0.217525,0.280025,0.213848,0.135212",3264,2448,0.02891491,small,False
train,89,batch_1/000115.JPG,batch_1_000115.JPG,233,2,bottle_cap,"993.00,520.00,65.00,97.00","0.314185,0.232230,0.019914,0.039624",3264,2448,0.00078908,tiny,False
train,89,batch_1/000115.JPG,batch_1_000115.JPG,234,3,can,"2278.00,759.00,457.00,213.00","0.767923,0.353554,0.140012,0.087010",3264,2448,0.01218244,small,False
train,89,batch_1/000115.JPG,batch_1_000115.JPG,305,5,cigarette,"474.00,496.00,90.00,44.00","0.159007,0.211601,0.027574,0.017974",3264,2448,0.0004956,tiny,False
train,89,batch_1/000115.JPG,batch_1_000115.JPG,306,5,cigarette,"898.00,346.00,38.00,18.00","0.280944,0.145016,0.011642,0.007353",3264,2448,8.56e-05,tiny,False
train,89,batch_1/000115.JPG,batch_1_000115.JPG,307,5,cigarette,"248.00,84.00,64.00,28.00","0.085784,0.040033,0.019608,0.011438",3264,2448,0.00022427,tiny,False
train,89,batch_1/000115.JPG,batch_1_000115.JPG,308,5,cigarette,"700.00,1560.00,58.00,34.00","0.223346,0.644199,0.017770,0.013889",3264,2448,0.0002468,tiny,False
train,90,batch_1/000117.JPG,batch_1_000117.JPG,239,6,cup,"1555.00,799.00,395.00,502.00","0.715891,0.321691,0.161356,0.153799",2448,3264,0.02481643,small,False
val,91,batch_1/000118.JPG,batch_1_000118.JPG,243,0,bag_wrapper,"831.00,1289.00,348.00,251.00","0.410539,0.433364,0.142157,0.076900",2448,3264,0.01093179,small,False
train,93,batch_1/000120.JPG,batch_1_000120.JPG,245,0,bag_wrapper,"593.00,1208.00,1311.00,856.00","0.510008,0.501225,0.535539,0.262255",2448,3264,0.14044778,medium,False
train,93,batch_1/000120.JPG,batch_1_000120.JPG,309,5,cigarette,"1822.00,1026.00,34.00,44.00","0.751225,0.321078,0.013889,0.013480",2448,3264,0.00018723,tiny,False
train,94,batch_1/000121.JPG,batch_1_000121.JPG,246,2,bottle_cap,"728.00,2087.00,192.00,204.00","0.336601,0.670650,0.078431,0.062500",2448,3264,0.00490196,tiny,False
train,94,batch_1/000121.JPG,batch_1_000121.JPG,247,2,bottle_cap,"1050.00,1243.00,167.00,119.00","0.463031,0.399050,0.068219,0.036458",2448,3264,0.00248715,tiny,False
val,95,batch_1/000122.JPG,batch_1_000122.JPG,248,2,bottle_cap,"654.00,1783.00,126.00,114.00","0.292892,0.563725,0.051471,0.034926",2448,3264,0.00179769,tiny,False
train,96,batch_1/000004.jpg,batch_1_000004.jpg,249,3,can,"649.00,55.00,93.00,88.00","0.560435,0.131824,0.074940,0.117177",1241,751,0.0087812,tiny,False
train,98,batch_1/000127.JPG,batch_1_000127.JPG,253,3,can,"1.00,1727.00,849.00,1217.00","0.173815,0.715533,0.346814,0.372855",2448,3264,0.12931137,medium,False
train,98,batch_1/000127.JPG,batch_1_000127.JPG,254,3,can,"768.00,1254.00,962.00,675.00","0.510212,0.487592,0.392974,0.206801",2448,3264,0.08126757,medium,False
train,98,batch_1/000127.JPG,batch_1_000127.JPG,255,0,bag_wrapper,"0.00,702.00,877.00,1401.00","0.179126,0.429688,0.358252,0.429228",2448,3264,0.15377161,medium,False
train,98,batch_1/000127.JPG,batch_1_000127.JPG,256,0,bag_wrapper,"200.00,1601.00,2248.00,1663.00","0.540850,0.745251,0.918301,0.509498",2448,3264,0.46787193,large,False
train,98,batch_1/000127.JPG,batch_1_000127.JPG,257,0,bag_wrapper,"1.00,0.00,2447.00,1097.00","0.500204,0.168045,0.999592,0.336091",2448,3264,0.33595339,large,False
train,98,batch_1/000127.JPG,batch_1_000127.JPG,258,4,carton,"661.00,97.00,1787.00,1212.00","0.635008,0.215380,0.729984,0.371324",2448,3264,0.27106011,large,False
train,98,batch_1/000127.JPG,batch_1_000127.JPG,259,4,carton,"1711.00,1285.00,736.00,958.00","0.849265,0.540441,0.300654,0.293505",2448,3264,0.0882433,medium,False
train,99,batch_1/000128.JPG,batch_1_000128.JPG,263,4,carton,"0.00,0.00,1528.00,1687.00","0.312092,0.258425,0.624183,0.516850",2448,3264,0.32260929,large,False
train,99,batch_1/000128.JPG,batch_1_000128.JPG,264,4,carton,"52.00,71.00,758.00,654.00","0.176062,0.121936,0.309641,0.200368",2448,3264,0.06204194,medium,False
train,99,batch_1/000128.JPG,batch_1_000128.JPG,265,4,carton,"0.00,1093.00,1936.00,1756.00","0.395425,0.603860,0.790850,0.537990",2448,3264,0.42546937,large,False
train,99,batch_1/000128.JPG,batch_1_000128.JPG,266,3,can,"1102.00,861.00,611.00,339.00","0.574959,0.315717,0.249592,0.103860",2448,3264,0.02592265,small,False
train,99,batch_1/000128.JPG,batch_1_000128.JPG,267,3,can,"1505.00,401.00,543.00,567.00","0.725694,0.209712,0.221814,0.173713",2448,3264,0.03853198,small,False
train,99,batch_1/000128.JPG,batch_1_000128.JPG,268,3,can,"1850.00,1007.00,598.00,531.00","0.877859,0.389859,0.244281,0.162684",2448,3264,0.03974057,small,False
train,99,batch_1/000128.JPG,batch_1_000128.JPG,269,4,carton,"1694.00,727.00,602.00,538.00","0.814951,0.305147,0.245915,0.164828",2448,3264,0.04053379,small,False
train,99,batch_1/000128.JPG,batch_1_000128.JPG,271,1,bottle,"954.00,1582.00,1492.00,1290.00","0.694444,0.682292,0.609477,0.395221",2448,3264,0.24087791,large,False
train,99,batch_1/000128.JPG,batch_1_000128.JPG,272,2,bottle_cap,"953.00,2663.00,173.00,211.00","0.424632,0.848192,0.070670,0.064645",2448,3264,0.00456843,tiny,False
train,99,batch_1/000128.JPG,batch_1_000128.JPG,273,0,bag_wrapper,"0.00,2601.00,868.00,617.00","0.177288,0.891391,0.354575,0.189032",2448,3264,0.067026,medium,False
train,100,batch_1/000129.JPG,batch_1_000129.JPG,276,4,carton,"0.00,1139.00,2394.00,1963.00","0.488971,0.649663,0.977941,0.601409",2448,3264,0.58814293,large,False
train,100,batch_1/000129.JPG,batch_1_000129.JPG,277,3,can,"618.00,1224.00,249.00,242.00","0.303309,0.412071,0.101716,0.074142",2448,3264,0.00754142,tiny,False
train,100,batch_1/000129.JPG,batch_1_000129.JPG,278,4,carton,"984.00,901.00,440.00,633.00","0.491830,0.373009,0.179739,0.193934",2448,3264,0.03485739,small,False
train,100,batch_1/000129.JPG,batch_1_000129.JPG,279,4,carton,"1014.00,805.00,447.00,362.00","0.505515,0.302083,0.182598,0.110907",2448,3264,0.02025138,small,False
train,100,batch_1/000129.JPG,batch_1_000129.JPG,280,4,carton,"1196.00,549.00,262.00,276.00","0.542075,0.210478,0.107026,0.084559",2448,3264,0.00905,tiny,False
train,100,batch_1/000129.JPG,batch_1_000129.JPG,281,4,carton,"1479.00,772.00,596.00,328.00","0.725899,0.286765,0.243464,0.100490",2448,3264,0.02446575,small,False
train,100,batch_1/000129.JPG,batch_1_000129.JPG,282,4,carton,"335.00,641.00,620.00,511.00","0.263480,0.274663,0.253268,0.156556",2448,3264,0.03965072,small,False
train,101,batch_10/000000.jpg,batch_10_000000.jpg,309,1,bottle,"1370.00,1291.00,380.00,150.00","0.855263,0.341500,0.208333,0.037500",1824,4000,0.0078125,tiny,False
train,102,batch_10/000001.jpg,batch_10_000001.jpg,310,1,bottle,"247.00,101.05,458.00,398.00","0.119000,0.164500,0.114500,0.218202",4000,1824,0.0249841,small,False
train,102,batch_10/000001.jpg,batch_10_000001.jpg,311,2,bottle_cap,"247.00,427.05,77.00,70.00","0.071375,0.253316,0.019250,0.038377",4000,1824,0.00073876,tiny,False
train,102,batch_10/000001.jpg,batch_10_000001.jpg,317,1,bottle,"2577.10,423.05,168.00,139.00","0.665274,0.270037,0.042000,0.076206",4000,1824,0.00320066,tiny,False
train,103,batch_10/000002.jpg,batch_10_000002.jpg,325,1,bottle,"1224.00,994.00,406.00,200.00","0.356750,0.599781,0.101500,0.109649",4000,1824,0.01112939,small,False
train,103,batch_10/000002.jpg,batch_10_000002.jpg,326,2,bottle_cap,"1224.00,1159.00,33.00,37.00","0.310125,0.645559,0.008250,0.020285",4000,1824,0.00016735,tiny,False
train,103,batch_10/000002.jpg,batch_10_000002.jpg,328,0,bag_wrapper,"7.00,689.00,102.00,82.00","0.014500,0.400219,0.025500,0.044956",4000,1824,0.00114638,tiny,False
train,104,batch_10/000003.jpg,batch_10_000003.jpg,329,0,bag_wrapper,"1.00,239.00,98.00,84.00","0.012500,0.154057,0.024500,0.046053",4000,1824,0.00112829,tiny,False
train,104,batch_10/000003.jpg,batch_10_000003.jpg,330,1,bottle,"516.00,377.00,248.00,178.00","0.160000,0.255482,0.062000,0.097588",4000,1824,0.00605044,tiny,False
train,104,batch_10/000003.jpg,batch_10_000003.jpg,331,1,bottle,"665.00,313.00,245.00,191.00","0.196875,0.223958,0.061250,0.104715",4000,1824,0.00641379,tiny,False
train,104,batch_10/000003.jpg,batch_10_000003.jpg,332,0,bag_wrapper,"488.00,340.00,138.00,88.00","0.139250,0.210526,0.034500,0.048246",4000,1824,0.00166447,tiny,False
train,104,batch_10/000003.jpg,batch_10_000003.jpg,333,0,bag_wrapper,"399.00,156.00,78.00,70.00","0.109500,0.104715,0.019500,0.038377",4000,1824,0.00074836,tiny,False
train,104,batch_10/000003.jpg,batch_10_000003.jpg,334,0,bag_wrapper,"749.00,607.00,66.00,69.00","0.195500,0.351700,0.016500,0.037829",4000,1824,0.00062418,tiny,False
train,104,batch_10/000003.jpg,batch_10_000003.jpg,335,6,cup,"1130.00,839.00,100.00,101.00","0.295000,0.487664,0.025000,0.055373",4000,1824,0.00138432,tiny,False
train,104,batch_10/000003.jpg,batch_10_000003.jpg,337,0,bag_wrapper,"2104.00,355.00,299.00,118.00","0.563375,0.226974,0.074750,0.064693",4000,1824,0.0048358,tiny,False
train,104,batch_10/000003.jpg,batch_10_000003.jpg,338,0,bag_wrapper,"2042.00,585.00,287.00,145.00","0.546375,0.360471,0.071750,0.079496",4000,1824,0.00570381,tiny,False
train,104,batch_10/000003.jpg,batch_10_000003.jpg,339,0,bag_wrapper,"2902.00,234.00,200.00,211.00","0.750500,0.186129,0.050000,0.115680",4000,1824,0.00578399,tiny,False
val,105,batch_10/000004.jpg,batch_10_000004.jpg,343,0,bag_wrapper,"549.00,2217.00,149.00,184.00","0.341831,0.577250,0.081689,0.046000",1824,4000,0.00375768,tiny,False
val,105,batch_10/000004.jpg,batch_10_000004.jpg,344,0,bag_wrapper,"959.00,2301.00,487.00,269.00","0.659265,0.608875,0.266996,0.067250",1824,4000,0.01795546,small,False
val,105,batch_10/000004.jpg,batch_10_000004.jpg,347,0,bag_wrapper,"1657.00,3383.00,121.00,89.00","0.941612,0.856875,0.066338,0.022250",1824,4000,0.00147601,tiny,False
val,105,batch_10/000004.jpg,batch_10_000004.jpg,352,0,bag_wrapper,"1344.00,1858.00,88.00,75.00","0.760965,0.473875,0.048246,0.018750",1824,4000,0.00090461,tiny,False
train,106,batch_10/000005.jpg,batch_10_000005.jpg,356,0,bag_wrapper,"1089.00,1551.00,440.00,561.00","0.717654,0.457875,0.241228,0.140250",1824,4000,0.03383224,small,False
train,106,batch_10/000005.jpg,batch_10_000005.jpg,357,1,bottle,"1139.00,3035.00,569.00,222.00","0.780428,0.786500,0.311952,0.055500",1824,4000,0.01731332,small,False
train,106,batch_10/000005.jpg,batch_10_000005.jpg,358,0,bag_wrapper,"405.00,3679.00,239.00,237.00","0.287555,0.949375,0.131031,0.059250",1824,4000,0.00776357,tiny,False
train,106,batch_10/000005.jpg,batch_10_000005.jpg,359,0,bag_wrapper,"2.00,3586.00,99.00,243.00","0.028235,0.926875,0.054276,0.060750",1824,4000,0.00329729,tiny,False
train,106,batch_10/000005.jpg,batch_10_000005.jpg,360,0,bag_wrapper,"256.00,2220.00,432.00,583.00","0.258772,0.627875,0.236842,0.145750",1824,4000,0.03451974,small,False
train,107,batch_10/000006.jpg,batch_10_000006.jpg,363,0,bag_wrapper,"912.00,1235.00,406.00,644.00","0.611294,0.389250,0.222588,0.161000",1824,4000,0.03583662,small,False
train,107,batch_10/000006.jpg,batch_10_000006.jpg,364,0,bag_wrapper,"1144.00,1472.00,335.00,391.00","0.719024,0.416875,0.183662,0.097750",1824,4000,0.01795299,small,False
train,109,batch_10/000008.jpg,batch_10_000008.jpg,369,0,bag_wrapper,"404.00,1894.00,280.00,594.00","0.298246,0.547750,0.153509,0.148500",1824,4000,0.02279605,small,False
train,109,batch_10/000008.jpg,batch_10_000008.jpg,370,0,bag_wrapper,"509.00,894.00,223.00,278.00","0.340186,0.258250,0.122259,0.069500",1824,4000,0.00849698,tiny,False
train,109,batch_10/000008.jpg,batch_10_000008.jpg,371,0,bag_wrapper,"1003.00,-1.00,787.00,411.00","0.765625,0.051250,0.431469,0.102500",1824,4000,0.0442256,small,False
train,110,batch_10/000009.jpg,batch_10_000009.jpg,372,0,bag_wrapper,"2257.00,789.00,132.00,112.00","0.580750,0.463268,0.033000,0.061404",4000,1824,0.00202632,tiny,False
val,111,batch_10/000010.jpg,batch_10_000010.jpg,375,1,bottle,"2859.00,1447.00,80.00,58.00","0.724750,0.809211,0.020000,0.031798",4000,1824,0.00063596,tiny,False
train,112,batch_10/000011.jpg,batch_10_000011.jpg,376,1,bottle,"827.00,90.00,157.00,426.00","0.226375,0.166118,0.039250,0.233553",4000,1824,0.00916694,tiny,False
train,112,batch_10/000011.jpg,batch_10_000011.jpg,377,0,bag_wrapper,"837.00,352.00,243.00,202.00","0.239625,0.248355,0.060750,0.110746",4000,1824,0.0067278,tiny,False
train,112,batch_10/000011.jpg,batch_10_000011.jpg,378,2,bottle_cap,"1388.00,936.00,151.00,77.00","0.365875,0.534265,0.037750,0.042215",4000,1824,0.00159361,tiny,False
train,112,batch_10/000011.jpg,batch_10_000011.jpg,379,2,bottle_cap,"1589.00,1071.00,171.00,92.00","0.418625,0.612390,0.042750,0.050439",4000,1824,0.00215625,tiny,False
train,112,batch_10/000011.jpg,batch_10_000011.jpg,380,6,cup,"1903.00,738.00,293.00,526.00","0.512375,0.548794,0.073250,0.288377",4000,1824,0.02112363,small,False
train,112,batch_10/000011.jpg,batch_10_000011.jpg,381,6,cup,"1937.00,500.00,232.00,253.00","0.513250,0.343476,0.058000,0.138706",4000,1824,0.00804496,tiny,False
train,112,batch_10/000011.jpg,batch_10_000011.jpg,382,1,bottle,"2331.00,487.00,217.00,534.00","0.609875,0.413377,0.054250,0.292763",4000,1824,0.0158824,small,False
train,112,batch_10/000011.jpg,batch_10_000011.jpg,383,6,cup,"2360.00,426.00,194.00,290.00","0.614250,0.313048,0.048500,0.158991",4000,1824,0.00771107,tiny,False
train,112,batch_10/000011.jpg,batch_10_000011.jpg,384,1,bottle,"2585.00,154.00,212.00,722.00","0.672750,0.282346,0.053000,0.395833",4000,1824,0.02097917,small,False
train,112,batch_10/000011.jpg,batch_10_000011.jpg,385,1,bottle,"2691.00,567.00,261.00,620.00","0.705375,0.480811,0.065250,0.339912",4000,1824,0.02217928,small,False
train,112,batch_10/000011.jpg,batch_10_000011.jpg,387,0,bag_wrapper,"1408.00,-1.00,369.00,471.00","0.398125,0.128838,0.092250,0.257675",4000,1824,0.02377056,small,False
train,113,batch_10/000012.jpg,batch_10_000012.jpg,390,1,bottle,"1429.50,2413.00,191.00,138.00","0.836075,0.620500,0.104715,0.034500",1824,4000,0.00361266,tiny,False
test,114,batch_10/000013.jpg,batch_10_000013.jpg,391,1,bottle,"2207.00,774.00,180.00,61.00","0.574250,0.441064,0.045000,0.033443",4000,1824,0.00150493,tiny,False
test,114,batch_10/000013.jpg,batch_10_000013.jpg,392,1,bottle,"3440.00,1679.00,134.00,143.00","0.876750,0.959704,0.033500,0.078399",4000,1824,0.00262637,tiny,False
val,115,batch_10/000014.jpg,batch_10_000014.jpg,393,1,bottle,"2335.00,853.00,209.00,68.00","0.609875,0.486294,0.052250,0.037281",4000,1824,0.00194792,tiny,False
test,116,batch_10/000015.jpg,batch_10_000015.jpg,396,3,can,"1189.00,1508.00,44.00,37.00","0.663925,0.381625,0.024123,0.009250",1824,4000,0.00022314,tiny,False
test,116,batch_10/000015.jpg,batch_10_000015.jpg,397,3,can,"1252.00,1523.00,48.00,26.00","0.699561,0.384000,0.026316,0.006500",1824,4000,0.00017105,tiny,False
test,116,batch_10/000015.jpg,batch_10_000015.jpg,398,1,bottle,"280.00,2546.00,129.00,39.00","0.188871,0.641375,0.070724,0.009750",1824,4000,0.00068956,tiny,False
test,116,batch_10/000015.jpg,batch_10_000015.jpg,399,1,bottle,"420.00,2498.00,95.00,95.00","0.256305,0.636375,0.052083,0.023750",1824,4000,0.00123698,tiny,False
val,117,batch_10/000016.jpg,batch_10_000016.jpg,401,0,bag_wrapper,"2515.00,1272.00,242.00,260.00","0.659000,0.768640,0.060500,0.142544",4000,1824,0.0086239,tiny,False
test,121,batch_10/000020.jpg,batch_10_000020.jpg,405,0,bag_wrapper,"394.00,2220.00,122.00,112.00","0.249452,0.569000,0.066886,0.028000",1824,4000,0.00187281,tiny,False
test,121,batch_10/000020.jpg,batch_10_000020.jpg,406,5,cigarette,"726.00,2346.00,52.00,17.00","0.412281,0.588625,0.028509,0.004250",1824,4000,0.00012116,tiny,False
test,121,batch_10/000020.jpg,batch_10_000020.jpg,407,5,cigarette,"761.00,2506.00,30.00,45.00","0.425439,0.632125,0.016447,0.011250",1824,4000,0.00018503,tiny,False
test,121,batch_10/000020.jpg,batch_10_000020.jpg,408,5,cigarette,"449.00,2372.00,23.00,35.00","0.252467,0.597375,0.012610,0.008750",1824,4000,0.00011033,tiny,False
test,121,batch_10/000020.jpg,batch_10_000020.jpg,409,5,cigarette,"1037.00,2632.00,67.00,79.00","0.586897,0.667875,0.036732,0.019750",1824,4000,0.00072547,tiny,False
test,121,batch_10/000020.jpg,batch_10_000020.jpg,410,5,cigarette,"1016.00,2717.00,36.00,54.00","0.566886,0.686000,0.019737,0.013500",1824,4000,0.00026645,tiny,False
test,121,batch_10/000020.jpg,batch_10_000020.jpg,411,5,cigarette,"1090.00,2680.00,62.00,21.00","0.614583,0.672625,0.033991,0.005250",1824,4000,0.00017845,tiny,False
test,121,batch_10/000020.jpg,batch_10_000020.jpg,412,5,cigarette,"1213.00,3182.00,35.00,58.00","0.674616,0.802750,0.019189,0.014500",1824,4000,0.00027823,tiny,False
test,121,batch_10/000020.jpg,batch_10_000020.jpg,413,5,cigarette,"1378.00,3225.00,30.00,48.00","0.763706,0.812250,0.016447,0.012000",1824,4000,0.00019737,tiny,False
test,121,batch_10/000020.jpg,batch_10_000020.jpg,414,5,cigarette,"1230.00,2296.00,60.00,28.00","0.690789,0.577500,0.032895,0.007000",1824,4000,0.00023026,tiny,False
test,121,batch_10/000020.jpg,batch_10_000020.jpg,415,5,cigarette,"186.00,2176.00,55.00,38.00","0.117050,0.548750,0.030154,0.009500",1824,4000,0.00028646,tiny,False
val,122,batch_10/000021.jpg,batch_10_000021.jpg,416,1,bottle,"2062.00,652.00,94.00,243.00","0.527250,0.424068,0.023500,0.133224",4000,1824,0.00313076,tiny,False
val,122,batch_10/000021.jpg,batch_10_000021.jpg,417,5,cigarette,"2929.00,1257.00,39.00,39.00","0.737125,0.699836,0.009750,0.021382",4000,1824,0.00020847,tiny,False
val,122,batch_10/000021.jpg,batch_10_000021.jpg,418,5,cigarette,"3569.00,1200.00,56.00,31.00","0.899250,0.666393,0.014000,0.016996",4000,1824,0.00023794,tiny,False
val,122,batch_10/000021.jpg,batch_10_000021.jpg,419,5,cigarette,"1305.00,1666.00,64.00,22.00","0.334250,0.919408,0.016000,0.012061",4000,1824,0.00019298,tiny,False
val,122,batch_10/000021.jpg,batch_10_000021.jpg,420,5,cigarette,"1387.00,1225.00,60.00,19.00","0.354250,0.676809,0.015000,0.010417",4000,1824,0.00015625,tiny,False
val,122,batch_10/000021.jpg,batch_10_000021.jpg,421,5,cigarette,"621.00,1646.00,55.00,23.00","0.162125,0.908717,0.013750,0.012610",4000,1824,0.00017338,tiny,False
val,122,batch_10/000021.jpg,batch_10_000021.jpg,422,5,cigarette,"3549.00,1144.00,36.00,42.00","0.891750,0.638706,0.009000,0.023026",4000,1824,0.00020724,tiny,False
train,123,batch_10/000022.jpg,batch_10_000022.jpg,423,0,bag_wrapper,"729.00,1122.00,446.00,348.00","0.521930,0.324000,0.244518,0.087000",1824,4000,0.02127303,small,False
train,123,batch_10/000022.jpg,batch_10_000022.jpg,424,5,cigarette,"786.00,1979.00,78.00,49.00","0.452303,0.500875,0.042763,0.012250",1824,4000,0.00052385,tiny,False
train,123,batch_10/000022.jpg,batch_10_000022.jpg,425,5,cigarette,"1669.00,2428.00,39.00,58.00","0.925713,0.614250,0.021382,0.014500",1824,4000,0.00031003,tiny,False
train,123,batch_10/000022.jpg,batch_10_000022.jpg,426,0,bag_wrapper,"389.00,3755.00,182.00,225.00","0.263158,0.966875,0.099781,0.056250",1824,4000,0.00561266,tiny,False
val,124,batch_10/000023.jpg,batch_10_000023.jpg,427,1,bottle,"583.00,1544.00,131.00,53.00","0.355537,0.392625,0.071820,0.013250",1824,4000,0.00095162,tiny,False
train,126,batch_10/000025.jpg,batch_10_000025.jpg,429,3,can,"1151.00,2356.00,257.00,191.00","0.701480,0.612875,0.140899,0.047750",1824,4000,0.00672793,tiny,False
train,127,batch_10/000026.jpg,batch_10_000026.jpg,430,4,carton,"1250.00,1299.00,435.00,450.00","0.366875,0.835526,0.108750,0.246711",4000,1824,0.02682977,small,False
train,127,batch_10/000026.jpg,batch_10_000026.jpg,431,4,carton,"1689.00,777.00,449.00,439.00","0.478375,0.546327,0.112250,0.240680",4000,1824,0.02701631,small,False
train,127,batch_10/000026.jpg,batch_10_000026.jpg,432,0,bag_wrapper,"262.00,0.00,1653.00,1084.00","0.272125,0.297149,0.413250,0.594298",4000,1824,0.24559375,large,False
val,128,batch_10/000027.jpg,batch_10_000027.jpg,433,4,carton,"864.00,1569.00,108.00,139.00","0.503289,0.409625,0.059211,0.034750",1824,4000,0.00205757,tiny,False
val,128,batch_10/000027.jpg,batch_10_000027.jpg,434,7,straw,"949.00,1697.00,11.00,22.00","0.523300,0.427000,0.006031,0.005500",1824,4000,3.317e-05,tiny,False
val,128,batch_10/000027.jpg,batch_10_000027.jpg,435,5,cigarette,"1597.00,1986.00,53.00,22.00","0.890077,0.499250,0.029057,0.005500",1824,4000,0.00015981,tiny,False
val,130,batch_10/000029.jpg,batch_10_000029.jpg,438,1,bottle,"539.50,1928.00,603.00,561.00","0.461075,0.552125,0.330592,0.140250",1824,4000,0.04636554,small,False
val,131,batch_10/000030.jpg,batch_10_000030.jpg,442,4,carton,"869.00,1605.00,346.00,191.00","0.571272,0.425125,0.189693,0.047750",1824,4000,0.00905784,tiny,False
test,132,batch_10/000031.jpg,batch_10_000031.jpg,443,4,carton,"631.00,1508.00,1192.00,647.00","0.672697,0.457875,0.653509,0.161750",1824,4000,0.10570504,medium,False
test,132,batch_10/000031.jpg,batch_10_000031.jpg,444,5,cigarette,"482.00,1872.00,41.00,24.00","0.275493,0.471000,0.022478,0.006000",1824,4000,0.00013487,tiny,False
train,133,batch_10/000032.jpg,batch_10_000032.jpg,445,0,bag_wrapper,"557.40,2351.00,93.00,106.00","0.331086,0.601000,0.050987,0.026500",1824,4000,0.00135115,tiny,False
train,134,batch_10/000033.jpg,batch_10_000033.jpg,446,7,straw,"1014.00,1953.00,68.00,88.00","0.574561,0.499250,0.037281,0.022000",1824,4000,0.00082018,tiny,False
train,135,batch_10/000034.jpg,batch_10_000034.jpg,450,3,can,"819.00,1822.00,201.00,94.00","0.504112,0.467250,0.110197,0.023500",1824,4000,0.00258964,tiny,False
train,135,batch_10/000034.jpg,batch_10_000034.jpg,451,5,cigarette,"980.00,1949.00,16.00,44.00","0.541667,0.492750,0.008772,0.011000",1824,4000,9.649e-05,tiny,False
train,135,batch_10/000034.jpg,batch_10_000034.jpg,452,5,cigarette,"1182.00,1890.00,44.00,36.00","0.660088,0.477000,0.024123,0.009000",1824,4000,0.00021711,tiny,False
train,135,batch_10/000034.jpg,batch_10_000034.jpg,453,5,cigarette,"472.00,2267.00,24.00,52.00","0.265351,0.573250,0.013158,0.013000",1824,4000,0.00017105,tiny,False
train,135,batch_10/000034.jpg,batch_10_000034.jpg,454,5,cigarette,"655.00,2452.00,55.00,42.00","0.374178,0.618250,0.030154,0.010500",1824,4000,0.00031661,tiny,False
train,135,batch_10/000034.jpg,batch_10_000034.jpg,455,5,cigarette,"670.00,2474.00,37.00,29.00","0.377467,0.622125,0.020285,0.007250",1824,4000,0.00014707,tiny,False
train,135,batch_10/000034.jpg,batch_10_000034.jpg,456,5,cigarette,"328.00,2886.00,93.00,32.00","0.205318,0.725500,0.050987,0.008000",1824,4000,0.00040789,tiny,False
train,135,batch_10/000034.jpg,batch_10_000034.jpg,457,5,cigarette,"388.00,2822.00,39.00,59.00","0.223410,0.712875,0.021382,0.014750",1824,4000,0.00031538,tiny,False
train,135,batch_10/000034.jpg,batch_10_000034.jpg,458,5,cigarette,"199.00,3131.00,41.00,76.00","0.120340,0.792250,0.022478,0.019000",1824,4000,0.00042708,tiny,False
train,135,batch_10/000034.jpg,batch_10_000034.jpg,459,5,cigarette,"614.00,3771.00,81.00,63.00","0.358827,0.950625,0.044408,0.015750",1824,4000,0.00069942,tiny,False
train,135,batch_10/000034.jpg,batch_10_000034.jpg,460,5,cigarette,"1233.00,3719.00,57.00,60.00","0.691612,0.937250,0.031250,0.015000",1824,4000,0.00046875,tiny,False
train,135,batch_10/000034.jpg,batch_10_000034.jpg,461,5,cigarette,"451.00,2269.00,22.00,38.00","0.253289,0.572000,0.012061,0.009500",1824,4000,0.00011458,tiny,False
train,135,batch_10/000034.jpg,batch_10_000034.jpg,462,5,cigarette,"1034.00,1834.00,29.00,39.00","0.574836,0.463375,0.015899,0.009750",1824,4000,0.00015502,tiny,False
train,135,batch_10/000034.jpg,batch_10_000034.jpg,463,5,cigarette,"1137.00,1569.00,20.00,24.00","0.628838,0.395250,0.010965,0.006000",1824,4000,6.579e-05,tiny,False
train,135,batch_10/000034.jpg,batch_10_000034.jpg,469,0,bag_wrapper,"19.00,3046.00,45.00,45.00","0.022752,0.767125,0.024671,0.011250",1824,4000,0.00027755,tiny,False
val,136,batch_10/000035.jpg,batch_10_000035.jpg,470,3,can,"806.00,1933.00,186.00,94.00","0.492873,0.495000,0.101974,0.023500",1824,4000,0.00239638,tiny,False
val,136,batch_10/000035.jpg,batch_10_000035.jpg,473,5,cigarette,"1108.00,1867.00,63.00,32.00","0.624726,0.470750,0.034539,0.008000",1824,4000,0.00027632,tiny,False
val,136,batch_10/000035.jpg,batch_10_000035.jpg,474,5,cigarette,"869.00,1930.00,44.00,32.00","0.488487,0.486500,0.024123,0.008000",1824,4000,0.00019298,tiny,False
val,136,batch_10/000035.jpg,batch_10_000035.jpg,475,5,cigarette,"899.00,1933.00,29.00,27.00","0.500822,0.486625,0.015899,0.006750",1824,4000,0.00010732,tiny,False
val,136,batch_10/000035.jpg,batch_10_000035.jpg,476,5,cigarette,"944.00,1927.00,33.00,12.00","0.526590,0.483250,0.018092,0.003000",1824,4000,5.428e-05,tiny,False
val,136,batch_10/000035.jpg,batch_10_000035.jpg,477,5,cigarette,"656.00,2130.00,41.00,33.00","0.370888,0.536625,0.022478,0.008250",1824,4000,0.00018544,tiny,False
val,136,batch_10/000035.jpg,batch_10_000035.jpg,478,5,cigarette,"694.00,2014.00,20.00,40.00","0.385965,0.508500,0.010965,0.010000",1824,4000,0.00010965,tiny,False
val,136,batch_10/000035.jpg,batch_10_000035.jpg,481,5,cigarette,"453.00,2191.00,26.00,44.00","0.255482,0.553250,0.014254,0.011000",1824,4000,0.0001568,tiny,False
val,136,batch_10/000035.jpg,batch_10_000035.jpg,482,5,cigarette,"526.00,2174.00,37.00,42.00","0.298520,0.548750,0.020285,0.010500",1824,4000,0.00021299,tiny,False
val,136,batch_10/000035.jpg,batch_10_000035.jpg,483,5,cigarette,"236.00,2428.00,37.00,47.00","0.139529,0.612875,0.020285,0.011750",1824,4000,0.00023835,tiny,False
val,136,batch_10/000035.jpg,batch_10_000035.jpg,484,5,cigarette,"106.00,2547.00,25.00,43.00","0.064967,0.642125,0.013706,0.010750",1824,4000,0.00014734,tiny,False
val,136,batch_10/000035.jpg,batch_10_000035.jpg,485,5,cigarette,"290.00,2245.00,56.00,33.00","0.174342,0.565375,0.030702,0.008250",1824,4000,0.00025329,tiny,False
val,136,batch_10/000035.jpg,batch_10_000035.jpg,486,0,bag_wrapper,"70.00,2225.00,263.00,347.00","0.110471,0.599625,0.144189,0.086750",1824,4000,0.01250836,small,False
train,137,batch_10/000036.jpg,batch_10_000036.jpg,487,4,carton,"1276.00,1713.00,188.00,127.00","0.751096,0.444125,0.103070,0.031750",1824,4000,0.00327248,tiny,False
train,137,batch_10/000036.jpg,batch_10_000036.jpg,488,5,cigarette,"1281.00,2320.00,14.00,24.00","0.706140,0.583000,0.007675,0.006000",1824,4000,4.605e-05,tiny,False
train,137,batch_10/000036.jpg,batch_10_000036.jpg,489,5,cigarette,"1324.00,2390.00,14.00,29.00","0.729715,0.601125,0.007675,0.007250",1824,4000,5.565e-05,tiny,False
train,137,batch_10/000036.jpg,batch_10_000036.jpg,490,5,cigarette,"1357.00,2722.00,33.00,37.00","0.753015,0.685125,0.018092,0.009250",1824,4000,0.00016735,tiny,False
train,137,batch_10/000036.jpg,batch_10_000036.jpg,491,5,cigarette,"1451.00,3646.00,87.00,29.00","0.819353,0.915125,0.047697,0.007250",1824,4000,0.00034581,tiny,False
train,137,batch_10/000036.jpg,batch_10_000036.jpg,492,5,cigarette,"1410.00,3462.00,22.00,62.00","0.779057,0.873250,0.012061,0.015500",1824,4000,0.00018695,tiny,False
train,137,batch_10/000036.jpg,batch_10_000036.jpg,493,5,cigarette,"1426.00,3510.00,30.00,55.00","0.790022,0.884375,0.016447,0.013750",1824,4000,0.00022615,tiny,False
train,137,batch_10/000036.jpg,batch_10_000036.jpg,494,5,cigarette,"1440.00,3505.00,27.00,54.00","0.796875,0.883000,0.014803,0.013500",1824,4000,0.00019984,tiny,False
train,137,batch_10/000036.jpg,batch_10_000036.jpg,495,5,cigarette,"1419.00,3577.00,33.00,56.00","0.787007,0.901250,0.018092,0.014000",1824,4000,0.00025329,tiny,False
train,137,batch_10/000036.jpg,batch_10_000036.jpg,496,5,cigarette,"1461.00,3317.00,49.00,15.00","0.814419,0.831125,0.026864,0.003750",1824,4000,0.00010074,tiny,False
train,137,batch_10/000036.jpg,batch_10_000036.jpg,497,5,cigarette,"1449.00,3048.00,29.00,45.00","0.802357,0.767625,0.015899,0.011250",1824,4000,0.00017887,tiny,False
train,137,batch_10/000036.jpg,batch_10_000036.jpg,498,5,cigarette,"1435.00,3115.00,40.00,40.00","0.797697,0.783750,0.021930,0.010000",1824,4000,0.0002193,tiny,False
train,137,batch_10/000036.jpg,batch_10_000036.jpg,499,5,cigarette,"1386.00,2630.00,40.00,27.00","0.770833,0.660875,0.021930,0.006750",1824,4000,0.00014803,tiny,False
test,138,batch_10/000037.jpg,batch_10_000037.jpg,502,4,carton,"683.00,88.00,83.00,50.00","0.181125,0.061952,0.020750,0.027412",4000,1824,0.0005688,tiny,False
test,138,batch_10/000037.jpg,batch_10_000037.jpg,503,4,carton,"2251.50,1043.00,94.00,141.00","0.574625,0.610471,0.023500,0.077303",4000,1824,0.00181661,tiny,False
test,138,batch_10/000037.jpg,batch_10_000037.jpg,504,5,cigarette,"968.00,274.00,13.00,23.00","0.243625,0.156524,0.003250,0.012610",4000,1824,4.098e-05,tiny,False
test,138,batch_10/000037.jpg,batch_10_000037.jpg,505,5,cigarette,"2206.00,1089.00,13.00,20.00","0.553125,0.602522,0.003250,0.010965",4000,1824,3.564e-05,tiny,False
test,138,batch_10/000037.jpg,batch_10_000037.jpg,506,5,cigarette,"3032.00,1734.00,48.00,44.00","0.764000,0.962719,0.012000,0.024123",4000,1824,0.00028947,tiny,False
train,139,batch_10/000038.jpg,batch_10_000038.jpg,509,4,carton,"930.00,1651.00,290.00,330.00","0.589364,0.454000,0.158991,0.082500",1824,4000,0.01311678,small,False
train,140,batch_10/000039.jpg,batch_10_000039.jpg,511,2,bottle_cap,"1032.48,1712.14,127.00,117.00","0.600864,0.442661,0.069627,0.029250",1824,4000,0.0020366,tiny,False
train,141,batch_10/000040.jpg,batch_10_000040.jpg,513,0,bag_wrapper,"1297.29,616.05,255.00,277.00","0.356196,0.413677,0.063750,0.151864",4000,1824,0.00968133,tiny,False
train,142,batch_10/000041.jpg,batch_10_000041.jpg,514,5,cigarette,"1629.00,1581.00,30.00,44.00","0.901316,0.400750,0.016447,0.011000",1824,4000,0.00018092,tiny,False
train,142,batch_10/000041.jpg,batch_10_000041.jpg,515,0,bag_wrapper,"1242.00,2350.00,364.00,434.00","0.780702,0.641750,0.199561,0.108500",1824,4000,0.02165241,small,False
train,142,batch_10/000041.jpg,batch_10_000041.jpg,516,0,bag_wrapper,"703.00,2790.00,169.00,156.00","0.431743,0.717000,0.092654,0.039000",1824,4000,0.00361349,tiny,False
train,142,batch_10/000041.jpg,batch_10_000041.jpg,517,0,bag_wrapper,"1447.00,1792.00,151.00,176.00","0.834704,0.470000,0.082785,0.044000",1824,4000,0.00364254,tiny,False
train,142,batch_10/000041.jpg,batch_10_000041.jpg,518,0,bag_wrapper,"1235.00,1858.00,293.00,190.00","0.757401,0.488250,0.160636,0.047500",1824,4000,0.00763021,tiny,False
train,143,batch_10/000042.jpg,batch_10_000042.jpg,519,0,bag_wrapper,"745.00,1450.00,550.00,815.00","0.559211,0.464375,0.301535,0.203750",1824,4000,0.06143777,medium,False
train,143,batch_10/000042.jpg,batch_10_000042.jpg,520,0,bag_wrapper,"1696.00,2654.00,106.00,79.00","0.958882,0.673375,0.058114,0.019750",1824,4000,0.00114775,tiny,False
train,143,batch_10/000042.jpg,batch_10_000042.jpg,521,0,bag_wrapper,"1450.00,2536.00,120.00,90.00","0.827851,0.645250,0.065789,0.022500",1824,4000,0.00148026,tiny,False
test,144,batch_10/000043.jpg,batch_10_000043.jpg,522,5,cigarette,"544.00,315.00,58.00,20.00","0.314145,0.081250,0.031798,0.005000",1824,4000,0.00015899,tiny,False
test,144,batch_10/000043.jpg,batch_10_000043.jpg,523,5,cigarette,"1021.00,253.00,28.00,87.00","0.567434,0.074125,0.015351,0.021750",1824,4000,0.00033388,tiny,False
test,144,batch_10/000043.jpg,batch_10_000043.jpg,524,5,cigarette,"1363.00,447.00,29.00,76.00","0.755208,0.121250,0.015899,0.019000",1824,4000,0.00030208,tiny,False
test,144,batch_10/000043.jpg,batch_10_000043.jpg,525,0,bag_wrapper,"1391.00,525.00,56.00,27.00","0.777961,0.134625,0.030702,0.006750",1824,4000,0.00020724,tiny,False
test,144,batch_10/000043.jpg,batch_10_000043.jpg,526,0,bag_wrapper,"725.00,1735.00,119.00,142.00","0.430099,0.451500,0.065241,0.035500",1824,4000,0.00231606,tiny,False
test,144,batch_10/000043.jpg,batch_10_000043.jpg,527,0,bag_wrapper,"382.00,2733.00,246.00,277.00","0.276864,0.717875,0.134868,0.069250",1824,4000,0.00933964,tiny,False
test,144,batch_10/000043.jpg,batch_10_000043.jpg,528,0,bag_wrapper,"1341.00,3659.00,146.00,162.00","0.775219,0.935000,0.080044,0.040500",1824,4000,0.00324178,tiny,False
test,145,batch_10/000044.jpg,batch_10_000044.jpg,529,7,straw,"568.00,1640.00,248.00,89.00","0.379386,0.421125,0.135965,0.022250",1824,4000,0.00302522,tiny,False
test,146,batch_10/000045.jpg,batch_10_000045.jpg,530,2,bottle_cap,"1257.00,2007.00,33.00,28.00","0.698191,0.505250,0.018092,0.007000",1824,4000,0.00012664,tiny,False
train,147,batch_10/000046.jpg,batch_10_000046.jpg,531,4,carton,"750.00,860.00,193.00,147.00","0.464090,0.233375,0.105811,0.036750",1824,4000,0.00388857,tiny,False
train,148,batch_10/000047.jpg,batch_10_000047.jpg,532,1,bottle,"736.00,1829.00,163.00,146.00","0.448191,0.475500,0.089364,0.036500",1824,4000,0.00326179,tiny,False
train,149,batch_10/000048.jpg,batch_10_000048.jpg,540,0,bag_wrapper,"707.00,1541.00,345.00,157.00","0.482182,0.404875,0.189145,0.039250",1824,4000,0.00742393,tiny,False
train,149,batch_10/000048.jpg,batch_10_000048.jpg,541,0,bag_wrapper,"1304.00,1500.00,68.00,97.00","0.733553,0.387125,0.037281,0.024250",1824,4000,0.00090406,tiny,False
train,150,batch_10/000049.jpg,batch_10_000049.jpg,542,0,bag_wrapper,"955.00,1790.00,83.00,83.00","0.546327,0.457875,0.045504,0.020750",1824,4000,0.00094422,tiny,False
train,151,batch_10/000050.jpg,batch_10_000050.jpg,544,0,bag_wrapper,"3544.00,1.00,242.00,168.00","0.916250,0.046601,0.060500,0.092105",4000,1824,0.00557237,tiny,False
train,151,batch_10/000050.jpg,batch_10_000050.jpg,548,0,bag_wrapper,"1806.00,644.00,61.00,27.00","0.459125,0.360471,0.015250,0.014803",4000,1824,0.00022574,tiny,False
train,151,batch_10/000050.jpg,batch_10_000050.jpg,549,0,bag_wrapper,"1455.00,718.00,143.00,170.00","0.381625,0.440241,0.035750,0.093202",4000,1824,0.00333196,tiny,False
train,151,batch_10/000050.jpg,batch_10_000050.jpg,552,0,bag_wrapper,"2102.00,1213.00,51.00,56.00","0.531875,0.680373,0.012750,0.030702",4000,1824,0.00039145,tiny,False
train,151,batch_10/000050.jpg,batch_10_000050.jpg,553,0,bag_wrapper,"3628.00,1610.00,367.00,153.00","0.952875,0.924616,0.091750,0.083882",4000,1824,0.00769613,tiny,False
train,154,batch_10/000053.jpg,batch_10_000053.jpg,556,0,bag_wrapper,"690.00,716.00,272.00,304.00","0.206500,0.475877,0.068000,0.166667",4000,1824,0.01133333,small,False
train,155,batch_10/000054.jpg,batch_10_000054.jpg,557,0,bag_wrapper,"1075.00,2537.00,157.00,93.00","0.632401,0.645875,0.086075,0.023250",1824,4000,0.00200123,tiny,False
train,155,batch_10/000054.jpg,batch_10_000054.jpg,558,5,cigarette,"331.00,824.00,17.00,25.00","0.186129,0.209125,0.009320,0.006250",1824,4000,5.825e-05,tiny,False
train,156,batch_10/000055.jpg,batch_10_000055.jpg,559,0,bag_wrapper,"1323.90,959.14,296.00,316.00","0.367976,0.612469,0.074000,0.173246",4000,1824,0.01282018,small,False
val,157,batch_10/000056.jpg,batch_10_000056.jpg,560,0,bag_wrapper,"1978.00,615.00,137.00,168.00","0.511625,0.383224,0.034250,0.092105",4000,1824,0.00315461,tiny,False
train,158,batch_10/000057.jpg,batch_10_000057.jpg,561,0,bag_wrapper,"846.00,2573.33,581.00,509.00","0.623081,0.706958,0.318531,0.127250",1824,4000,0.04053303,small,False
train,159,batch_10/000058.jpg,batch_10_000058.jpg,563,0,bag_wrapper,"1201.50,1806.00,338.00,313.00","0.751371,0.490625,0.185307,0.078250",1824,4000,0.01450027,small,False
test,160,batch_10/000059.jpg,batch_10_000059.jpg,564,0,bag_wrapper,"1328.00,2235.00,207.00,267.00","0.784814,0.592125,0.113487,0.066750",1824,4000,0.00757525,tiny,False
val,161,batch_10/000060.jpg,batch_10_000060.jpg,566,0,bag_wrapper,"1309.00,1516.00,135.00,138.00","0.754660,0.396250,0.074013,0.034500",1824,4000,0.00255345,tiny,False
train,163,batch_10/000062.jpg,batch_10_000062.jpg,568,0,bag_wrapper,"1367.00,236.00,215.00,249.00","0.368625,0.197643,0.053750,0.136513",4000,1824,0.00733758,tiny,False
train,163,batch_10/000062.jpg,batch_10_000062.jpg,570,0,bag_wrapper,"2286.00,363.00,231.00,229.00","0.600375,0.261787,0.057750,0.125548",4000,1824,0.00725041,tiny,False
train,164,batch_10/000063.jpg,batch_10_000063.jpg,571,0,bag_wrapper,"1373.00,834.00,403.00,178.00","0.393625,0.506031,0.100750,0.097588",4000,1824,0.00983196,tiny,False
train,164,batch_10/000063.jpg,batch_10_000063.jpg,572,0,bag_wrapper,"1772.00,646.00,274.00,388.00","0.477250,0.460526,0.068500,0.212719",4000,1824,0.01457127,small,False
test,165,batch_10/000064.jpg,batch_10_000064.jpg,573,5,cigarette,"1152.00,801.00,119.00,85.00","0.302875,0.462445,0.029750,0.046601",4000,1824,0.00138638,tiny,False
val,166,batch_10/000065.jpg,batch_10_000065.jpg,574,0,bag_wrapper,"782.00,1680.00,498.00,126.00","0.565241,0.435750,0.273026,0.031500",1824,4000,0.00860033,tiny,False
train,167,batch_10/000066.jpg,batch_10_000066.jpg,575,0,bag_wrapper,"2109.00,701.00,490.00,319.00","0.588500,0.471765,0.122500,0.174890",4000,1824,0.02142407,small,False
test,168,batch_10/000067.jpg,batch_10_000067.jpg,576,0,bag_wrapper,"2350.00,416.00,174.00,140.00","0.609250,0.266447,0.043500,0.076754",4000,1824,0.00333882,tiny,False
train,169,batch_10/000068.jpg,batch_10_000068.jpg,577,0,bag_wrapper,"700.00,1524.00,253.00,222.00","0.453125,0.408750,0.138706,0.055500",1824,4000,0.00769819,tiny,False
train,174,batch_10/000073.jpg,batch_10_000073.jpg,585,0,bag_wrapper,"2312.50,1038.00,250.00,110.00","0.609375,0.599232,0.062500,0.060307",4000,1824,0.00376919,tiny,False
train,176,batch_10/000075.jpg,batch_10_000075.jpg,587,1,bottle,"913.00,1658.00,48.00,62.00","0.513706,0.422250,0.026316,0.015500",1824,4000,0.00040789,tiny,False
train,176,batch_10/000075.jpg,batch_10_000075.jpg,588,1,bottle,"941.00,1678.00,41.00,43.00","0.527138,0.424875,0.022478,0.010750",1824,4000,0.00024164,tiny,False
train,176,batch_10/000075.jpg,batch_10_000075.jpg,589,5,cigarette,"1.00,3464.00,71.00,31.00","0.020011,0.869875,0.038925,0.007750",1824,4000,0.00030167,tiny,False
train,177,batch_10/000076.jpg,batch_10_000076.jpg,590,0,bag_wrapper,"1373.00,2844.00,130.00,93.00","0.788377,0.722625,0.071272,0.023250",1824,4000,0.00165707,tiny,False
train,177,batch_10/000076.jpg,batch_10_000076.jpg,591,5,cigarette,"671.00,3937.00,48.00,58.00","0.381031,0.991500,0.026316,0.014500",1824,4000,0.00038158,tiny,False
train,178,batch_10/000077.jpg,batch_10_000077.jpg,594,5,cigarette,"364.00,586.00,48.00,61.00","0.212719,0.154125,0.026316,0.015250",1824,4000,0.00040132,tiny,False
train,178,batch_10/000077.jpg,batch_10_000077.jpg,595,0,bag_wrapper,"1092.00,2473.00,234.00,144.00","0.662829,0.636250,0.128289,0.036000",1824,4000,0.00461842,tiny,False
test,181,batch_10/000080.jpg,batch_10_000080.jpg,599,7,straw,"1054.00,1648.00,177.00,75.00","0.626371,0.421375,0.097039,0.018750",1824,4000,0.00181949,tiny,False
train,182,batch_10/000081.jpg,batch_10_000081.jpg,600,1,bottle,"1807.00,673.00,341.00,163.00","0.494375,0.413651,0.085250,0.089364",4000,1824,0.00761828,tiny,False
train,182,batch_10/000081.jpg,batch_10_000081.jpg,602,5,cigarette,"2220.00,162.00,44.00,27.00","0.560500,0.096217,0.011000,0.014803",4000,1824,0.00016283,tiny,False
train,182,batch_10/000081.jpg,batch_10_000081.jpg,603,5,cigarette,"1202.00,409.00,45.00,17.00","0.306125,0.228893,0.011250,0.009320",4000,1824,0.00010485,tiny,False
val,184,batch_10/000083.jpg,batch_10_000083.jpg,605,4,carton,"1011.00,1993.00,199.00,124.00","0.608827,0.513750,0.109101,0.031000",1824,4000,0.00338213,tiny,False
val,184,batch_10/000083.jpg,batch_10_000083.jpg,606,5,cigarette,"271.00,2063.00,42.00,19.00","0.160088,0.518125,0.023026,0.004750",1824,4000,0.00010937,tiny,False
val,184,batch_10/000083.jpg,batch_10_000083.jpg,607,5,cigarette,"452.00,2133.00,36.00,26.00","0.257675,0.536500,0.019737,0.006500",1824,4000,0.00012829,tiny,False
val,184,batch_10/000083.jpg,batch_10_000083.jpg,608,5,cigarette,"1641.00,2713.00,53.00,29.00","0.914200,0.681875,0.029057,0.007250",1824,4000,0.00021066,tiny,False
val,184,batch_10/000083.jpg,batch_10_000083.jpg,609,5,cigarette,"341.00,2070.00,34.00,18.00","0.196272,0.519750,0.018640,0.004500",1824,4000,8.388e-05,tiny,False
test,185,batch_10/000084.jpg,batch_10_000084.jpg,610,0,bag_wrapper,"501.00,1263.00,1278.00,616.00","0.625000,0.392750,0.700658,0.154000",1824,4000,0.10790132,medium,False
test,185,batch_10/000084.jpg,batch_10_000084.jpg,613,0,bag_wrapper,"1318.00,1316.00,213.00,143.00","0.780976,0.346875,0.116776,0.035750",1824,4000,0.00417475,tiny,False
val,186,batch_10/000085.jpg,batch_10_000085.jpg,617,0,bag_wrapper,"519.00,1326.00,280.00,160.00","0.361294,0.351500,0.153509,0.040000",1824,4000,0.00614035,tiny,False
val,186,batch_10/000085.jpg,batch_10_000085.jpg,618,0,bag_wrapper,"789.00,1525.00,103.00,113.00","0.460800,0.395375,0.056469,0.028250",1824,4000,0.00159526,tiny,False
val,186,batch_10/000085.jpg,batch_10_000085.jpg,622,2,bottle_cap,"1789.00,2044.00,32.00,66.00","0.989583,0.519250,0.017544,0.016500",1824,4000,0.00028947,tiny,False
val,186,batch_10/000085.jpg,batch_10_000085.jpg,623,4,carton,"1038.00,1407.00,754.00,436.00","0.775768,0.406250,0.413377,0.109000",1824,4000,0.04505811,small,False
test,187,batch_10/000086.jpg,batch_10_000086.jpg,625,0,bag_wrapper,"815.00,1698.19,375.00,266.00","0.549616,0.457798,0.205592,0.066500",1824,4000,0.01367188,small,False
test,187,batch_10/000086.jpg,batch_10_000086.jpg,626,1,bottle,"1246.10,2174.19,197.95,310.81","0.737429,0.582399,0.108527,0.077702",1824,4000,0.00843277,tiny,False
test,187,batch_10/000086.jpg,batch_10_000086.jpg,627,5,cigarette,"1357.81,2268.05,55.00,33.00","0.759490,0.571137,0.030154,0.008250",1824,4000,0.00024877,tiny,False
test,187,batch_10/000086.jpg,batch_10_000086.jpg,628,5,cigarette,"957.10,990.14,58.00,40.00","0.540622,0.252536,0.031798,0.010000",1824,4000,0.00031798,tiny,False
test,187,batch_10/000086.jpg,batch_10_000086.jpg,630,5,cigarette,"466.90,1563.62,38.00,46.00","0.266395,0.396655,0.020833,0.011500",1824,4000,0.00023958,tiny,False
val,188,batch_10/000087.jpg,batch_10_000087.jpg,631,1,bottle,"342.00,836.00,338.00,159.00","0.280154,0.228875,0.185307,0.039750",1824,4000,0.00736595,tiny,False
val,188,batch_10/000087.jpg,batch_10_000087.jpg,632,5,cigarette,"1113.00,1046.00,25.00,11.00","0.617050,0.262875,0.013706,0.002750",1824,4000,3.769e-05,tiny,False
val,188,batch_10/000087.jpg,batch_10_000087.jpg,633,5,cigarette,"1017.00,1360.00,30.00,11.00","0.565789,0.341375,0.016447,0.002750",1824,4000,4.523e-05,tiny,False
train,189,batch_10/000088.jpg,batch_10_000088.jpg,635,4,carton,"989.00,1556.00,433.00,387.00","0.660910,0.437375,0.237390,0.096750",1824,4000,0.02296752,small,False
test,190,batch_10/000089.jpg,batch_10_000089.jpg,636,6,cup,"1202.00,1988.00,147.00,167.00","0.699287,0.517875,0.080592,0.041750",1824,4000,0.00336472,tiny,False
test,190,batch_10/000089.jpg,batch_10_000089.jpg,637,6,cup,"1205.00,1702.00,137.00,118.00","0.698191,0.440250,0.075110,0.029500",1824,4000,0.00221573,tiny,False
test,191,batch_10/000090.jpg,batch_10_000090.jpg,641,0,bag_wrapper,"1143.00,1904.00,174.00,112.00","0.674342,0.490000,0.095395,0.028000",1824,4000,0.00267105,tiny,False
val,192,batch_10/000091.jpg,batch_10_000091.jpg,646,1,bottle,"2214.00,1255.00,429.00,244.00","0.607125,0.754934,0.107250,0.133772",4000,1824,0.01434704,small,False
val,192,batch_10/000091.jpg,batch_10_000091.jpg,649,0,bag_wrapper,"2480.00,1757.00,104.00,61.00","0.633000,0.979989,0.026000,0.033443",4000,1824,0.00086952,tiny,False
train,193,batch_10/000092.jpg,batch_10_000092.jpg,650,0,bag_wrapper,"1029.50,2043.00,182.00,93.00","0.614309,0.522375,0.099781,0.023250",1824,4000,0.0023199,tiny,False
train,194,batch_10/000093.jpg,batch_10_000093.jpg,652,1,bottle,"0.00,1390.00,142.00,107.00","0.017750,0.791393,0.035500,0.058662",4000,1824,0.00208251,tiny,False
train,194,batch_10/000093.jpg,batch_10_000093.jpg,653,0,bag_wrapper,"983.00,1369.00,272.00,117.00","0.279750,0.782621,0.068000,0.064145",4000,1824,0.00436184,tiny,False
train,194,batch_10/000093.jpg,batch_10_000093.jpg,657,1,bottle,"2588.00,1543.00,143.00,279.00","0.664875,0.922423,0.035750,0.152961",4000,1824,0.00546834,tiny,False
train,194,batch_10/000093.jpg,batch_10_000093.jpg,662,5,cigarette,"3045.00,1329.00,38.00,35.00","0.766000,0.738213,0.009500,0.019189",4000,1824,0.00018229,tiny,False
train,194,batch_10/000093.jpg,batch_10_000093.jpg,664,0,bag_wrapper,"2128.00,1295.00,168.00,98.00","0.553000,0.736842,0.042000,0.053728",4000,1824,0.00225658,tiny,False
test,195,batch_10/000094.jpg,batch_10_000094.jpg,666,6,cup,"441.00,2099.00,119.00,106.00","0.274397,0.538000,0.065241,0.026500",1824,4000,0.00172889,tiny,False
test,195,batch_10/000094.jpg,batch_10_000094.jpg,667,2,bottle_cap,"672.00,2428.00,34.00,28.00","0.377741,0.610500,0.018640,0.007000",1824,4000,0.00013048,tiny,False
train,196,batch_10/000095.jpg,batch_10_000095.jpg,672,5,cigarette,"1277.00,671.00,60.00,52.00","0.716557,0.174250,0.032895,0.013000",1824,4000,0.00042763,tiny,False
train,197,batch_10/000096.jpg,batch_10_000096.jpg,674,6,cup,"1084.00,1600.00,233.00,190.00","0.400167,0.423750,0.077667,0.047500",3000,4000,0.00368917,tiny,False
train,197,batch_10/000096.jpg,batch_10_000096.jpg,675,5,cigarette,"1355.00,1663.00,65.00,27.00","0.462500,0.419125,0.021667,0.006750",3000,4000,0.00014625,tiny,False
train,197,batch_10/000096.jpg,batch_10_000096.jpg,677,5,cigarette,"2231.00,2438.00,58.00,35.00","0.753333,0.613875,0.019333,0.008750",3000,4000,0.00016917,tiny,False
test,198,batch_10/000097.jpg,batch_10_000097.jpg,680,1,bottle,"800.00,2520.00,396.00,151.00","0.547149,0.648875,0.217105,0.037750",1824,4000,0.00819572,tiny,False
test,198,batch_10/000097.jpg,batch_10_000097.jpg,681,2,bottle_cap,"1176.00,2532.00,20.00,61.00","0.650219,0.640625,0.010965,0.015250",1824,4000,0.00016721,tiny,False
test,199,batch_10/000098.jpg,batch_10_000098.jpg,683,4,carton,"527.00,1478.62,959.00,1332.00","0.551809,0.536155,0.525768,0.333000",1824,4000,0.17508061,medium,False
test,199,batch_10/000098.jpg,batch_10_000098.jpg,684,4,carton,"1398.14,2330.90,100.00,119.00","0.793938,0.597601,0.054825,0.029750",1824,4000,0.00163103,tiny,False
train,200,batch_10/000099.jpg,batch_10_000099.jpg,685,0,bag_wrapper,"784.00,2015.00,482.00,385.00","0.561952,0.551875,0.264254,0.096250",1824,4000,0.02543448,small,False
train,201,batch_11/000000.jpg,batch_11_000000.jpg,687,4,carton,"1329.00,633.00,1737.00,300.00","0.549375,0.429276,0.434250,0.164474",4000,1824,0.0714227,medium,False
train,201,batch_11/000000.jpg,batch_11_000000.jpg,688,4,carton,"2806.00,1386.00,136.00,124.00","0.718500,0.793860,0.034000,0.067982",4000,1824,0.0023114,tiny,False
test,202,batch_11/000001.jpg,batch_11_000001.jpg,691,4,carton,"1382.00,1035.00,189.00,204.00","0.809485,0.284250,0.103618,0.051000",1824,4000,0.00528454,tiny,False
train,204,batch_11/000003.jpg,batch_11_000003.jpg,693,4,carton,"131.00,1160.00,720.00,799.00","0.269189,0.389875,0.394737,0.199750",1824,4000,0.07884868,medium,False
train,204,batch_11/000003.jpg,batch_11_000003.jpg,694,4,carton,"194.00,1674.00,1532.00,1541.00","0.526316,0.611125,0.839912,0.385250",1824,4000,0.32357621,large,False
train,204,batch_11/000003.jpg,batch_11_000003.jpg,695,4,carton,"687.00,226.00,1135.00,1619.00","0.687774,0.258875,0.622259,0.404750",1824,4000,0.25185924,large,False
test,205,batch_11/000004.jpg,batch_11_000004.jpg,699,4,carton,"1126.00,1363.00,696.00,1177.00","0.808114,0.487875,0.381579,0.294250",1824,4000,0.11227961,medium,False
train,206,batch_11/000005.jpg,batch_11_000005.jpg,700,4,carton,"2.00,1207.00,1641.00,1653.00","0.450932,0.508375,0.899671,0.413250",1824,4000,0.37178906,large,False
train,207,batch_11/000006.jpg,batch_11_000006.jpg,702,4,carton,"119.00,1692.00,664.00,699.00","0.247259,0.510375,0.364035,0.174750",1824,4000,0.06361513,medium,False
train,207,batch_11/000006.jpg,batch_11_000006.jpg,703,4,carton,"643.00,1801.00,639.00,885.00","0.527686,0.560875,0.350329,0.221250",1824,4000,0.07751028,medium,False
train,207,batch_11/000006.jpg,batch_11_000006.jpg,704,4,carton,"1148.00,2082.00,605.00,663.00","0.795230,0.603375,0.331689,0.165750",1824,4000,0.05497738,medium,False
train,207,batch_11/000006.jpg,batch_11_000006.jpg,705,4,carton,"1195.00,1337.00,260.00,228.00","0.726425,0.362750,0.142544,0.057000",1824,4000,0.008125,tiny,False
val,209,batch_11/000008.jpg,batch_11_000008.jpg,708,4,carton,"2.00,3337.00,1419.00,662.00","0.390077,0.917000,0.777961,0.165500",1824,4000,0.12875247,medium,False
val,209,batch_11/000008.jpg,batch_11_000008.jpg,709,4,carton,"0.00,0.00,1811.51,3793.75","0.496575,0.474219,0.993151,0.948438",1824,4000,0.94194135,large,False
train,210,batch_11/000009.jpg,batch_11_000009.jpg,710,0,bag_wrapper,"779.00,651.00,792.00,695.00","0.644189,0.249625,0.434211,0.173750",1824,4000,0.07544408,medium,False
train,210,batch_11/000009.jpg,batch_11_000009.jpg,711,4,carton,"745.00,2445.00,876.00,813.00","0.648575,0.712875,0.480263,0.203250",1824,4000,0.09761349,medium,False
train,211,batch_11/000010.jpg,batch_11_000010.jpg,712,4,carton,"256.00,921.00,625.00,836.00","0.311678,0.334750,0.342654,0.209000",1824,4000,0.07161458,medium,False
train,211,batch_11/000010.jpg,batch_11_000010.jpg,713,4,carton,"411.00,1155.00,307.00,71.00","0.309485,0.297625,0.168311,0.017750",1824,4000,0.00298753,tiny,False
train,211,batch_11/000010.jpg,batch_11_000010.jpg,714,4,carton,"876.00,1039.00,929.00,584.00","0.734923,0.332750,0.509320,0.146000",1824,4000,0.07436075,medium,False
train,211,batch_11/000010.jpg,batch_11_000010.jpg,715,4,carton,"1015.00,1043.00,721.00,221.00","0.754112,0.288375,0.395285,0.055250",1824,4000,0.0218395,small,False
train,211,batch_11/000010.jpg,batch_11_000010.jpg,716,4,carton,"199.00,1477.00,846.00,727.00","0.341009,0.460125,0.463816,0.181750",1824,4000,0.08429852,medium,False
test,212,batch_11/000011.jpg,batch_11_000011.jpg,717,4,carton,"318.00,1308.05,1175.00,1128.00","0.496436,0.468012,0.644189,0.282000",1824,4000,0.18166118,medium,False
test,212,batch_11/000011.jpg,batch_11_000011.jpg,718,4,carton,"193.95,3250.62,1624.14,748.43","0.551548,0.906208,0.890429,0.187107",1824,4000,0.16660564,medium,False
test,212,batch_11/000011.jpg,batch_11_000011.jpg,719,4,carton,"695.00,3687.76,1082.10,311.29","0.677658,0.960851,0.593254,0.077821",1824,4000,0.04616785,small,False
test,213,batch_11/000012.jpg,batch_11_000012.jpg,720,4,carton,"0.00,1339.00,1754.00,1895.00","0.480811,0.571625,0.961623,0.473750",1824,4000,0.4555688,large,False
test,213,batch_11/000012.jpg,batch_11_000012.jpg,721,4,carton,"1229.00,3178.00,594.00,821.00","0.836623,0.897125,0.325658,0.205250",1824,4000,0.06684128,medium,False
train,214,batch_11/000013.jpg,batch_11_000013.jpg,722,4,carton,"1.00,3149.00,302.00,850.00","0.083333,0.893500,0.165570,0.212500",1824,4000,0.03518366,small,False
train,214,batch_11/000013.jpg,batch_11_000013.jpg,723,4,carton,"345.00,1.00,1474.00,3245.00","0.593202,0.405875,0.808114,0.811250",1824,4000,0.65558251,large,False
train,215,batch_11/000014.jpg,batch_11_000014.jpg,724,4,carton,"265.33,1755.62,1374.00,1121.81","0.522113,0.579131,0.753290,0.280452",1824,4000,0.21126187,large,False
train,216,batch_11/000015.jpg,batch_11_000015.jpg,728,5,cigarette,"1157.00,1465.00,21.00,46.00","0.640077,0.372000,0.011513,0.011500",1824,4000,0.0001324,tiny,False
train,216,batch_11/000015.jpg,batch_11_000015.jpg,729,5,cigarette,"1653.00,2087.00,95.00,21.00","0.932292,0.524375,0.052083,0.005250",1824,4000,0.00027344,tiny,False
train,216,batch_11/000015.jpg,batch_11_000015.jpg,730,5,cigarette,"352.00,1242.00,51.00,27.00","0.206963,0.313875,0.027961,0.006750",1824,4000,0.00018873,tiny,False
val,217,batch_11/000016.jpg,batch_11_000016.jpg,731,4,carton,"578.00,221.00,1131.00,787.00","0.285875,0.336897,0.282750,0.431469",4000,1824,0.12199794,medium,False
train,219,batch_11/000018.jpg,batch_11_000018.jpg,734,0,bag_wrapper,"680.00,979.00,556.00,785.00","0.239500,0.751919,0.139000,0.430373",4000,1824,0.05982182,medium,False
train,220,batch_11/000019.jpg,batch_11_000019.jpg,741,1,bottle,"2689.00,1780.58,462.00,280.05","0.486667,0.480151,0.077000,0.070012",6000,4000,0.00539094,tiny,False
train,220,batch_11/000019.jpg,batch_11_000019.jpg,742,2,bottle_cap,"2687.00,1925.15,65.00,100.09","0.453250,0.493800,0.010833,0.025022",6000,4000,0.00027108,tiny,False
train,222,batch_11/000021.jpg,batch_11_000021.jpg,746,1,bottle,"1859.00,1248.84,2577.00,1217.70","0.524583,0.464424,0.429500,0.304425",6000,4000,0.13075045,medium,False
train,224,batch_11/000023.jpg,batch_11_000023.jpg,748,2,bottle_cap,"2258.57,1709.62,512.00,337.00","0.419095,0.469530,0.085333,0.084250",6000,4000,0.00718933,tiny,False
train,225,batch_11/000024.jpg,batch_11_000024.jpg,749,2,bottle_cap,"3103.00,1832.72,347.00,248.78","0.546083,0.489278,0.057833,0.062194",6000,4000,0.0035969,tiny,False
train,227,batch_11/000026.jpg,batch_11_000026.jpg,751,1,bottle,"2459.00,1427.97,997.00,1056.59","0.492917,0.489065,0.166167,0.264147",6000,4000,0.04389243,small,False
train,227,batch_11/000026.jpg,batch_11_000026.jpg,752,2,bottle_cap,"3171.00,2211.85,286.00,273.71","0.552333,0.587177,0.047667,0.068427",6000,4000,0.00326167,tiny,False
train,227,batch_11/000026.jpg,batch_11_000026.jpg,753,7,straw,"2656.00,1340.22,969.00,478.49","0.523417,0.394866,0.161500,0.119623",6000,4000,0.0193192,small,False
test,229,batch_11/000028.jpg,batch_11_000028.jpg,758,0,bag_wrapper,"205.00,3081.00,787.00,878.00","0.257752,0.852713,0.338932,0.212694",2322,4128,0.07208872,medium,False
test,229,batch_11/000028.jpg,batch_11_000028.jpg,759,0,bag_wrapper,"489.00,2918.00,475.00,322.00","0.312877,0.745882,0.204565,0.078004",2322,4128,0.01595687,small,False
test,229,batch_11/000028.jpg,batch_11_000028.jpg,760,0,bag_wrapper,"270.00,2923.00,1192.00,1177.00","0.372954,0.850654,0.513351,0.285126",2322,4128,0.14636958,medium,False
test,229,batch_11/000028.jpg,batch_11_000028.jpg,761,0,bag_wrapper,"1615.00,2162.00,529.00,414.00","0.809432,0.573886,0.227821,0.100291",2322,4128,0.02284831,small,False
test,229,batch_11/000028.jpg,batch_11_000028.jpg,762,0,bag_wrapper,"1945.00,2164.00,132.00,270.00","0.866064,0.556928,0.056848,0.065407",2322,4128,0.00371823,tiny,False
test,229,batch_11/000028.jpg,batch_11_000028.jpg,763,0,bag_wrapper,"1998.00,2427.00,320.00,401.00","0.929371,0.636507,0.137812,0.097141",2322,4128,0.01338728,small,False
test,229,batch_11/000028.jpg,batch_11_000028.jpg,764,0,bag_wrapper,"1254.00,2996.00,314.00,385.00","0.607666,0.772408,0.135228,0.093266",2322,4128,0.01261213,small,False
test,229,batch_11/000028.jpg,batch_11_000028.jpg,765,1,bottle,"1642.00,2530.00,538.00,641.00","0.822997,0.690528,0.231697,0.155281",2322,4128,0.03597811,small,False
train,231,batch_11/000030.jpg,batch_11_000030.jpg,768,0,bag_wrapper,"1080.00,2426.00,588.00,240.00","0.591731,0.616764,0.253230,0.058140",2322,4128,0.01472267,small,False
train,232,batch_11/000031.jpg,batch_11_000031.jpg,769,4,carton,"843.00,2084.00,690.00,543.00","0.511628,0.570615,0.297158,0.131541",2322,4128,0.03908832,small,False
train,233,batch_11/000032.jpg,batch_11_000032.jpg,770,0,bag_wrapper,"1058.00,1104.00,477.00,705.00","0.558355,0.352834,0.205426,0.170785",2322,4128,0.03508372,small,False
train,235,batch_11/000034.jpg,batch_11_000034.jpg,772,1,bottle,"58.00,371.00,2304.00,2511.00","0.494281,0.498315,0.941176,0.769301",2448,3264,0.72404844,large,False
test,237,batch_11/000036.jpg,batch_11_000036.jpg,774,1,bottle,"61.00,503.00,2214.00,2390.00","0.477124,0.520221,0.904412,0.732230",2448,3264,0.66223778,large,False
train,239,batch_11/000038.jpg,batch_11_000038.jpg,776,6,cup,"1616.26,2326.00,439.70,259.00","0.530209,0.531724,0.126972,0.056085",3463,4618,0.0071212,tiny,False
val,240,batch_11/000039.jpg,batch_11_000039.jpg,777,4,carton,"3050.81,322.00,410.17,203.00","0.940195,0.091706,0.118443,0.043958",3463,4618,0.00520657,tiny,False
val,240,batch_11/000039.jpg,batch_11_000039.jpg,778,4,carton,"1862.62,2358.00,638.94,531.00","0.630116,0.568103,0.184505,0.114985",3463,4618,0.02121531,small,False
val,241,batch_11/000040.jpg,batch_11_000040.jpg,780,4,carton,"2435.05,3366.00,833.45,386.00","0.823498,0.770680,0.240672,0.083586",3463,4618,0.02011678,small,False
val,241,batch_11/000040.jpg,batch_11_000040.jpg,781,0,bag_wrapper,"636.59,1805.00,569.31,405.00","0.266024,0.434712,0.164397,0.087700",3463,4618,0.01441764,small,False
val,241,batch_11/000040.jpg,batch_11_000040.jpg,782,4,carton,"23.67,1478.00,457.77,137.00","0.072931,0.334885,0.132190,0.029667",3463,4618,0.00392162,tiny,False
train,242,batch_11/000041.jpg,batch_11_000041.jpg,784,3,can,"1374.95,2107.00,330.64,409.00","0.444779,0.500541,0.095478,0.088566",3463,4618,0.00845617,tiny,False
train,243,batch_11/000042.jpg,batch_11_000042.jpg,785,6,cup,"1695.75,2584.80,398.14,491.00","0.547162,0.612884,0.114970,0.106323",3463,4618,0.01222401,small,False
train,244,batch_11/000043.jpg,batch_11_000043.jpg,786,0,bag_wrapper,"1490.00,2290.00,357.00,361.00","0.534776,0.593870,0.114423,0.086779",3120,4160,0.0099295,tiny,False
train,245,batch_11/000044.jpg,batch_11_000044.jpg,787,0,bag_wrapper,"738.00,1566.00,1379.00,615.00","0.457532,0.450361,0.441987,0.147837",3120,4160,0.06534185,medium,False
train,245,batch_11/000044.jpg,batch_11_000044.jpg,788,0,bag_wrapper,"906.00,2117.00,328.00,264.00","0.342949,0.540625,0.105128,0.063462",3120,4160,0.0066716,tiny,False
train,245,batch_11/000044.jpg,batch_11_000044.jpg,789,0,bag_wrapper,"1321.00,1854.00,397.00,259.00","0.487019,0.476803,0.127244,0.062260",3120,4160,0.00792214,tiny,False
train,246,batch_11/000045.jpg,batch_11_000045.jpg,790,0,bag_wrapper,"1302.00,1804.00,363.00,412.00","0.475481,0.483173,0.116346,0.099038",3120,4160,0.01152274,small,False
train,247,batch_11/000046.jpg,batch_11_000046.jpg,791,6,cup,"283.00,3130.00,495.00,490.00","0.153501,0.732422,0.143229,0.106337",3456,4608,0.01523053,small,False
train,247,batch_11/000046.jpg,batch_11_000046.jpg,792,0,bag_wrapper,"1736.00,1128.00,237.00,346.00","0.536603,0.282335,0.068576,0.075087",3456,4608,0.00514918,tiny,False
train,248,batch_11/000047.jpg,batch_11_000047.jpg,793,0,bag_wrapper,"1132.95,1990.80,510.30,743.40","0.459028,0.585938,0.168750,0.184375",3024,4032,0.03111328,small,False
test,249,batch_11/000048.jpg,batch_11_000048.jpg,794,3,can,"715.00,1961.00,1096.00,665.00","0.417659,0.568824,0.362434,0.164931",3024,4032,0.05977642,medium,False
train,251,batch_11/000050.jpg,batch_11_000050.jpg,797,0,bag_wrapper,"267.00,391.00,862.00,1141.00","0.230820,0.238467,0.285053,0.282986",3024,4032,0.08066601,medium,False
train,252,batch_11/000051.jpg,batch_11_000051.jpg,798,0,bag_wrapper,"1246.00,936.00,640.00,709.00","0.388393,0.426753,0.158730,0.234458",4032,3024,0.0372155,small,False
test,253,batch_11/000052.jpg,batch_11_000052.jpg,800,6,cup,"1204.00,1795.00,867.00,763.00","0.541501,0.539807,0.286706,0.189236",3024,4032,0.05425519,medium,False
val,254,batch_11/000053.jpg,batch_11_000053.jpg,801,4,carton,"891.00,698.00,1445.00,1315.00","0.400174,0.448247,0.358383,0.434854",4032,3024,0.15584443,medium,False
val,254,batch_11/000053.jpg,batch_11_000053.jpg,802,0,bag_wrapper,"891.00,1040.00,828.00,974.00","0.323661,0.504960,0.205357,0.322090",4032,3024,0.06614347,medium,False
train,255,batch_11/000054.jpg,batch_11_000054.jpg,803,4,carton,"1638.00,267.00,684.00,355.00","0.654762,0.110243,0.226190,0.088046",3024,4032,0.01991508,small,False
train,258,batch_11/000057.jpg,batch_11_000057.jpg,807,2,bottle_cap,"1180.55,2049.06,767.55,786.73","0.517301,0.605760,0.253818,0.195121",3024,4032,0.04952517,small,False
train,260,batch_11/000059.jpg,batch_11_000059.jpg,811,0,bag_wrapper,"2096.00,1643.00,147.00,246.00","0.717427,0.437996,0.048611,0.061012",3024,4032,0.00296586,tiny,False
test,261,batch_11/000060.jpg,batch_11_000060.jpg,812,0,bag_wrapper,"972.00,2321.00,1217.00,1277.00","0.522652,0.734003,0.402447,0.316716",3024,4032,0.12746154,medium,False
val,262,batch_11/000061.jpg,batch_11_000061.jpg,814,0,bag_wrapper,"907.00,1632.00,1126.00,1149.00","0.486111,0.547247,0.372354,0.284970",3024,4032,0.10610995,medium,False
train,264,batch_11/000063.jpg,batch_11_000063.jpg,817,0,bag_wrapper,"1344.00,2835.00,767.00,515.00","0.571263,0.766989,0.253638,0.127728",3024,4032,0.03239666,small,False
train,264,batch_11/000063.jpg,batch_11_000063.jpg,818,0,bag_wrapper,"913.00,2992.00,184.00,184.00","0.332341,0.764881,0.060847,0.045635",3024,4032,0.00277673,tiny,False
train,264,batch_11/000063.jpg,batch_11_000063.jpg,819,0,bag_wrapper,"1549.00,1352.00,118.00,192.00","0.531746,0.359127,0.039021,0.047619",3024,4032,0.00185815,tiny,False
train,264,batch_11/000063.jpg,batch_11_000063.jpg,820,0,bag_wrapper,"933.00,1099.00,123.00,89.00","0.328869,0.283606,0.040675,0.022073",3024,4032,0.00089783,tiny,False
test,265,batch_11/000064.jpg,batch_11_000064.jpg,822,0,bag_wrapper,"797.00,729.00,1247.00,2215.00","0.469742,0.455481,0.412368,0.549355",3024,4032,0.22653634,large,False
test,266,batch_11/000065.jpg,batch_11_000065.jpg,823,0,bag_wrapper,"1307.00,2183.00,288.00,439.00","0.479828,0.595858,0.095238,0.108879",3024,4032,0.01036943,small,False
train,267,batch_11/000066.jpg,batch_11_000066.jpg,824,0,bag_wrapper,"1008.00,1806.00,985.00,584.00","0.496197,0.520337,0.325728,0.144841",3024,4032,0.04717879,small,False
train,268,batch_11/000067.jpg,batch_11_000067.jpg,825,4,carton,"1162.00,1990.00,504.00,807.00","0.467593,0.593626,0.166667,0.200149",3024,4032,0.03335813,small,False
train,268,batch_11/000067.jpg,batch_11_000067.jpg,826,7,straw,"1392.00,1909.00,86.00,108.00","0.474537,0.486855,0.028439,0.026786",3024,4032,0.00076176,tiny,False
val,270,batch_11/000069.jpg,batch_11_000069.jpg,828,0,bag_wrapper,"532.00,1120.00,934.00,455.00","0.330357,0.334201,0.308862,0.112847",3024,4032,0.03485427,small,False
train,271,batch_11/000070.jpg,batch_11_000070.jpg,830,1,bottle,"967.00,1882.00,1149.00,353.00","0.509755,0.510541,0.379960,0.087550",3024,4032,0.03326538,small,False
train,271,batch_11/000070.jpg,batch_11_000070.jpg,831,2,bottle_cap,"2068.00,1985.00,50.00,100.00","0.692130,0.504712,0.016534,0.024802",3024,4032,0.00041008,tiny,False
train,272,batch_11/000071.jpg,batch_11_000071.jpg,832,0,bag_wrapper,"1627.00,1073.00,693.00,1018.00","0.652612,0.392361,0.229167,0.252480",3024,4032,0.05786004,medium,False
train,272,batch_11/000071.jpg,batch_11_000071.jpg,833,0,bag_wrapper,"1302.00,1558.00,62.00,80.00","0.440807,0.396329,0.020503,0.019841",3024,4032,0.0004068,tiny,False
train,272,batch_11/000071.jpg,batch_11_000071.jpg,835,0,bag_wrapper,"1645.00,2811.00,437.00,561.00","0.616237,0.766741,0.144511,0.139137",3024,4032,0.02010676,small,False
train,272,batch_11/000071.jpg,batch_11_000071.jpg,836,0,bag_wrapper,"315.00,1583.00,667.00,345.00","0.214451,0.435392,0.220569,0.085565",3024,4032,0.01887307,small,False
train,272,batch_11/000071.jpg,batch_11_000071.jpg,837,0,bag_wrapper,"216.00,1789.00,120.00,89.00","0.091270,0.454737,0.039683,0.022073",3024,4032,0.00087593,tiny,False
train,272,batch_11/000071.jpg,batch_11_000071.jpg,838,0,bag_wrapper,"596.00,1836.00,86.00,86.00","0.211310,0.466022,0.028439,0.021329",3024,4032,0.00060659,tiny,False
train,273,batch_11/000072.jpg,batch_11_000072.jpg,839,0,bag_wrapper,"850.50,1446.00,1095.50,1351.20","0.462384,0.526190,0.362269,0.335119",3024,4032,0.12140308,medium,False
train,274,batch_11/000073.jpg,batch_11_000073.jpg,840,0,bag_wrapper,"1068.00,1140.00,1343.00,1223.00","0.575231,0.434400,0.444114,0.303323",3024,4032,0.1347101,medium,False
test,275,batch_11/000074.jpg,batch_11_000074.jpg,843,0,bag_wrapper,"1645.00,1127.00,1643.00,1243.00","0.611731,0.578208,0.407490,0.411045",4032,3024,0.16749675,medium,False
test,275,batch_11/000074.jpg,batch_11_000074.jpg,844,0,bag_wrapper,"3162.00,1038.00,336.00,332.00","0.825893,0.398148,0.083333,0.109788",4032,3024,0.00914903,tiny,False
test,275,batch_11/000074.jpg,batch_11_000074.jpg,846,0,bag_wrapper,"2201.00,803.00,319.00,261.00","0.585441,0.308697,0.079117,0.086310",4032,3024,0.00682856,tiny,False
test,275,batch_11/000074.jpg,batch_11_000074.jpg,847,0,bag_wrapper,"3007.00,51.00,122.00,158.00","0.760913,0.042989,0.030258,0.052249",4032,3024,0.00158094,tiny,False
test,275,batch_11/000074.jpg,batch_11_000074.jpg,848,0,bag_wrapper,"3268.00,208.00,73.00,84.00","0.819568,0.082672,0.018105,0.027778",4032,3024,0.00050292,tiny,False
test,275,batch_11/000074.jpg,batch_11_000074.jpg,849,0,bag_wrapper,"1565.00,1561.00,201.00,179.00","0.413070,0.545800,0.049851,0.059193",4032,3024,0.00295085,tiny,False
train,276,batch_11/000075.jpg,batch_11_000075.jpg,852,1,bottle,"1401.00,1686.00,582.00,503.00","0.559524,0.480531,0.192460,0.124752",3024,4032,0.02400981,small,False
train,276,batch_11/000075.jpg,batch_11_000075.jpg,853,2,bottle_cap,"1403.00,2087.00,89.00,102.00","0.478671,0.530258,0.029431,0.025298",3024,4032,0.00074454,tiny,False
train,276,batch_11/000075.jpg,batch_11_000075.jpg,854,0,bag_wrapper,"2003.00,3400.00,341.00,538.00","0.718750,0.909970,0.112765,0.133433",3024,4032,0.01504646,small,False
val,277,batch_11/000076.jpg,batch_11_000076.jpg,857,0,bag_wrapper,"1927.00,1461.00,334.00,258.00","0.692460,0.394345,0.110450,0.063988",3024,4032,0.00706747,tiny,False
train,280,batch_11/000079.jpg,batch_11_000079.jpg,861,0,bag_wrapper,"211.00,1857.00,683.00,355.00","0.137029,0.672784,0.169395,0.117394",4032,3024,0.01988597,small,False
train,281,batch_11/000080.jpg,batch_11_000080.jpg,870,0,bag_wrapper,"475.00,1604.00,518.00,417.00","0.242725,0.449529,0.171296,0.103423",3024,4032,0.01771591,small,False
train,281,batch_11/000080.jpg,batch_11_000080.jpg,871,0,bag_wrapper,"964.00,1719.00,1364.00,1229.00","0.544312,0.578745,0.451058,0.304812",3024,4032,0.13748773,medium,False
train,283,batch_11/000082.jpg,batch_11_000082.jpg,873,0,bag_wrapper,"1503.00,1974.00,561.00,540.00","0.589782,0.556548,0.185516,0.133929",3024,4032,0.02484588,small,False
train,283,batch_11/000082.jpg,batch_11_000082.jpg,874,0,bag_wrapper,"899.00,1189.00,1103.00,792.00","0.479663,0.393105,0.364749,0.196429",3024,4032,0.07164706,medium,False
train,283,batch_11/000082.jpg,batch_11_000082.jpg,875,0,bag_wrapper,"1402.00,0.00,1167.00,246.00","0.656581,0.030506,0.385913,0.061012",3024,4032,0.02354527,small,False
train,284,batch_11/000083.jpg,batch_11_000083.jpg,876,0,bag_wrapper,"388.90,854.00,2335.90,2001.00","0.514834,0.459945,0.772455,0.496280",3024,4032,0.38335394,large,False
train,285,batch_11/000084.jpg,batch_11_000084.jpg,877,0,bag_wrapper,"565.00,1955.00,1901.00,1033.00","0.501157,0.612971,0.628638,0.256200",3024,4032,0.16105719,medium,False
val,286,batch_11/000085.jpg,batch_11_000085.jpg,878,2,bottle_cap,"973.00,2258.00,518.00,511.00","0.407407,0.623388,0.171296,0.126736",3024,4032,0.02170943,small,False
train,287,batch_11/000086.jpg,batch_11_000086.jpg,879,0,bag_wrapper,"1033.00,2507.00,753.00,724.00","0.466104,0.711558,0.249008,0.179563",3024,4032,0.04471273,small,False
test,288,batch_11/000087.jpg,batch_11_000087.jpg,880,0,bag_wrapper,"562.00,1752.00,1491.00,738.00","0.432374,0.526042,0.493056,0.183036",3024,4032,0.09024678,medium,False
train,289,batch_11/000088.jpg,batch_11_000088.jpg,881,6,cup,"1231.50,1759.00,272.00,247.00","0.438301,0.452524,0.087179,0.059375",3120,4160,0.00517628,tiny,False
train,290,batch_11/000089.jpg,batch_11_000089.jpg,884,4,carton,"757.00,1399.00,916.00,637.00","0.496324,0.526195,0.374183,0.195159",2448,3264,0.0730253,medium,False
train,291,batch_11/000090.jpg,batch_11_000090.jpg,885,1,bottle,"1249.50,923.10,1443.30,657.90","0.603906,0.511458,0.442188,0.268750",3264,2448,0.11883789,medium,False
train,291,batch_11/000090.jpg,batch_11_000090.jpg,886,5,cigarette,"279.00,897.00,128.00,196.00","0.105086,0.406454,0.039216,0.080065",3264,2448,0.00313982,tiny,False
test,292,batch_11/000091.jpg,batch_11_000091.jpg,887,5,cigarette,"1211.00,1602.00,181.00,96.00","0.531658,0.505515,0.073938,0.029412",2448,3264,0.00217464,tiny,False
val,293,batch_11/000092.jpg,batch_11_000092.jpg,888,0,bag_wrapper,"1528.00,954.00,349.00,386.00","0.521599,0.468546,0.106924,0.157680",3264,2448,0.01685975,small,False
val,293,batch_11/000092.jpg,batch_11_000092.jpg,889,0,bag_wrapper,"436.00,1816.00,167.00,125.00","0.159161,0.767361,0.051164,0.051062",3264,2448,0.00261255,tiny,False
train,294,batch_11/000093.jpg,batch_11_000093.jpg,890,2,bottle_cap,"1959.00,1227.00,83.00,85.00","0.612898,0.518587,0.025429,0.034722",3264,2448,0.00088295,tiny,False
test,295,batch_11/000094.jpg,batch_11_000094.jpg,891,1,bottle,"801.00,947.00,1234.00,2689.00","0.474565,0.431382,0.412985,0.506212",2988,5312,0.20905825,large,False
train,296,batch_11/000095.jpg,batch_11_000095.jpg,893,1,bottle,"1660.00,2342.00,368.00,971.00","0.617135,0.532285,0.123159,0.182794",2988,5312,0.02251274,small,False
train,296,batch_11/000095.jpg,batch_11_000095.jpg,894,2,bottle_cap,"1804.00,3246.00,168.00,66.00","0.631861,0.617282,0.056225,0.012425",2988,5312,0.00069858,tiny,False
train,296,batch_11/000095.jpg,batch_11_000095.jpg,896,0,bag_wrapper,"2090.00,2760.00,314.00,97.00","0.752008,0.528709,0.105087,0.018261",2988,5312,0.00191895,tiny,False
train,297,batch_11/000096.jpg,batch_11_000096.jpg,901,4,carton,"1507.86,2824.81,357.00,381.00","0.564377,0.567641,0.119478,0.071724",2988,5312,0.00856948,tiny,False
train,297,batch_11/000096.jpg,batch_11_000096.jpg,902,7,straw,"1445.00,2870.86,109.00,26.00","0.501841,0.542895,0.036479,0.004895",2988,5312,0.00017855,tiny,False
train,297,batch_11/000096.jpg,batch_11_000096.jpg,903,5,cigarette,"926.19,3320.86,106.00,51.00","0.327708,0.629962,0.035475,0.009601",2988,5312,0.00034059,tiny,False
train,297,batch_11/000096.jpg,batch_11_000096.jpg,904,5,cigarette,"1557.10,3477.76,78.00,68.00","0.534168,0.661100,0.026104,0.012801",2988,5312,0.00033417,tiny,False
train,298,batch_11/000097.jpg,batch_11_000097.jpg,905,4,carton,"1433.95,2368.81,277.00,221.00","0.526256,0.466738,0.092704,0.041604",2988,5312,0.00385686,tiny,False
train,298,batch_11/000097.jpg,batch_11_000097.jpg,907,7,straw,"1441.38,2529.43,27.00,84.00","0.486908,0.484079,0.009036,0.015813",2988,5312,0.00014289,tiny,False
train,298,batch_11/000097.jpg,batch_11_000097.jpg,911,5,cigarette,"2868.00,4114.00,76.00,49.00","0.972557,0.779085,0.025435,0.009224",2988,5312,0.00023462,tiny,False
train,298,batch_11/000097.jpg,batch_11_000097.jpg,912,5,cigarette,"2447.00,3061.00,60.00,68.00","0.828983,0.582643,0.020080,0.012801",2988,5312,0.00025705,tiny,False
train,298,batch_11/000097.jpg,batch_11_000097.jpg,913,5,cigarette,"1027.00,3621.00,74.00,36.00","0.356091,0.685053,0.024766,0.006777",2988,5312,0.00016784,tiny,False
train,298,batch_11/000097.jpg,batch_11_000097.jpg,914,5,cigarette,"2514.00,2689.00,68.00,45.00","0.852744,0.510448,0.022758,0.008471",2988,5312,0.00019279,tiny,False
train,298,batch_11/000097.jpg,batch_11_000097.jpg,915,5,cigarette,"2320.00,2503.00,38.00,65.00","0.782798,0.477316,0.012718,0.012236",2988,5312,0.00015562,tiny,False
train,298,batch_11/000097.jpg,batch_11_000097.jpg,916,5,cigarette,"60.00,3837.00,41.00,76.00","0.026941,0.729480,0.013722,0.014307",2988,5312,0.00019632,tiny,False
train,299,batch_11/000098.jpg,batch_11_000098.jpg,917,1,bottle,"1204.00,1899.00,977.00,565.00","0.566432,0.410674,0.326975,0.106363",2988,5312,0.03477798,small,False
train,299,batch_11/000098.jpg,batch_11_000098.jpg,918,5,cigarette,"822.00,1073.00,63.00,94.00","0.285643,0.210843,0.021084,0.017696",2988,5312,0.0003731,tiny,False
train,300,batch_11/000099.jpg,batch_11_000099.jpg,919,1,bottle,"1483.00,2475.00,384.00,434.00","0.560576,0.506777,0.128514,0.081702",2988,5312,0.01049983,small,False
train,300,batch_11/000099.jpg,batch_11_000099.jpg,920,2,bottle_cap,"1484.00,2835.00,74.00,73.00","0.509036,0.540569,0.024766,0.013742",2988,5312,0.00034034,tiny,False
train,301,batch_12/000000.jpg,batch_12_000000.jpg,921,1,bottle,"1321.19,2930.57,280.00,209.00","0.489020,0.571361,0.093708,0.039345",2988,5312,0.00368694,tiny,False
train,301,batch_12/000000.jpg,batch_12_000000.jpg,922,2,bottle_cap,"1550.95,3035.29,50.00,102.00","0.527427,0.581003,0.016734,0.019202",2988,5312,0.00032132,tiny,False
train,301,batch_12/000000.jpg,batch_12_000000.jpg,923,0,bag_wrapper,"2608.67,197.00,80.00,186.00","0.886435,0.054593,0.026774,0.035015",2988,5312,0.00093748,tiny,False
train,301,batch_12/000000.jpg,batch_12_000000.jpg,924,5,cigarette,"2662.00,721.00,57.00,40.00","0.900435,0.139495,0.019076,0.007530",2988,5312,0.00014365,tiny,False
train,302,batch_12/000001.jpg,batch_12_000001.jpg,927,6,cup,"1137.00,2422.00,557.00,736.00","0.473728,0.525226,0.186412,0.138554",2988,5312,0.02582821,small,False
train,303,batch_12/000002.jpg,batch_12_000002.jpg,929,2,bottle_cap,"1000.00,1740.00,718.00,734.00","0.454819,0.396649,0.240295,0.138178",2988,5312,0.03320335,small,False
train,304,batch_12/000003.jpg,batch_12_000003.jpg,930,5,cigarette,"791.00,3003.00,1092.00,570.00","0.447456,0.618976,0.365462,0.107304",2988,5312,0.0392156,small,False
train,305,batch_12/000004.jpg,batch_12_000004.jpg,931,4,carton,"1218.75,572.00,2138.50,1417.00","0.550000,0.547222,0.514062,0.605556",4160,2340,0.3112934,large,False
train,305,batch_12/000004.jpg,batch_12_000004.jpg,932,0,bag_wrapper,"1830.00,575.00,1523.00,1208.00","0.622957,0.503846,0.366106,0.516239",4160,2340,0.18899819,medium,False
val,306,batch_12/000005.jpg,batch_12_000005.jpg,933,0,bag_wrapper,"857.00,565.00,2291.00,1457.00","0.481370,0.552778,0.550721,0.622650",4160,2340,0.34290629,large,False
test,307,batch_12/000006.jpg,batch_12_000006.jpg,934,2,bottle_cap,"692.00,1196.00,425.00,470.00","0.492647,0.438419,0.231481,0.143995",1836,3264,0.0333322,small,False
train,308,batch_12/000007.jpg,batch_12_000007.jpg,935,0,bag_wrapper,"1345.00,1919.00,1477.00,1656.00","0.697289,0.517131,0.494311,0.311747",2988,5312,0.15409983,medium,False
train,308,batch_12/000007.jpg,batch_12_000007.jpg,936,0,bag_wrapper,"492.00,1587.00,1429.00,1488.00","0.403782,0.438818,0.478246,0.280120",2988,5312,0.13396659,medium,False
train,309,batch_12/000008.jpg,batch_12_000008.jpg,937,3,can,"1007.00,1210.00,1383.00,2289.00","0.568440,0.443242,0.462851,0.430911",2988,5312,0.19944783,medium,False
val,310,batch_12/000009.jpg,batch_12_000009.jpg,938,0,bag_wrapper,"1691.00,400.00,1133.00,1628.00","0.755522,0.228539,0.379183,0.306476",2988,5312,0.11621058,medium,False
val,310,batch_12/000009.jpg,batch_12_000009.jpg,940,7,straw,"2083.00,548.00,70.00,177.00","0.708835,0.119823,0.023427,0.033321",2988,5312,0.00078061,tiny,False
train,311,batch_12/000010.jpg,batch_12_000010.jpg,941,0,bag_wrapper,"68.00,810.00,2636.00,2311.00","0.463855,0.370011,0.882195,0.435053",2988,5312,0.38380152,large,False
train,311,batch_12/000010.jpg,batch_12_000010.jpg,942,0,bag_wrapper,"2175.00,715.00,654.00,238.00","0.837349,0.157003,0.218876,0.044804",2988,5312,0.00980655,tiny,False
train,311,batch_12/000010.jpg,batch_12_000010.jpg,943,0,bag_wrapper,"2715.00,2386.00,273.00,381.00","0.954317,0.485034,0.091365,0.071724",2988,5312,0.00655313,tiny,False
train,311,batch_12/000010.jpg,batch_12_000010.jpg,944,0,bag_wrapper,"1734.00,497.00,163.00,230.00","0.607597,0.115211,0.054552,0.043298",2988,5312,0.00236198,tiny,False
train,311,batch_12/000010.jpg,batch_12_000010.jpg,945,0,bag_wrapper,"2799.00,542.00,181.00,316.00","0.967035,0.131777,0.060576,0.059488",2988,5312,0.00360352,tiny,False
train,313,batch_12/000012.jpg,batch_12_000012.jpg,947,1,bottle,"682.00,1178.00,1278.00,2083.00","0.442102,0.417828,0.427711,0.392131",2988,5312,0.16771869,medium,False
train,314,batch_12/000013.jpg,batch_12_000013.jpg,948,1,bottle,"334.00,739.00,1741.00,1576.00","0.226751,0.511044,0.327748,0.527443",5312,2988,0.17286868,medium,False
train,314,batch_12/000013.jpg,batch_12_000013.jpg,949,2,bottle_cap,"1817.00,739.00,260.00,268.00","0.366529,0.292169,0.048946,0.089692",5312,2988,0.00439005,tiny,False
test,315,batch_12/000014.jpg,batch_12_000014.jpg,950,2,bottle_cap,"971.00,1668.00,1128.00,1071.00","0.513722,0.414816,0.377510,0.201619",2988,5312,0.07611319,medium,False
train,316,batch_12/000015.jpg,batch_12_000015.jpg,951,5,cigarette,"1261.00,1011.00,333.00,178.00","0.343149,0.470085,0.080048,0.076068",4160,2340,0.00608913,tiny,False
train,316,batch_12/000015.jpg,batch_12_000015.jpg,952,2,bottle_cap,"1804.00,1225.00,231.00,217.00","0.461418,0.569872,0.055529,0.092735",4160,2340,0.00514947,tiny,False
train,318,batch_12/000017.jpg,batch_12_000017.jpg,955,6,cup,"1236.00,1377.00,263.00,234.00","0.457664,0.281250,0.088019,0.044051",2988,5312,0.00387733,tiny,False
train,318,batch_12/000017.jpg,batch_12_000017.jpg,956,0,bag_wrapper,"876.00,2061.00,651.00,814.00","0.402108,0.464608,0.217871,0.153238",2988,5312,0.03338618,small,False
train,318,batch_12/000017.jpg,batch_12_000017.jpg,957,6,cup,"1785.00,3287.00,320.00,395.00","0.650937,0.655968,0.107095,0.074360",2988,5312,0.00796358,tiny,False
val,319,batch_12/000018.jpg,batch_12_000018.jpg,958,3,can,"1146.00,2174.00,725.00,519.00","0.504853,0.458114,0.242637,0.097703",2988,5312,0.02370646,small,False
train,320,batch_12/000019.jpg,batch_12_000019.jpg,959,0,bag_wrapper,"2811.00,317.00,175.00,422.00","0.970047,0.099398,0.058568,0.079443",2988,5312,0.00465277,tiny,False
train,320,batch_12/000019.jpg,batch_12_000019.jpg,960,6,cup,"1604.00,2787.00,328.00,331.00","0.591700,0.555817,0.109772,0.062312",2988,5312,0.00684011,tiny,False
train,320,batch_12/000019.jpg,batch_12_000019.jpg,964,1,bottle,"1020.00,2237.00,592.00,542.00","0.440428,0.472139,0.198126,0.102033",2988,5312,0.0202154,small,False
train,320,batch_12/000019.jpg,batch_12_000019.jpg,965,2,bottle_cap,"1018.00,2237.00,90.00,104.00","0.355756,0.430911,0.030120,0.019578",2988,5312,0.00058971,tiny,False
test,321,batch_12/000020.jpg,batch_12_000020.jpg,967,5,cigarette,"1142.00,1985.00,122.00,40.00","0.402610,0.377447,0.040830,0.007530",2988,5312,0.00030745,tiny,False
test,321,batch_12/000020.jpg,batch_12_000020.jpg,968,6,cup,"1552.00,2516.00,419.00,395.00","0.589525,0.510825,0.140228,0.074360",2988,5312,0.01042731,small,False
test,321,batch_12/000020.jpg,batch_12_000020.jpg,969,5,cigarette,"1.00,1285.00,121.00,48.00","0.020582,0.246423,0.040495,0.009036",2988,5312,0.00036592,tiny,False
val,322,batch_12/000021.jpg,batch_12_000021.jpg,970,1,bottle,"1408.00,2531.00,503.00,602.00","0.555388,0.533133,0.168340,0.113328",2988,5312,0.01907769,small,False
train,323,batch_12/000022.jpg,batch_12_000022.jpg,972,6,cup,"1045.19,1893.38,783.00,850.00","0.480820,0.436442,0.262048,0.160015",2988,5312,0.04193165,small,False
test,324,batch_12/000023.jpg,batch_12_000023.jpg,973,3,can,"1182.00,2193.00,594.00,940.00","0.494980,0.501318,0.198795,0.176958",2988,5312,0.03517836,small,False
val,325,batch_12/000024.jpg,batch_12_000024.jpg,976,1,bottle,"1208.00,3150.00,519.00,228.00","0.491131,0.614458,0.173695,0.042922",2988,5312,0.00745527,tiny,False
val,325,batch_12/000024.jpg,batch_12_000024.jpg,977,5,cigarette,"1483.00,2663.00,71.00,30.00","0.508199,0.504142,0.023762,0.005648",2988,5312,0.0001342,tiny,False
val,325,batch_12/000024.jpg,batch_12_000024.jpg,978,5,cigarette,"1670.00,2931.00,72.00,34.00","0.570950,0.554970,0.024096,0.006401",2988,5312,0.00015423,tiny,False
val,325,batch_12/000024.jpg,batch_12_000024.jpg,979,5,cigarette,"2451.00,2144.00,66.00,28.00","0.831325,0.406250,0.022088,0.005271",2988,5312,0.00011643,tiny,False
val,325,batch_12/000024.jpg,batch_12_000024.jpg,980,5,cigarette,"1894.00,2215.00,33.00,48.00","0.639391,0.421498,0.011044,0.009036",2988,5312,9.98e-05,tiny,False
val,325,batch_12/000024.jpg,batch_12_000024.jpg,981,5,cigarette,"720.00,3381.00,93.00,27.00","0.256526,0.639025,0.031124,0.005083",2988,5312,0.0001582,tiny,False
val,325,batch_12/000024.jpg,batch_12_000024.jpg,982,5,cigarette,"1481.00,4290.00,63.00,61.00","0.506191,0.813347,0.021084,0.011483",2988,5312,0.00024212,tiny,False
val,325,batch_12/000024.jpg,batch_12_000024.jpg,983,5,cigarette,"2827.00,1926.00,35.00,38.00","0.951975,0.366152,0.011714,0.007154",2988,5312,8.379e-05,tiny,False
val,325,batch_12/000024.jpg,batch_12_000024.jpg,984,5,cigarette,"2847.00,1058.00,34.00,21.00","0.958501,0.201148,0.011379,0.003953",2988,5312,4.498e-05,tiny,False
val,325,batch_12/000024.jpg,batch_12_000024.jpg,985,5,cigarette,"2805.00,1253.00,47.00,20.00","0.946620,0.237764,0.015730,0.003765",2988,5312,5.922e-05,tiny,False
val,325,batch_12/000024.jpg,batch_12_000024.jpg,986,5,cigarette,"2328.00,1276.00,40.00,20.00","0.785810,0.242093,0.013387,0.003765",2988,5312,5.04e-05,tiny,False
val,325,batch_12/000024.jpg,batch_12_000024.jpg,987,5,cigarette,"2366.00,1328.00,34.00,22.00","0.797523,0.252071,0.011379,0.004142",2988,5312,4.713e-05,tiny,False
val,325,batch_12/000024.jpg,batch_12_000024.jpg,988,5,cigarette,"1215.00,1629.00,52.00,14.00","0.415328,0.307982,0.017403,0.002636",2988,5312,4.587e-05,tiny,False
val,325,batch_12/000024.jpg,batch_12_000024.jpg,989,5,cigarette,"1300.00,1546.00,51.00,25.00","0.443608,0.293392,0.017068,0.004706",2988,5312,8.033e-05,tiny,False
val,325,batch_12/000024.jpg,batch_12_000024.jpg,990,5,cigarette,"1864.00,1523.00,51.00,28.00","0.632363,0.289345,0.017068,0.005271",2988,5312,8.997e-05,tiny,False
val,325,batch_12/000024.jpg,batch_12_000024.jpg,991,5,cigarette,"1760.00,1456.00,32.00,40.00","0.594378,0.277861,0.010710,0.007530",2988,5312,8.064e-05,tiny,False
val,325,batch_12/000024.jpg,batch_12_000024.jpg,992,5,cigarette,"1439.00,1509.00,17.00,33.00","0.484438,0.287180,0.005689,0.006212",2988,5312,3.534e-05,tiny,False
val,325,batch_12/000024.jpg,batch_12_000024.jpg,993,5,cigarette,"729.00,1777.00,46.00,26.00","0.251673,0.336973,0.015395,0.004895",2988,5312,7.535e-05,tiny,False
val,325,batch_12/000024.jpg,batch_12_000024.jpg,994,5,cigarette,"143.00,2359.00,42.00,41.00","0.054886,0.447948,0.014056,0.007718",2988,5312,0.00010849,tiny,False
val,325,batch_12/000024.jpg,batch_12_000024.jpg,995,5,cigarette,"342.00,2483.00,33.00,32.00","0.119980,0.470444,0.011044,0.006024",2988,5312,6.653e-05,tiny,False
val,325,batch_12/000024.jpg,batch_12_000024.jpg,996,5,cigarette,"1084.00,3396.00,55.00,43.00","0.371988,0.643355,0.018407,0.008095",2988,5312,0.000149,tiny,False
val,325,batch_12/000024.jpg,batch_12_000024.jpg,997,5,cigarette,"1474.00,3787.00,59.00,63.00","0.503179,0.718844,0.019746,0.011860",2988,5312,0.00023418,tiny,False
val,325,batch_12/000024.jpg,batch_12_000024.jpg,999,5,cigarette,"662.00,2820.00,40.00,41.00","0.228246,0.534733,0.013387,0.007718",2988,5312,0.00010332,tiny,False
val,325,batch_12/000024.jpg,batch_12_000024.jpg,1000,5,cigarette,"118.00,2243.00,17.00,38.00","0.042336,0.425828,0.005689,0.007154",2988,5312,4.07e-05,tiny,False
train,326,batch_12/000025.jpg,batch_12_000025.jpg,1001,5,cigarette,"990.00,862.00,497.00,341.00","0.414491,0.194371,0.166332,0.064194",2988,5312,0.01067756,small,False
train,326,batch_12/000025.jpg,batch_12_000025.jpg,1002,2,bottle_cap,"1182.00,2443.00,469.00,461.00","0.474063,0.503294,0.156961,0.086785",2988,5312,0.01362182,small,False
train,327,batch_12/000026.jpg,batch_12_000026.jpg,1028,5,cigarette,"999.00,636.00,80.00,69.00","0.347724,0.126224,0.026774,0.012989",2988,5312,0.00034778,tiny,False
train,327,batch_12/000026.jpg,batch_12_000026.jpg,1029,5,cigarette,"952.00,851.00,54.00,61.00","0.327644,0.165945,0.018072,0.011483",2988,5312,0.00020753,tiny,False
train,327,batch_12/000026.jpg,batch_12_000026.jpg,1030,5,cigarette,"1158.00,1206.00,38.00,78.00","0.393909,0.234375,0.012718,0.014684",2988,5312,0.00018674,tiny,False
train,327,batch_12/000026.jpg,batch_12_000026.jpg,1031,5,cigarette,"1166.00,1380.00,73.00,80.00","0.402443,0.267319,0.024431,0.015060",2988,5312,0.00036794,tiny,False
train,327,batch_12/000026.jpg,batch_12_000026.jpg,1032,5,cigarette,"1497.00,1700.00,86.00,93.00","0.515395,0.328784,0.028782,0.017508",2988,5312,0.0005039,tiny,False
train,327,batch_12/000026.jpg,batch_12_000026.jpg,1033,6,cup,"1365.00,1944.00,300.00,276.00","0.507028,0.391943,0.100402,0.051958",2988,5312,0.00521665,tiny,False
train,327,batch_12/000026.jpg,batch_12_000026.jpg,1034,6,cup,"1592.00,1933.00,99.00,242.00","0.549364,0.386672,0.033133,0.045557",2988,5312,0.00150943,tiny,False
train,327,batch_12/000026.jpg,batch_12_000026.jpg,1035,5,cigarette,"1402.00,2290.00,33.00,107.00","0.474732,0.441171,0.011044,0.020143",2988,5312,0.00022246,tiny,False
train,327,batch_12/000026.jpg,batch_12_000026.jpg,1036,5,cigarette,"1749.00,3101.00,135.00,56.00","0.607932,0.589044,0.045181,0.010542",2988,5312,0.0004763,tiny,False
train,327,batch_12/000026.jpg,batch_12_000026.jpg,1037,5,cigarette,"1516.00,3359.00,210.00,119.00","0.542503,0.643543,0.070281,0.022402",2988,5312,0.00157445,tiny,False
train,327,batch_12/000026.jpg,batch_12_000026.jpg,1038,5,cigarette,"2547.00,3723.00,121.00,160.00","0.872657,0.715926,0.040495,0.030120",2988,5312,0.00121974,tiny,False
train,327,batch_12/000026.jpg,batch_12_000026.jpg,1039,5,cigarette,"775.00,2284.00,66.00,88.00","0.270415,0.438253,0.022088,0.016566",2988,5312,0.00036592,tiny,False
train,327,batch_12/000026.jpg,batch_12_000026.jpg,1040,5,cigarette,"688.00,2034.00,88.00,62.00","0.244980,0.388742,0.029451,0.011672",2988,5312,0.00034374,tiny,False
train,327,batch_12/000026.jpg,batch_12_000026.jpg,1043,6,cup,"1534.00,3415.00,415.00,426.00","0.582831,0.682982,0.138889,0.080196",2988,5312,0.0111383,small,False
train,327,batch_12/000026.jpg,batch_12_000026.jpg,1044,5,cigarette,"1971.00,3875.00,279.00,147.00","0.706325,0.743317,0.093373,0.027673",2988,5312,0.00258394,tiny,False
train,327,batch_12/000026.jpg,batch_12_000026.jpg,1047,5,cigarette,"1980.00,5141.00,190.00,170.00","0.694444,0.983810,0.063588,0.032003",2988,5312,0.002035,tiny,False
train,328,batch_12/000027.jpg,batch_12_000027.jpg,1052,6,cup,"1359.00,3327.00,269.00,281.00","0.499833,0.652767,0.090027,0.052899",2988,5312,0.00476233,tiny,False
train,328,batch_12/000027.jpg,batch_12_000027.jpg,1053,5,cigarette,"165.00,39.00,61.00,47.00","0.065428,0.011766,0.020415,0.008848",2988,5312,0.00018063,tiny,False
val,329,batch_12/000028.jpg,batch_12_000028.jpg,1057,0,bag_wrapper,"1942.00,2824.00,533.00,575.00","0.739123,0.585749,0.178380,0.108245",2988,5312,0.01930885,small,False
val,329,batch_12/000028.jpg,batch_12_000028.jpg,1058,0,bag_wrapper,"1980.00,2901.00,97.00,64.00","0.678882,0.552146,0.032463,0.012048",2988,5312,0.00039112,tiny,False
val,329,batch_12/000028.jpg,batch_12_000028.jpg,1059,7,straw,"2579.00,4651.00,409.00,227.00","0.931560,0.896931,0.136881,0.042733",2988,5312,0.00584939,tiny,False
val,329,batch_12/000028.jpg,batch_12_000028.jpg,1064,7,straw,"2834.00,2511.00,153.00,993.00","0.974063,0.566171,0.051205,0.186935",2988,5312,0.00957199,tiny,False
train,330,batch_12/000029.jpg,batch_12_000029.jpg,1065,7,straw,"724.00,840.00,277.00,494.00","0.288655,0.204631,0.092704,0.092997",2988,5312,0.00862121,tiny,False
train,330,batch_12/000029.jpg,batch_12_000029.jpg,1066,1,bottle,"521.00,2818.00,729.00,304.00","0.296352,0.559111,0.243976,0.057229",2988,5312,0.01396248,small,False
train,330,batch_12/000029.jpg,batch_12_000029.jpg,1067,2,bottle_cap,"1208.00,2847.00,40.00,115.00","0.410977,0.546781,0.013387,0.021649",2988,5312,0.00028981,tiny,False
test,331,batch_12/000030.jpg,batch_12_000030.jpg,1074,0,bag_wrapper,"1195.00,2700.00,468.00,314.00","0.478246,0.537839,0.156627,0.059111",2988,5312,0.00925842,tiny,False
test,331,batch_12/000030.jpg,batch_12_000030.jpg,1075,0,bag_wrapper,"1195.00,2467.00,199.00,164.00","0.433233,0.479857,0.066600,0.030873",2988,5312,0.00205617,tiny,False
test,331,batch_12/000030.jpg,batch_12_000030.jpg,1076,0,bag_wrapper,"2149.00,4364.00,67.00,144.00","0.730422,0.835090,0.022423,0.027108",2988,5312,0.00060785,tiny,False
test,331,batch_12/000030.jpg,batch_12_000030.jpg,1077,0,bag_wrapper,"932.00,2479.00,82.00,56.00","0.325636,0.471950,0.027443,0.010542",2988,5312,0.00028931,tiny,False
val,332,batch_12/000031.jpg,batch_12_000031.jpg,1078,0,bag_wrapper,"1580.00,773.00,317.00,258.00","0.581827,0.169804,0.106091,0.048569",2988,5312,0.00515276,tiny,False
val,332,batch_12/000031.jpg,batch_12_000031.jpg,1079,0,bag_wrapper,"1346.00,2359.00,314.00,315.00","0.503012,0.473739,0.105087,0.059300",2988,5312,0.00623163,tiny,False
val,332,batch_12/000031.jpg,batch_12_000031.jpg,1080,0,bag_wrapper,"1241.00,3141.00,1050.00,1084.00","0.591031,0.693336,0.351406,0.204066",2988,5312,0.07171003,medium,False
val,332,batch_12/000031.jpg,batch_12_000031.jpg,1081,5,cigarette,"2164.00,4003.00,64.00,115.00","0.734940,0.764401,0.021419,0.021649",2988,5312,0.0004637,tiny,False
val,332,batch_12/000031.jpg,batch_12_000031.jpg,1082,0,bag_wrapper,"1736.00,3212.00,546.00,618.00","0.672356,0.662839,0.182731,0.116340",2988,5312,0.02125898,small,False
val,332,batch_12/000031.jpg,batch_12_000031.jpg,1083,0,bag_wrapper,"877.00,4276.00,206.00,102.00","0.327979,0.814571,0.068942,0.019202",2988,5312,0.00132382,tiny,False
val,332,batch_12/000031.jpg,batch_12_000031.jpg,1084,5,cigarette,"444.00,362.00,32.00,52.00","0.153949,0.073042,0.010710,0.009789",2988,5312,0.00010484,tiny,False
val,332,batch_12/000031.jpg,batch_12_000031.jpg,1085,0,bag_wrapper,"799.00,434.00,74.00,50.00","0.279786,0.086408,0.024766,0.009413",2988,5312,0.00023311,tiny,False
val,332,batch_12/000031.jpg,batch_12_000031.jpg,1087,0,bag_wrapper,"2182.00,2221.00,38.00,56.00","0.736613,0.423381,0.012718,0.010542",2988,5312,0.00013407,tiny,False
train,333,batch_12/000032.jpg,batch_12_000032.jpg,1088,5,cigarette,"1107.00,4875.00,165.00,153.00","0.398092,0.932135,0.055221,0.028803",2988,5312,0.00159051,tiny,False
train,333,batch_12/000032.jpg,batch_12_000032.jpg,1089,0,bag_wrapper,"1335.00,2283.00,227.00,432.00","0.484772,0.470444,0.075971,0.081325",2988,5312,0.00617833,tiny,False
train,334,batch_12/000033.jpg,batch_12_000033.jpg,1090,0,bag_wrapper,"2476.00,612.00,271.00,317.00","0.873996,0.145049,0.090696,0.059676",2988,5312,0.0054124,tiny,False
train,334,batch_12/000033.jpg,batch_12_000033.jpg,1091,4,carton,"1164.00,3272.50,416.00,615.00","0.459170,0.673946,0.139224,0.115776",2988,5312,0.01611869,small,False
train,334,batch_12/000033.jpg,batch_12_000033.jpg,1092,7,straw,"1336.00,3049.00,126.00,291.00","0.468206,0.601374,0.042169,0.054782",2988,5312,0.00231007,tiny,False
train,334,batch_12/000033.jpg,batch_12_000033.jpg,1093,0,bag_wrapper,"1760.00,3871.50,526.00,398.00","0.677041,0.766284,0.176037,0.074925",2988,5312,0.01318956,small,False
train,334,batch_12/000033.jpg,batch_12_000033.jpg,1094,1,bottle,"1167.00,1895.00,252.00,283.00","0.432731,0.383377,0.084337,0.053276",2988,5312,0.00449312,tiny,False
train,334,batch_12/000033.jpg,batch_12_000033.jpg,1095,2,bottle_cap,"1249.00,1897.50,173.00,155.00","0.446954,0.371800,0.057898,0.029179",2988,5312,0.00168943,tiny,False
train,335,batch_12/000034.jpg,batch_12_000034.jpg,1097,0,bag_wrapper,"1449.00,2436.00,211.00,332.00","0.520248,0.489834,0.070616,0.062500",2988,5312,0.00441349,tiny,False
train,335,batch_12/000034.jpg,batch_12_000034.jpg,1099,3,can,"1450.00,1132.00,192.00,206.00","0.517403,0.232492,0.064257,0.038780",2988,5312,0.0024919,tiny,False
train,335,batch_12/000034.jpg,batch_12_000034.jpg,1100,1,bottle,"909.00,732.00,567.00,519.00","0.399096,0.186653,0.189759,0.097703",2988,5312,0.01854009,small,False
train,335,batch_12/000034.jpg,batch_12_000034.jpg,1101,2,bottle_cap,"1402.00,1138.00,74.00,116.00","0.481593,0.225151,0.024766,0.021837",2988,5312,0.00054082,tiny,False
train,335,batch_12/000034.jpg,batch_12_000034.jpg,1102,0,bag_wrapper,"1375.00,678.00,620.00,560.00","0.563922,0.180346,0.207497,0.105422",2988,5312,0.02187465,small,False
train,335,batch_12/000034.jpg,batch_12_000034.jpg,1103,0,bag_wrapper,"2243.00,121.00,740.00,515.00","0.874498,0.071254,0.247657,0.096950",2988,5312,0.02401045,small,False
train,336,batch_12/000035.jpg,batch_12_000035.jpg,1104,4,carton,"1944.00,3468.00,443.00,372.00","0.724732,0.687877,0.148260,0.070030",2988,5312,0.01038265,small,False
train,336,batch_12/000035.jpg,batch_12_000035.jpg,1105,6,cup,"987.00,2341.00,382.00,406.00","0.394244,0.478916,0.127845,0.076431",2988,5312,0.00977126,tiny,False
train,336,batch_12/000035.jpg,batch_12_000035.jpg,1106,0,bag_wrapper,"1222.00,2028.00,260.00,70.00","0.452477,0.388366,0.087015,0.013178",2988,5312,0.00114665,tiny,False
train,339,batch_12/000038.jpg,batch_12_000038.jpg,1114,0,bag_wrapper,"482.33,2051.29,296.00,128.00","0.203596,0.512424,0.095607,0.031008",3096,4128,0.00296457,tiny,False
train,339,batch_12/000038.jpg,batch_12_000038.jpg,1115,0,bag_wrapper,"1234.14,2224.33,327.00,241.00","0.451435,0.568031,0.105620,0.058382",3096,4128,0.00616629,tiny,False
train,339,batch_12/000038.jpg,batch_12_000038.jpg,1116,0,bag_wrapper,"696.14,1824.90,194.00,123.00","0.256183,0.456978,0.062661,0.029797",3096,4128,0.00186709,tiny,False
train,339,batch_12/000038.jpg,batch_12_000038.jpg,1117,1,bottle,"2288.90,3128.57,380.00,156.00","0.800680,0.776786,0.122739,0.037791",3096,4128,0.00463839,tiny,False
val,340,batch_12/000039.jpg,batch_12_000039.jpg,1121,0,bag_wrapper,"2027.00,575.00,343.00,250.00","0.735776,0.131777,0.114793,0.047063",2988,5312,0.00540251,tiny,False
val,340,batch_12/000039.jpg,batch_12_000039.jpg,1122,0,bag_wrapper,"1.00,422.00,2987.00,3680.00","0.500167,0.425828,0.999665,0.692771",2988,5312,0.69253923,large,False
train,341,batch_12/000040.jpg,batch_12_000040.jpg,1123,0,bag_wrapper,"518.00,1211.00,1562.00,1437.00","0.434739,0.363234,0.522758,0.270520",2988,5312,0.14141619,medium,False
train,342,batch_12/000041.jpg,batch_12_000041.jpg,1124,2,bottle_cap,"1361.00,1377.00,525.00,602.00","0.543340,0.315889,0.175703,0.113328",2988,5312,0.0199121,small,False
train,343,batch_12/000042.jpg,batch_12_000042.jpg,1126,2,bottle_cap,"1172.00,2272.00,413.00,435.00","0.461345,0.468656,0.138220,0.081890",2988,5312,0.01131881,small,False
test,344,batch_12/000043.jpg,batch_12_000043.jpg,1127,3,can,"746.00,2233.00,268.00,214.00","0.211538,0.750000,0.064423,0.068590",4160,3120,0.00441876,tiny,False
test,344,batch_12/000043.jpg,batch_12_000043.jpg,1128,3,can,"1404.00,1963.00,185.00,165.00","0.359736,0.655609,0.044471,0.052885",4160,3120,0.00235184,tiny,False
test,344,batch_12/000043.jpg,batch_12_000043.jpg,1129,3,can,"2336.00,1337.00,140.00,156.00","0.578365,0.453526,0.033654,0.050000",4160,3120,0.00168269,tiny,False
test,344,batch_12/000043.jpg,batch_12_000043.jpg,1130,0,bag_wrapper,"1646.00,1920.00,171.00,154.00","0.416226,0.640064,0.041106,0.049359",4160,3120,0.00202894,tiny,False
test,344,batch_12/000043.jpg,batch_12_000043.jpg,1131,0,bag_wrapper,"2016.00,2157.00,382.00,206.00","0.530529,0.724359,0.091827,0.066026",4160,3120,0.00606293,tiny,False
test,344,batch_12/000043.jpg,batch_12_000043.jpg,1132,4,carton,"2074.00,2548.00,57.00,113.00","0.505409,0.834776,0.013702,0.036218",4160,3120,0.00049626,tiny,False
test,344,batch_12/000043.jpg,batch_12_000043.jpg,1133,1,bottle,"2552.00,1486.00,243.00,263.00","0.642668,0.518429,0.058413,0.084295",4160,3120,0.00492396,tiny,False
test,344,batch_12/000043.jpg,batch_12_000043.jpg,1134,2,bottle_cap,"2750.00,1715.00,46.00,36.00","0.666587,0.555449,0.011058,0.011538",4160,3120,0.00012759,tiny,False
val,345,batch_12/000044.jpg,batch_12_000044.jpg,1135,3,can,"1275.00,2425.00,260.00,337.00","0.464616,0.643229,0.085979,0.083581",3024,4032,0.00718623,tiny,False
train,346,batch_12/000045.jpg,batch_12_000045.jpg,1136,1,bottle,"1377.00,1499.00,94.00,132.00","0.478495,0.394405,0.031586,0.033266",2976,3968,0.00105074,tiny,False
val,347,batch_12/000046.jpg,batch_12_000046.jpg,1137,6,cup,"1742.00,1929.00,232.00,316.00","0.624328,0.525958,0.077957,0.079637",2976,3968,0.00620827,tiny,False
val,347,batch_12/000046.jpg,batch_12_000046.jpg,1138,7,straw,"1852.00,1821.00,66.00,374.00","0.633401,0.506048,0.022177,0.094254",2976,3968,0.00209031,tiny,False
val,347,batch_12/000046.jpg,batch_12_000046.jpg,1139,7,straw,"2321.00,2488.00,298.00,152.00","0.829973,0.646169,0.100134,0.038306",2976,3968,0.00383579,tiny,False
val,347,batch_12/000046.jpg,batch_12_000046.jpg,1141,6,cup,"2225.00,2488.00,261.00,282.00","0.791499,0.662550,0.087702,0.071069",2976,3968,0.00623283,tiny,False
val,347,batch_12/000046.jpg,batch_12_000046.jpg,1142,5,cigarette,"2356.00,2387.00,18.00,65.00","0.794691,0.609753,0.006048,0.016381",2976,3968,9.908e-05,tiny,False
val,347,batch_12/000046.jpg,batch_12_000046.jpg,1143,5,cigarette,"2346.00,1440.00,66.00,32.00","0.799395,0.366935,0.022177,0.008065",2976,3968,0.00017885,tiny,False
val,347,batch_12/000046.jpg,batch_12_000046.jpg,1145,5,cigarette,"2213.00,474.00,47.00,28.00","0.751512,0.122984,0.015793,0.007056",2976,3968,0.00011144,tiny,False
train,348,batch_12/000047.jpg,batch_12_000047.jpg,1146,4,carton,"590.00,1051.00,388.00,124.00","0.263441,0.280494,0.130376,0.031250",2976,3968,0.00407426,tiny,False
train,348,batch_12/000047.jpg,batch_12_000047.jpg,1147,4,carton,"943.00,923.00,180.00,959.00","0.347110,0.353453,0.060484,0.241683",2976,3968,0.01461795,small,False
train,348,batch_12/000047.jpg,batch_12_000047.jpg,1148,1,bottle,"1504.00,1678.00,141.00,115.00","0.529066,0.437374,0.047379,0.028982",2976,3968,0.00137313,tiny,False
train,348,batch_12/000047.jpg,batch_12_000047.jpg,1149,2,bottle_cap,"1505.00,1764.00,23.00,25.00","0.509577,0.447707,0.007728,0.006300",2976,3968,4.869e-05,tiny,False
train,348,batch_12/000047.jpg,batch_12_000047.jpg,1150,2,bottle_cap,"1403.00,1156.00,28.00,21.00","0.476142,0.293977,0.009409,0.005292",2976,3968,4.979e-05,tiny,False
train,348,batch_12/000047.jpg,batch_12_000047.jpg,1151,2,bottle_cap,"1469.00,959.00,27.00,14.00","0.498152,0.243448,0.009073,0.003528",2976,3968,3.201e-05,tiny,False
train,348,batch_12/000047.jpg,batch_12_000047.jpg,1152,1,bottle,"1450.00,964.00,62.00,186.00","0.497648,0.266381,0.020833,0.046875",2976,3968,0.00097656,tiny,False
train,348,batch_12/000047.jpg,batch_12_000047.jpg,1153,6,cup,"1532.00,1051.00,79.00,109.00","0.528058,0.278604,0.026546,0.027470",2976,3968,0.0007292,tiny,False
train,348,batch_12/000047.jpg,batch_12_000047.jpg,1154,0,bag_wrapper,"1521.00,998.00,125.00,59.00","0.532090,0.258947,0.042003,0.014869",2976,3968,0.00062454,tiny,False
train,348,batch_12/000047.jpg,batch_12_000047.jpg,1155,0,bag_wrapper,"1032.00,305.00,83.00,232.00","0.360719,0.106099,0.027890,0.058468",2976,3968,0.00163065,tiny,False
train,348,batch_12/000047.jpg,batch_12_000047.jpg,1156,5,cigarette,"1905.00,2662.00,57.00,29.00","0.649698,0.674521,0.019153,0.007308",2976,3968,0.00013998,tiny,False
test,350,batch_12/000049.jpg,batch_12_000049.jpg,1159,6,cup,"1272.00,1706.00,396.00,517.00","0.493952,0.495086,0.133065,0.130292",2976,3968,0.01733729,small,False
test,351,batch_12/000050.jpg,batch_12_000050.jpg,1161,5,cigarette,"1050.00,35.00,60.00,48.00","0.362903,0.014869,0.020161,0.012097",2976,3968,0.00024389,tiny,False
test,351,batch_12/000050.jpg,batch_12_000050.jpg,1162,5,cigarette,"1208.00,107.00,19.00,45.00","0.409106,0.032636,0.006384,0.011341",2976,3968,7.24e-05,tiny,False
test,351,batch_12/000050.jpg,batch_12_000050.jpg,1163,5,cigarette,"1302.00,330.00,74.00,73.00","0.449933,0.092364,0.024866,0.018397",2976,3968,0.00045746,tiny,False
test,351,batch_12/000050.jpg,batch_12_000050.jpg,1164,5,cigarette,"1872.00,139.00,32.00,68.00","0.634409,0.043599,0.010753,0.017137",2976,3968,0.00018427,tiny,False
test,351,batch_12/000050.jpg,batch_12_000050.jpg,1165,5,cigarette,"1492.00,442.00,81.00,31.00","0.514953,0.115297,0.027218,0.007812",2976,3968,0.00021264,tiny,False
test,351,batch_12/000050.jpg,batch_12_000050.jpg,1166,5,cigarette,"2769.00,497.00,104.00,67.00","0.947917,0.133695,0.034946,0.016885",2976,3968,0.00059007,tiny,False
test,351,batch_12/000050.jpg,batch_12_000050.jpg,1167,5,cigarette,"2231.00,601.00,26.00,34.00","0.754032,0.155746,0.008737,0.008569",2976,3968,7.486e-05,tiny,False
test,351,batch_12/000050.jpg,batch_12_000050.jpg,1168,5,cigarette,"943.00,2528.00,88.00,71.00","0.331653,0.646043,0.029570,0.017893",2976,3968,0.0005291,tiny,False
test,351,batch_12/000050.jpg,batch_12_000050.jpg,1170,2,bottle_cap,"1145.00,2484.00,78.00,82.00","0.397849,0.636341,0.026210,0.020665",2976,3968,0.00054163,tiny,False
test,351,batch_12/000050.jpg,batch_12_000050.jpg,1176,5,cigarette,"751.00,852.00,83.00,63.00","0.266297,0.222656,0.027890,0.015877",2976,3968,0.00044281,tiny,False
train,352,batch_12/000051.jpg,batch_12_000051.jpg,1178,5,cigarette,"342.00,364.00,88.00,151.00","0.097278,0.147681,0.022177,0.050739",3968,2976,0.00112527,tiny,False
train,352,batch_12/000051.jpg,batch_12_000051.jpg,1179,5,cigarette,"100.00,1295.00,36.00,406.00","0.029738,0.503360,0.009073,0.136425",3968,2976,0.00123772,tiny,False
train,352,batch_12/000051.jpg,batch_12_000051.jpg,1180,5,cigarette,"861.00,2617.00,114.00,149.00","0.231351,0.904402,0.028730,0.050067",3968,2976,0.00143842,tiny,False
train,352,batch_12/000051.jpg,batch_12_000051.jpg,1190,5,cigarette,"374.00,1577.00,63.00,138.00","0.102193,0.553091,0.015877,0.046371",3968,2976,0.00073623,tiny,False
train,352,batch_12/000051.jpg,batch_12_000051.jpg,1191,5,cigarette,"646.00,2450.00,153.00,97.00","0.182082,0.839550,0.038558,0.032594",3968,2976,0.00125678,tiny,False
train,352,batch_12/000051.jpg,batch_12_000051.jpg,1192,5,cigarette,"879.00,2819.00,103.00,61.00","0.234501,0.957493,0.025958,0.020497",3968,2976,0.00053206,tiny,False
train,353,batch_12/000052.jpg,batch_12_000052.jpg,1194,6,cup,"1011.00,1589.00,824.00,782.00","0.476238,0.372741,0.275770,0.147214",2988,5312,0.04059713,small,False
train,354,batch_12/000053.jpg,batch_12_000053.jpg,1195,3,can,"204.00,2055.00,2083.00,1707.00","0.416834,0.547534,0.697122,0.321348",2988,5312,0.22401863,large,False
val,355,batch_12/000054.jpg,batch_12_000054.jpg,1196,6,cup,"978.00,1615.00,982.00,793.00","0.491633,0.378671,0.328648,0.149285",2988,5312,0.04906209,small,False
train,356,batch_12/000055.jpg,batch_12_000055.jpg,1197,0,bag_wrapper,"473.00,3471.00,578.00,686.00","0.244231,0.916827,0.185256,0.164904",3120,4160,0.03054949,small,False
train,356,batch_12/000055.jpg,batch_12_000055.jpg,1198,0,bag_wrapper,"1038.00,1997.00,1305.00,1271.00","0.541827,0.632812,0.418269,0.305529",3120,4160,0.12779332,medium,False
train,356,batch_12/000055.jpg,batch_12_000055.jpg,1199,0,bag_wrapper,"2282.00,2446.00,661.00,591.00","0.837340,0.659014,0.211859,0.142067",3120,4160,0.03009823,small,False
test,357,batch_12/000056.jpg,batch_12_000056.jpg,1200,0,bag_wrapper,"1169.00,286.00,1495.00,1920.00","0.460697,0.399359,0.359375,0.615385",4160,3120,0.22115385,large,False
val,358,batch_12/000057.jpg,batch_12_000057.jpg,1201,0,bag_wrapper,"1468.00,2181.00,508.00,437.00","0.551923,0.576803,0.162821,0.105048",3120,4160,0.01710398,small,False
val,358,batch_12/000057.jpg,batch_12_000057.jpg,1202,0,bag_wrapper,"2254.00,1217.00,249.00,173.00","0.762340,0.313341,0.079808,0.041587",3120,4160,0.00331893,tiny,False
val,358,batch_12/000057.jpg,batch_12_000057.jpg,1205,1,bottle,"1277.00,311.00,473.00,185.00","0.485096,0.096995,0.151603,0.044471",3120,4160,0.00674194,tiny,False
val,358,batch_12/000057.jpg,batch_12_000057.jpg,1207,0,bag_wrapper,"848.00,3785.00,257.00,183.00","0.312981,0.931851,0.082372,0.043990",3120,4160,0.00362357,tiny,False
val,358,batch_12/000057.jpg,batch_12_000057.jpg,1208,5,cigarette,"2747.00,154.00,33.00,50.00","0.885737,0.043029,0.010577,0.012019",3120,4160,0.00012713,tiny,False
val,358,batch_12/000057.jpg,batch_12_000057.jpg,1209,0,bag_wrapper,"1343.00,3815.00,89.00,121.00","0.444712,0.931611,0.028526,0.029087",3120,4160,0.00082971,tiny,False
train,359,batch_12/000058.jpg,batch_12_000058.jpg,1210,0,bag_wrapper,"305.00,1496.00,927.00,557.00","0.254134,0.440104,0.306548,0.138145",3024,4032,0.04234797,small,False
train,359,batch_12/000058.jpg,batch_12_000058.jpg,1212,0,bag_wrapper,"1991.00,3585.00,125.00,145.00","0.679067,0.907118,0.041336,0.035962",3024,4032,0.00148654,tiny,False
train,359,batch_12/000058.jpg,batch_12_000058.jpg,1213,0,bag_wrapper,"1548.00,3791.00,126.00,131.00","0.532738,0.956473,0.041667,0.032490",3024,4032,0.00135375,tiny,False
train,359,batch_12/000058.jpg,batch_12_000058.jpg,1214,4,carton,"2122.00,3489.00,97.00,102.00","0.717758,0.877976,0.032077,0.025298",3024,4032,0.00081146,tiny,False
train,359,batch_12/000058.jpg,batch_12_000058.jpg,1215,4,carton,"1019.00,3373.00,157.00,115.00","0.362930,0.850818,0.051918,0.028522",3024,4032,0.0014808,tiny,False
train,360,batch_12/000059.jpg,batch_12_000059.jpg,1217,1,bottle,"237.00,2277.00,710.00,290.00","0.195767,0.600694,0.234788,0.071925",3024,4032,0.01688706,small,False
train,360,batch_12/000059.jpg,batch_12_000059.jpg,1218,0,bag_wrapper,"1512.00,491.00,111.00,159.00","0.518353,0.141493,0.036706,0.039435",3024,4032,0.0014475,tiny,False
train,360,batch_12/000059.jpg,batch_12_000059.jpg,1219,0,bag_wrapper,"1772.00,634.00,104.00,115.00","0.603175,0.171503,0.034392,0.028522",3024,4032,0.00098091,tiny,False
train,360,batch_12/000059.jpg,batch_12_000059.jpg,1220,2,bottle_cap,"2743.00,2267.00,60.00,82.00","0.916997,0.572421,0.019841,0.020337",3024,4032,0.00040352,tiny,False
train,360,batch_12/000059.jpg,batch_12_000059.jpg,1221,0,bag_wrapper,"134.00,264.00,226.00,188.00","0.081680,0.088790,0.074735,0.046627",3024,4032,0.00348469,tiny,False
train,360,batch_12/000059.jpg,batch_12_000059.jpg,1222,0,bag_wrapper,"235.00,168.00,167.00,100.00","0.105324,0.054067,0.055225,0.024802",3024,4032,0.00136966,tiny,False
train,361,batch_12/000060.jpg,batch_12_000060.jpg,1223,0,bag_wrapper,"1862.00,785.41,484.00,418.22","0.461404,0.460425,0.106140,0.193619",4560,2160,0.02055082,small,False
train,362,batch_12/000061.jpg,batch_12_000061.jpg,1224,0,bag_wrapper,"2823.00,643.00,97.00,55.00","0.957167,0.167625,0.032333,0.013750",3000,4000,0.00044458,tiny,False
train,362,batch_12/000061.jpg,batch_12_000061.jpg,1225,0,bag_wrapper,"2706.00,697.00,183.00,84.00","0.932500,0.184750,0.061000,0.021000",3000,4000,0.001281,tiny,False
train,362,batch_12/000061.jpg,batch_12_000061.jpg,1226,0,bag_wrapper,"2508.00,814.00,122.00,118.00","0.856333,0.218250,0.040667,0.029500",3000,4000,0.00119967,tiny,False
train,362,batch_12/000061.jpg,batch_12_000061.jpg,1227,0,bag_wrapper,"2368.00,845.00,205.00,241.00","0.823500,0.241375,0.068333,0.060250",3000,4000,0.00411708,tiny,False
train,362,batch_12/000061.jpg,batch_12_000061.jpg,1228,0,bag_wrapper,"1939.00,1500.00,150.00,135.00","0.671333,0.391875,0.050000,0.033750",3000,4000,0.0016875,tiny,False
train,362,batch_12/000061.jpg,batch_12_000061.jpg,1229,0,bag_wrapper,"1852.00,1718.00,197.00,262.00","0.650167,0.462250,0.065667,0.065500",3000,4000,0.00430117,tiny,False
train,362,batch_12/000061.jpg,batch_12_000061.jpg,1230,0,bag_wrapper,"1643.00,1628.00,335.00,221.00","0.603500,0.434625,0.111667,0.055250",3000,4000,0.00616958,tiny,False
train,362,batch_12/000061.jpg,batch_12_000061.jpg,1231,0,bag_wrapper,"1885.00,1686.00,223.00,138.00","0.665500,0.438750,0.074333,0.034500",3000,4000,0.0025645,tiny,False
train,362,batch_12/000061.jpg,batch_12_000061.jpg,1232,0,bag_wrapper,"1273.00,1764.00,289.00,270.00","0.472500,0.474750,0.096333,0.067500",3000,4000,0.0065025,tiny,False
train,362,batch_12/000061.jpg,batch_12_000061.jpg,1233,0,bag_wrapper,"1210.00,1513.00,262.00,182.00","0.447000,0.401000,0.087333,0.045500",3000,4000,0.00397367,tiny,False
train,362,batch_12/000061.jpg,batch_12_000061.jpg,1234,0,bag_wrapper,"1214.00,1321.00,209.00,243.00","0.439500,0.360625,0.069667,0.060750",3000,4000,0.00423225,tiny,False
train,362,batch_12/000061.jpg,batch_12_000061.jpg,1235,0,bag_wrapper,"775.00,1405.00,466.00,415.00","0.336000,0.403125,0.155333,0.103750",3000,4000,0.01611583,small,False
train,362,batch_12/000061.jpg,batch_12_000061.jpg,1236,0,bag_wrapper,"518.00,2299.00,369.00,349.00","0.234167,0.618375,0.123000,0.087250",3000,4000,0.01073175,small,False
train,362,batch_12/000061.jpg,batch_12_000061.jpg,1237,0,bag_wrapper,"582.00,2134.00,248.00,198.00","0.235333,0.558250,0.082667,0.049500",3000,4000,0.004092,tiny,False
train,362,batch_12/000061.jpg,batch_12_000061.jpg,1238,0,bag_wrapper,"822.00,2551.00,225.00,281.00","0.311500,0.672875,0.075000,0.070250",3000,4000,0.00526875,tiny,False
train,362,batch_12/000061.jpg,batch_12_000061.jpg,1239,0,bag_wrapper,"1384.00,2614.00,408.00,366.00","0.529333,0.699250,0.136000,0.091500",3000,4000,0.012444,small,False
train,362,batch_12/000061.jpg,batch_12_000061.jpg,1240,0,bag_wrapper,"1294.00,2088.00,569.00,640.00","0.526167,0.602000,0.189667,0.160000",3000,4000,0.03034667,small,False
train,362,batch_12/000061.jpg,batch_12_000061.jpg,1241,0,bag_wrapper,"1614.00,1867.00,141.00,250.00","0.561500,0.498000,0.047000,0.062500",3000,4000,0.0029375,tiny,False
train,362,batch_12/000061.jpg,batch_12_000061.jpg,1242,0,bag_wrapper,"1808.00,2033.00,174.00,208.00","0.631667,0.534250,0.058000,0.052000",3000,4000,0.003016,tiny,False
train,362,batch_12/000061.jpg,batch_12_000061.jpg,1244,0,bag_wrapper,"1022.00,2550.00,356.00,368.00","0.400000,0.683500,0.118667,0.092000",3000,4000,0.01091733,small,False
train,362,batch_12/000061.jpg,batch_12_000061.jpg,1245,0,bag_wrapper,"1034.00,2506.00,327.00,223.00","0.399167,0.654375,0.109000,0.055750",3000,4000,0.00607675,tiny,False
train,362,batch_12/000061.jpg,batch_12_000061.jpg,1246,0,bag_wrapper,"1443.00,3017.00,359.00,241.00","0.540833,0.784375,0.119667,0.060250",3000,4000,0.00720992,tiny,False
train,362,batch_12/000061.jpg,batch_12_000061.jpg,1247,0,bag_wrapper,"1200.00,2327.00,219.00,268.00","0.436500,0.615250,0.073000,0.067000",3000,4000,0.004891,tiny,False
train,362,batch_12/000061.jpg,batch_12_000061.jpg,1248,0,bag_wrapper,"1331.00,2265.00,243.00,308.00","0.484167,0.604750,0.081000,0.077000",3000,4000,0.006237,tiny,False
train,362,batch_12/000061.jpg,batch_12_000061.jpg,1249,0,bag_wrapper,"893.00,2254.00,347.00,243.00","0.355500,0.593875,0.115667,0.060750",3000,4000,0.00702675,tiny,False
train,362,batch_12/000061.jpg,batch_12_000061.jpg,1250,0,bag_wrapper,"436.00,2682.00,195.00,230.00","0.177833,0.699250,0.065000,0.057500",3000,4000,0.0037375,tiny,False
train,362,batch_12/000061.jpg,batch_12_000061.jpg,1251,0,bag_wrapper,"648.00,3061.00,207.00,147.00","0.250500,0.783625,0.069000,0.036750",3000,4000,0.00253575,tiny,False
train,362,batch_12/000061.jpg,batch_12_000061.jpg,1252,0,bag_wrapper,"767.00,3104.00,196.00,245.00","0.288333,0.806625,0.065333,0.061250",3000,4000,0.00400167,tiny,False
train,362,batch_12/000061.jpg,batch_12_000061.jpg,1253,0,bag_wrapper,"1051.00,2807.00,467.00,396.00","0.428167,0.751250,0.155667,0.099000",3000,4000,0.015411,small,False
train,362,batch_12/000061.jpg,batch_12_000061.jpg,1254,1,bottle,"490.00,1916.00,178.00,283.00","0.193000,0.514375,0.059333,0.070750",3000,4000,0.00419783,tiny,False
train,362,batch_12/000061.jpg,batch_12_000061.jpg,1255,0,bag_wrapper,"680.00,1857.00,250.00,118.00","0.268333,0.479000,0.083333,0.029500",3000,4000,0.00245833,tiny,False
train,362,batch_12/000061.jpg,batch_12_000061.jpg,1256,0,bag_wrapper,"692.00,1263.00,145.00,89.00","0.254833,0.326875,0.048333,0.022250",3000,4000,0.00107542,tiny,False
train,362,batch_12/000061.jpg,batch_12_000061.jpg,1257,0,bag_wrapper,"463.00,3630.00,114.00,118.00","0.173333,0.922250,0.038000,0.029500",3000,4000,0.001121,tiny,False
train,362,batch_12/000061.jpg,batch_12_000061.jpg,1258,0,bag_wrapper,"1491.00,2397.00,129.00,187.00","0.518500,0.622625,0.043000,0.046750",3000,4000,0.00201025,tiny,False
train,362,batch_12/000061.jpg,batch_12_000061.jpg,1259,0,bag_wrapper,"1050.00,2083.00,89.00,90.00","0.364833,0.532000,0.029667,0.022500",3000,4000,0.0006675,tiny,False
train,362,batch_12/000061.jpg,batch_12_000061.jpg,1260,0,bag_wrapper,"942.00,2198.00,80.00,111.00","0.327333,0.563375,0.026667,0.027750",3000,4000,0.00074,tiny,False
train,362,batch_12/000061.jpg,batch_12_000061.jpg,1261,0,bag_wrapper,"847.00,2322.00,85.00,110.00","0.296500,0.594250,0.028333,0.027500",3000,4000,0.00077917,tiny,False
train,363,batch_12/000062.jpg,batch_12_000062.jpg,1262,0,bag_wrapper,"105.00,479.00,195.00,64.00","0.050625,0.170333,0.048750,0.021333",4000,3000,0.00104,tiny,False
train,363,batch_12/000062.jpg,batch_12_000062.jpg,1264,0,bag_wrapper,"361.00,1378.00,150.00,119.00","0.109000,0.479167,0.037500,0.039667",4000,3000,0.0014875,tiny,False
train,363,batch_12/000062.jpg,batch_12_000062.jpg,1265,0,bag_wrapper,"773.00,1724.00,356.00,239.00","0.237750,0.614500,0.089000,0.079667",4000,3000,0.00709033,tiny,False
train,363,batch_12/000062.jpg,batch_12_000062.jpg,1266,0,bag_wrapper,"979.00,1669.00,676.00,382.00","0.329250,0.620000,0.169000,0.127333",4000,3000,0.02151933,small,False
train,363,batch_12/000062.jpg,batch_12_000062.jpg,1267,0,bag_wrapper,"1552.00,1786.00,367.00,407.00","0.433875,0.663167,0.091750,0.135667",4000,3000,0.01244742,small,False
train,363,batch_12/000062.jpg,batch_12_000062.jpg,1268,0,bag_wrapper,"1110.00,2261.00,675.00,564.00","0.361875,0.847667,0.168750,0.188000",4000,3000,0.031725,small,False
train,363,batch_12/000062.jpg,batch_12_000062.jpg,1270,0,bag_wrapper,"2208.00,1344.00,139.00,94.00","0.569375,0.463667,0.034750,0.031333",4000,3000,0.00108883,tiny,False
train,363,batch_12/000062.jpg,batch_12_000062.jpg,1271,0,bag_wrapper,"2519.00,1670.00,62.00,42.00","0.637500,0.563667,0.015500,0.014000",4000,3000,0.000217,tiny,False
train,363,batch_12/000062.jpg,batch_12_000062.jpg,1272,0,bag_wrapper,"2780.00,1572.00,53.00,54.00","0.701625,0.533000,0.013250,0.018000",4000,3000,0.0002385,tiny,False
train,363,batch_12/000062.jpg,batch_12_000062.jpg,1274,0,bag_wrapper,"3427.00,1635.00,174.00,104.00","0.878500,0.562333,0.043500,0.034667",4000,3000,0.001508,tiny,False
train,363,batch_12/000062.jpg,batch_12_000062.jpg,1275,7,straw,"2175.00,547.00,52.00,70.00","0.550250,0.194000,0.013000,0.023333",4000,3000,0.00030333,tiny,False
train,363,batch_12/000062.jpg,batch_12_000062.jpg,1278,0,bag_wrapper,"322.00,1790.00,177.00,201.00","0.102625,0.630167,0.044250,0.067000",4000,3000,0.00296475,tiny,False
train,363,batch_12/000062.jpg,batch_12_000062.jpg,1279,0,bag_wrapper,"783.00,1989.00,174.00,93.00","0.217500,0.678500,0.043500,0.031000",4000,3000,0.0013485,tiny,False
train,363,batch_12/000062.jpg,batch_12_000062.jpg,1280,0,bag_wrapper,"2575.00,2817.00,328.00,179.00","0.684750,0.968833,0.082000,0.059667",4000,3000,0.00489267,tiny,False
train,363,batch_12/000062.jpg,batch_12_000062.jpg,1281,0,bag_wrapper,"3474.00,1958.00,243.00,146.00","0.898875,0.677000,0.060750,0.048667",4000,3000,0.0029565,tiny,False
train,363,batch_12/000062.jpg,batch_12_000062.jpg,1287,0,bag_wrapper,"1542.00,1587.00,164.00,216.00","0.406000,0.565000,0.041000,0.072000",4000,3000,0.002952,tiny,False
train,363,batch_12/000062.jpg,batch_12_000062.jpg,1288,0,bag_wrapper,"1345.00,1668.00,146.00,104.00","0.354500,0.573333,0.036500,0.034667",4000,3000,0.00126533,tiny,False
train,363,batch_12/000062.jpg,batch_12_000062.jpg,1289,0,bag_wrapper,"1608.00,1703.00,134.00,132.00","0.418750,0.589667,0.033500,0.044000",4000,3000,0.001474,tiny,False
train,363,batch_12/000062.jpg,batch_12_000062.jpg,1290,0,bag_wrapper,"1485.00,1728.00,106.00,54.00","0.384500,0.585000,0.026500,0.018000",4000,3000,0.000477,tiny,False
train,363,batch_12/000062.jpg,batch_12_000062.jpg,1291,0,bag_wrapper,"2236.00,2001.00,152.00,108.00","0.578000,0.685000,0.038000,0.036000",4000,3000,0.001368,tiny,False
train,363,batch_12/000062.jpg,batch_12_000062.jpg,1295,0,bag_wrapper,"2439.00,1599.00,122.00,54.00","0.625000,0.542000,0.030500,0.018000",4000,3000,0.000549,tiny,False
train,363,batch_12/000062.jpg,batch_12_000062.jpg,1296,7,straw,"3355.00,1617.00,223.00,140.00","0.866625,0.562333,0.055750,0.046667",4000,3000,0.00260167,tiny,False
train,364,batch_12/000063.jpg,batch_12_000063.jpg,1299,4,carton,"1283.63,1117.00,127.16,238.00","0.568921,0.293726,0.053700,0.056559",2368,4208,0.0030372,tiny,False
train,364,batch_12/000063.jpg,batch_12_000063.jpg,1300,0,bag_wrapper,"1508.27,3478.00,545.46,536.00","0.752113,0.890209,0.230346,0.127376",2368,4208,0.02934071,small,False
train,365,batch_12/000064.jpg,batch_12_000064.jpg,1301,0,bag_wrapper,"1131.96,2074.00,570.48,642.00","0.598478,0.569154,0.240913,0.152567",2368,4208,0.03675525,small,False
train,366,batch_12/000065.jpg,batch_12_000065.jpg,1302,0,bag_wrapper,"1041.00,2305.00,670.00,608.00","0.581081,0.620010,0.282939,0.144487",2368,4208,0.04088095,small,False
val,367,batch_12/000066.jpg,batch_12_000066.jpg,1304,0,bag_wrapper,"2750.00,576.46,555.00,585.48","0.719463,0.367061,0.131892,0.247247",4208,2368,0.03260987,small,False
train,368,batch_12/000067.jpg,batch_12_000067.jpg,1307,7,straw,"368.47,1010.00,1053.33,452.00","0.378012,0.293726,0.444820,0.107414",2368,4208,0.0477801,small,False
train,368,batch_12/000067.jpg,batch_12_000067.jpg,1308,6,cup,"724.61,3071.00,1017.86,771.00","0.520921,0.821412,0.429839,0.183222",2368,4208,0.0787562,medium,False
train,369,batch_12/000068.jpg,batch_12_000068.jpg,1309,1,bottle,"167.21,1527.00,1934.45,870.00","0.479069,0.466255,0.816913,0.206749",2368,4208,0.16889596,medium,False
train,370,batch_12/000069.jpg,batch_12_000069.jpg,1310,0,bag_wrapper,"467.39,1192.00,1744.47,1845.00","0.565723,0.502495,0.736686,0.438451",2368,4208,0.3230005,large,False
test,371,batch_12/000070.jpg,batch_12_000070.jpg,1311,0,bag_wrapper,"502.42,1363.00,1360.15,1313.00","0.499366,0.479919,0.574387,0.312025",2368,4208,0.17922296,medium,False
train,372,batch_12/000071.jpg,batch_12_000071.jpg,1312,0,bag_wrapper,"437.00,709.00,621.00,736.00","0.494378,0.534226,0.410714,0.365079",1512,2016,0.14994331,medium,False
train,373,batch_12/000072.jpg,batch_12_000072.jpg,1313,6,cup,"1039.00,1287.00,1081.00,1500.00","0.506250,0.489663,0.346474,0.360577",3120,4160,0.12493066,medium,False
train,374,batch_12/000073.jpg,batch_12_000073.jpg,1314,0,bag_wrapper,"274.00,1261.00,2157.00,2028.00","0.433494,0.546875,0.691346,0.487500",3120,4160,0.33703125,large,False
train,375,batch_12/000074.jpg,batch_12_000074.jpg,1315,6,cup,"1054.00,1364.00,351.00,209.00","0.394071,0.353005,0.112500,0.050240",3120,4160,0.00565204,tiny,False
train,375,batch_12/000074.jpg,batch_12_000074.jpg,1316,7,straw,"1368.00,1458.00,285.00,105.00","0.484135,0.363101,0.091346,0.025240",3120,4160,0.00230561,tiny,False
train,375,batch_12/000074.jpg,batch_12_000074.jpg,1317,7,straw,"975.00,3642.00,675.00,251.00","0.420673,0.905649,0.216346,0.060337",3120,4160,0.01305358,small,False
train,375,batch_12/000074.jpg,batch_12_000074.jpg,1319,0,bag_wrapper,"821.00,1153.00,44.00,59.00","0.270192,0.284255,0.014103,0.014183",3120,4160,0.00020001,tiny,False
train,375,batch_12/000074.jpg,batch_12_000074.jpg,1320,6,cup,"2309.00,1566.00,364.00,326.00","0.798397,0.415625,0.116667,0.078365",3120,4160,0.00914263,tiny,False
train,375,batch_12/000074.jpg,batch_12_000074.jpg,1323,6,cup,"2346.00,228.00,291.00,199.00","0.798558,0.078726,0.093269,0.047837",3120,4160,0.00446168,tiny,False
train,376,batch_12/000075.jpg,batch_12_000075.jpg,1324,7,straw,"205.00,1936.00,305.00,420.00","0.085938,0.687821,0.073317,0.134615",4160,3120,0.00986964,tiny,False
train,376,batch_12/000075.jpg,batch_12_000075.jpg,1325,7,straw,"3019.00,1647.00,742.00,114.00","0.814904,0.546154,0.178365,0.036538",4160,3120,0.0065172,tiny,False
train,377,batch_12/000076.jpg,batch_12_000076.jpg,1326,3,can,"1737.00,1019.00,1411.00,781.00","0.587139,0.451763,0.339183,0.250321",4160,3120,0.08490439,medium,False
val,378,batch_12/000077.jpg,batch_12_000077.jpg,1327,3,can,"726.00,3214.00,1309.00,861.00","0.442468,0.876082,0.419551,0.206971",3120,4160,0.08683501,medium,False
val,378,batch_12/000077.jpg,batch_12_000077.jpg,1328,3,can,"687.00,353.00,1315.00,836.00","0.430929,0.185337,0.421474,0.200962",3120,4160,0.08470014,medium,False
train,379,batch_12/000078.jpg,batch_12_000078.jpg,1329,0,bag_wrapper,"626.00,955.50,3124.00,2139.50","0.525962,0.649119,0.750962,0.685737",4160,3120,0.51496225,large,False
train,380,batch_12/000079.jpg,batch_12_000079.jpg,1330,1,bottle,"748.00,865.00,934.00,2841.00","0.389423,0.549399,0.299359,0.682933",3120,4160,0.20444203,large,False
train,380,batch_12/000079.jpg,batch_12_000079.jpg,1331,2,bottle_cap,"878.00,863.00,380.00,200.00","0.342308,0.231490,0.121795,0.048077",3120,4160,0.00585552,tiny,False
test,382,batch_12/000081.jpg,batch_12_000081.jpg,1333,0,bag_wrapper,"60.00,907.00,3109.00,1767.00","0.388101,0.573878,0.747356,0.566346",4160,3120,0.42326207,large,False
val,383,batch_12/000082.jpg,batch_12_000082.jpg,1334,0,bag_wrapper,"474.00,188.00,1473.00,3482.00","0.387981,0.463702,0.472115,0.837019",3120,4160,0.39516966,large,False
train,384,batch_12/000083.jpg,batch_12_000083.jpg,1335,0,bag_wrapper,"1128.00,478.00,2142.00,1563.00","0.528606,0.403686,0.514904,0.500962",4160,3120,0.25794702,large,False
train,385,batch_12/000084.jpg,batch_12_000084.jpg,1337,0,bag_wrapper,"661.00,1437.00,369.00,381.00","0.203245,0.521635,0.088702,0.122115",4160,3120,0.01083187,small,False
train,385,batch_12/000084.jpg,batch_12_000084.jpg,1338,0,bag_wrapper,"538.00,1403.00,576.00,463.00","0.198558,0.523878,0.138462,0.148397",4160,3120,0.02054734,small,False
train,385,batch_12/000084.jpg,batch_12_000084.jpg,1339,1,bottle,"2424.00,2284.00,249.00,418.00","0.612620,0.799038,0.059856,0.133974",4160,3120,0.00801914,tiny,False
train,385,batch_12/000084.jpg,batch_12_000084.jpg,1340,0,bag_wrapper,"2832.00,1245.00,509.00,590.00","0.741947,0.493590,0.122356,0.189103",4160,3120,0.02313779,small,False
train,385,batch_12/000084.jpg,batch_12_000084.jpg,1341,0,bag_wrapper,"2540.00,1646.00,303.00,278.00","0.646995,0.572115,0.072837,0.089103",4160,3120,0.00648992,tiny,False
train,385,batch_12/000084.jpg,batch_12_000084.jpg,1342,0,bag_wrapper,"3414.00,914.00,146.00,176.00","0.838221,0.321154,0.035096,0.056410",4160,3120,0.00197978,tiny,False
train,385,batch_12/000084.jpg,batch_12_000084.jpg,1343,0,bag_wrapper,"3644.00,1059.00,180.00,76.00","0.897596,0.351603,0.043269,0.024359",4160,3120,0.00105399,tiny,False
train,385,batch_12/000084.jpg,batch_12_000084.jpg,1344,0,bag_wrapper,"3350.00,2787.00,477.00,330.00","0.862620,0.946154,0.114663,0.105769",4160,3120,0.01212787,small,False
train,385,batch_12/000084.jpg,batch_12_000084.jpg,1345,3,can,"136.00,2970.00,234.00,142.00","0.060817,0.974679,0.056250,0.045513",4160,3120,0.0025601,tiny,False
train,386,batch_12/000085.jpg,batch_12_000085.jpg,1346,0,bag_wrapper,"1939.67,3258.05,426.00,582.00","0.689957,0.853136,0.136538,0.139904",3120,4160,0.01910226,small,False
train,386,batch_12/000085.jpg,batch_12_000085.jpg,1347,0,bag_wrapper,"1613.33,2397.05,239.29,356.00","0.555441,0.619002,0.076694,0.085577",3120,4160,0.00656325,tiny,False
train,386,batch_12/000085.jpg,batch_12_000085.jpg,1348,0,bag_wrapper,"1741.29,1742.67,202.00,301.00","0.590476,0.455088,0.064744,0.072356",3120,4160,0.00468457,tiny,False
train,386,batch_12/000085.jpg,batch_12_000085.jpg,1349,0,bag_wrapper,"920.29,974.19,216.00,220.00","0.329579,0.260623,0.069231,0.052885",3120,4160,0.00366124,tiny,False
train,386,batch_12/000085.jpg,batch_12_000085.jpg,1350,0,bag_wrapper,"726.57,697.14,250.00,284.00","0.272940,0.201717,0.080128,0.068269",3120,4160,0.00547029,tiny,False
train,386,batch_12/000085.jpg,batch_12_000085.jpg,1351,0,bag_wrapper,"6.00,3431.05,209.00,567.00","0.035417,0.892920,0.066987,0.136298",3120,4160,0.00913022,tiny,False
train,386,batch_12/000085.jpg,batch_12_000085.jpg,1352,0,bag_wrapper,"2191.10,1427.29,113.00,204.00","0.720383,0.367617,0.036218,0.049038",3120,4160,0.00177607,tiny,False
train,386,batch_12/000085.jpg,batch_12_000085.jpg,1353,0,bag_wrapper,"1264.14,983.67,158.00,212.00","0.430494,0.261939,0.050641,0.050962",3120,4160,0.00258074,tiny,False
train,386,batch_12/000085.jpg,batch_12_000085.jpg,1356,0,bag_wrapper,"2110.00,832.00,158.00,204.00","0.701603,0.224519,0.050641,0.049038",3120,4160,0.00248336,tiny,False
train,386,batch_12/000085.jpg,batch_12_000085.jpg,1357,0,bag_wrapper,"564.00,1372.00,194.00,100.00","0.211859,0.341827,0.062179,0.024038",3120,4160,0.0014947,tiny,False
train,387,batch_12/000086.jpg,batch_12_000086.jpg,1358,4,carton,"1478.00,2524.00,366.00,995.00","0.532372,0.726322,0.117308,0.239183",3120,4160,0.02805797,small,False
train,387,batch_12/000086.jpg,batch_12_000086.jpg,1359,0,bag_wrapper,"1658.00,290.00,624.00,567.00","0.631410,0.137861,0.200000,0.136298",3120,4160,0.02725962,small,False
train,387,batch_12/000086.jpg,batch_12_000086.jpg,1360,0,bag_wrapper,"1615.00,674.00,187.00,204.00","0.547596,0.186538,0.059936,0.049038",3120,4160,0.00293916,tiny,False
train,387,batch_12/000086.jpg,batch_12_000086.jpg,1361,0,bag_wrapper,"1816.00,3630.00,1099.00,512.00","0.758173,0.934135,0.352244,0.123077",3120,4160,0.04335306,small,False
val,388,batch_12/000087.jpg,batch_12_000087.jpg,1362,6,cup,"661.00,438.00,644.00,703.00","0.315064,0.189784,0.206410,0.168990",3120,4160,0.03488135,small,False
val,388,batch_12/000087.jpg,batch_12_000087.jpg,1363,0,bag_wrapper,"1736.00,1834.00,209.00,196.00","0.589904,0.464423,0.066987,0.047115",3120,4160,0.00315613,tiny,False
val,388,batch_12/000087.jpg,batch_12_000087.jpg,1364,0,bag_wrapper,"1717.00,2027.00,212.00,328.00","0.584295,0.526683,0.067949,0.078846",3120,4160,0.0053575,tiny,False
val,388,batch_12/000087.jpg,batch_12_000087.jpg,1365,4,carton,"1065.00,1188.00,734.00,800.00","0.458974,0.381731,0.235256,0.192308",3120,4160,0.04524162,small,False
val,388,batch_12/000087.jpg,batch_12_000087.jpg,1366,0,bag_wrapper,"1833.00,3042.00,841.00,1095.00","0.722276,0.862861,0.269551,0.263221",3120,4160,0.0709516,medium,False
val,389,batch_12/000088.jpg,batch_12_000088.jpg,1367,1,bottle,"301.00,92.00,351.00,130.00","0.114543,0.050321,0.084375,0.041667",4160,3120,0.00351563,tiny,False
val,389,batch_12/000088.jpg,batch_12_000088.jpg,1368,2,bottle_cap,"605.00,148.00,46.00,48.00","0.150962,0.055128,0.011058,0.015385",4160,3120,0.00017012,tiny,False
val,389,batch_12/000088.jpg,batch_12_000088.jpg,1369,2,bottle_cap,"778.00,1757.00,68.00,67.00","0.195192,0.573878,0.016346,0.021474",4160,3120,0.00035102,tiny,False
val,389,batch_12/000088.jpg,batch_12_000088.jpg,1371,0,bag_wrapper,"105.00,1781.00,413.00,371.00","0.074880,0.630288,0.099279,0.118910",4160,3120,0.01180527,small,False
val,389,batch_12/000088.jpg,batch_12_000088.jpg,1372,0,bag_wrapper,"703.00,1900.00,248.00,198.00","0.198798,0.640705,0.059615,0.063462",4160,3120,0.00378328,tiny,False
val,389,batch_12/000088.jpg,batch_12_000088.jpg,1373,0,bag_wrapper,"3061.00,252.00,551.00,361.00","0.802043,0.138622,0.132452,0.115705",4160,3120,0.01532537,small,False
val,389,batch_12/000088.jpg,batch_12_000088.jpg,1374,7,straw,"3896.00,300.00,59.00,342.00","0.943630,0.150962,0.014183,0.109615",4160,3120,0.00155464,tiny,False
val,389,batch_12/000088.jpg,batch_12_000088.jpg,1376,0,bag_wrapper,"3508.00,2198.00,500.00,457.00","0.903365,0.777724,0.120192,0.146474",4160,3120,0.01760509,small,False
val,389,batch_12/000088.jpg,batch_12_000088.jpg,1378,0,bag_wrapper,"3536.00,3037.00,135.00,80.00","0.866226,0.986218,0.032452,0.025641",4160,3120,0.0008321,tiny,False
val,389,batch_12/000088.jpg,batch_12_000088.jpg,1380,0,bag_wrapper,"1526.00,306.00,311.00,160.00","0.404207,0.123718,0.074760,0.051282",4160,3120,0.00383383,tiny,False
val,389,batch_12/000088.jpg,batch_12_000088.jpg,1381,0,bag_wrapper,"2493.00,1674.00,203.00,135.00","0.623678,0.558173,0.048798,0.043269",4160,3120,0.00211146,tiny,False
train,390,batch_12/000089.jpg,batch_12_000089.jpg,1382,7,straw,"563.00,323.00,839.00,1406.00","0.314904,0.246635,0.268910,0.337981",3120,4160,0.0908865,medium,False
train,390,batch_12/000089.jpg,batch_12_000089.jpg,1383,0,bag_wrapper,"1224.00,1363.00,1894.00,529.00","0.695833,0.391226,0.607051,0.127163",3120,4160,0.07719474,medium,False
train,390,batch_12/000089.jpg,batch_12_000089.jpg,1384,0,bag_wrapper,"860.00,1.00,2256.00,1386.00","0.637179,0.166827,0.723077,0.333173",3120,4160,0.24090976,large,False
train,390,batch_12/000089.jpg,batch_12_000089.jpg,1385,6,cup,"556.00,2068.00,1563.00,892.00","0.428686,0.604327,0.500962,0.214423",3120,4160,0.10741771,medium,False
train,390,batch_12/000089.jpg,batch_12_000089.jpg,1386,0,bag_wrapper,"443.00,4068.00,769.00,89.00","0.265224,0.988582,0.246474,0.021394",3120,4160,0.00527313,tiny,False
train,390,batch_12/000089.jpg,batch_12_000089.jpg,1387,0,bag_wrapper,"1575.00,3869.00,724.00,288.00","0.620833,0.964663,0.232051,0.069231",3120,4160,0.01606509,small,False
train,391,batch_12/000090.jpg,batch_12_000090.jpg,1388,0,bag_wrapper,"243.00,796.00,638.00,648.00","0.135096,0.358974,0.153365,0.207692",4160,3120,0.03185281,small,False
train,391,batch_12/000090.jpg,batch_12_000090.jpg,1389,0,bag_wrapper,"1779.00,1913.00,751.00,766.00","0.517909,0.735897,0.180529,0.245513",4160,3120,0.04432215,small,False
train,391,batch_12/000090.jpg,batch_12_000090.jpg,1390,2,bottle_cap,"2586.00,2884.00,120.00,101.00","0.636058,0.940545,0.028846,0.032372",4160,3120,0.0009338,tiny,False
train,391,batch_12/000090.jpg,batch_12_000090.jpg,1391,1,bottle,"3205.00,1321.00,464.00,731.00","0.826202,0.540545,0.111538,0.234295",4160,3120,0.02613289,small,False
train,391,batch_12/000090.jpg,batch_12_000090.jpg,1392,2,bottle_cap,"224.00,8.00,101.00,65.00","0.065986,0.012981,0.024279,0.020833",4160,3120,0.00050581,tiny,False
train,392,batch_12/000091.jpg,batch_12_000091.jpg,1394,7,straw,"482.00,714.00,919.00,1366.00","0.226322,0.447756,0.220913,0.437821",4160,3120,0.09672045,medium,False
train,392,batch_12/000091.jpg,batch_12_000091.jpg,1396,6,cup,"41.00,665.00,1473.00,1525.00","0.186899,0.457532,0.354087,0.488782",4160,3120,0.17307114,medium,False
train,392,batch_12/000091.jpg,batch_12_000091.jpg,1397,0,bag_wrapper,"1294.00,486.00,444.00,305.00","0.364423,0.204647,0.106731,0.097756",4160,3120,0.01043362,small,False
train,392,batch_12/000091.jpg,batch_12_000091.jpg,1398,6,cup,"2778.00,655.00,1378.00,1370.00","0.833413,0.429487,0.331250,0.439103",4160,3120,0.14545272,medium,False
train,392,batch_12/000091.jpg,batch_12_000091.jpg,1400,7,straw,"3149.00,712.00,1006.00,626.00","0.877885,0.328526,0.241827,0.200641",4160,3120,0.0485204,small,False
train,392,batch_12/000091.jpg,batch_12_000091.jpg,1401,0,bag_wrapper,"2675.00,2391.00,336.00,498.00","0.683413,0.846154,0.080769,0.159615",4160,3120,0.01289201,small,False
train,392,batch_12/000091.jpg,batch_12_000091.jpg,1402,0,bag_wrapper,"1267.00,2844.00,1178.00,274.00","0.446154,0.955449,0.283173,0.087821",4160,3120,0.0248684,small,False
train,392,batch_12/000091.jpg,batch_12_000091.jpg,1403,0,bag_wrapper,"0.00,1525.00,375.00,441.00","0.045072,0.559455,0.090144,0.141346",4160,3120,0.01274154,small,False
train,392,batch_12/000091.jpg,batch_12_000091.jpg,1404,0,bag_wrapper,"1445.00,863.00,738.00,1204.00","0.436058,0.469551,0.177404,0.385897",4160,3120,0.06845969,medium,False
train,393,batch_12/000092.jpg,batch_12_000092.jpg,1405,6,cup,"1010.00,2975.00,792.00,737.00","0.450641,0.803726,0.253846,0.177163",3120,4160,0.04497226,small,False
train,393,batch_12/000092.jpg,batch_12_000092.jpg,1406,0,bag_wrapper,"1399.00,3499.00,358.00,235.00","0.505769,0.869351,0.114744,0.056490",3120,4160,0.00648191,tiny,False
val,394,batch_12/000093.jpg,batch_12_000093.jpg,1408,1,bottle,"1082.00,2255.00,2036.00,738.00","0.504808,0.841026,0.489423,0.236538",4160,3120,0.11576738,medium,False
val,394,batch_12/000093.jpg,batch_12_000093.jpg,1410,0,bag_wrapper,"674.00,2706.00,942.00,350.00","0.275240,0.923397,0.226442,0.112179",4160,3120,0.02540218,small,False
train,395,batch_12/000094.jpg,batch_12_000094.jpg,1413,2,bottle_cap,"1480.00,3751.00,235.00,174.00","0.512019,0.922596,0.075321,0.041827",3120,4160,0.00315043,tiny,False
train,395,batch_12/000094.jpg,batch_12_000094.jpg,1414,1,bottle,"1300.00,1398.00,752.00,2530.00","0.537179,0.640144,0.241026,0.608173",3120,4160,0.14658531,medium,False
train,397,batch_12/000096.jpg,batch_12_000096.jpg,1420,0,bag_wrapper,"574.00,1019.00,1773.00,1931.00","0.468109,0.477043,0.568269,0.464183",3120,4160,0.26378074,large,False
val,398,batch_12/000097.jpg,batch_12_000097.jpg,1421,0,bag_wrapper,"760.00,1830.00,1450.00,2076.00","0.475962,0.689423,0.464744,0.499038",3120,4160,0.23192493,large,False
val,398,batch_12/000097.jpg,batch_12_000097.jpg,1422,7,straw,"1472.00,2881.00,1017.00,199.00","0.634776,0.716466,0.325962,0.047837",3120,4160,0.01559287,small,False
val,398,batch_12/000097.jpg,batch_12_000097.jpg,1423,5,cigarette,"1315.00,178.00,205.00,108.00","0.454327,0.055769,0.065705,0.025962",3120,4160,0.00170581,tiny,False
train,400,batch_12/000099.jpg,batch_12_000099.jpg,1425,0,bag_wrapper,"1303.00,197.00,2347.00,2726.00","0.595313,0.500000,0.564183,0.873718",4160,3120,0.49293654,large,False
val,404,batch_13/000003.jpg,batch_13_000003.jpg,1429,0,bag_wrapper,"480.00,3031.00,1623.00,1007.00","0.413942,0.849639,0.520192,0.242067",3120,4160,0.12592155,medium,False
val,404,batch_13/000003.jpg,batch_13_000003.jpg,1431,4,carton,"1708.00,779.00,388.00,254.00","0.609615,0.217788,0.124359,0.061058",3120,4160,0.00759307,tiny,False
train,405,batch_13/000004.jpg,batch_13_000004.jpg,1433,6,cup,"725.38,1849.62,1070.00,894.00","0.403968,0.552072,0.342949,0.214904",3120,4160,0.07370101,medium,False
train,405,batch_13/000004.jpg,batch_13_000004.jpg,1434,7,straw,"1655.48,1923.86,735.33,328.00","0.648443,0.501889,0.235684,0.078846",3120,4160,0.01858276,small,False
train,405,batch_13/000004.jpg,batch_13_000004.jpg,1435,0,bag_wrapper,"1669.38,2518.05,356.00,246.00","0.592109,0.634867,0.114103,0.059135",3120,4160,0.00674741,tiny,False
train,406,batch_13/000005.jpg,batch_13_000005.jpg,1436,0,bag_wrapper,"752.00,0.00,796.00,1362.00","0.368590,0.163702,0.255128,0.327404",3120,4160,0.08352996,medium,False
train,406,batch_13/000005.jpg,batch_13_000005.jpg,1437,0,bag_wrapper,"2688.00,2796.00,429.00,494.00","0.930288,0.731490,0.137500,0.118750",3120,4160,0.01632812,small,False
train,406,batch_13/000005.jpg,batch_13_000005.jpg,1438,4,carton,"1724.00,2157.00,337.00,510.00","0.606571,0.579808,0.108013,0.122596",3120,4160,0.01324196,small,False
train,406,batch_13/000005.jpg,batch_13_000005.jpg,1439,4,carton,"838.00,2457.00,184.00,78.00","0.298077,0.600000,0.058974,0.018750",3120,4160,0.00110577,tiny,False
train,406,batch_13/000005.jpg,batch_13_000005.jpg,1440,0,bag_wrapper,"443.00,3106.00,817.00,885.00","0.272917,0.853005,0.261859,0.212740",3120,4160,0.05570798,medium,False
train,407,batch_13/000006.jpg,batch_13_000006.jpg,1441,0,bag_wrapper,"1943.00,1892.00,295.00,152.00","0.670032,0.473077,0.094551,0.036538",3120,4160,0.00345476,tiny,False
val,408,batch_13/000007.jpg,batch_13_000007.jpg,1442,7,straw,"614.00,917.00,1040.00,1339.00","0.272596,0.508494,0.250000,0.429167",4160,3120,0.10729167,medium,False
val,408,batch_13/000007.jpg,batch_13_000007.jpg,1443,5,cigarette,"3013.00,994.00,226.00,150.00","0.751442,0.342628,0.054327,0.048077",4160,3120,0.00261187,tiny,False
train,409,batch_13/000008.jpg,batch_13_000008.jpg,1444,6,cup,"800.00,576.00,1928.00,1908.00","0.424038,0.490385,0.463462,0.611538",4160,3120,0.28342456,large,False
train,409,batch_13/000008.jpg,batch_13_000008.jpg,1446,7,straw,"2009.00,1694.00,835.00,895.00","0.583293,0.686378,0.200721,0.286859",4160,3120,0.05757866,medium,False
train,409,batch_13/000008.jpg,batch_13_000008.jpg,1447,0,bag_wrapper,"1290.00,850.00,1243.00,1841.00","0.459495,0.567468,0.298798,0.590064",4160,3120,0.17631002,medium,False
train,410,batch_13/000009.jpg,batch_13_000009.jpg,1448,0,bag_wrapper,"1969.73,58.61,595.00,531.00","0.545008,0.103881,0.143029,0.170192",4160,3120,0.02434242,small,False
train,410,batch_13/000009.jpg,batch_13_000009.jpg,1449,0,bag_wrapper,"3336.09,1.55,346.00,149.00","0.843530,0.024375,0.083173,0.047756",4160,3120,0.00397205,tiny,False
train,410,batch_13/000009.jpg,batch_13_000009.jpg,1450,0,bag_wrapper,"2681.09,789.46,269.00,155.00","0.676824,0.277872,0.064663,0.049679",4160,3120,0.00321245,tiny,False
train,410,batch_13/000009.jpg,batch_13_000009.jpg,1451,4,carton,"3219.09,1776.28,660.00,520.00","0.853147,0.652653,0.158654,0.166667",4160,3120,0.02644231,small,False
train,410,batch_13/000009.jpg,batch_13_000009.jpg,1452,1,bottle,"117.55,1580.28,386.00,1102.64","0.074651,0.683204,0.092788,0.353409",4160,3120,0.03279228,small,False
train,410,batch_13/000009.jpg,batch_13_000009.jpg,1453,2,bottle_cap,"242.55,2588.91,177.00,94.00","0.079580,0.844844,0.042548,0.030128",4160,3120,0.0012819,tiny,False
train,411,batch_13/000010.jpg,batch_13_000010.jpg,1454,6,cup,"168.00,7.00,2297.00,1749.00","0.316466,0.282532,0.552163,0.560577",4160,3120,0.30953009,large,False
train,411,batch_13/000010.jpg,batch_13_000010.jpg,1456,7,straw,"1475.00,689.00,2145.00,760.00","0.612380,0.342628,0.515625,0.243590",4160,3120,0.12560096,medium,False
train,411,batch_13/000010.jpg,batch_13_000010.jpg,1457,5,cigarette,"3815.00,1112.00,248.00,265.00","0.946875,0.398878,0.059615,0.084936",4160,3120,0.00506349,tiny,False
train,412,batch_13/000011.jpg,batch_13_000011.jpg,1458,0,bag_wrapper,"1435.00,1622.00,142.00,28.00","0.362019,0.524359,0.034135,0.008974",4160,3120,0.00030634,tiny,False
train,413,batch_13/000012.jpg,batch_13_000012.jpg,1459,2,bottle_cap,"1925.50,1307.00,748.00,764.00","0.552764,0.541346,0.179808,0.244872",4160,3120,0.04402983,small,False
train,414,batch_13/000013.jpg,batch_13_000013.jpg,1460,0,bag_wrapper,"2633.50,431.73,728.00,695.17","0.712334,0.329103,0.173004,0.293570",4208,2368,0.05078871,medium,False
train,414,batch_13/000013.jpg,batch_13_000013.jpg,1461,1,bottle,"1182.75,1034.31,513.00,668.85","0.342027,0.578012,0.121911,0.282452",4208,2368,0.03443395,small,False
train,414,batch_13/000013.jpg,batch_13_000013.jpg,1462,7,straw,"1163.25,947.20,74.00,102.13","0.285231,0.421564,0.017586,0.043129",4208,2368,0.00075845,tiny,False
train,414,batch_13/000013.jpg,batch_13_000013.jpg,1463,4,carton,"1792.00,1232.04,876.00,459.39","0.529943,0.617286,0.208175,0.193998",4208,2368,0.04038556,small,False
test,415,batch_13/000014.jpg,batch_13_000014.jpg,1467,6,cup,"1175.49,2111.00,584.74,603.00","0.619873,0.573313,0.246934,0.143298",2368,4208,0.03538531,small,False
test,415,batch_13/000014.jpg,batch_13_000014.jpg,1470,0,bag_wrapper,"1391.17,1053.00,136.12,142.00","0.616230,0.267110,0.057481,0.033745",2368,4208,0.00193971,tiny,False
train,416,batch_13/000015.jpg,batch_13_000015.jpg,1474,7,straw,"1.00,1199.00,840.00,1380.00","0.134936,0.454087,0.269231,0.331731",3120,4160,0.08931213,medium,False
train,416,batch_13/000015.jpg,batch_13_000015.jpg,1476,6,cup,"494.00,1962.00,1267.00,1574.00","0.361378,0.660817,0.406090,0.378365",3120,4160,0.1536503,medium,False
train,416,batch_13/000015.jpg,batch_13_000015.jpg,1477,0,bag_wrapper,"1023.00,1392.00,145.00,83.00","0.351122,0.344591,0.046474,0.019952",3120,4160,0.00092725,tiny,False
train,416,batch_13/000015.jpg,batch_13_000015.jpg,1478,4,carton,"139.00,2187.00,370.00,304.00","0.103846,0.562260,0.118590,0.073077",3120,4160,0.00866617,tiny,False
test,417,batch_13/000016.jpg,batch_13_000016.jpg,1479,4,carton,"1498.33,429.71,882.00,1416.86","0.621581,0.273592,0.282692,0.340591",3120,4160,0.09628235,medium,False
test,417,batch_13/000016.jpg,batch_13_000016.jpg,1480,7,straw,"1528.33,1739.86,67.00,103.00","0.500588,0.430615,0.021474,0.024760",3120,4160,0.0005317,tiny,False
test,417,batch_13/000016.jpg,batch_13_000016.jpg,1481,7,straw,"212.33,3152.52,1630.00,1000.76","0.329274,0.878102,0.522436,0.240568",3120,4160,0.1256812,medium,False
train,418,batch_13/000017.jpg,batch_13_000017.jpg,1482,6,cup,"1111.50,1532.00,1147.50,1679.00","0.540144,0.570072,0.367788,0.403606",3120,4160,0.14844154,medium,False
train,419,batch_13/000018.jpg,batch_13_000018.jpg,1483,0,bag_wrapper,"731.00,1316.00,1380.00,1884.00","0.455449,0.542788,0.442308,0.452885",3120,4160,0.20031435,large,False
val,420,batch_13/000019.jpg,batch_13_000019.jpg,1484,7,straw,"1167.00,802.00,1313.00,696.00","0.584455,0.276442,0.420833,0.167308",3120,4160,0.07040865,medium,False
val,420,batch_13/000019.jpg,batch_13_000019.jpg,1486,4,carton,"205.00,2726.00,1248.00,758.00","0.265705,0.746394,0.400000,0.182212",3120,4160,0.07288462,medium,False
val,420,batch_13/000019.jpg,batch_13_000019.jpg,1487,7,straw,"345.00,3061.00,773.00,417.00","0.234455,0.785937,0.247756,0.100240",3120,4160,0.0248352,small,False
val,420,batch_13/000019.jpg,batch_13_000019.jpg,1488,0,bag_wrapper,"321.00,3007.00,899.00,501.00","0.246955,0.783053,0.288141,0.120433",3120,4160,0.0347016,small,False
val,420,batch_13/000019.jpg,batch_13_000019.jpg,1489,7,straw,"1168.00,1686.00,948.00,1070.00","0.526282,0.533894,0.303846,0.257212",3120,4160,0.07815274,medium,False
val,420,batch_13/000019.jpg,batch_13_000019.jpg,1490,0,bag_wrapper,"359.00,1566.00,1368.00,728.00","0.334295,0.463942,0.438462,0.175000",3120,4160,0.07673077,medium,False
val,420,batch_13/000019.jpg,batch_13_000019.jpg,1491,0,bag_wrapper,"102.00,1306.00,428.00,252.00","0.101282,0.344231,0.137179,0.060577",3120,4160,0.00830991,tiny,False
test,421,batch_13/000020.jpg,batch_13_000020.jpg,1492,7,straw,"1466.00,997.68,1622.00,164.28","0.541112,0.456006,0.385456,0.069374",4208,2368,0.02674059,small,False
test,421,batch_13/000020.jpg,batch_13_000020.jpg,1493,0,bag_wrapper,"1838.00,1527.93,167.00,198.25","0.456630,0.687103,0.039686,0.083721",4208,2368,0.00332257,tiny,False
test,421,batch_13/000020.jpg,batch_13_000020.jpg,1494,0,bag_wrapper,"2100.00,1388.00,75.00,82.00","0.507961,0.603463,0.017823,0.034628",4208,2368,0.00061719,tiny,False
test,422,batch_13/000021.jpg,batch_13_000021.jpg,1495,7,straw,"1443.00,1157.49,1768.00,306.13","0.552994,0.553443,0.420152,0.129278",4208,2368,0.05431623,medium,False
test,423,batch_13/000022.jpg,batch_13_000022.jpg,1496,7,straw,"1652.00,1762.00,912.00,503.00","0.506731,0.645353,0.219231,0.161218",4160,3120,0.03534393,small,False
test,423,batch_13/000022.jpg,batch_13_000022.jpg,1497,7,straw,"2336.00,938.00,708.00,438.00","0.646635,0.370833,0.170192,0.140385",4160,3120,0.02389238,small,False
test,423,batch_13/000022.jpg,batch_13_000022.jpg,1498,7,straw,"1776.00,831.00,93.00,49.00","0.438101,0.274199,0.022356,0.015705",4160,3120,0.0003511,tiny,False
test,423,batch_13/000022.jpg,batch_13_000022.jpg,1499,6,cup,"516.00,781.00,657.00,962.00","0.203005,0.404487,0.157933,0.308333",4160,3120,0.04869591,small,False
test,423,batch_13/000022.jpg,batch_13_000022.jpg,1500,0,bag_wrapper,"882.00,378.00,2971.00,1637.00","0.569111,0.383494,0.714183,0.524679",4160,3120,0.37471701,large,False
val,424,batch_13/000023.jpg,batch_13_000023.jpg,1504,0,bag_wrapper,"2338.00,693.59,658.00,863.73","0.633793,0.475275,0.156369,0.364751",4208,2368,0.05703562,medium,False
train,425,batch_13/000024.jpg,batch_13_000024.jpg,1505,0,bag_wrapper,"1633.95,1117.62,960.00,1085.00","0.508162,0.532089,0.230769,0.347756",4160,3120,0.08025149,medium,False
train,426,batch_13/000025.jpg,batch_13_000025.jpg,1506,7,straw,"1481.67,933.05,411.00,125.00","0.540759,0.239314,0.131731,0.030048",3120,4160,0.00395826,tiny,False
train,426,batch_13/000025.jpg,batch_13_000025.jpg,1507,7,straw,"1266.76,484.05,391.00,35.00","0.468674,0.120564,0.125321,0.008413",3120,4160,0.00105438,tiny,False
train,426,batch_13/000025.jpg,batch_13_000025.jpg,1508,7,straw,"1158.05,235.05,172.00,612.00","0.398733,0.130060,0.055128,0.147115",3120,4160,0.00811021,tiny,False
train,426,batch_13/000025.jpg,batch_13_000025.jpg,1509,7,straw,"2228.10,1922.05,147.00,692.00","0.737691,0.545204,0.047115,0.166346",3120,4160,0.00783746,tiny,False
train,426,batch_13/000025.jpg,batch_13_000025.jpg,1510,7,straw,"1078.00,1337.05,212.00,518.00","0.379487,0.383665,0.067949,0.124519",3120,4160,0.00846092,tiny,False
train,426,batch_13/000025.jpg,batch_13_000025.jpg,1511,7,straw,"405.33,917.52,219.00,462.00","0.165011,0.276087,0.070192,0.111058",3120,4160,0.00779539,tiny,False
train,426,batch_13/000025.jpg,batch_13_000025.jpg,1512,7,straw,"1160.05,3124.95,367.00,133.00","0.430624,0.767176,0.117628,0.031971",3120,4160,0.00376071,tiny,False
train,426,batch_13/000025.jpg,batch_13_000025.jpg,1513,7,straw,"1224.14,2175.19,226.00,415.00","0.428571,0.572762,0.072436,0.099760",3120,4160,0.00722618,tiny,False
train,426,batch_13/000025.jpg,batch_13_000025.jpg,1514,7,straw,"645.57,1006.38,27.00,250.00","0.211241,0.271967,0.008654,0.060096",3120,4160,0.00052006,tiny,False
train,426,batch_13/000025.jpg,batch_13_000025.jpg,1515,7,straw,"465.90,1997.90,182.00,195.00","0.178495,0.503703,0.058333,0.046875",3120,4160,0.00273438,tiny,False
train,426,batch_13/000025.jpg,batch_13_000025.jpg,1516,7,straw,"156.62,2616.00,299.00,138.00","0.098115,0.645433,0.095833,0.033173",3120,4160,0.00317909,tiny,False
train,426,batch_13/000025.jpg,batch_13_000025.jpg,1517,7,straw,"1123.48,2134.76,245.00,97.00","0.399351,0.524823,0.078526,0.023317",3120,4160,0.00183101,tiny,False
train,426,batch_13/000025.jpg,batch_13_000025.jpg,1518,7,straw,"1103.38,3191.76,22.00,258.00","0.357173,0.798260,0.007051,0.062019",3120,4160,0.00043732,tiny,False
train,426,batch_13/000025.jpg,batch_13_000025.jpg,1519,7,straw,"1102.10,2729.24,23.00,74.00","0.356922,0.664961,0.007372,0.017788",3120,4160,0.00013113,tiny,False
train,426,batch_13/000025.jpg,batch_13_000025.jpg,1520,7,straw,"829.71,3310.05,300.00,344.00","0.314011,0.837031,0.096154,0.082692",3120,4160,0.00795118,tiny,False
train,426,batch_13/000025.jpg,batch_13_000025.jpg,1521,7,straw,"1180.71,3363.95,120.00,252.00","0.397665,0.838931,0.038462,0.060577",3120,4160,0.00232988,tiny,False
train,426,batch_13/000025.jpg,batch_13_000025.jpg,1522,7,straw,"39.00,2543.95,254.00,231.43","0.053205,0.639343,0.081410,0.055632",3120,4160,0.004529,tiny,False
train,426,batch_13/000025.jpg,batch_13_000025.jpg,1523,7,straw,"333.00,2413.86,134.00,34.00","0.128205,0.584341,0.042949,0.008173",3120,4160,0.00035102,tiny,False
train,426,batch_13/000025.jpg,batch_13_000025.jpg,1524,7,straw,"80.00,2668.67,287.00,55.00","0.071635,0.648117,0.091987,0.013221",3120,4160,0.00121618,tiny,False
train,426,batch_13/000025.jpg,batch_13_000025.jpg,1525,7,straw,"398.00,2711.95,49.00,23.00","0.135417,0.654676,0.015705,0.005529",3120,4160,8.683e-05,tiny,False
train,426,batch_13/000025.jpg,batch_13_000025.jpg,1526,7,straw,"1235.14,2343.62,47.00,120.00","0.403411,0.577793,0.015064,0.028846",3120,4160,0.00043454,tiny,False
train,426,batch_13/000025.jpg,batch_13_000025.jpg,1527,7,straw,"581.00,1182.48,39.00,86.00","0.192468,0.294586,0.012500,0.020673",3120,4160,0.00025841,tiny,False
train,426,batch_13/000025.jpg,batch_13_000025.jpg,1528,7,straw,"978.71,1816.33,188.00,19.00","0.343819,0.438902,0.060256,0.004567",3120,4160,0.00027521,tiny,False
train,426,batch_13/000025.jpg,batch_13_000025.jpg,1529,7,straw,"396.00,3156.81,39.00,75.00","0.133173,0.767863,0.012500,0.018029",3120,4160,0.00022536,tiny,False
train,426,batch_13/000025.jpg,batch_13_000025.jpg,1530,0,bag_wrapper,"601.67,818.05,139.00,350.00","0.215118,0.238713,0.044551,0.084135",3120,4160,0.0037483,tiny,False
train,426,batch_13/000025.jpg,batch_13_000025.jpg,1531,0,bag_wrapper,"645.00,1754.05,215.00,368.00","0.241186,0.465877,0.068910,0.088462",3120,4160,0.00609591,tiny,False
train,426,batch_13/000025.jpg,batch_13_000025.jpg,1532,4,carton,"595.00,1557.00,170.00,279.05","0.217949,0.407818,0.054487,0.067079",3120,4160,0.00365493,tiny,False
train,426,batch_13/000025.jpg,batch_13_000025.jpg,1533,0,bag_wrapper,"692.00,1190.19,55.00,79.00","0.230609,0.295599,0.017628,0.018990",3120,4160,0.00033477,tiny,False
train,426,batch_13/000025.jpg,batch_13_000025.jpg,1534,0,bag_wrapper,"1062.00,1133.43,97.00,394.00","0.355929,0.319815,0.031090,0.094712",3120,4160,0.00294456,tiny,False
train,426,batch_13/000025.jpg,batch_13_000025.jpg,1535,0,bag_wrapper,"426.00,4003.95,112.00,155.00","0.154487,0.981118,0.035897,0.037260",3120,4160,0.00133752,tiny,False
train,426,batch_13/000025.jpg,batch_13_000025.jpg,1537,0,bag_wrapper,"939.48,2090.95,244.00,116.90","0.340217,0.516684,0.078205,0.028102",3120,4160,0.00219773,tiny,False
train,426,batch_13/000025.jpg,batch_13_000025.jpg,1538,0,bag_wrapper,"586.43,1586.33,181.00,276.00","0.216964,0.414503,0.058013,0.066346",3120,4160,0.00384893,tiny,False
train,426,batch_13/000025.jpg,batch_13_000025.jpg,1539,0,bag_wrapper,"317.00,3058.24,144.00,70.00","0.124679,0.743567,0.046154,0.016827",3120,4160,0.00077663,tiny,False
train,426,batch_13/000025.jpg,batch_13_000025.jpg,1540,5,cigarette,"2111.90,1644.76,59.00,86.00","0.686348,0.405712,0.018910,0.020673",3120,4160,0.00039093,tiny,False
train,427,batch_13/000026.jpg,batch_13_000026.jpg,1543,3,can,"975.29,3442.95,372.00,602.00","0.372207,0.899989,0.119231,0.144712",3120,4160,0.01725407,small,False
train,427,batch_13/000026.jpg,batch_13_000026.jpg,1544,2,bottle_cap,"1048.00,979.05,147.00,99.00","0.359455,0.247247,0.047115,0.023798",3120,4160,0.00112126,tiny,False
train,427,batch_13/000026.jpg,batch_13_000026.jpg,1545,1,bottle,"1196.05,3.05,603.00,572.00","0.479983,0.069483,0.193269,0.137500",3120,4160,0.02657452,small,False
test,428,batch_13/000027.jpg,batch_13_000027.jpg,1546,3,can,"398.00,1433.00,2082.00,1407.00","0.461218,0.513582,0.667308,0.338221",3120,4160,0.22569758,large,False
val,429,batch_13/000028.jpg,batch_13_000028.jpg,1548,2,bottle_cap,"317.00,3052.00,439.00,417.00","0.171955,0.783774,0.140705,0.100240",3120,4160,0.01410434,small,False
val,429,batch_13/000028.jpg,batch_13_000028.jpg,1549,1,bottle,"1400.00,829.00,893.00,2774.00","0.591827,0.532692,0.286218,0.666827",3120,4160,0.19085783,medium,False
train,432,batch_13/000031.jpg,batch_13_000031.jpg,1552,0,bag_wrapper,"935.00,1070.00,938.00,634.00","0.450000,0.333413,0.300641,0.152404",3120,4160,0.04581885,small,False
train,432,batch_13/000031.jpg,batch_13_000031.jpg,1554,0,bag_wrapper,"534.00,1063.00,609.00,364.00","0.268750,0.299279,0.195192,0.087500",3120,4160,0.01707933,small,False
train,435,batch_13/000034.jpg,batch_13_000034.jpg,1557,1,bottle,"864.00,1320.00,1099.00,998.00","0.453045,0.437260,0.352244,0.239904",3120,4160,0.08450459,medium,False
train,435,batch_13/000034.jpg,batch_13_000034.jpg,1558,1,bottle,"1084.00,3356.00,857.00,803.00","0.484776,0.903245,0.274679,0.193029",3120,4160,0.05302106,medium,False
train,436,batch_13/000035.jpg,batch_13_000035.jpg,1559,0,bag_wrapper,"1237.00,525.00,2209.00,1231.00","0.562861,0.365545,0.531010,0.394551",4160,3120,0.20951052,large,False
val,437,batch_13/000036.jpg,batch_13_000036.jpg,1561,2,bottle_cap,"1011.00,1985.00,182.00,170.00","0.264904,0.663462,0.043750,0.054487",4160,3120,0.00238381,tiny,False
val,437,batch_13/000036.jpg,batch_13_000036.jpg,1562,1,bottle,"2781.00,1425.00,260.00,559.00","0.699760,0.546314,0.062500,0.179167",4160,3120,0.01119792,small,False
val,437,batch_13/000036.jpg,batch_13_000036.jpg,1563,2,bottle_cap,"2917.00,2489.00,139.00,150.00","0.717909,0.821795,0.033413,0.048077",4160,3120,0.00160642,tiny,False
train,438,batch_13/000037.jpg,batch_13_000037.jpg,1564,3,can,"1226.02,1623.14,570.00,1518.00","0.484300,0.572630,0.182692,0.364904",3120,4160,0.06666513,medium,False
val,439,batch_13/000038.jpg,batch_13_000038.jpg,1565,0,bag_wrapper,"955.00,1402.00,1023.00,2100.00","0.470032,0.589423,0.327885,0.504808",3120,4160,0.16551868,medium,False
train,440,batch_13/000039.jpg,batch_13_000039.jpg,1566,1,bottle,"974.00,1801.00,553.00,1534.00","0.400801,0.617308,0.177244,0.368750",3120,4160,0.06535857,medium,False
train,440,batch_13/000039.jpg,batch_13_000039.jpg,1567,2,bottle_cap,"1054.00,1799.00,200.00,93.00","0.369872,0.443630,0.064103,0.022356",3120,4160,0.00143306,tiny,False
val,441,batch_13/000040.jpg,batch_13_000040.jpg,1568,0,bag_wrapper,"821.00,1428.00,1519.00,2346.00","0.506571,0.625240,0.486859,0.563942",3120,4160,0.27456037,large,False
val,442,batch_13/000041.jpg,batch_13_000041.jpg,1569,7,straw,"1190.00,863.00,350.00,2089.00","0.437500,0.458534,0.112179,0.502163",3120,4160,0.05633244,medium,False
val,442,batch_13/000041.jpg,batch_13_000041.jpg,1570,0,bag_wrapper,"870.00,1238.00,979.00,2116.00","0.435737,0.551923,0.313782,0.508654",3120,4160,0.15960645,medium,False
train,443,batch_13/000042.jpg,batch_13_000042.jpg,1571,1,bottle,"972.19,1138.29,893.00,2246.24","0.454708,0.543607,0.286218,0.539961",3120,4160,0.15454656,medium,False
train,444,batch_13/000043.jpg,batch_13_000043.jpg,1572,1,bottle,"1199.00,657.00,820.00,1775.00","0.515705,0.371274,0.262821,0.426683",3120,4160,0.11214096,medium,False
train,444,batch_13/000043.jpg,batch_13_000043.jpg,1573,2,bottle_cap,"1221.00,658.00,434.00,393.00","0.460897,0.205409,0.139103,0.094471",3120,4160,0.01314118,small,False
val,445,batch_13/000044.jpg,batch_13_000044.jpg,1575,0,bag_wrapper,"3533.00,1438.00,417.00,459.00","0.899399,0.534455,0.100240,0.147115",4160,3120,0.0147469,small,False
train,446,batch_13/000045.jpg,batch_13_000045.jpg,1577,3,can,"745.00,943.00,516.00,936.00","0.321474,0.339183,0.165385,0.225000",3120,4160,0.03721154,small,False
train,446,batch_13/000045.jpg,batch_13_000045.jpg,1579,3,can,"1310.00,2753.00,654.00,853.00","0.524679,0.764303,0.209615,0.205048",3120,4160,0.04298123,small,False
train,447,batch_13/000046.jpg,batch_13_000046.jpg,1581,0,bag_wrapper,"945.00,184.00,2428.00,2446.00","0.518990,0.450962,0.583654,0.783974",4160,3120,0.45756965,large,False
train,448,batch_13/000047.jpg,batch_13_000047.jpg,1583,7,straw,"3112.00,605.00,644.00,1849.00","0.825481,0.490224,0.154808,0.592628",4160,3120,0.0917434,medium,False
train,449,batch_13/000048.jpg,batch_13_000048.jpg,1584,4,carton,"930.00,1688.00,715.00,1553.00","0.412660,0.592428,0.229167,0.373317",3120,4160,0.08555188,medium,False
test,451,batch_13/000050.jpg,batch_13_000050.jpg,1589,5,cigarette,"2.00,557.00,397.00,569.00","0.048197,0.269712,0.095433,0.182372",4160,3120,0.01740423,small,False
train,452,batch_13/000051.jpg,batch_13_000051.jpg,1590,0,bag_wrapper,"1751.00,916.00,1523.00,1484.00","0.603966,0.531410,0.366106,0.475641",4160,3120,0.17413492,medium,False
val,453,batch_13/000052.jpg,batch_13_000052.jpg,1591,4,carton,"2215.00,1197.00,1490.00,973.00","0.711538,0.539583,0.358173,0.311859",4160,3120,0.11169949,medium,False
train,454,batch_13/000053.jpg,batch_13_000053.jpg,1594,4,carton,"2279.00,1151.00,135.00,181.00","0.564063,0.397917,0.032452,0.058013",4160,3120,0.00188263,tiny,False
train,455,batch_13/000054.jpg,batch_13_000054.jpg,1596,4,carton,"836.00,632.00,1562.00,1484.00","0.388702,0.440385,0.375481,0.475641",4160,3120,0.17859406,medium,False
train,455,batch_13/000054.jpg,batch_13_000054.jpg,1597,3,can,"876.00,1668.00,256.00,164.00","0.241346,0.560897,0.061538,0.052564",4160,3120,0.00323471,tiny,False
train,455,batch_13/000054.jpg,batch_13_000054.jpg,1598,3,can,"926.00,1827.00,196.00,329.00","0.246154,0.638301,0.047115,0.105449",4160,3120,0.00496826,tiny,False
train,455,batch_13/000054.jpg,batch_13_000054.jpg,1599,3,can,"1120.00,1801.00,184.00,329.00","0.291346,0.629968,0.044231,0.105449",4160,3120,0.00466408,tiny,False
train,455,batch_13/000054.jpg,batch_13_000054.jpg,1600,3,can,"1192.00,1837.00,262.00,277.00","0.318029,0.633173,0.062981,0.088782",4160,3120,0.00559156,tiny,False
train,455,batch_13/000054.jpg,batch_13_000054.jpg,1601,3,can,"815.00,2150.00,351.00,198.00","0.238101,0.720833,0.084375,0.063462",4160,3120,0.00535457,tiny,False
train,455,batch_13/000054.jpg,batch_13_000054.jpg,1602,3,can,"782.00,2338.00,227.00,296.00","0.215264,0.796795,0.054567,0.094872",4160,3120,0.0051769,tiny,False
train,455,batch_13/000054.jpg,batch_13_000054.jpg,1603,3,can,"1016.00,2353.00,268.00,359.00","0.276442,0.811699,0.064423,0.115064",4160,3120,0.00741278,tiny,False
train,455,batch_13/000054.jpg,batch_13_000054.jpg,1604,3,can,"1308.00,2413.00,326.00,341.00","0.353606,0.828045,0.078365,0.109295",4160,3120,0.00856493,tiny,False
train,455,batch_13/000054.jpg,batch_13_000054.jpg,1605,3,can,"1168.00,2142.00,338.00,283.00","0.321394,0.731891,0.081250,0.090705",4160,3120,0.00736979,tiny,False
train,455,batch_13/000054.jpg,batch_13_000054.jpg,1606,3,can,"1356.00,2046.00,352.00,274.00","0.368269,0.699679,0.084615,0.087821",4160,3120,0.00743097,tiny,False
train,455,batch_13/000054.jpg,batch_13_000054.jpg,1607,3,can,"1842.00,1695.00,339.00,361.00","0.483534,0.601122,0.081490,0.115705",4160,3120,0.00942886,tiny,False
train,455,batch_13/000054.jpg,batch_13_000054.jpg,1608,3,can,"2013.00,2236.00,253.00,382.00","0.514303,0.777885,0.060817,0.122436",4160,3120,0.00744622,tiny,False
train,455,batch_13/000054.jpg,batch_13_000054.jpg,1609,3,can,"2360.00,1061.00,286.00,392.00","0.601683,0.402885,0.068750,0.125641",4160,3120,0.00863782,tiny,False
train,455,batch_13/000054.jpg,batch_13_000054.jpg,1610,3,can,"2548.00,905.00,407.00,346.00","0.661418,0.345513,0.097837,0.110897",4160,3120,0.01084982,small,False
train,455,batch_13/000054.jpg,batch_13_000054.jpg,1611,3,can,"3500.00,1269.00,288.00,435.00","0.875962,0.476442,0.069231,0.139423",4160,3120,0.00965237,tiny,False
train,457,batch_13/000056.jpg,batch_13_000056.jpg,1618,6,cup,"1522.00,883.00,538.00,943.00","0.574038,0.325601,0.172436,0.226683",3120,4160,0.03908823,small,False
train,457,batch_13/000056.jpg,batch_13_000056.jpg,1619,7,straw,"1717.00,802.00,130.00,1022.00","0.571154,0.315625,0.041667,0.245673",3120,4160,0.01023638,small,False
train,457,batch_13/000056.jpg,batch_13_000056.jpg,1622,5,cigarette,"724.00,60.00,107.00,95.00","0.249199,0.025841,0.034295,0.022837",3120,4160,0.00078318,tiny,False
train,457,batch_13/000056.jpg,batch_13_000056.jpg,1623,4,carton,"106.00,3.00,504.00,935.00","0.114744,0.113101,0.161538,0.224760",3120,4160,0.03630732,small,False
train,457,batch_13/000056.jpg,batch_13_000056.jpg,1624,0,bag_wrapper,"504.00,1194.00,842.00,581.00","0.296474,0.356851,0.269872,0.139663",3120,4160,0.03769123,small,False
train,458,batch_13/000057.jpg,batch_13_000057.jpg,1625,0,bag_wrapper,"1127.00,1086.00,695.00,2755.00","0.472596,0.592187,0.222756,0.662260",3120,4160,0.14752257,medium,False
train,459,batch_13/000058.jpg,batch_13_000058.jpg,1626,0,bag_wrapper,"1554.00,1040.00,2181.00,1220.33","0.635697,0.528900,0.524279,0.391133",4160,3120,0.20506251,large,False
train,460,batch_13/000059.jpg,batch_13_000059.jpg,1627,6,cup,"2.00,862.00,738.00,871.00","0.122685,0.321801,0.244048,0.216022",3024,4032,0.05271961,medium,False
train,460,batch_13/000059.jpg,batch_13_000059.jpg,1628,6,cup,"134.00,1284.00,904.00,825.00","0.193783,0.420759,0.298942,0.204613",3024,4032,0.06116741,medium,False
train,460,batch_13/000059.jpg,batch_13_000059.jpg,1629,1,bottle,"644.00,438.00,1534.00,1036.00","0.466601,0.237103,0.507275,0.256944",3024,4032,0.13034153,medium,False
train,460,batch_13/000059.jpg,batch_13_000059.jpg,1632,6,cup,"1942.00,664.00,1082.00,1054.00","0.821098,0.295387,0.357804,0.261409",3024,4032,0.09353315,medium,False
train,460,batch_13/000059.jpg,batch_13_000059.jpg,1633,6,cup,"1817.00,1680.00,1207.00,1060.00","0.800430,0.548115,0.399140,0.262897",3024,4032,0.10493269,medium,False
train,460,batch_13/000059.jpg,batch_13_000059.jpg,1634,3,can,"845.00,2616.00,1172.00,1063.00","0.473214,0.780630,0.387566,0.263641",3024,4032,0.10217827,medium,False
train,460,batch_13/000059.jpg,batch_13_000059.jpg,1637,7,straw,"1304.00,1092.00,831.00,284.00","0.568618,0.306052,0.274802,0.070437",3024,4032,0.01935606,small,False
train,462,batch_13/000061.jpg,batch_13_000061.jpg,1639,0,bag_wrapper,"312.00,1064.00,2618.00,1598.00","0.519551,0.447837,0.839103,0.384135",3120,4160,0.32232834,large,False
test,466,batch_13/000065.jpg,batch_13_000065.jpg,1643,0,bag_wrapper,"1.00,971.00,2514.00,3188.00","0.403205,0.616587,0.805769,0.766346",3120,4160,0.61749815,large,False
train,467,batch_13/000066.jpg,batch_13_000066.jpg,1644,2,bottle_cap,"1168.00,858.00,901.00,894.00","0.389062,0.418269,0.216587,0.286538",4160,3120,0.06206037,medium,False
train,468,batch_13/000067.jpg,batch_13_000067.jpg,1645,1,bottle,"395.00,1032.00,3758.00,1042.00","0.546635,0.497756,0.903365,0.333974",4160,3120,0.30170088,large,False
train,472,batch_13/000071.jpg,batch_13_000071.jpg,1649,4,carton,"1160.00,1501.00,1312.00,1694.00","0.582051,0.564423,0.420513,0.407212",3120,4160,0.17123767,medium,False
train,474,batch_13/000073.jpg,batch_13_000073.jpg,1651,2,bottle_cap,"1679.00,1010.00,740.00,750.00","0.492548,0.443910,0.177885,0.240385",4160,3120,0.04276072,small,False
train,475,batch_13/000074.jpg,batch_13_000074.jpg,1652,0,bag_wrapper,"915.00,318.00,1749.00,2170.00","0.430168,0.449679,0.420433,0.695513",4160,3120,0.29241633,large,False
train,477,batch_13/000076.jpg,batch_13_000076.jpg,1654,0,bag_wrapper,"969.00,1002.00,1321.00,2816.00","0.522276,0.579327,0.423397,0.676923",3120,4160,0.2866075,large,False
test,478,batch_13/000077.jpg,batch_13_000077.jpg,1655,2,bottle_cap,"1020.00,1488.00,939.00,959.00","0.477404,0.472957,0.300962,0.230529",3120,4160,0.06938032,medium,False
test,479,batch_13/000078.jpg,batch_13_000078.jpg,1656,4,carton,"312.00,790.00,2326.00,2304.00","0.472756,0.466827,0.745513,0.553846",3120,4160,0.41289941,large,False
test,479,batch_13/000078.jpg,batch_13_000078.jpg,1657,0,bag_wrapper,"289.00,1349.00,2057.00,1832.00","0.422276,0.544471,0.659295,0.440385",3120,4160,0.29034332,large,False
train,480,batch_13/000079.jpg,batch_13_000079.jpg,1658,2,bottle_cap,"1307.00,1082.00,1028.00,1010.00","0.583654,0.381490,0.329487,0.242788",3120,4160,0.07999569,medium,False
test,481,batch_13/000080.jpg,batch_13_000080.jpg,1659,0,bag_wrapper,"48.00,1096.00,3068.00,2494.00","0.507051,0.563221,0.983333,0.599519",3120,4160,0.58952724,large,False
train,482,batch_13/000081.jpg,batch_13_000081.jpg,1661,2,bottle_cap,"939.00,1670.00,1075.00,1065.00","0.473237,0.529447,0.344551,0.256010",3120,4160,0.08820844,medium,False
train,483,batch_13/000082.jpg,batch_13_000082.jpg,1662,3,can,"893.00,831.00,1190.00,2525.00","0.476923,0.503245,0.381410,0.606971",3120,4160,0.23150502,large,False
train,484,batch_13/000083.jpg,batch_13_000083.jpg,1663,0,bag_wrapper,"962.00,880.00,2103.00,1432.00","0.484014,0.511538,0.505529,0.458974",4160,3120,0.23202478,large,False
train,484,batch_13/000083.jpg,batch_13_000083.jpg,1664,0,bag_wrapper,"2813.00,701.00,764.00,874.00","0.768029,0.364744,0.183654,0.280128",4160,3120,0.05144662,medium,False
train,484,batch_13/000083.jpg,batch_13_000083.jpg,1666,5,cigarette,"3628.00,674.00,191.00,230.00","0.895072,0.252885,0.045913,0.073718",4160,3120,0.00338465,tiny,False
train,485,batch_13/000084.jpg,batch_13_000084.jpg,1667,2,bottle_cap,"412.00,2266.00,414.00,410.00","0.148798,0.791987,0.099519,0.131410",4160,3120,0.01307785,small,False
train,485,batch_13/000084.jpg,batch_13_000084.jpg,1668,2,bottle_cap,"937.00,1747.00,417.00,424.00","0.275361,0.627885,0.100240,0.135897",4160,3120,0.01362241,small,False
train,485,batch_13/000084.jpg,batch_13_000084.jpg,1669,2,bottle_cap,"1314.00,1470.00,422.00,425.00","0.366587,0.539263,0.101442,0.136218",4160,3120,0.01381826,small,False
train,485,batch_13/000084.jpg,batch_13_000084.jpg,1670,2,bottle_cap,"1873.00,1051.00,435.00,410.00","0.502524,0.402564,0.104567,0.131410",4160,3120,0.01374122,small,False
train,485,batch_13/000084.jpg,batch_13_000084.jpg,1671,2,bottle_cap,"2161.00,1426.00,423.00,411.00","0.570312,0.522917,0.101683,0.131731",4160,3120,0.01339474,small,False
train,485,batch_13/000084.jpg,batch_13_000084.jpg,1672,2,bottle_cap,"2495.00,1098.00,425.00,434.00","0.650841,0.421474,0.102163,0.139103",4160,3120,0.0142112,small,False
train,485,batch_13/000084.jpg,batch_13_000084.jpg,1673,2,bottle_cap,"2653.00,616.00,442.00,440.00","0.690865,0.267949,0.106250,0.141026",4160,3120,0.01498397,small,False
train,485,batch_13/000084.jpg,batch_13_000084.jpg,1674,2,bottle_cap,"2248.00,390.00,433.00,441.00","0.592428,0.195673,0.104087,0.141346",4160,3120,0.01471223,small,False
train,485,batch_13/000084.jpg,batch_13_000084.jpg,1675,2,bottle_cap,"3116.00,421.00,453.00,463.00","0.803486,0.209135,0.108894,0.148397",4160,3120,0.01615962,small,False
train,486,batch_13/000085.jpg,batch_13_000085.jpg,1676,0,bag_wrapper,"706.00,1378.00,1708.00,1179.00","0.500000,0.472957,0.547436,0.283413",3120,4160,0.1551507,medium,False
train,487,batch_13/000086.jpg,batch_13_000086.jpg,1677,1,bottle,"990.00,628.00,1360.00,2420.00","0.535256,0.441827,0.435897,0.581731",3120,4160,0.25357495,large,False
train,488,batch_13/000087.jpg,batch_13_000087.jpg,1678,5,cigarette,"2073.00,1088.00,211.00,682.00","0.698237,0.343510,0.067628,0.163942",3120,4160,0.01108712,small,False
train,488,batch_13/000087.jpg,batch_13_000087.jpg,1679,5,cigarette,"1171.00,2972.00,587.00,478.00","0.469391,0.771875,0.188141,0.114904",3120,4160,0.02161813,small,False
train,489,batch_13/000088.jpg,batch_13_000088.jpg,1681,3,can,"807.00,512.00,2247.00,1260.00","0.464062,0.366026,0.540144,0.403846",4160,3120,0.21813517,large,False
train,490,batch_13/000089.jpg,batch_13_000089.jpg,1682,5,cigarette,"1055.00,839.00,370.00,320.00","0.397436,0.240144,0.118590,0.076923",3120,4160,0.00912229,tiny,False
train,490,batch_13/000089.jpg,batch_13_000089.jpg,1683,5,cigarette,"1546.00,2846.00,428.00,321.00","0.564103,0.722716,0.137179,0.077163",3120,4160,0.01058524,small,False
val,491,batch_13/000090.jpg,batch_13_000090.jpg,1684,2,bottle_cap,"840.00,973.00,1064.00,1079.00","0.329808,0.484776,0.255769,0.345833",4160,3120,0.08845353,medium,False
val,491,batch_13/000090.jpg,batch_13_000090.jpg,1685,2,bottle_cap,"2559.00,884.00,1122.00,1101.00","0.750000,0.459776,0.269712,0.352885",4160,3120,0.09517705,medium,False
train,493,batch_13/000092.jpg,batch_13_000092.jpg,1687,1,bottle,"975.50,367.00,1063.00,3586.00","0.483013,0.519231,0.340705,0.862019",3120,4160,0.29369437,large,False
train,493,batch_13/000092.jpg,batch_13_000092.jpg,1688,2,bottle_cap,"1330.00,370.00,455.00,263.00","0.499199,0.120553,0.145833,0.063221",3120,4160,0.00921975,tiny,False
train,494,batch_13/000093.jpg,batch_13_000093.jpg,1689,1,bottle,"40.00,450.00,3688.00,1498.00","0.452885,0.384295,0.886538,0.480128",4160,3120,0.42565212,large,False
train,495,batch_13/000094.jpg,batch_13_000094.jpg,1690,3,can,"727.00,821.00,3082.00,1437.00","0.545192,0.493429,0.740865,0.460577",4160,3120,0.3412255,large,False
train,496,batch_13/000095.jpg,batch_13_000095.jpg,1692,1,bottle,"550.00,771.00,996.00,3015.00","0.335897,0.547716,0.319231,0.724760",3120,4160,0.23136557,large,False
train,496,batch_13/000095.jpg,batch_13_000095.jpg,1693,1,bottle,"1602.00,412.00,969.00,3116.00","0.668750,0.473558,0.310577,0.749038",3120,4160,0.23263406,large,False
train,496,batch_13/000095.jpg,batch_13_000095.jpg,1694,2,bottle_cap,"1956.00,413.00,393.00,220.00","0.689904,0.125721,0.125962,0.052885",3120,4160,0.00666143,tiny,False
train,500,batch_13/000099.jpg,batch_13_000099.jpg,1699,0,bag_wrapper,"1036.00,1.00,1928.00,3118.00","0.480769,0.500000,0.463462,0.999359",4160,3120,0.46316445,large,False
test,501,batch_14/000000.jpg,batch_14_000000.jpg,1700,0,bag_wrapper,"885.00,599.00,2554.00,1347.00","0.519712,0.407853,0.613942,0.431731",4160,3120,0.26505778,large,False
train,502,batch_14/000001.jpg,batch_14_000001.jpg,1701,6,cup,"1270.00,791.00,1807.00,1790.00","0.522476,0.540385,0.434375,0.573718",4160,3120,0.24920873,large,False
train,503,batch_14/000002.jpg,batch_14_000002.jpg,1702,6,cup,"1080.00,97.00,2508.00,2292.00","0.561058,0.398397,0.602885,0.734615",4160,3120,0.44288831,large,False
train,504,batch_14/000003.jpg,batch_14_000003.jpg,1704,0,bag_wrapper,"1357.00,1081.00,1392.00,1076.00","0.493510,0.518910,0.334615,0.344872",4160,3120,0.11539941,medium,False
train,504,batch_14/000003.jpg,batch_14_000003.jpg,1705,5,cigarette,"2647.00,1113.00,632.00,657.00","0.712260,0.462019,0.151923,0.210577",4160,3120,0.03199149,small,False
train,505,batch_14/000004.jpg,batch_14_000004.jpg,1706,0,bag_wrapper,"534.00,354.00,3072.00,2464.00","0.497596,0.508333,0.738462,0.789744",4160,3120,0.58319527,large,False
train,506,batch_14/000005.jpg,batch_14_000005.jpg,1707,7,straw,"529.00,877.00,1941.00,2980.00","0.480609,0.568990,0.622115,0.716346",3120,4160,0.44564996,large,False
train,507,batch_14/000006.jpg,batch_14_000006.jpg,1708,1,bottle,"375.00,607.00,2405.00,3380.00","0.505609,0.552163,0.770833,0.812500",3120,4160,0.62630208,large,False
train,507,batch_14/000006.jpg,batch_14_000006.jpg,1709,2,bottle_cap,"371.00,3386.00,755.00,604.00","0.239904,0.886538,0.241987,0.145192",3120,4160,0.03513468,small,False
train,508,batch_14/000007.jpg,batch_14_000007.jpg,1710,1,bottle,"285.00,998.00,3368.00,1131.00","0.473317,0.501122,0.809615,0.362500",4160,3120,0.29348558,large,False
train,508,batch_14/000007.jpg,batch_14_000007.jpg,1711,2,bottle_cap,"3356.00,1348.00,298.00,567.00","0.842548,0.522917,0.071635,0.181731",4160,3120,0.01301821,small,False
train,509,batch_14/000008.jpg,batch_14_000008.jpg,1712,2,bottle_cap,"1202.90,1635.00,1085.00,1066.00","0.559425,0.521154,0.347756,0.256250",3120,4160,0.08911258,medium,False
train,511,batch_14/000010.jpg,batch_14_000010.jpg,1715,0,bag_wrapper,"253.00,958.00,2611.00,1262.00","0.374639,0.509295,0.627644,0.404487",4160,3120,0.25387404,large,False
train,512,batch_14/000011.jpg,batch_14_000011.jpg,1716,5,cigarette,"1246.00,560.00,1641.00,1038.00","0.496755,0.345833,0.394471,0.332692",4160,3120,0.13123752,medium,False
train,513,batch_14/000012.jpg,batch_14_000012.jpg,1717,0,bag_wrapper,"591.67,32.05,3557.43,2803.76","0.569803,0.459593,0.855151,0.898642",4160,3120,0.76847435,large,False
train,514,batch_14/000013.jpg,batch_14_000013.jpg,1718,1,bottle,"465.00,1150.00,3573.00,1192.00","0.541226,0.559615,0.858894,0.382051",4160,3120,0.32814164,large,False
train,514,batch_14/000013.jpg,batch_14_000013.jpg,1719,2,bottle_cap,"465.00,1502.00,389.00,544.00","0.158534,0.568590,0.093510,0.174359",4160,3120,0.01630424,small,False
train,516,batch_14/000015.jpg,batch_14_000015.jpg,1722,1,bottle,"2587.00,2052.00,1283.00,1049.00","0.776082,0.825801,0.308413,0.336218",4160,3120,0.10369414,medium,False
train,518,batch_14/000017.jpg,batch_14_000017.jpg,1725,4,carton,"601.00,619.00,2709.00,1932.00","0.470072,0.508013,0.651202,0.619231",4160,3120,0.40324427,large,False
train,519,batch_14/000018.jpg,batch_14_000018.jpg,1726,0,bag_wrapper,"1445.00,1078.00,903.00,877.00","0.455889,0.486058,0.217067,0.281090",4160,3120,0.06101539,medium,False
val,520,batch_14/000019.jpg,batch_14_000019.jpg,1727,1,bottle,"327.00,81.00,2309.00,3995.00","0.474840,0.499639,0.740064,0.960337",3120,4160,0.7107106,large,False
val,520,batch_14/000019.jpg,batch_14_000019.jpg,1728,2,bottle_cap,"327.00,3652.00,511.00,427.00","0.186699,0.929207,0.163782,0.102644",3120,4160,0.01681128,small,False
train,521,batch_14/000020.jpg,batch_14_000020.jpg,1729,4,carton,"579.00,517.00,2956.00,2400.00","0.494471,0.550321,0.710577,0.769231",4160,3120,0.54659763,large,False
train,522,batch_14/000021.jpg,batch_14_000021.jpg,1730,3,can,"1175.00,1930.00,350.00,242.00","0.446429,0.508681,0.115741,0.060020",3024,4032,0.00694674,tiny,False
train,522,batch_14/000021.jpg,batch_14_000021.jpg,1731,1,bottle,"1433.00,2971.00,564.00,248.00","0.567130,0.767609,0.186508,0.061508",3024,4032,0.01147172,small,False
train,522,batch_14/000021.jpg,batch_14_000021.jpg,1732,4,carton,"1591.00,1419.00,294.00,456.00","0.574735,0.408482,0.097222,0.113095",3024,4032,0.01099537,small,False
test,523,batch_14/000022.jpg,batch_14_000022.jpg,1734,0,bag_wrapper,"1227.00,706.00,1431.00,1235.00","0.562066,0.382957,0.414062,0.357350",3456,3456,0.14796504,medium,False
test,523,batch_14/000022.jpg,batch_14_000022.jpg,1737,6,cup,"909.00,1232.00,443.00,413.00","0.327112,0.416233,0.128183,0.119502",3456,3456,0.01531815,small,False
train,524,batch_14/000023.jpg,batch_14_000023.jpg,1739,1,bottle,"483.00,1509.00,1858.00,1818.00","0.452564,0.581250,0.595513,0.437019",3120,4160,0.26025055,large,False
train,524,batch_14/000023.jpg,batch_14_000023.jpg,1740,2,bottle_cap,"2137.00,3136.00,205.00,191.00","0.717788,0.776803,0.065705,0.045913",3120,4160,0.00301675,tiny,False
val,525,batch_14/000024.jpg,batch_14_000024.jpg,1741,3,can,"1221.00,2156.00,806.00,1030.00","0.520513,0.642067,0.258333,0.247596",3120,4160,0.06396234,medium,False
test,526,batch_14/000025.jpg,batch_14_000025.jpg,1742,1,bottle,"670.00,1870.00,1580.00,507.00","0.467949,0.510457,0.506410,0.121875",3120,4160,0.06171875,medium,False
test,526,batch_14/000025.jpg,batch_14_000025.jpg,1743,2,bottle_cap,"2145.00,1978.00,108.00,239.00","0.704808,0.504207,0.034615,0.057452",3120,4160,0.00198872,tiny,False
train,527,batch_14/000026.jpg,batch_14_000026.jpg,1744,0,bag_wrapper,"1482.00,2023.00,563.00,287.00","0.583168,0.537326,0.186177,0.071181",3024,4032,0.0132522,small,False
train,528,batch_14/000027.jpg,batch_14_000027.jpg,1745,0,bag_wrapper,"627.00,2099.00,757.00,678.00","0.332507,0.604663,0.250331,0.168155",3024,4032,0.0420943,small,False
train,529,batch_14/000028.jpg,batch_14_000028.jpg,1746,0,bag_wrapper,"684.00,1423.00,1310.00,588.00","0.442791,0.425843,0.433201,0.145833",3024,4032,0.06317515,medium,False
test,530,batch_14/000029.jpg,batch_14_000029.jpg,1747,2,bottle_cap,"1245.95,2700.71,422.00,433.00","0.481796,0.723515,0.139550,0.107391",3024,4032,0.01498642,small,False
val,531,batch_14/000030.jpg,batch_14_000030.jpg,1748,2,bottle_cap,"1206.00,2049.00,449.00,441.00","0.473049,0.562872,0.148479,0.109375",3024,4032,0.01623987,small,False
val,532,batch_14/000031.jpg,batch_14_000031.jpg,1749,6,cup,"1137.00,2010.00,1883.00,1484.00","0.687335,0.682540,0.622685,0.368056",3024,4032,0.22918274,large,False
train,533,batch_14/000032.jpg,batch_14_000032.jpg,1750,5,cigarette,"2556.00,1274.00,82.00,214.00","0.644097,0.456680,0.020337,0.070767",4032,3024,0.00143921,tiny,False
train,533,batch_14/000032.jpg,batch_14_000032.jpg,1751,0,bag_wrapper,"2031.00,2239.00,369.00,513.00","0.549479,0.825231,0.091518,0.169643",4032,3024,0.01552535,small,False
train,534,batch_14/000033.jpg,batch_14_000033.jpg,1752,6,cup,"1440.00,2568.00,216.00,200.00","0.511905,0.661706,0.071429,0.049603",3024,4032,0.00354308,tiny,False
train,535,batch_14/000034.jpg,batch_14_000034.jpg,1753,0,bag_wrapper,"1311.00,1763.00,361.00,528.00","0.493221,0.502728,0.119378,0.130952",3024,4032,0.01563287,small,False
test,536,batch_14/000035.jpg,batch_14_000035.jpg,1754,0,bag_wrapper,"792.39,1844.63,1114.00,517.00","0.446228,0.521610,0.368386,0.128224",3024,4032,0.04723603,small,False
train,537,batch_14/000036.jpg,batch_14_000036.jpg,1755,3,can,"815.00,1508.00,848.00,675.00","0.409722,0.457713,0.280423,0.167411",3024,4032,0.04694586,small,False
train,538,batch_14/000037.jpg,batch_14_000037.jpg,1757,1,bottle,"988.00,1551.00,1027.00,1242.00","0.496528,0.538690,0.339616,0.308036",3024,4032,0.10461398,medium,False
train,538,batch_14/000037.jpg,batch_14_000037.jpg,1758,2,bottle_cap,"988.00,2583.00,261.00,213.00","0.369874,0.667039,0.086310,0.052827",3024,4032,0.00455951,tiny,False
train,539,batch_14/000038.jpg,batch_14_000038.jpg,1760,1,bottle,"876.19,1597.52,1110.00,810.00","0.473277,0.496658,0.367063,0.200893",3024,4032,0.07374041,medium,False
test,540,batch_14/000039.jpg,batch_14_000039.jpg,1761,1,bottle,"852.00,1713.00,1206.00,1123.00","0.481151,0.564112,0.398810,0.278522",3024,4032,0.11107716,medium,False
test,541,batch_14/000040.jpg,batch_14_000040.jpg,1762,2,bottle_cap,"1039.00,2148.00,319.00,307.00","0.396329,0.570809,0.105489,0.076141",3024,4032,0.00803206,tiny,False
train,542,batch_14/000041.jpg,batch_14_000041.jpg,1763,7,straw,"960.00,1665.00,416.00,1233.00","0.386243,0.565848,0.137566,0.305804",3024,4032,0.04206822,small,False
train,543,batch_14/000042.jpg,batch_14_000042.jpg,1764,1,bottle,"795.00,1791.00,718.00,849.00","0.381614,0.549479,0.237434,0.210565",3024,4032,0.04999537,small,False
train,543,batch_14/000042.jpg,batch_14_000042.jpg,1765,2,bottle_cap,"1421.00,2606.00,197.00,204.00","0.502480,0.671627,0.065146,0.050595",3024,4032,0.00329605,tiny,False
train,544,batch_14/000043.jpg,batch_14_000043.jpg,1766,2,bottle_cap,"2315.00,1696.00,302.00,299.00","0.611607,0.610284,0.074901,0.098876",4032,3024,0.00740587,tiny,False
train,545,batch_14/000044.jpg,batch_14_000044.jpg,1769,2,bottle_cap,"1112.00,1982.00,416.00,424.00","0.436508,0.544147,0.137566,0.105159",3024,4032,0.01446628,small,False
train,546,batch_14/000045.jpg,batch_14_000045.jpg,1770,5,cigarette,"1170.00,2306.00,243.00,329.00","0.427083,0.612723,0.080357,0.081597",3024,4032,0.00655692,tiny,False
train,546,batch_14/000045.jpg,batch_14_000045.jpg,1771,5,cigarette,"662.00,2653.00,277.00,330.00","0.264716,0.698909,0.091601,0.081845",3024,4032,0.00749707,tiny,False
train,548,batch_14/000047.jpg,batch_14_000047.jpg,1773,3,can,"1596.76,1917.73,496.00,806.00","0.610038,0.575577,0.164021,0.199901",3024,4032,0.03278796,small,False
train,548,batch_14/000047.jpg,batch_14_000047.jpg,1775,3,can,"1232.27,2069.73,495.36,546.00","0.489401,0.581035,0.163811,0.135417",3024,4032,0.0221827,small,False
train,548,batch_14/000047.jpg,batch_14_000047.jpg,1776,5,cigarette,"1649.99,1697.72,87.00,66.00","0.560018,0.429246,0.028770,0.016369",3024,4032,0.00047093,tiny,False
test,549,batch_14/000048.jpg,batch_14_000048.jpg,1777,1,bottle,"171.03,-1.32,518.36,413.43","0.510938,0.434722,0.615625,0.869444",842,474,0.53525174,large,True
test,549,batch_14/000048.jpg,batch_14_000048.jpg,1778,0,bag_wrapper,"319.70,246.22,299.96,226.47","0.557812,0.758333,0.356250,0.477778",842,474,0.17020832,medium,False
train,552,batch_14/000051.jpg,batch_14_000051.jpg,1781,2,bottle_cap,"2332.00,1607.00,461.00,326.00","0.635541,0.585317,0.114335,0.107804",4032,3024,0.01232583,small,False
train,557,batch_14/000056.jpg,batch_14_000056.jpg,1787,2,bottle_cap,"889.00,1487.00,1062.00,1218.00","0.469577,0.519841,0.351190,0.302083",3024,4032,0.10608879,medium,False
test,558,batch_14/000057.jpg,batch_14_000057.jpg,1788,0,bag_wrapper,"1626.00,1762.00,2136.00,584.00","0.668155,0.679233,0.529762,0.193122",4032,3024,0.10230852,medium,False
train,560,batch_14/000059.jpg,batch_14_000059.jpg,1790,4,carton,"1168.00,1620.00,440.00,547.00","0.458995,0.469618,0.145503,0.135665",3024,4032,0.01973957,small,False
train,563,batch_14/000062.jpg,batch_14_000062.jpg,1793,0,bag_wrapper,"851.00,1927.00,796.00,1075.00","0.413029,0.611235,0.263228,0.266617",3024,4032,0.07018095,medium,False
train,563,batch_14/000062.jpg,batch_14_000062.jpg,1794,4,carton,"836.00,1572.00,762.00,364.00","0.402447,0.435020,0.251984,0.090278",3024,4032,0.02274857,small,False
test,565,batch_14/000064.jpg,batch_14_000064.jpg,1796,0,bag_wrapper,"928.00,1567.00,1047.00,1473.00","0.479993,0.571305,0.346230,0.365327",3024,4032,0.12648736,medium,False
test,566,batch_14/000065.jpg,batch_14_000065.jpg,1797,0,bag_wrapper,"1080.00,1439.00,687.00,975.00","0.470734,0.477803,0.227183,0.241815",3024,4032,0.05493625,medium,False
train,567,batch_14/000066.jpg,batch_14_000066.jpg,1798,6,cup,"386.00,1415.00,1562.00,1231.00","0.385913,0.503596,0.516534,0.305308",3024,4032,0.15770184,medium,False
train,568,batch_14/000067.jpg,batch_14_000067.jpg,1799,0,bag_wrapper,"1151.00,1902.00,563.00,899.00","0.473710,0.583209,0.186177,0.222966",3024,4032,0.04151125,small,False
train,568,batch_14/000067.jpg,batch_14_000067.jpg,1800,0,bag_wrapper,"1254.00,857.00,198.00,299.00","0.447421,0.249628,0.065476,0.074157",3024,4032,0.0048555,tiny,False
train,568,batch_14/000067.jpg,batch_14_000067.jpg,1801,0,bag_wrapper,"1037.00,894.00,187.00,119.00","0.373843,0.236483,0.061839,0.029514",3024,4032,0.0018251,tiny,False
train,569,batch_14/000068.jpg,batch_14_000068.jpg,1802,0,bag_wrapper,"982.80,2031.75,774.90,554.40","0.453125,0.572656,0.256250,0.137500",3024,4032,0.03523438,small,False
train,570,batch_14/000069.jpg,batch_14_000069.jpg,1803,3,can,"25.00,1561.00,2315.00,1374.00","0.391038,0.557540,0.765542,0.340774",3024,4032,0.26087678,large,False
val,572,batch_14/000071.jpg,batch_14_000071.jpg,1806,4,carton,"1506.00,1912.00,266.00,259.00","0.541997,0.506324,0.087963,0.064236",3024,4032,0.0056504,tiny,False
val,572,batch_14/000071.jpg,batch_14_000071.jpg,1807,4,carton,"1634.00,3785.00,131.00,131.00","0.562004,0.954985,0.043320,0.032490",3024,4032,0.00140747,tiny,False
val,576,batch_14/000075.jpg,batch_14_000075.jpg,1811,2,bottle_cap,"1250.00,2049.00,459.00,455.00","0.489253,0.564608,0.151786,0.112847",3024,4032,0.0171286,small,False
train,578,batch_14/000077.jpg,batch_14_000077.jpg,1813,1,bottle,"1131.00,2248.00,1273.00,806.00","0.584491,0.657490,0.420966,0.199901",3024,4032,0.08415136,medium,False
train,578,batch_14/000077.jpg,batch_14_000077.jpg,1814,2,bottle_cap,"991.00,2828.50,227.00,288.00","0.365245,0.737227,0.075066,0.071429",3024,4032,0.00536187,tiny,False
val,579,batch_14/000078.jpg,batch_14_000078.jpg,1815,2,bottle_cap,"1412.00,2856.00,274.00,266.00","0.512235,0.741319,0.090608,0.065972",3024,4032,0.00597764,tiny,False
train,580,batch_14/000079.jpg,batch_14_000079.jpg,1816,1,bottle,"1324.00,2005.00,1017.00,860.00","0.605985,0.603919,0.336310,0.213294",3024,4032,0.07173269,medium,False
train,580,batch_14/000079.jpg,batch_14_000079.jpg,1817,3,can,"1848.00,2531.00,486.00,582.00","0.691468,0.699901,0.160714,0.144345",3024,4032,0.02319834,small,False
train,580,batch_14/000079.jpg,batch_14_000079.jpg,1818,3,can,"1074.00,1449.00,569.00,708.00","0.449239,0.447173,0.188161,0.175595",3024,4032,0.03304024,small,False
train,582,batch_14/000081.jpg,batch_14_000081.jpg,1821,1,bottle,"1031.00,1798.00,1774.00,503.00","0.634259,0.508309,0.586640,0.124752",3024,4032,0.07318453,medium,False
train,582,batch_14/000081.jpg,batch_14_000081.jpg,1822,1,bottle,"2002.00,1950.00,1020.00,1064.00","0.830688,0.615575,0.337302,0.263889",3024,4032,0.08901014,medium,False
train,582,batch_14/000081.jpg,batch_14_000081.jpg,1823,1,bottle,"2527.00,2803.00,496.00,487.00","0.917659,0.755580,0.164021,0.120784",3024,4032,0.01981109,small,False
train,582,batch_14/000081.jpg,batch_14_000081.jpg,1824,3,can,"313.00,1993.00,402.00,475.00","0.169974,0.553199,0.132937,0.117808",3024,4032,0.01566092,small,False
train,584,batch_14/000083.jpg,batch_14_000083.jpg,1828,0,bag_wrapper,"2136.00,2288.00,219.00,375.00","0.742560,0.613963,0.072421,0.093006",3024,4032,0.00673555,tiny,False
train,585,batch_14/000084.jpg,batch_14_000084.jpg,1830,0,bag_wrapper,"1324.00,2115.00,505.00,330.00","0.521329,0.565476,0.166997,0.081845",3024,4032,0.01366794,small,False
train,586,batch_14/000085.jpg,batch_14_000085.jpg,1831,0,bag_wrapper,"1287.00,2951.00,199.00,222.00","0.458499,0.759425,0.065807,0.055060",3024,4032,0.0036233,tiny,False
test,587,batch_14/000086.jpg,batch_14_000086.jpg,1832,0,bag_wrapper,"1152.14,1268.29,376.00,477.00","0.443169,0.373707,0.124339,0.118304",3024,4032,0.0147097,small,False
train,588,batch_14/000087.jpg,batch_14_000087.jpg,1833,0,bag_wrapper,"1262.00,1886.00,509.00,579.00","0.501488,0.539559,0.168320,0.143601",3024,4032,0.02417097,small,False
train,588,batch_14/000087.jpg,batch_14_000087.jpg,1834,7,straw,"3.00,2343.00,638.00,406.00","0.106481,0.631448,0.210979,0.100694",3024,4032,0.0212444,small,False
train,590,batch_14/000089.jpg,batch_14_000089.jpg,1838,0,bag_wrapper,"1387.00,2755.00,453.00,646.00","0.533565,0.763393,0.149802,0.160218",3024,4032,0.02400095,small,False
train,591,batch_14/000090.jpg,batch_14_000090.jpg,1839,0,bag_wrapper,"1073.00,1935.00,139.00,325.00","0.377811,0.520213,0.045966,0.080605",3024,4032,0.00370507,tiny,False
val,592,batch_14/000091.jpg,batch_14_000091.jpg,1840,2,bottle_cap,"1435.00,2140.50,329.00,344.00","0.528935,0.573537,0.108796,0.085317",3024,4032,0.00928222,tiny,False
train,593,batch_14/000092.jpg,batch_14_000092.jpg,1841,4,carton,"1082.00,1908.00,635.00,423.00","0.462798,0.525670,0.209987,0.104911",3024,4032,0.02202986,small,False
val,594,batch_14/000093.jpg,batch_14_000093.jpg,1843,0,bag_wrapper,"1174.00,2023.00,90.00,75.00","0.403108,0.511037,0.029762,0.018601",3024,4032,0.00055361,tiny,False
train,595,batch_14/000094.jpg,batch_14_000094.jpg,1845,1,bottle,"1631.00,1972.00,364.00,436.00","0.599537,0.543155,0.120370,0.108135",3024,4032,0.01301624,small,False
train,595,batch_14/000094.jpg,batch_14_000094.jpg,1846,2,bottle_cap,"1630.00,2329.00,86.00,77.00","0.553241,0.587178,0.028439,0.019097",3024,4032,0.00054311,tiny,False
train,595,batch_14/000094.jpg,batch_14_000094.jpg,1847,3,can,"1200.00,2518.00,167.00,208.00","0.424438,0.650298,0.055225,0.051587",3024,4032,0.0028489,tiny,False
train,597,batch_14/000096.jpg,batch_14_000096.jpg,1850,1,bottle,"934.00,3067.00,906.00,587.00","0.458664,0.833457,0.299603,0.145585",3024,4032,0.04361782,small,False
train,599,batch_14/000098.jpg,batch_14_000098.jpg,1877,6,cup,"1408.00,2034.00,229.00,172.00","0.503472,0.525794,0.075728,0.042659",3024,4032,0.00323044,tiny,False
test,601,batch_15/000000.jpg,batch_15_000000.jpg,1880,6,cup,"2204.00,2198.00,218.00,253.00","0.764881,0.576513,0.072090,0.062748",3024,4032,0.0045235,tiny,False
test,601,batch_15/000000.jpg,batch_15_000000.jpg,1881,6,cup,"1913.00,2245.00,279.00,211.00","0.678737,0.582961,0.092262,0.052331",3024,4032,0.00482819,tiny,False
test,601,batch_15/000000.jpg,batch_15_000000.jpg,1882,3,can,"569.00,2678.00,366.00,196.00","0.248677,0.688492,0.121032,0.048611",3024,4032,0.00588349,tiny,False
test,601,batch_15/000000.jpg,batch_15_000000.jpg,1883,3,can,"1146.00,347.00,163.00,170.00","0.405919,0.107143,0.053902,0.042163",3024,4032,0.00227266,tiny,False
test,601,batch_15/000000.jpg,batch_15_000000.jpg,1885,3,can,"1249.00,11.00,99.00,171.00","0.429398,0.023934,0.032738,0.042411",3024,4032,0.00138845,tiny,False
test,601,batch_15/000000.jpg,batch_15_000000.jpg,1886,3,can,"1349.00,47.00,109.00,98.00","0.464120,0.023810,0.036045,0.024306",3024,4032,0.00087609,tiny,False
val,602,batch_15/000001.jpg,batch_15_000001.jpg,1888,2,bottle_cap,"1063.00,2602.00,194.00,178.00","0.383598,0.667411,0.064153,0.044147",3024,4032,0.00283217,tiny,False
test,603,batch_15/000002.jpg,batch_15_000002.jpg,1889,6,cup,"1273.00,2148.00,440.00,278.00","0.493717,0.567212,0.145503,0.068948",3024,4032,0.01003218,small,False
test,603,batch_15/000002.jpg,batch_15_000002.jpg,1890,7,straw,"1172.00,2302.00,111.00,30.00","0.405919,0.574653,0.036706,0.007440",3024,4032,0.00027311,tiny,False
train,604,batch_15/000003.jpg,batch_15_000003.jpg,1892,1,bottle,"1208.00,2220.00,305.00,518.00","0.449901,0.614831,0.100860,0.128472",3024,4032,0.01295768,small,False
train,605,batch_15/000004.jpg,batch_15_000004.jpg,1893,1,bottle,"1435.00,1924.00,550.00,322.00","0.565476,0.517113,0.181878,0.079861",3024,4032,0.014525,small,False
train,606,batch_15/000005.jpg,batch_15_000005.jpg,1895,0,bag_wrapper,"946.00,2362.50,778.00,543.00","0.441468,0.653274,0.257275,0.134673",3024,4032,0.03464792,small,False
train,607,batch_15/000006.jpg,batch_15_000006.jpg,1897,6,cup,"1192.00,1561.00,244.00,249.00","0.434524,0.418031,0.080688,0.061756",3024,4032,0.00498295,tiny,False
train,608,batch_15/000007.jpg,batch_15_000007.jpg,1900,4,carton,"2068.00,1508.00,318.00,302.00","0.736442,0.411458,0.105159,0.074901",3024,4032,0.00787647,tiny,False
train,608,batch_15/000007.jpg,batch_15_000007.jpg,1901,0,bag_wrapper,"2235.00,3229.00,342.00,372.00","0.795635,0.846974,0.113095,0.092262",3024,4032,0.01043438,small,False
train,610,batch_15/000009.jpg,batch_15_000009.jpg,1906,4,carton,"1108.00,2319.00,334.00,395.00","0.421627,0.624132,0.110450,0.097966",3024,4032,0.01082035,small,False
train,611,batch_15/000010.jpg,batch_15_000010.jpg,1917,0,bag_wrapper,"598.00,1024.00,856.00,784.00","0.339286,0.351190,0.283069,0.194444",3024,4032,0.05504115,medium,False
train,612,batch_15/000011.jpg,batch_15_000011.jpg,1920,0,bag_wrapper,"1445.00,2076.00,254.00,514.00","0.519841,0.578621,0.083995,0.127480",3024,4032,0.01070766,small,False
train,612,batch_15/000011.jpg,batch_15_000011.jpg,1921,5,cigarette,"2654.00,697.00,84.00,34.00","0.891534,0.177083,0.027778,0.008433",3024,4032,0.00023424,tiny,False
train,613,batch_15/000012.jpg,batch_15_000012.jpg,1923,0,bag_wrapper,"943.00,1855.00,147.00,178.00","0.336144,0.482143,0.048611,0.044147",3024,4032,0.00214603,tiny,False
val,614,batch_15/000013.jpg,batch_15_000013.jpg,1924,3,can,"790.00,2243.00,517.00,541.00","0.346726,0.623388,0.170966,0.134177",3024,4032,0.02293958,small,False
val,614,batch_15/000013.jpg,batch_15_000013.jpg,1926,2,bottle_cap,"1529.00,3422.00,119.00,127.00","0.525298,0.864459,0.039352,0.031498",3024,4032,0.00123951,tiny,False
val,616,batch_15/000015.jpg,batch_15_000015.jpg,1932,1,bottle,"703.00,1417.00,120.00,147.00","0.233762,0.608864,0.036765,0.060049",3264,2448,0.00220768,tiny,False
val,616,batch_15/000015.jpg,batch_15_000015.jpg,1934,1,bottle,"1304.00,879.00,107.00,36.00","0.415901,0.366422,0.032782,0.014706",3264,2448,0.00048209,tiny,False
val,616,batch_15/000015.jpg,batch_15_000015.jpg,1935,6,cup,"1210.00,1013.00,105.00,62.00","0.386795,0.426471,0.032169,0.025327",3264,2448,0.00081474,tiny,False
val,616,batch_15/000015.jpg,batch_15_000015.jpg,1936,1,bottle,"2920.00,1124.00,74.00,59.00","0.905944,0.471201,0.022672,0.024101",3264,2448,0.00054641,tiny,False
val,616,batch_15/000015.jpg,batch_15_000015.jpg,1937,2,bottle_cap,"2924.00,1166.00,18.00,18.00","0.898591,0.479984,0.005515,0.007353",3264,2448,4.055e-05,tiny,False
val,616,batch_15/000015.jpg,batch_15_000015.jpg,1938,1,bottle,"2804.00,1366.00,167.00,57.00","0.884651,0.569649,0.051164,0.023284",3264,2448,0.00119132,tiny,False
val,616,batch_15/000015.jpg,batch_15_000015.jpg,1940,0,bag_wrapper,"1336.00,2085.00,488.00,361.00","0.484069,0.925449,0.149510,0.147467",3264,2448,0.02204781,small,False
train,617,batch_15/000016.jpg,batch_15_000016.jpg,1947,5,cigarette,"199.00,980.00,71.00,114.00","0.095792,0.317708,0.029003,0.034926",2448,3264,0.00101298,tiny,False
train,618,batch_15/000017.jpg,batch_15_000017.jpg,1948,1,bottle,"1206.00,1590.00,233.00,684.00","0.540237,0.591912,0.095180,0.209559",2448,3264,0.01994575,small,False
train,618,batch_15/000017.jpg,batch_15_000017.jpg,1949,2,bottle_cap,"1279.00,2232.00,101.00,43.00","0.543096,0.690411,0.041258,0.013174",2448,3264,0.00054354,tiny,False
train,618,batch_15/000017.jpg,batch_15_000017.jpg,1950,7,straw,"460.00,1733.00,224.00,321.00","0.233660,0.580116,0.091503,0.098346",2448,3264,0.00899894,tiny,False
train,618,batch_15/000017.jpg,batch_15_000017.jpg,1951,5,cigarette,"433.00,678.00,56.00,29.00","0.188317,0.212163,0.022876,0.008885",2448,3264,0.00020325,tiny,False
train,619,batch_15/000018.jpg,batch_15_000018.jpg,1952,1,bottle,"576.00,997.00,455.00,157.00","0.523112,0.525146,0.296224,0.076660",1536,2048,0.02270857,small,False
train,620,batch_15/000019.jpg,batch_15_000019.jpg,1955,6,cup,"1111.00,317.00,65.00,40.00","0.558350,0.219401,0.031738,0.026042",2048,1536,0.00082652,tiny,False
train,620,batch_15/000019.jpg,batch_15_000019.jpg,1956,1,bottle,"588.00,770.00,194.00,82.00","0.334473,0.527995,0.094727,0.053385",2048,1536,0.00505702,tiny,False
train,620,batch_15/000019.jpg,batch_15_000019.jpg,1958,1,bottle,"798.00,662.00,92.00,73.00","0.412109,0.454753,0.044922,0.047526",2048,1536,0.00213496,tiny,False
train,620,batch_15/000019.jpg,batch_15_000019.jpg,1959,6,cup,"756.00,664.00,80.00,70.00","0.388672,0.455078,0.039062,0.045573",2048,1536,0.00178019,tiny,False
train,620,batch_15/000019.jpg,batch_15_000019.jpg,1961,1,bottle,"1845.00,892.00,202.00,117.00","0.950195,0.618815,0.098633,0.076172",2048,1536,0.00751305,tiny,False
val,621,batch_15/000020.jpg,batch_15_000020.jpg,1965,3,can,"980.00,734.00,262.00,333.00","0.542480,0.586263,0.127930,0.216797",2048,1536,0.02773476,small,False
val,622,batch_15/000021.jpg,batch_15_000021.jpg,1970,0,bag_wrapper,"347.00,905.00,348.00,357.00","0.339193,0.529053,0.226562,0.174316",1536,2048,0.03949356,small,False
val,622,batch_15/000021.jpg,batch_15_000021.jpg,1971,0,bag_wrapper,"416.00,1171.00,464.00,408.00","0.421875,0.671387,0.302083,0.199219",1536,2048,0.06018066,medium,False
val,623,batch_15/000022.jpg,batch_15_000022.jpg,1972,0,bag_wrapper,"1.00,142.00,1092.00,1244.00","0.356120,0.373047,0.710938,0.607422",1536,2048,0.43183899,large,False
val,623,batch_15/000022.jpg,batch_15_000022.jpg,1974,0,bag_wrapper,"757.00,1347.00,267.00,280.00","0.579753,0.726074,0.173828,0.136719",1536,2048,0.02376556,small,False
val,623,batch_15/000022.jpg,batch_15_000022.jpg,1975,0,bag_wrapper,"654.00,1634.00,217.00,224.00","0.496419,0.852539,0.141276,0.109375",1536,2048,0.01545207,small,False
val,623,batch_15/000022.jpg,batch_15_000022.jpg,1976,0,bag_wrapper,"1396.00,1549.00,137.00,92.00","0.953451,0.778809,0.089193,0.044922",1536,2048,0.0040067,tiny,False
val,623,batch_15/000022.jpg,batch_15_000022.jpg,1977,0,bag_wrapper,"1493.00,1352.00,38.00,220.00","0.984375,0.713867,0.024740,0.107422",1536,2048,0.00265757,tiny,False
test,624,batch_15/000023.jpg,batch_15_000023.jpg,1983,7,straw,"317.00,391.00,573.00,406.00","0.392904,0.290039,0.373047,0.198242",1536,2048,0.07395363,medium,False
train,625,batch_15/000024.jpg,batch_15_000024.jpg,1992,5,cigarette,"617.00,689.00,33.00,34.00","0.412435,0.344727,0.021484,0.016602",1536,2048,0.00035667,tiny,False
train,625,batch_15/000024.jpg,batch_15_000024.jpg,1993,5,cigarette,"1307.00,1083.00,32.00,30.00","0.861328,0.536133,0.020833,0.014648",1536,2048,0.00030518,tiny,False
train,625,batch_15/000024.jpg,batch_15_000024.jpg,1994,5,cigarette,"7.00,1403.00,40.00,25.00","0.017578,0.691162,0.026042,0.012207",1536,2048,0.00031789,tiny,False
train,625,batch_15/000024.jpg,batch_15_000024.jpg,1995,5,cigarette,"1195.00,1975.00,24.00,18.00","0.785807,0.968750,0.015625,0.008789",1536,2048,0.00013733,tiny,False
train,625,batch_15/000024.jpg,batch_15_000024.jpg,1996,5,cigarette,"1406.00,1944.00,35.00,18.00","0.926758,0.953613,0.022786,0.008789",1536,2048,0.00020027,tiny,False
train,625,batch_15/000024.jpg,batch_15_000024.jpg,1997,5,cigarette,"796.00,1798.00,41.00,34.00","0.531576,0.886230,0.026693,0.016602",1536,2048,0.00044314,tiny,False
test,626,batch_15/000025.jpg,batch_15_000025.jpg,1999,5,cigarette,"666.17,991.00,21.00,26.00","0.440538,0.490234,0.013672,0.012695",1536,2048,0.00017357,tiny,False
test,626,batch_15/000025.jpg,batch_15_000025.jpg,2000,5,cigarette,"1101.36,1066.29,23.00,20.00","0.724516,0.525530,0.014974,0.009766",1536,2048,0.00014623,tiny,False
test,626,batch_15/000025.jpg,batch_15_000025.jpg,2001,5,cigarette,"1231.36,1223.29,12.00,30.00","0.805571,0.604632,0.007812,0.014648",1536,2048,0.00011444,tiny,False
test,626,batch_15/000025.jpg,batch_15_000025.jpg,2002,5,cigarette,"737.00,216.00,27.00,27.00","0.488607,0.112061,0.017578,0.013184",1536,2048,0.00023174,tiny,False
train,627,batch_15/000026.jpg,batch_15_000026.jpg,2003,0,bag_wrapper,"833.00,875.00,420.00,599.00","0.679036,0.573486,0.273438,0.292480",1536,2048,0.07997513,medium,False
train,629,batch_15/000028.jpg,batch_15_000028.jpg,2006,7,straw,"822.00,1605.00,478.00,181.00","0.690755,0.827881,0.311198,0.088379",1536,2048,0.02750333,small,False
train,629,batch_15/000028.jpg,batch_15_000028.jpg,2007,2,bottle_cap,"793.00,1941.00,63.00,54.00","0.536784,0.960938,0.041016,0.026367",1536,2048,0.00108147,tiny,False
train,629,batch_15/000028.jpg,batch_15_000028.jpg,2009,5,cigarette,"1056.00,1373.00,21.00,83.00","0.694336,0.690674,0.013672,0.040527",1536,2048,0.00055408,tiny,False
train,629,batch_15/000028.jpg,batch_15_000028.jpg,2011,0,bag_wrapper,"718.00,763.00,94.00,88.00","0.498047,0.394043,0.061198,0.042969",1536,2048,0.0026296,tiny,False
train,629,batch_15/000028.jpg,batch_15_000028.jpg,2014,5,cigarette,"263.00,815.00,91.00,83.00","0.200846,0.418213,0.059245,0.040527",1536,2048,0.00240103,tiny,False
train,629,batch_15/000028.jpg,batch_15_000028.jpg,2017,5,cigarette,"1036.00,1826.00,56.00,41.00","0.692708,0.901611,0.036458,0.020020",1536,2048,0.00072988,tiny,False
train,630,batch_15/000029.jpg,batch_15_000029.jpg,2020,0,bag_wrapper,"12.00,543.00,212.00,89.00","0.076823,0.286865,0.138021,0.043457",1536,2048,0.00599798,tiny,False
train,630,batch_15/000029.jpg,batch_15_000029.jpg,2021,2,bottle_cap,"83.00,650.00,102.00,103.00","0.087240,0.342529,0.066406,0.050293",1536,2048,0.00333977,tiny,False
train,630,batch_15/000029.jpg,batch_15_000029.jpg,2022,0,bag_wrapper,"153.00,751.00,109.00,111.00","0.135091,0.393799,0.070964,0.054199",1536,2048,0.00384617,tiny,False
train,630,batch_15/000029.jpg,batch_15_000029.jpg,2023,7,straw,"12.00,952.00,368.00,30.00","0.127604,0.472168,0.239583,0.014648",1536,2048,0.00350952,tiny,False
train,630,batch_15/000029.jpg,batch_15_000029.jpg,2025,5,cigarette,"549.00,840.00,28.00,73.00","0.366536,0.427979,0.018229,0.035645",1536,2048,0.00064977,tiny,False
train,630,batch_15/000029.jpg,batch_15_000029.jpg,2029,0,bag_wrapper,"1278.00,1348.00,201.00,144.00","0.897461,0.693359,0.130859,0.070312",1536,2048,0.00920105,tiny,False
train,630,batch_15/000029.jpg,batch_15_000029.jpg,2031,7,straw,"958.00,949.00,342.00,266.00","0.735026,0.528320,0.222656,0.129883",1536,2048,0.02891922,small,False
train,630,batch_15/000029.jpg,batch_15_000029.jpg,2032,0,bag_wrapper,"1145.00,731.00,51.00,67.00","0.762044,0.373291,0.033203,0.032715",1536,2048,0.00108624,tiny,False
train,630,batch_15/000029.jpg,batch_15_000029.jpg,2033,0,bag_wrapper,"1290.00,791.00,164.00,153.00","0.893229,0.423584,0.106771,0.074707",1536,2048,0.00797653,tiny,False
train,630,batch_15/000029.jpg,batch_15_000029.jpg,2034,0,bag_wrapper,"1040.00,923.00,53.00,83.00","0.694336,0.470947,0.034505,0.040527",1536,2048,0.0013984,tiny,False
train,630,batch_15/000029.jpg,batch_15_000029.jpg,2035,0,bag_wrapper,"1159.00,1170.00,40.00,73.00","0.767578,0.589111,0.026042,0.035645",1536,2048,0.00092824,tiny,False
train,630,batch_15/000029.jpg,batch_15_000029.jpg,2036,7,straw,"1207.00,1984.00,11.00,59.00","0.789388,0.983154,0.007161,0.028809",1536,2048,0.00020631,tiny,False
train,630,batch_15/000029.jpg,batch_15_000029.jpg,2037,7,straw,"1043.00,1990.00,117.00,56.00","0.717122,0.985352,0.076172,0.027344",1536,2048,0.00208282,tiny,False
train,630,batch_15/000029.jpg,batch_15_000029.jpg,2039,7,straw,"501.00,796.00,285.00,134.00","0.418945,0.421387,0.185547,0.065430",1536,2048,0.01214027,small,False
train,630,batch_15/000029.jpg,batch_15_000029.jpg,2041,0,bag_wrapper,"490.00,615.00,75.00,56.00","0.343424,0.313965,0.048828,0.027344",1536,2048,0.00133514,tiny,False
train,630,batch_15/000029.jpg,batch_15_000029.jpg,2042,5,cigarette,"477.00,1292.00,47.00,28.00","0.325846,0.637695,0.030599,0.013672",1536,2048,0.00041835,tiny,False
train,630,batch_15/000029.jpg,batch_15_000029.jpg,2043,5,cigarette,"554.00,1265.00,28.00,62.00","0.369792,0.632812,0.018229,0.030273",1536,2048,0.00055186,tiny,False
train,630,batch_15/000029.jpg,batch_15_000029.jpg,2044,5,cigarette,"158.00,1542.00,46.00,53.00","0.117839,0.765869,0.029948,0.025879",1536,2048,0.00077502,tiny,False
train,630,batch_15/000029.jpg,batch_15_000029.jpg,2045,5,cigarette,"1262.00,1710.00,35.00,52.00","0.833008,0.847656,0.022786,0.025391",1536,2048,0.00057856,tiny,False
train,630,batch_15/000029.jpg,batch_15_000029.jpg,2046,5,cigarette,"675.00,1267.00,43.00,55.00","0.453451,0.632080,0.027995,0.026855",1536,2048,0.00075181,tiny,False
train,630,batch_15/000029.jpg,batch_15_000029.jpg,2047,5,cigarette,"1047.00,850.00,23.00,40.00","0.689128,0.424805,0.014974,0.019531",1536,2048,0.00029246,tiny,False
train,630,batch_15/000029.jpg,batch_15_000029.jpg,2048,5,cigarette,"1165.00,819.00,57.00,37.00","0.777018,0.408936,0.037109,0.018066",1536,2048,0.00067043,tiny,False
train,631,batch_15/000030.jpg,batch_15_000030.jpg,2049,5,cigarette,"58.00,314.00,83.00,58.00","0.064779,0.167480,0.054036,0.028320",1536,2048,0.00153033,tiny,False
train,631,batch_15/000030.jpg,batch_15_000030.jpg,2050,3,can,"689.00,807.00,234.00,277.00","0.524740,0.461670,0.152344,0.135254",1536,2048,0.02060509,small,False
test,632,batch_15/000031.jpg,batch_15_000031.jpg,2051,5,cigarette,"1726.00,816.00,119.00,57.00","0.590443,0.209449,0.039352,0.014137",3024,4032,0.00055631,tiny,False
test,632,batch_15/000031.jpg,batch_15_000031.jpg,2052,0,bag_wrapper,"1247.00,2112.00,477.00,605.00","0.491237,0.598834,0.157738,0.150050",3024,4032,0.02366854,small,False
train,633,batch_15/000032.jpg,batch_15_000032.jpg,2055,6,cup,"1925.14,1589.76,457.00,614.00","0.534138,0.627236,0.113343,0.203042",4032,3024,0.02301348,small,False
train,633,batch_15/000032.jpg,batch_15_000032.jpg,2056,6,cup,"1903.14,1211.00,532.00,451.00","0.537982,0.475033,0.131944,0.149140",4032,3024,0.01967822,small,False
train,633,batch_15/000032.jpg,batch_15_000032.jpg,2058,0,bag_wrapper,"1929.95,2151.95,80.00,316.00","0.488579,0.763873,0.019841,0.104497",4032,3024,0.00207336,tiny,False
train,636,batch_15/000035.jpg,batch_15_000035.jpg,2061,3,can,"1329.00,2055.00,593.00,636.00","0.537533,0.588542,0.196098,0.157738",3024,4032,0.03093211,small,False
train,637,batch_15/000036.jpg,batch_15_000036.jpg,2063,6,cup,"1110.00,1898.00,563.00,931.00","0.460152,0.586186,0.186177,0.230903",3024,4032,0.04298884,small,False
train,638,batch_15/000037.jpg,batch_15_000037.jpg,2080,6,cup,"1114.00,2016.00,298.00,290.00","0.417659,0.535962,0.098545,0.071925",3024,4032,0.00708781,tiny,False
train,639,batch_15/000038.jpg,batch_15_000038.jpg,2083,2,bottle_cap,"1098.00,1604.00,96.00,89.00","0.378968,0.408854,0.031746,0.022073",3024,4032,0.00070074,tiny,False
test,640,batch_15/000039.jpg,batch_15_000039.jpg,2084,0,bag_wrapper,"1258.00,2249.00,340.00,346.00","0.472222,0.600694,0.112434,0.085813",3024,4032,0.00964834,tiny,False
val,641,batch_15/000040.jpg,batch_15_000040.jpg,2085,6,cup,"1231.00,2246.00,356.00,360.00","0.465939,0.601687,0.117725,0.089286",3024,4032,0.01051115,small,False
train,642,batch_15/000041.jpg,batch_15_000041.jpg,2087,5,cigarette,"1799.62,3323.95,62.00,59.00","0.605363,0.831709,0.020503,0.014633",3024,4032,0.00030001,tiny,False
train,643,batch_15/000042.jpg,batch_15_000042.jpg,2088,6,cup,"1533.00,2213.00,312.00,333.00","0.558532,0.590154,0.103175,0.082589",3024,4032,0.00852112,tiny,False
train,645,batch_15/000044.jpg,batch_15_000044.jpg,2090,2,bottle_cap,"595.00,1112.05,150.00,158.00","0.436198,0.581566,0.097656,0.077148",1536,2048,0.00753403,tiny,False
train,648,batch_15/000047.jpg,batch_15_000047.jpg,2093,0,bag_wrapper,"700.00,1103.00,979.00,948.00","0.393353,0.391121,0.323743,0.235119",3024,4032,0.07611824,medium,False
train,648,batch_15/000047.jpg,batch_15_000047.jpg,2094,2,bottle_cap,"1596.00,2670.00,293.00,310.00","0.576224,0.700645,0.096892,0.076885",3024,4032,0.0074495,tiny,False
train,649,batch_15/000048.jpg,batch_15_000048.jpg,2097,6,cup,"1245.00,1410.00,1028.00,1745.00","0.581680,0.566096,0.339947,0.432788",3024,4032,0.14712492,medium,False
train,650,batch_15/000049.jpg,batch_15_000049.jpg,2099,1,bottle,"1531.00,999.00,825.00,2017.00","0.642692,0.497892,0.272817,0.500248",3024,4032,0.13647639,medium,False
train,650,batch_15/000049.jpg,batch_15_000049.jpg,2100,2,bottle_cap,"1607.00,2867.00,295.00,152.00","0.580192,0.729911,0.097553,0.037698",3024,4032,0.00367759,tiny,False
train,650,batch_15/000049.jpg,batch_15_000049.jpg,2101,7,straw,"1651.00,3882.00,472.00,69.00","0.624008,0.971354,0.156085,0.017113",3024,4032,0.00267109,tiny,False
train,650,batch_15/000049.jpg,batch_15_000049.jpg,2102,7,straw,"1466.00,3093.00,508.00,790.00","0.568783,0.865079,0.167989,0.195933",3024,4032,0.03291459,small,False
val,651,batch_15/000050.jpg,batch_15_000050.jpg,2103,1,bottle,"1129.00,1254.00,644.00,2207.00","0.479828,0.584697,0.212963,0.547371",3024,4032,0.11656976,medium,False
val,652,batch_15/000051.jpg,batch_15_000051.jpg,2106,0,bag_wrapper,"1887.00,3297.60,279.00,309.00","0.670139,0.856176,0.092262,0.076637",3024,4032,0.00707067,tiny,False
train,653,batch_15/000052.jpg,batch_15_000052.jpg,2107,0,bag_wrapper,"575.00,1516.00,1500.00,1225.00","0.438161,0.527902,0.496032,0.303819",3024,4032,0.15070409,medium,False
train,653,batch_15/000052.jpg,batch_15_000052.jpg,2108,5,cigarette,"2.00,3886.00,351.00,125.00","0.058697,0.979291,0.116071,0.031002",3024,4032,0.00359844,tiny,False
train,653,batch_15/000052.jpg,batch_15_000052.jpg,2109,5,cigarette,"346.00,3971.00,281.00,60.00","0.160880,0.992312,0.092923,0.014881",3024,4032,0.00138279,tiny,False
train,653,batch_15/000052.jpg,batch_15_000052.jpg,2110,5,cigarette,"785.00,3599.00,185.00,120.00","0.290179,0.907490,0.061177,0.029762",3024,4032,0.00182075,tiny,False
train,653,batch_15/000052.jpg,batch_15_000052.jpg,2111,0,bag_wrapper,"512.00,595.00,67.00,79.00","0.180390,0.157366,0.022156,0.019593",3024,4032,0.00043411,tiny,False
train,653,batch_15/000052.jpg,batch_15_000052.jpg,2112,0,bag_wrapper,"1014.00,3466.00,583.00,409.00","0.431713,0.910342,0.192791,0.101438",3024,4032,0.01955643,small,False
train,654,batch_15/000053.jpg,batch_15_000053.jpg,2114,2,bottle_cap,"1365.00,1282.00,236.00,134.00","0.490410,0.334573,0.078042,0.033234",3024,4032,0.00259367,tiny,False
train,654,batch_15/000053.jpg,batch_15_000053.jpg,2115,1,bottle,"1328.00,1281.00,795.00,1483.00","0.570602,0.501612,0.262897,0.367808",3024,4032,0.09669543,medium,False
train,655,batch_15/000054.jpg,batch_15_000054.jpg,2116,2,bottle_cap,"1368.00,2099.00,420.00,465.00","0.521825,0.578249,0.138889,0.115327",3024,4032,0.01601769,small,False
train,656,batch_15/000055.jpg,batch_15_000055.jpg,2117,0,bag_wrapper,"981.00,1718.00,1452.00,1177.00","0.564484,0.572049,0.480159,0.291915",3024,4032,0.14016538,medium,False
test,657,batch_15/000056.jpg,batch_15_000056.jpg,2119,1,bottle,"706.00,478.00,1270.00,887.00","0.443452,0.228547,0.419974,0.219990",3024,4032,0.09239001,medium,False
test,657,batch_15/000056.jpg,batch_15_000056.jpg,2121,0,bag_wrapper,"1101.00,2551.00,652.00,611.00","0.471892,0.708457,0.215608,0.151538",3024,4032,0.03267281,small,False
test,657,batch_15/000056.jpg,batch_15_000056.jpg,2122,0,bag_wrapper,"951.00,3250.00,265.00,636.00","0.358300,0.884921,0.087632,0.157738",3024,4032,0.01382295,small,False
test,658,batch_15/000057.jpg,batch_15_000057.jpg,2124,1,bottle,"938.00,1725.00,1485.00,982.00","0.555721,0.549603,0.491071,0.243552",3024,4032,0.11960123,medium,False
test,658,batch_15/000057.jpg,batch_15_000057.jpg,2125,2,bottle_cap,"938.50,1749.00,171.00,226.00","0.338624,0.461806,0.056548,0.056052",3024,4032,0.00316958,tiny,False
train,659,batch_15/000058.jpg,batch_15_000058.jpg,2126,4,carton,"1459.49,1836.76,494.00,851.56","0.564316,0.561146,0.163360,0.211199",3024,4032,0.03450148,small,False
train,659,batch_15/000058.jpg,batch_15_000058.jpg,2127,0,bag_wrapper,"1735.00,1782.46,204.00,137.00","0.607474,0.459067,0.067460,0.033978",3024,4032,0.00229218,tiny,False
train,660,batch_15/000059.jpg,batch_15_000059.jpg,2128,7,straw,"1477.00,652.00,724.00,2416.00","0.608135,0.461310,0.239418,0.599206",3024,4032,0.14346078,medium,False
train,661,batch_15/000060.jpg,batch_15_000060.jpg,2129,7,straw,"724.00,785.00,39.00,897.00","0.484049,0.602295,0.025391,0.437988",1536,2048,0.0111208,small,False
train,663,batch_15/000062.jpg,batch_15_000062.jpg,2131,1,bottle,"624.00,121.00,324.00,93.00","0.383789,0.109049,0.158203,0.060547",2048,1536,0.0095787,tiny,False
train,663,batch_15/000062.jpg,batch_15_000062.jpg,2132,0,bag_wrapper,"1116.00,967.00,594.00,567.00","0.689941,0.814128,0.290039,0.369141",2048,1536,0.1070652,medium,False
val,664,batch_15/000063.jpg,batch_15_000063.jpg,2134,2,bottle_cap,"1719.00,1335.00,129.00,101.00","0.546415,0.565972,0.039522,0.041258",3264,2448,0.00163061,tiny,False
train,665,batch_15/000064.jpg,batch_15_000064.jpg,2138,5,cigarette,"3364.00,720.00,39.00,79.00","0.839162,0.251157,0.009673,0.026124",4032,3024,0.00025269,tiny,False
train,666,batch_15/000065.jpg,batch_15_000065.jpg,2144,3,can,"1861.00,1405.00,554.00,709.00","0.530258,0.581845,0.137401,0.234458",4032,3024,0.03221467,small,False
train,666,batch_15/000065.jpg,batch_15_000065.jpg,2145,7,straw,"2179.00,1519.00,463.00,62.00","0.597842,0.512566,0.114831,0.020503",4032,3024,0.00235435,tiny,False
train,668,batch_15/000067.jpg,batch_15_000067.jpg,2156,2,bottle_cap,"704.00,1282.05,156.00,155.00","0.509115,0.663842,0.101562,0.075684",1536,2048,0.00768661,tiny,False
test,669,batch_15/000068.jpg,batch_15_000068.jpg,2157,2,bottle_cap,"582.00,949.00,228.00,216.00","0.453125,0.516113,0.148438,0.105469",1536,2048,0.01565552,small,False
train,670,batch_15/000069.jpg,batch_15_000069.jpg,2158,7,straw,"474.00,452.00,429.00,1306.00","0.448242,0.539551,0.279297,0.637695",1536,2048,0.17810631,medium,False
val,671,batch_15/000070.jpg,batch_15_000070.jpg,2159,7,straw,"405.00,1118.00,835.00,83.00","0.535482,0.566162,0.543620,0.040527",1536,2048,0.02203147,small,False
val,672,batch_15/000071.jpg,batch_15_000071.jpg,2160,1,bottle,"987.79,853.39,257.00,400.00","0.456001,0.322729,0.104984,0.122549",2448,3264,0.01286564,small,False
val,672,batch_15/000071.jpg,batch_15_000071.jpg,2161,2,bottle_cap,"728.54,2579.12,86.00,89.00","0.315172,0.803805,0.035131,0.027267",2448,3264,0.00095791,tiny,False
train,673,batch_15/000072.jpg,batch_15_000072.jpg,2164,1,bottle,"559.00,954.00,489.00,256.00","0.523112,0.528320,0.318359,0.125000",1536,2048,0.03979492,small,False
train,673,batch_15/000072.jpg,batch_15_000072.jpg,2165,1,bottle,"149.00,1136.00,333.00,387.00","0.205404,0.649170,0.216797,0.188965",1536,2048,0.04096699,small,False
test,674,batch_15/000073.jpg,batch_15_000073.jpg,2166,6,cup,"670.00,915.00,298.00,307.00","0.533203,0.521729,0.194010,0.149902",1536,2048,0.02908262,small,False
test,674,batch_15/000073.jpg,batch_15_000073.jpg,2167,0,bag_wrapper,"0.00,1.00,533.00,604.00","0.173503,0.147949,0.347005,0.294922",1536,2048,0.10233943,medium,False
test,674,batch_15/000073.jpg,batch_15_000073.jpg,2168,0,bag_wrapper,"0.00,1154.00,301.00,352.00","0.097982,0.649414,0.195964,0.171875",1536,2048,0.03368123,small,False
train,675,batch_15/000074.jpg,batch_15_000074.jpg,2169,0,bag_wrapper,"942.00,820.00,257.00,157.00","0.522705,0.584961,0.125488,0.102214",2048,1536,0.0128266,small,False
train,675,batch_15/000074.jpg,batch_15_000074.jpg,2170,0,bag_wrapper,"1192.00,420.00,279.00,200.00","0.650146,0.338542,0.136230,0.130208",2048,1536,0.01773834,small,False
train,676,batch_15/000075.jpg,batch_15_000075.jpg,2171,0,bag_wrapper,"564.80,747.60,377.00,484.00","0.490430,0.483203,0.245443,0.236328",1536,2048,0.05800502,medium,False
train,676,batch_15/000075.jpg,batch_15_000075.jpg,2172,0,bag_wrapper,"507.80,1308.60,326.00,408.00","0.436719,0.738574,0.212240,0.199219",1536,2048,0.0422821,small,False
train,677,batch_15/000076.jpg,batch_15_000076.jpg,2173,3,can,"1274.40,792.32,334.00,249.00","0.703807,0.596888,0.163086,0.162109",2048,1536,0.02643776,small,False
train,677,batch_15/000076.jpg,batch_15_000076.jpg,2174,0,bag_wrapper,"1222.46,1022.73,411.00,418.00","0.697245,0.801909,0.200684,0.272135",2048,1536,0.05461311,medium,False
train,677,batch_15/000076.jpg,batch_15_000076.jpg,2176,6,cup,"114.54,524.46,245.00,245.00","0.115742,0.421198,0.119629,0.159505",2048,1536,0.01908144,small,False
train,678,batch_15/000077.jpg,batch_15_000077.jpg,2179,6,cup,"918.55,449.34,768.27,876.82","0.636075,0.577959,0.375133,0.570845",2048,1536,0.21414289,large,False
test,679,batch_15/000078.jpg,batch_15_000078.jpg,2181,3,can,"665.00,1203.00,580.00,795.00","0.390114,0.490349,0.236928,0.243566",2448,3264,0.05770767,medium,False
test,679,batch_15/000078.jpg,batch_15_000078.jpg,2182,7,straw,"1021.00,1168.50,134.00,333.00","0.444444,0.409007,0.054739,0.102022",2448,3264,0.00558454,tiny,False
test,679,batch_15/000078.jpg,batch_15_000078.jpg,2183,1,bottle,"1104.00,1200.00,374.00,490.00","0.527369,0.442708,0.152778,0.150123",2448,3264,0.02293539,small,False
test,679,batch_15/000078.jpg,batch_15_000078.jpg,2184,0,bag_wrapper,"313.00,1693.50,855.00,728.00","0.302492,0.630362,0.349265,0.223039",2448,3264,0.07789973,medium,False
test,679,batch_15/000078.jpg,batch_15_000078.jpg,2185,0,bag_wrapper,"387.00,2187.00,579.00,566.00","0.276348,0.756740,0.236520,0.173407",2448,3264,0.04101412,small,False
test,679,batch_15/000078.jpg,batch_15_000078.jpg,2186,0,bag_wrapper,"1311.00,-0.50,286.00,589.00","0.593954,0.090150,0.116830,0.180300",2448,3264,0.02106449,small,False
train,680,batch_15/000079.jpg,batch_15_000079.jpg,2187,0,bag_wrapper,"926.35,1661.33,542.00,636.00","0.489112,0.606412,0.221405,0.194853",2448,3264,0.04314146,small,False
train,681,batch_15/000080.jpg,batch_15_000080.jpg,2188,7,straw,"586.00,652.00,284.00,662.00","0.473958,0.479980,0.184896,0.323242",1536,2048,0.05976613,medium,False
train,681,batch_15/000080.jpg,batch_15_000080.jpg,2189,7,straw,"764.00,937.00,240.00,662.00","0.575521,0.619141,0.156250,0.323242",1536,2048,0.05050659,medium,False
train,681,batch_15/000080.jpg,batch_15_000080.jpg,2190,5,cigarette,"92.00,1016.00,60.00,145.00","0.079427,0.531494,0.039062,0.070801",1536,2048,0.00276566,tiny,False
train,682,batch_15/000081.jpg,batch_15_000081.jpg,2191,0,bag_wrapper,"837.00,893.00,152.00,174.00","0.594401,0.478516,0.098958,0.084961",1536,2048,0.00840759,tiny,False
train,684,batch_15/000083.jpg,batch_15_000083.jpg,2193,6,cup,"398.00,593.00,832.00,756.00","0.529948,0.474121,0.541667,0.369141",1536,2048,0.19995117,medium,False
train,685,batch_15/000084.jpg,batch_15_000084.jpg,2194,1,bottle,"1059.00,699.00,344.00,1194.00","0.377145,0.529412,0.105392,0.487745",3264,2448,0.05140451,medium,False
train,685,batch_15/000084.jpg,batch_15_000084.jpg,2195,1,bottle,"1632.00,301.00,427.00,1272.00","0.565411,0.382761,0.130821,0.519608",3264,2448,0.06797566,medium,False
test,686,batch_2/000000.JPG,batch_2_000000.JPG,2198,1,bottle,"962.00,1152.00,478.00,871.00","0.490605,0.486366,0.195261,0.266850",2448,3264,0.05210561,medium,False
test,686,batch_2/000000.JPG,batch_2_000000.JPG,2199,2,bottle_cap,"1045.00,1151.00,126.00,65.00","0.452614,0.362592,0.051471,0.019914",2448,3264,0.001025,tiny,False
val,687,batch_2/000001.JPG,batch_2_000001.JPG,2200,1,bottle,"815.00,369.00,428.00,214.00","0.420343,0.145833,0.174837,0.065564",2448,3264,0.01146294,small,False
val,687,batch_2/000001.JPG,batch_2_000001.JPG,2201,1,bottle,"1189.00,2344.00,172.00,387.00","0.520833,0.777420,0.070261,0.118566",2448,3264,0.00833063,tiny,False
val,687,batch_2/000001.JPG,batch_2_000001.JPG,2202,0,bag_wrapper,"1582.00,474.00,165.00,97.00","0.679943,0.160080,0.067402,0.029718",2448,3264,0.00200306,tiny,False
train,688,batch_2/000003.JPG,batch_2_000003.JPG,2204,0,bag_wrapper,"2069.00,804.00,702.00,572.00","0.741422,0.445261,0.215074,0.233660",3264,2448,0.05025411,medium,False
train,689,batch_2/000005.JPG,batch_2_000005.JPG,2205,0,bag_wrapper,"330.00,769.00,1160.00,1110.00","0.371732,0.405637,0.473856,0.340074",2448,3264,0.16114595,medium,False
train,689,batch_2/000005.JPG,batch_2_000005.JPG,2206,0,bag_wrapper,"732.00,1191.00,1422.00,1383.00","0.589461,0.576746,0.580882,0.423713",2448,3264,0.24612754,large,False
train,689,batch_2/000005.JPG,batch_2_000005.JPG,2207,0,bag_wrapper,"848.00,1983.00,1276.00,1155.00","0.607026,0.784467,0.521242,0.353860",2448,3264,0.18444679,medium,False
train,689,batch_2/000005.JPG,batch_2_000005.JPG,2209,4,carton,"806.00,1591.00,826.00,492.00","0.497958,0.562806,0.337418,0.150735",2448,3264,0.05086085,medium,False
train,689,batch_2/000005.JPG,batch_2_000005.JPG,2210,4,carton,"22.00,1565.00,1014.00,1609.00","0.216095,0.725950,0.414216,0.492953",2448,3264,0.20418904,large,False
train,689,batch_2/000005.JPG,batch_2_000005.JPG,2211,0,bag_wrapper,"454.00,1859.00,401.00,935.00","0.267361,0.712776,0.163807,0.286458",2448,3264,0.04692393,small,False
train,690,batch_2/000006.JPG,batch_2_000006.JPG,2212,0,bag_wrapper,"1265.00,1387.00,524.00,608.00","0.623775,0.518076,0.214052,0.186275",2448,3264,0.03987248,small,False
train,691,batch_2/000007.JPG,batch_2_000007.JPG,2213,3,can,"1197.00,1672.00,193.00,275.00","0.528391,0.554381,0.078840,0.084252",2448,3264,0.00664245,tiny,False
train,691,batch_2/000007.JPG,batch_2_000007.JPG,2391,5,cigarette,"848.00,1664.00,46.00,62.00","0.355801,0.519301,0.018791,0.018995",2448,3264,0.00035693,tiny,False
train,691,batch_2/000007.JPG,batch_2_000007.JPG,2392,5,cigarette,"1384.00,1592.00,60.00,32.00","0.577614,0.492647,0.024510,0.009804",2448,3264,0.00024029,tiny,False
train,692,batch_2/000008.JPG,batch_2_000008.JPG,2214,4,carton,"431.00,882.00,1162.00,1116.00","0.413399,0.441176,0.474673,0.341912",2448,3264,0.16229635,medium,False
train,692,batch_2/000008.JPG,batch_2_000008.JPG,2215,4,carton,"1173.00,1398.00,753.00,719.00","0.632966,0.538450,0.307598,0.220282",2448,3264,0.06775827,medium,False
test,693,batch_2/000009.JPG,batch_2_000009.JPG,2216,6,cup,"584.00,679.00,737.00,1089.00","0.389093,0.374847,0.301062,0.333640",2448,3264,0.10044627,medium,False
test,693,batch_2/000009.JPG,batch_2_000009.JPG,2217,6,cup,"1753.00,699.00,525.00,584.00","0.823325,0.303615,0.214461,0.178922",2448,3264,0.03837166,small,False
test,693,batch_2/000009.JPG,batch_2_000009.JPG,2220,7,straw,"757.00,1.00,255.00,1038.00","0.361315,0.159314,0.104167,0.318015",2448,3264,0.03312653,small,False
train,694,batch_2/000010.JPG,batch_2_000010.JPG,2223,0,bag_wrapper,"1864.00,1465.00,502.00,408.00","0.647978,0.681781,0.153799,0.166667",3264,2448,0.02563317,small,False
train,695,batch_2/000012.JPG,batch_2_000012.JPG,2225,4,carton,"1135.00,1097.00,253.00,296.00","0.515319,0.381434,0.103350,0.090686",2448,3264,0.0093724,tiny,False
train,696,batch_2/000013.JPG,batch_2_000013.JPG,2226,0,bag_wrapper,"1047.00,1312.00,312.00,339.00","0.491422,0.453891,0.127451,0.103860",2448,3264,0.0132371,small,False
train,696,batch_2/000013.JPG,batch_2_000013.JPG,2485,5,cigarette,"1012.00,1082.00,42.00,30.00","0.421977,0.336091,0.017157,0.009191",2448,3264,0.00015769,tiny,False
train,697,batch_2/000015.JPG,batch_2_000015.JPG,2227,4,carton,"1239.00,1706.00,479.00,338.00","0.603962,0.574449,0.195670,0.103554",2448,3264,0.02026239,small,False
test,698,batch_2/000016.JPG,batch_2_000016.JPG,2228,0,bag_wrapper,"1087.00,1476.00,471.00,478.00","0.540237,0.525429,0.192402,0.146446",2448,3264,0.02817651,small,False
train,700,batch_2/000018.JPG,batch_2_000018.JPG,2230,1,bottle,"989.00,733.00,124.00,50.00","0.429330,0.232230,0.050654,0.015319",2448,3264,0.00077594,tiny,False
train,701,batch_2/000019.JPG,batch_2_000019.JPG,2231,1,bottle,"1633.00,920.00,109.00,41.00","0.517004,0.384191,0.033395,0.016748",3264,2448,0.00055931,tiny,False
train,702,batch_2/000020.JPG,batch_2_000020.JPG,2232,0,bag_wrapper,"1754.00,1042.00,216.00,143.00","0.570466,0.454861,0.066176,0.058415",3264,2448,0.0038657,tiny,False
train,703,batch_2/000021.JPG,batch_2_000021.JPG,2233,6,cup,"747.00,815.00,851.00,1065.00","0.478962,0.412837,0.347631,0.326287",2448,3264,0.1134273,medium,False
train,703,batch_2/000021.JPG,batch_2_000021.JPG,2235,7,straw,"948.00,323.00,304.00,890.00","0.449346,0.235294,0.124183,0.272672",2448,3264,0.03386118,small,False
train,704,batch_2/000022.JPG,batch_2_000022.JPG,2236,2,bottle_cap,"1225.00,1717.00,29.00,29.00","0.506332,0.530484,0.011846,0.008885",2448,3264,0.00010525,tiny,False
train,705,batch_2/000023.JPG,batch_2_000023.JPG,2240,0,bag_wrapper,"1549.00,1081.00,428.00,236.00","0.540135,0.489788,0.131127,0.096405",3264,2448,0.01264137,small,False
train,705,batch_2/000023.JPG,batch_2_000023.JPG,2241,0,bag_wrapper,"1901.00,1060.00,349.00,234.00","0.635876,0.480801,0.106924,0.095588",3264,2448,0.01022068,small,False
train,705,batch_2/000023.JPG,batch_2_000023.JPG,2242,0,bag_wrapper,"1143.00,751.00,1344.00,699.00","0.556066,0.449551,0.411765,0.285539",3264,2448,0.11757497,medium,False
train,706,batch_2/000024.JPG,batch_2_000024.JPG,2243,2,bottle_cap,"450.00,2373.00,267.00,242.00","0.238358,0.764093,0.109069,0.074142",2448,3264,0.00808658,tiny,False
train,706,batch_2/000024.JPG,batch_2_000024.JPG,2244,2,bottle_cap,"720.00,1367.00,162.00,103.00","0.327206,0.434589,0.066176,0.031556",2448,3264,0.00208829,tiny,False
train,706,batch_2/000024.JPG,batch_2_000024.JPG,2245,1,bottle,"1340.00,166.00,602.00,2208.00","0.670343,0.389093,0.245915,0.676471",2448,3264,0.16635429,medium,False
train,706,batch_2/000024.JPG,batch_2_000024.JPG,2246,1,bottle,"1055.00,1.00,403.00,1615.00","0.513276,0.247702,0.164624,0.494792",2448,3264,0.08145467,medium,False
train,707,batch_2/000025.JPG,batch_2_000025.JPG,2247,1,bottle,"1135.00,1366.00,177.00,441.00","0.499796,0.486060,0.072304,0.135110",2448,3264,0.009769,tiny,False
train,708,batch_2/000026.JPG,batch_2_000026.JPG,2249,3,can,"424.00,1378.00,144.00,129.00","0.151961,0.589257,0.044118,0.052696",3264,2448,0.00232483,tiny,False
train,708,batch_2/000026.JPG,batch_2_000026.JPG,2250,6,cup,"720.00,915.00,171.00,139.00","0.246783,0.402165,0.052390,0.056781",3264,2448,0.00297474,tiny,False
train,708,batch_2/000026.JPG,batch_2_000026.JPG,2254,0,bag_wrapper,"2617.00,907.00,278.00,180.00","0.844363,0.407271,0.085172,0.073529",3264,2448,0.00626262,tiny,False
train,709,batch_2/000027.JPG,batch_2_000027.JPG,2255,3,can,"43.00,1291.00,283.00,260.00","0.056526,0.580474,0.086703,0.106209",3264,2448,0.0092087,tiny,False
train,709,batch_2/000027.JPG,batch_2_000027.JPG,2256,3,can,"744.00,1380.00,223.00,380.00","0.262102,0.641340,0.068321,0.155229",3264,2448,0.0106054,small,False
train,709,batch_2/000027.JPG,batch_2_000027.JPG,2257,3,can,"1406.00,2071.00,377.00,376.00","0.488511,0.922794,0.115502,0.153595",3264,2448,0.01774057,small,False
train,709,batch_2/000027.JPG,batch_2_000027.JPG,2258,3,can,"2299.00,1578.00,339.00,316.00","0.756281,0.709150,0.103860,0.129085",3264,2448,0.0134068,small,False
train,709,batch_2/000027.JPG,batch_2_000027.JPG,2259,3,can,"2791.00,1391.00,377.00,282.00","0.912837,0.625817,0.115502,0.115196",3264,2448,0.01330543,small,False
test,710,batch_2/000029.JPG,batch_2_000029.JPG,2260,3,can,"1084.00,1784.00,247.00,368.00","0.493260,0.602941,0.100899,0.112745",2448,3264,0.01137583,small,False
test,710,batch_2/000029.JPG,batch_2_000029.JPG,2261,3,can,"1139.00,924.00,317.00,220.00","0.530025,0.316789,0.129493,0.067402",2448,3264,0.00872811,tiny,False
train,713,batch_2/000033.JPG,batch_2_000033.JPG,2265,3,can,"704.00,1692.00,186.00,165.00","0.325572,0.543658,0.075980,0.050551",2448,3264,0.00384092,tiny,False
train,713,batch_2/000033.JPG,batch_2_000033.JPG,2393,5,cigarette,"32.00,2710.00,32.00,48.00","0.019608,0.837623,0.013072,0.014706",2448,3264,0.00019223,tiny,False
train,713,batch_2/000033.JPG,batch_2_000033.JPG,2394,5,cigarette,"196.00,2476.00,18.00,60.00","0.083742,0.767770,0.007353,0.018382",2448,3264,0.00013516,tiny,False
train,713,batch_2/000033.JPG,batch_2_000033.JPG,2395,5,cigarette,"274.00,2344.00,58.00,64.00","0.123775,0.727941,0.023693,0.019608",2448,3264,0.00046456,tiny,False
train,713,batch_2/000033.JPG,batch_2_000033.JPG,2396,5,cigarette,"500.00,2120.00,36.00,22.00","0.211601,0.652880,0.014706,0.006740",2448,3264,9.912e-05,tiny,False
train,713,batch_2/000033.JPG,batch_2_000033.JPG,2397,5,cigarette,"668.00,2170.00,36.00,54.00","0.280229,0.673100,0.014706,0.016544",2448,3264,0.0002433,tiny,False
train,713,batch_2/000033.JPG,batch_2_000033.JPG,2398,5,cigarette,"956.00,1716.00,34.00,10.00","0.397467,0.527267,0.013889,0.003064",2448,3264,4.255e-05,tiny,False
train,713,batch_2/000033.JPG,batch_2_000033.JPG,2399,5,cigarette,"188.00,724.00,30.00,30.00","0.082925,0.226409,0.012255,0.009191",2448,3264,0.00011264,tiny,False
train,714,batch_2/000034.JPG,batch_2_000034.JPG,2267,1,bottle,"669.00,536.00,151.00,475.00","0.304126,0.236979,0.061683,0.145527",2448,3264,0.00897654,tiny,False
train,714,batch_2/000034.JPG,batch_2_000034.JPG,2400,5,cigarette,"890.00,620.00,76.00,64.00","0.379085,0.199755,0.031046,0.019608",2448,3264,0.00060874,tiny,False
train,714,batch_2/000034.JPG,batch_2_000034.JPG,2401,5,cigarette,"890.00,616.00,62.00,26.00","0.376225,0.192708,0.025327,0.007966",2448,3264,0.00020175,tiny,False
train,714,batch_2/000034.JPG,batch_2_000034.JPG,2402,5,cigarette,"944.00,584.00,66.00,26.00","0.399101,0.182904,0.026961,0.007966",2448,3264,0.00021476,tiny,False
train,714,batch_2/000034.JPG,batch_2_000034.JPG,2403,5,cigarette,"546.00,1146.00,76.00,54.00","0.238562,0.359375,0.031046,0.016544",2448,3264,0.00051362,tiny,False
train,714,batch_2/000034.JPG,batch_2_000034.JPG,2404,5,cigarette,"1552.00,1242.00,28.00,74.00","0.639706,0.391850,0.011438,0.022672",2448,3264,0.00025932,tiny,False
train,714,batch_2/000034.JPG,batch_2_000034.JPG,2405,5,cigarette,"1612.00,1216.00,28.00,62.00","0.664216,0.382047,0.011438,0.018995",2448,3264,0.00021726,tiny,False
train,714,batch_2/000034.JPG,batch_2_000034.JPG,2406,5,cigarette,"1510.00,34.00,28.00,50.00","0.622549,0.018076,0.011438,0.015319",2448,3264,0.00017521,tiny,False
test,715,batch_2/000035.JPG,batch_2_000035.JPG,2268,3,can,"1395.00,1281.00,753.00,606.00","0.723652,0.485294,0.307598,0.185662",2448,3264,0.05710919,medium,False
test,715,batch_2/000035.JPG,batch_2_000035.JPG,2269,3,can,"345.00,1868.00,905.00,654.00","0.325776,0.672488,0.369690,0.200368",2448,3264,0.07407382,medium,False
test,715,batch_2/000035.JPG,batch_2_000035.JPG,2270,0,bag_wrapper,"271.00,1429.00,669.00,567.00","0.247345,0.524663,0.273284,0.173713",2448,3264,0.0474731,small,False
test,715,batch_2/000035.JPG,batch_2_000035.JPG,2271,0,bag_wrapper,"0.00,1544.00,357.00,584.00","0.072917,0.562500,0.145833,0.178922",2448,3264,0.02609273,small,False
test,715,batch_2/000035.JPG,batch_2_000035.JPG,2272,4,carton,"1.00,1951.00,336.00,442.00","0.069036,0.665441,0.137255,0.135417",2448,3264,0.0185866,small,False
train,716,batch_2/000036.JPG,batch_2_000036.JPG,2273,1,bottle,"1756.00,2166.00,191.00,357.00","0.756332,0.718290,0.078023,0.109375",2448,3264,0.00853375,tiny,False
train,716,batch_2/000036.JPG,batch_2_000036.JPG,2407,5,cigarette,"1402.00,1634.00,12.00,32.00","0.575163,0.505515,0.004902,0.009804",2448,3264,4.806e-05,tiny,False
test,717,batch_2/000037.JPG,batch_2_000037.JPG,2274,1,bottle,"1161.00,1532.00,152.00,320.00","0.505310,0.518382,0.062092,0.098039",2448,3264,0.0060874,tiny,False
test,718,batch_2/000038.JPG,batch_2_000038.JPG,2276,6,cup,"1626.00,1571.00,224.00,188.00","0.709967,0.510110,0.091503,0.057598",2448,3264,0.00527041,tiny,False
test,718,batch_2/000038.JPG,batch_2_000038.JPG,2408,5,cigarette,"710.00,334.00,48.00,18.00","0.299837,0.105086,0.019608,0.005515",2448,3264,0.00010813,tiny,False
test,718,batch_2/000038.JPG,batch_2_000038.JPG,2409,5,cigarette,"370.00,576.00,28.00,28.00","0.156863,0.180760,0.011438,0.008578",2448,3264,9.812e-05,tiny,False
test,719,batch_2/000039.JPG,batch_2_000039.JPG,2278,3,can,"1069.00,1403.00,202.00,220.00","0.477941,0.463542,0.082516,0.067402",2448,3264,0.00556176,tiny,False
train,720,batch_2/000040.JPG,batch_2_000040.JPG,2280,6,cup,"1336.00,1016.00,115.00,86.00","0.569240,0.324449,0.046977,0.026348",2448,3264,0.00123776,tiny,False
train,721,batch_2/000041.JPG,batch_2_000041.JPG,2281,3,can,"1558.00,1781.00,149.00,206.00","0.666871,0.577206,0.060866,0.063113",2448,3264,0.00384142,tiny,False
test,722,batch_2/000042.JPG,batch_2_000042.JPG,2283,3,can,"954.00,1910.00,288.00,384.00","0.448529,0.643995,0.117647,0.117647",2448,3264,0.01384083,small,False
test,722,batch_2/000042.JPG,batch_2_000042.JPG,2410,5,cigarette,"810.00,2618.00,22.00,46.00","0.335376,0.809130,0.008987,0.014093",2448,3264,0.00012665,tiny,False
train,723,batch_2/000043.JPG,batch_2_000043.JPG,2284,3,can,"1046.00,1277.00,221.00,121.00","0.472426,0.409773,0.090278,0.037071",2448,3264,0.00334669,tiny,False
train,723,batch_2/000043.JPG,batch_2_000043.JPG,2285,3,can,"1264.00,1228.00,161.00,190.00","0.549224,0.405331,0.065768,0.058211",2448,3264,0.00382841,tiny,False
train,724,batch_2/000044.JPG,batch_2_000044.JPG,2286,1,bottle,"1817.00,1298.00,285.00,80.00","0.800449,0.409926,0.116422,0.024510",2448,3264,0.00285347,tiny,False
train,724,batch_2/000044.JPG,batch_2_000044.JPG,2287,2,bottle_cap,"1817.00,1322.00,20.00,36.00","0.746324,0.410539,0.008170,0.011029",2448,3264,9.011e-05,tiny,False
train,724,batch_2/000044.JPG,batch_2_000044.JPG,2411,5,cigarette,"484.00,1254.00,18.00,20.00","0.201389,0.387255,0.007353,0.006127",2448,3264,4.505e-05,tiny,False
val,725,batch_2/000046.JPG,batch_2_000046.JPG,2288,3,can,"1000.00,1594.00,215.00,94.00","0.452410,0.502757,0.087827,0.028799",2448,3264,0.00252933,tiny,False
val,726,batch_2/000047.JPG,batch_2_000047.JPG,2289,6,cup,"682.00,2467.00,403.00,294.00","0.360907,0.800858,0.164624,0.090074",2448,3264,0.01482828,small,False
val,726,batch_2/000047.JPG,batch_2_000047.JPG,2290,3,can,"1712.00,423.00,90.00,83.00","0.717729,0.142310,0.036765,0.025429",2448,3264,0.00093489,tiny,False
train,727,batch_2/000048.JPG,batch_2_000048.JPG,2291,3,can,"1233.00,1519.00,219.00,279.00","0.548407,0.508119,0.089461,0.085478",2448,3264,0.00764692,tiny,False
train,727,batch_2/000048.JPG,batch_2_000048.JPG,2412,5,cigarette,"190.00,2806.00,44.00,70.00","0.086601,0.870404,0.017974,0.021446",2448,3264,0.00038547,tiny,False
train,727,batch_2/000048.JPG,batch_2_000048.JPG,2413,5,cigarette,"346.00,1128.00,24.00,42.00","0.146242,0.352022,0.009804,0.012868",2448,3264,0.00012615,tiny,False
train,727,batch_2/000048.JPG,batch_2_000048.JPG,2414,5,cigarette,"386.00,1354.00,28.00,34.00","0.163399,0.420037,0.011438,0.010417",2448,3264,0.00011914,tiny,False
train,727,batch_2/000048.JPG,batch_2_000048.JPG,2415,5,cigarette,"350.00,494.00,38.00,10.00","0.150735,0.152880,0.015523,0.003064",2448,3264,4.756e-05,tiny,False
train,727,batch_2/000048.JPG,batch_2_000048.JPG,2416,5,cigarette,"416.00,534.00,16.00,30.00","0.173203,0.168199,0.006536,0.009191",2448,3264,6.007e-05,tiny,False
train,727,batch_2/000048.JPG,batch_2_000048.JPG,2417,5,cigarette,"376.00,606.00,26.00,14.00","0.158905,0.187806,0.010621,0.004289",2448,3264,4.556e-05,tiny,False
train,727,batch_2/000048.JPG,batch_2_000048.JPG,2418,5,cigarette,"444.00,708.00,18.00,34.00","0.185049,0.222120,0.007353,0.010417",2448,3264,7.659e-05,tiny,False
train,727,batch_2/000048.JPG,batch_2_000048.JPG,2419,5,cigarette,"286.00,980.00,34.00,26.00","0.123775,0.304228,0.013889,0.007966",2448,3264,0.00011063,tiny,False
train,727,batch_2/000048.JPG,batch_2_000048.JPG,2420,5,cigarette,"626.00,696.00,48.00,22.00","0.265523,0.216605,0.019608,0.006740",2448,3264,0.00013216,tiny,False
train,727,batch_2/000048.JPG,batch_2_000048.JPG,2421,5,cigarette,"600.00,462.00,38.00,22.00","0.252859,0.144914,0.015523,0.006740",2448,3264,0.00010463,tiny,False
train,727,batch_2/000048.JPG,batch_2_000048.JPG,2422,5,cigarette,"772.00,400.00,30.00,20.00","0.321487,0.125613,0.012255,0.006127",2448,3264,7.509e-05,tiny,False
train,727,batch_2/000048.JPG,batch_2_000048.JPG,2423,5,cigarette,"910.00,316.00,44.00,10.00","0.380719,0.098346,0.017974,0.003064",2448,3264,5.507e-05,tiny,False
train,727,batch_2/000048.JPG,batch_2_000048.JPG,2424,5,cigarette,"800.00,254.00,26.00,10.00","0.332108,0.079350,0.010621,0.003064",2448,3264,3.254e-05,tiny,False
train,727,batch_2/000048.JPG,batch_2_000048.JPG,2425,5,cigarette,"878.00,150.00,32.00,18.00","0.365196,0.048713,0.013072,0.005515",2448,3264,7.209e-05,tiny,False
train,727,batch_2/000048.JPG,batch_2_000048.JPG,2426,5,cigarette,"912.00,282.00,36.00,20.00","0.379902,0.089461,0.014706,0.006127",2448,3264,9.011e-05,tiny,False
train,727,batch_2/000048.JPG,batch_2_000048.JPG,2427,5,cigarette,"878.00,198.00,34.00,22.00","0.365605,0.064032,0.013889,0.006740",2448,3264,9.361e-05,tiny,False
train,727,batch_2/000048.JPG,batch_2_000048.JPG,2428,5,cigarette,"916.00,154.00,28.00,16.00","0.379902,0.049632,0.011438,0.004902",2448,3264,5.607e-05,tiny,False
train,727,batch_2/000048.JPG,batch_2_000048.JPG,2429,5,cigarette,"1192.00,472.00,24.00,34.00","0.491830,0.149816,0.009804,0.010417",2448,3264,0.00010212,tiny,False
train,727,batch_2/000048.JPG,batch_2_000048.JPG,2430,5,cigarette,"1142.00,398.00,34.00,22.00","0.473448,0.125306,0.013889,0.006740",2448,3264,9.361e-05,tiny,False
train,727,batch_2/000048.JPG,batch_2_000048.JPG,2431,5,cigarette,"1148.00,332.00,32.00,20.00","0.475490,0.104779,0.013072,0.006127",2448,3264,8.01e-05,tiny,False
train,727,batch_2/000048.JPG,batch_2_000048.JPG,2432,5,cigarette,"1322.00,430.00,28.00,28.00","0.545752,0.136029,0.011438,0.008578",2448,3264,9.812e-05,tiny,False
train,727,batch_2/000048.JPG,batch_2_000048.JPG,2433,5,cigarette,"1472.00,626.00,28.00,30.00","0.607026,0.196385,0.011438,0.009191",2448,3264,0.00010513,tiny,False
train,727,batch_2/000048.JPG,batch_2_000048.JPG,2434,5,cigarette,"1590.00,1794.00,44.00,60.00","0.658497,0.558824,0.017974,0.018382",2448,3264,0.0003304,tiny,False
train,727,batch_2/000048.JPG,batch_2_000048.JPG,2435,5,cigarette,"1896.00,1646.00,32.00,44.00","0.781046,0.511029,0.013072,0.013480",2448,3264,0.00017621,tiny,False
train,727,batch_2/000048.JPG,batch_2_000048.JPG,2436,5,cigarette,"1390.00,1822.00,48.00,38.00","0.577614,0.564032,0.019608,0.011642",2448,3264,0.00022828,tiny,False
train,727,batch_2/000048.JPG,batch_2_000048.JPG,2437,5,cigarette,"1678.00,1692.00,32.00,40.00","0.691993,0.524510,0.013072,0.012255",2448,3264,0.00016019,tiny,False
train,727,batch_2/000048.JPG,batch_2_000048.JPG,2438,5,cigarette,"1678.00,1868.00,28.00,24.00","0.691176,0.575980,0.011438,0.007353",2448,3264,8.41e-05,tiny,False
train,727,batch_2/000048.JPG,batch_2_000048.JPG,2439,5,cigarette,"1396.00,396.00,10.00,28.00","0.572304,0.125613,0.004085,0.008578",2448,3264,3.504e-05,tiny,False
train,727,batch_2/000048.JPG,batch_2_000048.JPG,2440,5,cigarette,"1380.00,438.00,30.00,20.00","0.569853,0.137255,0.012255,0.006127",2448,3264,7.509e-05,tiny,False
train,727,batch_2/000048.JPG,batch_2_000048.JPG,2441,5,cigarette,"1188.00,414.00,22.00,24.00","0.489788,0.130515,0.008987,0.007353",2448,3264,6.608e-05,tiny,False
train,727,batch_2/000048.JPG,batch_2_000048.JPG,2442,5,cigarette,"66.00,834.00,38.00,16.00","0.034722,0.257966,0.015523,0.004902",2448,3264,7.609e-05,tiny,False
train,727,batch_2/000048.JPG,batch_2_000048.JPG,2443,5,cigarette,"360.00,1378.00,34.00,50.00","0.154003,0.429841,0.013889,0.015319",2448,3264,0.00021276,tiny,False
train,727,batch_2/000048.JPG,batch_2_000048.JPG,2444,5,cigarette,"256.00,656.00,18.00,20.00","0.108252,0.204044,0.007353,0.006127",2448,3264,4.505e-05,tiny,False
train,727,batch_2/000048.JPG,batch_2_000048.JPG,2445,5,cigarette,"470.00,848.00,26.00,14.00","0.197304,0.261949,0.010621,0.004289",2448,3264,4.556e-05,tiny,False
test,728,batch_2/000050.JPG,batch_2_000050.JPG,2294,6,cup,"1040.00,1190.00,221.00,308.00","0.469975,0.411765,0.090278,0.094363",2448,3264,0.00851886,tiny,False
test,728,batch_2/000050.JPG,batch_2_000050.JPG,2295,7,straw,"1127.00,1498.00,57.00,196.00","0.472018,0.488971,0.023284,0.060049",2448,3264,0.0013982,tiny,False
test,728,batch_2/000050.JPG,batch_2_000050.JPG,2446,5,cigarette,"1112.00,2114.00,38.00,84.00","0.462010,0.660539,0.015523,0.025735",2448,3264,0.00039949,tiny,False
test,728,batch_2/000050.JPG,batch_2_000050.JPG,2447,5,cigarette,"1266.00,440.00,22.00,72.00","0.521650,0.145833,0.008987,0.022059",2448,3264,0.00019824,tiny,False
test,728,batch_2/000050.JPG,batch_2_000050.JPG,2448,5,cigarette,"1280.00,370.00,56.00,62.00","0.534314,0.122855,0.022876,0.018995",2448,3264,0.00043453,tiny,False
test,728,batch_2/000050.JPG,batch_2_000050.JPG,2449,5,cigarette,"904.00,252.00,14.00,38.00","0.372141,0.083027,0.005719,0.011642",2448,3264,6.658e-05,tiny,False
test,729,batch_2/000051.JPG,batch_2_000051.JPG,2297,1,bottle,"1387.00,804.00,89.00,117.00","0.584763,0.264246,0.036356,0.035846",2448,3264,0.00130321,tiny,False
test,729,batch_2/000051.JPG,batch_2_000051.JPG,2298,2,bottle_cap,"2394.00,746.00,25.00,23.00","0.983047,0.232077,0.010212,0.007047",2448,3264,7.196e-05,tiny,False
val,730,batch_2/000052.JPG,batch_2_000052.JPG,2299,7,straw,"1004.00,2121.00,610.00,31.00","0.534722,0.654565,0.249183,0.009498",2448,3264,0.00236663,tiny,False
val,730,batch_2/000052.JPG,batch_2_000052.JPG,2450,5,cigarette,"964.00,2078.00,40.00,110.00","0.401961,0.653493,0.016340,0.033701",2448,3264,0.00055067,tiny,False
val,730,batch_2/000052.JPG,batch_2_000052.JPG,2451,5,cigarette,"1006.00,2060.00,116.00,36.00","0.434641,0.636642,0.047386,0.011029",2448,3264,0.00052264,tiny,False
val,730,batch_2/000052.JPG,batch_2_000052.JPG,2452,5,cigarette,"1150.00,2016.00,72.00,86.00","0.484477,0.630821,0.029412,0.026348",2448,3264,0.00077494,tiny,False
val,730,batch_2/000052.JPG,batch_2_000052.JPG,2453,5,cigarette,"1316.00,2248.00,78.00,78.00","0.553513,0.700674,0.031863,0.023897",2448,3264,0.00076143,tiny,False
val,730,batch_2/000052.JPG,batch_2_000052.JPG,2454,5,cigarette,"120.00,3036.00,98.00,78.00","0.069036,0.942096,0.040033,0.023897",2448,3264,0.00095666,tiny,False
val,730,batch_2/000052.JPG,batch_2_000052.JPG,2455,5,cigarette,"176.00,768.00,64.00,102.00","0.084967,0.250919,0.026144,0.031250",2448,3264,0.00081699,tiny,False
val,731,batch_2/000053.JPG,batch_2_000053.JPG,2301,7,straw,"1604.00,788.00,354.00,214.00","0.727533,0.274203,0.144608,0.065564",2448,3264,0.00948103,tiny,False
val,731,batch_2/000053.JPG,batch_2_000053.JPG,2302,2,bottle_cap,"81.00,621.00,71.00,57.00","0.047590,0.198989,0.029003,0.017463",2448,3264,0.00050649,tiny,False
val,731,batch_2/000053.JPG,batch_2_000053.JPG,2303,2,bottle_cap,"160.00,456.00,59.00,47.00","0.077410,0.146906,0.024101,0.014400",2448,3264,0.00034705,tiny,False
train,732,batch_2/000054.JPG,batch_2_000054.JPG,2307,0,bag_wrapper,"323.00,1467.00,261.00,281.00","0.185253,0.492494,0.106618,0.086091",2448,3264,0.00917879,tiny,False
train,732,batch_2/000054.JPG,batch_2_000054.JPG,2308,0,bag_wrapper,"247.00,1146.00,135.00,32.00","0.128472,0.356005,0.055147,0.009804",2448,3264,0.00054066,tiny,False
train,732,batch_2/000054.JPG,batch_2_000054.JPG,2309,0,bag_wrapper,"2192.00,2269.00,158.00,265.00","0.927696,0.735754,0.064542,0.081189",2448,3264,0.00524012,tiny,False
train,734,batch_2/000056.JPG,batch_2_000056.JPG,2314,0,bag_wrapper,"791.00,1492.00,323.00,379.00","0.389093,0.515165,0.131944,0.116115",2448,3264,0.01532076,small,False
test,735,batch_2/000057.JPG,batch_2_000057.JPG,2315,0,bag_wrapper,"1104.00,1026.00,193.00,124.00","0.490400,0.333333,0.078840,0.037990",2448,3264,0.00299514,tiny,False
train,736,batch_2/000058.JPG,batch_2_000058.JPG,2316,0,bag_wrapper,"1076.00,1168.00,287.00,332.00","0.498162,0.408701,0.117239,0.101716",2448,3264,0.011925,small,False
val,737,batch_2/000059.JPG,batch_2_000059.JPG,2317,6,cup,"1115.00,1904.00,243.00,223.00","0.505106,0.617494,0.099265,0.068321",2448,3264,0.00678187,tiny,False
val,737,batch_2/000059.JPG,batch_2_000059.JPG,2318,6,cup,"1341.00,1390.00,198.00,261.00","0.588235,0.465839,0.080882,0.079963",2448,3264,0.00646761,tiny,False
train,740,batch_2/000062.JPG,batch_2_000062.JPG,2323,2,bottle_cap,"1702.00,856.00,226.00,215.00","0.556066,0.393587,0.069240,0.087827",3264,2448,0.00608114,tiny,False
val,741,batch_2/000063.JPG,batch_2_000063.JPG,2324,2,bottle_cap,"1578.00,1512.00,118.00,118.00","0.501532,0.641748,0.036152,0.048203",3264,2448,0.00174262,tiny,False
train,743,batch_2/000065.JPG,batch_2_000065.JPG,2326,0,bag_wrapper,"664.00,1616.00,587.00,268.00","0.391136,0.536152,0.239788,0.082108",2448,3264,0.01968844,small,False
train,743,batch_2/000065.JPG,batch_2_000065.JPG,2456,5,cigarette,"1172.00,692.00,38.00,40.00","0.486520,0.218137,0.015523,0.012255",2448,3264,0.00019023,tiny,False
train,744,batch_2/000067.JPG,batch_2_000067.JPG,2327,0,bag_wrapper,"1525.00,1206.00,518.00,220.00","0.546569,0.537582,0.158701,0.089869",3264,2448,0.01426234,small,False
train,745,batch_2/000068.JPG,batch_2_000068.JPG,2328,4,carton,"575.00,1655.00,327.00,359.00","0.301675,0.562040,0.133578,0.109988",2448,3264,0.01469199,small,False
train,745,batch_2/000068.JPG,batch_2_000068.JPG,2329,4,carton,"776.00,1225.00,291.00,255.00","0.376430,0.414369,0.118873,0.078125",2448,3264,0.00928692,tiny,False
train,746,batch_2/000069.JPG,batch_2_000069.JPG,2331,4,carton,"1077.00,1105.00,699.00,610.00","0.437040,0.575980,0.214154,0.249183",3264,2448,0.05336364,medium,False
val,747,batch_2/000070.JPG,batch_2_000070.JPG,2332,0,bag_wrapper,"965.00,1529.00,314.00,365.00","0.343750,0.699142,0.096201,0.149101",3264,2448,0.01434369,small,False
val,748,batch_2/000071.JPG,batch_2_000071.JPG,2333,7,straw,"1108.00,2154.00,225.00,388.00","0.498570,0.719363,0.091912,0.118873",2448,3264,0.01092579,small,False
train,749,batch_2/000072.JPG,batch_2_000072.JPG,2334,2,bottle_cap,"2165.00,1445.00,107.00,102.00","0.679688,0.611111,0.032782,0.041667",3264,2448,0.00136591,tiny,False
train,750,batch_2/000073.JPG,batch_2_000073.JPG,2335,4,carton,"921.00,1710.00,411.00,455.00","0.460172,0.593597,0.167892,0.139400",2448,3264,0.02340408,small,False
train,750,batch_2/000073.JPG,batch_2_000073.JPG,2336,0,bag_wrapper,"984.00,1803.00,166.00,210.00","0.435866,0.584559,0.067810,0.064338",2448,3264,0.00436281,tiny,False
train,750,batch_2/000073.JPG,batch_2_000073.JPG,2337,0,bag_wrapper,"2386.00,1294.00,43.00,69.00","0.983456,0.407016,0.017565,0.021140",2448,3264,0.00037133,tiny,False
train,751,batch_2/000074.JPG,batch_2_000074.JPG,2338,1,bottle,"1089.00,727.00,137.00,386.00","0.354626,0.375817,0.041973,0.157680",3264,2448,0.0066183,tiny,False
train,751,batch_2/000074.JPG,batch_2_000074.JPG,2339,7,straw,"1288.00,1157.00,71.00,201.00","0.405484,0.513685,0.021752,0.082108",3264,2448,0.00178605,tiny,False
test,752,batch_2/000075.JPG,batch_2_000075.JPG,2341,3,can,"1104.00,881.00,231.00,287.00","0.373621,0.418505,0.070772,0.117239",3264,2448,0.00829721,tiny,False
test,752,batch_2/000075.JPG,batch_2_000075.JPG,2457,5,cigarette,"1486.00,866.00,62.00,50.00","0.464767,0.363971,0.018995,0.020425",3264,2448,0.00038797,tiny,False
test,752,batch_2/000075.JPG,batch_2_000075.JPG,2458,5,cigarette,"1014.00,732.00,16.00,44.00","0.313113,0.308007,0.004902,0.017974",3264,2448,8.811e-05,tiny,False
test,752,batch_2/000075.JPG,batch_2_000075.JPG,2459,5,cigarette,"916.00,814.00,56.00,52.00","0.289216,0.343137,0.017157,0.021242",3264,2448,0.00036444,tiny,False
test,752,batch_2/000075.JPG,batch_2_000075.JPG,2460,5,cigarette,"2254.00,562.00,34.00,34.00","0.695772,0.236520,0.010417,0.013889",3264,2448,0.00014468,tiny,False
test,752,batch_2/000075.JPG,batch_2_000075.JPG,2461,5,cigarette,"2274.00,702.00,14.00,26.00","0.698836,0.292075,0.004289,0.010621",3264,2448,4.556e-05,tiny,False
train,753,batch_2/000076.JPG,batch_2_000076.JPG,2342,1,bottle,"1600.00,924.00,469.00,583.00","0.562040,0.496528,0.143689,0.238154",3264,2448,0.03421999,small,False
train,753,batch_2/000076.JPG,batch_2_000076.JPG,2343,2,bottle_cap,"1182.00,1306.00,94.00,81.00","0.376532,0.550041,0.028799,0.033088",3264,2448,0.00095291,tiny,False
train,753,batch_2/000076.JPG,batch_2_000076.JPG,2462,5,cigarette,"282.00,1056.00,78.00,20.00","0.098346,0.435458,0.023897,0.008170",3264,2448,0.00019524,tiny,False
train,754,batch_2/000077.JPG,batch_2_000077.JPG,2344,0,bag_wrapper,"298.00,534.00,1325.00,1869.00","0.392361,0.449908,0.541258,0.572610",2448,3264,0.30993,large,False
test,755,batch_2/000079.JPG,batch_2_000079.JPG,2346,4,carton,"772.00,2276.00,244.00,296.00","0.365196,0.742647,0.099673,0.090686",2448,3264,0.00903899,tiny,False
test,755,batch_2/000079.JPG,batch_2_000079.JPG,2347,1,bottle,"1083.00,1614.00,200.00,200.00","0.483252,0.525123,0.081699,0.061275",2448,3264,0.00500609,tiny,False
test,755,batch_2/000079.JPG,batch_2_000079.JPG,2463,5,cigarette,"606.00,2938.00,28.00,22.00","0.253268,0.903493,0.011438,0.006740",2448,3264,7.709e-05,tiny,False
test,755,batch_2/000079.JPG,batch_2_000079.JPG,2464,5,cigarette,"1548.00,358.00,58.00,44.00","0.644199,0.116422,0.023693,0.013480",2448,3264,0.00031939,tiny,False
train,756,batch_2/000080.JPG,batch_2_000080.JPG,2349,3,can,"1404.00,2097.00,262.00,188.00","0.627042,0.671262,0.107026,0.057598",2448,3264,0.0061645,tiny,False
train,756,batch_2/000080.JPG,batch_2_000080.JPG,2465,5,cigarette,"132.00,234.00,34.00,98.00","0.060866,0.086703,0.013889,0.030025",2448,3264,0.00041701,tiny,False
train,757,batch_2/000081.JPG,batch_2_000081.JPG,2351,0,bag_wrapper,"1022.00,1632.00,476.00,446.00","0.514706,0.568321,0.194444,0.136642",2448,3264,0.02656931,small,False
train,757,batch_2/000081.JPG,batch_2_000081.JPG,2466,5,cigarette,"432.00,1914.00,50.00,68.00","0.186683,0.596814,0.020425,0.020833",2448,3264,0.00042552,tiny,False
train,758,batch_2/000082.JPG,batch_2_000082.JPG,2352,1,bottle,"1270.00,1295.00,210.00,379.00","0.561683,0.454810,0.085784,0.116115",2448,3264,0.00996086,tiny,False
train,758,batch_2/000082.JPG,batch_2_000082.JPG,2353,1,bottle,"2050.00,964.00,186.00,271.00","0.875408,0.336857,0.075980,0.083027",2448,3264,0.00630842,tiny,False
train,758,batch_2/000082.JPG,batch_2_000082.JPG,2354,1,bottle,"1164.00,385.00,266.00,116.00","0.529820,0.135723,0.108660,0.035539",2448,3264,0.0038617,tiny,False
train,758,batch_2/000082.JPG,batch_2_000082.JPG,2358,0,bag_wrapper,"1289.00,2527.00,67.00,56.00","0.540237,0.782782,0.027369,0.017157",2448,3264,0.00046957,tiny,False
train,758,batch_2/000082.JPG,batch_2_000082.JPG,2467,5,cigarette,"792.00,672.00,38.00,12.00","0.331291,0.207721,0.015523,0.003676",2448,3264,5.707e-05,tiny,False
train,758,batch_2/000082.JPG,batch_2_000082.JPG,2468,5,cigarette,"1626.00,422.00,18.00,36.00","0.667892,0.134804,0.007353,0.011029",2448,3264,8.11e-05,tiny,False
train,759,batch_2/000083.JPG,batch_2_000083.JPG,2359,4,carton,"1115.00,1480.00,312.00,257.00","0.519199,0.492800,0.127451,0.078738",2448,3264,0.0100352,small,False
train,760,batch_2/000085.JPG,batch_2_000085.JPG,2360,7,straw,"1300.00,918.00,204.00,575.00","0.572712,0.369332,0.083333,0.176164",2448,3264,0.01468035,small,False
train,761,batch_2/000086.JPG,batch_2_000086.JPG,2361,3,can,"1329.00,720.00,350.00,167.00","0.614379,0.246170,0.142974,0.051164",2448,3264,0.00731515,tiny,False
train,762,batch_2/000014.JPG,batch_2_000014.JPG,2363,0,bag_wrapper,"750.00,1553.00,450.00,799.00","0.399263,0.751829,0.184275,0.307663",2442,2597,0.0566946,medium,False
train,763,batch_2/000030.JPG,batch_2_000030.JPG,2365,0,bag_wrapper,"771.00,1523.00,178.00,227.00","0.388437,0.501379,0.080397,0.069547",2214,3264,0.00559137,tiny,False
train,763,batch_2/000030.JPG,batch_2_000030.JPG,2469,5,cigarette,"708.00,1004.00,48.00,34.00","0.330623,0.312806,0.021680,0.010417",2214,3264,0.00022584,tiny,False
val,764,batch_2/000049.JPG,batch_2_000049.JPG,2367,3,can,"669.00,1067.00,141.00,33.00","0.233797,0.442606,0.044578,0.013480",3163,2448,0.00060093,tiny,False
val,764,batch_2/000049.JPG,batch_2_000049.JPG,2368,3,can,"870.00,1049.00,81.00,41.00","0.287860,0.436887,0.025609,0.016748",3163,2448,0.0004289,tiny,False
val,764,batch_2/000049.JPG,batch_2_000049.JPG,2369,3,can,"3011.00,974.00,79.00,45.00","0.964433,0.407067,0.024976,0.018382",3163,2448,0.00045912,tiny,False
val,764,batch_2/000049.JPG,batch_2_000049.JPG,2370,1,bottle,"1198.00,990.00,224.00,88.00","0.414164,0.422386,0.070819,0.035948",3163,2448,0.00254578,tiny,False
val,764,batch_2/000049.JPG,batch_2_000049.JPG,2371,1,bottle,"2348.00,969.00,155.00,64.00","0.766835,0.408905,0.049004,0.026144",3163,2448,0.00128115,tiny,False
val,764,batch_2/000049.JPG,batch_2_000049.JPG,2372,1,bottle,"2700.00,986.00,71.00,32.00","0.864844,0.409314,0.022447,0.013072",3163,2448,0.00029343,tiny,False
val,764,batch_2/000049.JPG,batch_2_000049.JPG,2373,6,cup,"2016.00,994.00,95.00,53.00","0.652387,0.416871,0.030035,0.021650",3163,2448,0.00065026,tiny,False
val,764,batch_2/000049.JPG,batch_2_000049.JPG,2375,7,straw,"2053.00,1031.00,126.00,13.00","0.668985,0.423815,0.039836,0.005310",3163,2448,0.00021155,tiny,False
val,764,batch_2/000049.JPG,batch_2_000049.JPG,2470,5,cigarette,"1982.00,1284.00,28.00,18.00","0.631046,0.528186,0.008852,0.007353",3163,2448,6.509e-05,tiny,False
train,765,batch_2/000088.JPG,batch_2_000088.JPG,2376,1,bottle,"1488.00,1407.00,444.00,466.00","0.698529,0.502451,0.181373,0.142770",2448,3264,0.02589449,small,False
train,765,batch_2/000088.JPG,batch_2_000088.JPG,2377,2,bottle_cap,"1488.00,1786.00,92.00,87.00","0.626634,0.560509,0.037582,0.026654",2448,3264,0.00100172,tiny,False
train,766,batch_2/000089.JPG,batch_2_000089.JPG,2378,0,bag_wrapper,"1641.00,859.00,610.00,180.00","0.596201,0.387663,0.186887,0.073529",3264,2448,0.01374171,small,False
train,767,batch_2/000090.JPG,batch_2_000090.JPG,2379,0,bag_wrapper,"1538.00,1583.00,436.00,220.00","0.537990,0.691585,0.133578,0.089869",3264,2448,0.0120046,small,False
train,768,batch_2/000091.JPG,batch_2_000091.JPG,2380,0,bag_wrapper,"1626.00,1383.00,421.00,239.00","0.562653,0.613766,0.128983,0.097631",3264,2448,0.01259269,small,False
train,769,batch_2/000092.JPG,batch_2_000092.JPG,2381,0,bag_wrapper,"1310.00,941.00,392.00,370.00","0.461397,0.459967,0.120098,0.151144",3264,2448,0.01815207,small,False
train,770,batch_2/000093.JPG,batch_2_000093.JPG,2382,2,bottle_cap,"1135.00,1772.00,90.00,86.00","0.482026,0.556066,0.036765,0.026348",2448,3264,0.00096868,tiny,False
train,771,batch_2/000094.JPG,batch_2_000094.JPG,2383,0,bag_wrapper,"1592.00,1000.00,559.00,450.00","0.573376,0.500408,0.171262,0.183824",3264,2448,0.03148203,small,False
train,772,batch_2/000095.JPG,batch_2_000095.JPG,2384,0,bag_wrapper,"1482.00,711.00,581.00,536.00","0.543045,0.399918,0.178002,0.218954",3264,2448,0.03897439,small,False
test,773,batch_2/000096.JPG,batch_2_000096.JPG,2385,4,carton,"1108.00,1072.00,327.00,319.00","0.389553,0.503064,0.100184,0.130310",3264,2448,0.013055,small,False
test,773,batch_2/000096.JPG,batch_2_000096.JPG,2386,0,bag_wrapper,"1159.00,1206.00,103.00,138.00","0.370864,0.520833,0.031556,0.056373",3264,2448,0.00177891,tiny,False
test,774,batch_2/000097.JPG,batch_2_000097.JPG,2387,4,carton,"1749.00,878.00,304.00,258.00","0.776552,0.308517,0.124183,0.079044",2448,3264,0.00981594,tiny,False
val,775,batch_2/000098.JPG,batch_2_000098.JPG,2388,3,can,"1031.00,1093.00,199.00,102.00","0.461806,0.350490,0.081291,0.031250",2448,3264,0.00254034,tiny,False
val,775,batch_2/000098.JPG,batch_2_000098.JPG,2471,5,cigarette,"854.00,422.00,40.00,16.00","0.357026,0.131740,0.016340,0.004902",2448,3264,8.01e-05,tiny,False
val,775,batch_2/000098.JPG,batch_2_000098.JPG,2472,5,cigarette,"840.00,152.00,14.00,20.00","0.345997,0.049632,0.005719,0.006127",2448,3264,3.504e-05,tiny,False
val,775,batch_2/000098.JPG,batch_2_000098.JPG,2473,5,cigarette,"1240.00,212.00,22.00,26.00","0.511029,0.068934,0.008987,0.007966",2448,3264,7.159e-05,tiny,False
val,775,batch_2/000098.JPG,batch_2_000098.JPG,2474,5,cigarette,"998.00,720.00,46.00,34.00","0.417075,0.225797,0.018791,0.010417",2448,3264,0.00019574,tiny,False
val,775,batch_2/000098.JPG,batch_2_000098.JPG,2475,5,cigarette,"1382.00,532.00,24.00,14.00","0.569444,0.165135,0.009804,0.004289",2448,3264,4.205e-05,tiny,False
val,775,batch_2/000098.JPG,batch_2_000098.JPG,2476,5,cigarette,"252.00,1318.00,48.00,18.00","0.112745,0.406556,0.019608,0.005515",2448,3264,0.00010813,tiny,False
val,775,batch_2/000098.JPG,batch_2_000098.JPG,2477,5,cigarette,"724.00,922.00,22.00,24.00","0.300245,0.286152,0.008987,0.007353",2448,3264,6.608e-05,tiny,False
train,776,batch_2/000099.JPG,batch_2_000099.JPG,2389,0,bag_wrapper,"1130.00,1066.00,551.00,376.00","0.574142,0.384191,0.225082,0.115196",2448,3264,0.02592853,small,False
train,777,batch_2/000084.JPG,batch_2_000084.JPG,2390,0,bag_wrapper,"975.00,81.00,116.00,263.00","0.536623,0.150923,0.060260,0.186790",1925,1408,0.0112559,small,False
train,777,batch_2/000084.JPG,batch_2_000084.JPG,2478,5,cigarette,"1086.00,984.00,38.00,68.00","0.574026,0.723011,0.019740,0.048295",1925,1408,0.00095336,tiny,False
train,777,batch_2/000084.JPG,batch_2_000084.JPG,2479,5,cigarette,"1032.00,936.00,40.00,76.00","0.546494,0.691761,0.020779,0.053977",1925,1408,0.00112161,tiny,False
train,777,batch_2/000084.JPG,batch_2_000084.JPG,2480,5,cigarette,"1040.00,772.00,44.00,52.00","0.551688,0.566761,0.022857,0.036932",1925,1408,0.00084416,tiny,False
train,777,batch_2/000084.JPG,batch_2_000084.JPG,2481,5,cigarette,"1112.00,954.00,54.00,74.00","0.591688,0.703835,0.028052,0.052557",1925,1408,0.00147432,tiny,False
train,777,batch_2/000084.JPG,batch_2_000084.JPG,2482,5,cigarette,"1124.00,786.00,16.00,36.00","0.588052,0.571023,0.008312,0.025568",1925,1408,0.00021251,tiny,False
train,777,batch_2/000084.JPG,batch_2_000084.JPG,2483,5,cigarette,"1016.00,900.00,14.00,34.00","0.531429,0.651278,0.007273,0.024148",1925,1408,0.00017562,tiny,False
train,777,batch_2/000084.JPG,batch_2_000084.JPG,2484,5,cigarette,"1622.00,294.00,74.00,48.00","0.861818,0.225852,0.038442,0.034091",1925,1408,0.00131051,tiny,False
train,778,batch_3/IMG_4972.JPG,batch_3_IMG_4972.JPG,2726,5,cigarette,"1566.00,266.00,78.00,52.00","0.655637,0.089461,0.031863,0.015931",2448,3264,0.00050762,tiny,False
train,779,batch_3/IMG_4977.JPG,batch_3_IMG_4977.JPG,2487,3,can,"1155.00,1733.00,261.00,265.00","0.525123,0.571538,0.106618,0.081189",2448,3264,0.00865615,tiny,False
val,780,batch_3/IMG_4978.JPG,batch_3_IMG_4978.JPG,2488,3,can,"1088.00,1045.00,320.00,593.00","0.509804,0.410999,0.130719,0.181679",2448,3264,0.02374888,small,False
test,781,batch_3/IMG_4980.JPG,batch_3_IMG_4980.JPG,2490,0,bag_wrapper,"241.00,1165.00,251.00,177.00","0.149714,0.384038,0.102533,0.054228",2448,3264,0.00556014,tiny,False
test,781,batch_3/IMG_4980.JPG,batch_3_IMG_4980.JPG,2727,5,cigarette,"1474.00,2388.00,26.00,56.00","0.607435,0.740196,0.010621,0.017157",2448,3264,0.00018222,tiny,False
train,782,batch_3/IMG_4992.JPG,batch_3_IMG_4992.JPG,2491,1,bottle,"997.00,897.00,453.00,491.00","0.499796,0.350031,0.185049,0.150429",2448,3264,0.02783672,small,False
train,782,batch_3/IMG_4992.JPG,batch_3_IMG_4992.JPG,2492,2,bottle_cap,"1173.00,687.00,53.00,48.00","0.489992,0.217831,0.021650,0.014706",2448,3264,0.00031839,tiny,False
train,783,batch_3/IMG_4994.JPG,batch_3_IMG_4994.JPG,2493,6,cup,"574.00,1397.00,350.00,432.00","0.305964,0.494179,0.142974,0.132353",2448,3264,0.01892301,small,False
train,783,batch_3/IMG_4994.JPG,batch_3_IMG_4994.JPG,2494,1,bottle,"1402.00,1097.00,311.00,158.00","0.636234,0.360294,0.127042,0.048407",2448,3264,0.00614973,tiny,False
train,784,batch_3/IMG_4996.JPG,batch_3_IMG_4996.JPG,2496,1,bottle,"1099.00,1438.00,297.00,812.00","0.509600,0.564951,0.121324,0.248775",2448,3264,0.0301822,small,False
train,784,batch_3/IMG_4996.JPG,batch_3_IMG_4996.JPG,2497,2,bottle_cap,"1228.00,2173.00,122.00,77.00","0.526552,0.677543,0.049837,0.023591",2448,3264,0.00117568,tiny,False
train,784,batch_3/IMG_4996.JPG,batch_3_IMG_4996.JPG,2498,3,can,"800.00,145.00,631.00,371.00","0.455678,0.101256,0.257761,0.113664",2448,3264,0.02929825,small,False
train,785,batch_3/IMG_4997.JPG,batch_3_IMG_4997.JPG,2500,3,can,"1298.00,918.00,131.00,103.00","0.556985,0.297028,0.053513,0.031556",2448,3264,0.00168868,tiny,False
test,786,batch_3/IMG_4998.JPG,batch_3_IMG_4998.JPG,2502,3,can,"1129.00,1456.00,328.00,154.00","0.528186,0.469669,0.133987,0.047181",2448,3264,0.00632169,tiny,False
test,787,batch_3/IMG_5002.JPG,batch_3_IMG_5002.JPG,2504,4,carton,"25.00,444.00,2089.00,2120.00","0.436887,0.460784,0.853350,0.649510",2448,3264,0.55425898,large,False
train,788,batch_3/IMG_5003.JPG,batch_3_IMG_5003.JPG,2728,5,cigarette,"1234.00,3148.00,40.00,100.00","0.512255,0.979779,0.016340,0.030637",2448,3264,0.00050061,tiny,False
train,788,batch_3/IMG_5003.JPG,batch_3_IMG_5003.JPG,2729,5,cigarette,"1642.00,2790.00,68.00,66.00","0.684641,0.864890,0.027778,0.020221",2448,3264,0.00056168,tiny,False
train,788,batch_3/IMG_5003.JPG,batch_3_IMG_5003.JPG,2730,5,cigarette,"1014.00,1880.00,28.00,78.00","0.419935,0.587929,0.011438,0.023897",2448,3264,0.00027333,tiny,False
train,788,batch_3/IMG_5003.JPG,batch_3_IMG_5003.JPG,2731,5,cigarette,"1086.00,860.00,66.00,38.00","0.457108,0.269301,0.026961,0.011642",2448,3264,0.00031388,tiny,False
train,788,batch_3/IMG_5003.JPG,batch_3_IMG_5003.JPG,2732,5,cigarette,"1858.00,1058.00,82.00,64.00","0.775735,0.333946,0.033497,0.019608",2448,3264,0.0006568,tiny,False
train,788,batch_3/IMG_5003.JPG,batch_3_IMG_5003.JPG,2733,5,cigarette,"2140.00,2674.00,48.00,70.00","0.883987,0.829963,0.019608,0.021446",2448,3264,0.00042051,tiny,False
train,788,batch_3/IMG_5003.JPG,batch_3_IMG_5003.JPG,2734,5,cigarette,"2092.00,2548.00,44.00,104.00","0.863562,0.796569,0.017974,0.031863",2448,3264,0.0005727,tiny,False
train,788,batch_3/IMG_5003.JPG,batch_3_IMG_5003.JPG,2735,5,cigarette,"2164.00,2644.00,72.00,44.00","0.898693,0.816789,0.029412,0.013480",2448,3264,0.00039648,tiny,False
train,788,batch_3/IMG_5003.JPG,batch_3_IMG_5003.JPG,2736,5,cigarette,"2096.00,1826.00,112.00,28.00","0.879085,0.563725,0.045752,0.008578",2448,3264,0.00039248,tiny,False
train,788,batch_3/IMG_5003.JPG,batch_3_IMG_5003.JPG,2737,5,cigarette,"1864.00,1476.00,58.00,74.00","0.773284,0.463542,0.023693,0.022672",2448,3264,0.00053715,tiny,False
train,788,batch_3/IMG_5003.JPG,batch_3_IMG_5003.JPG,2738,5,cigarette,"1776.00,816.00,50.00,28.00","0.735703,0.254289,0.020425,0.008578",2448,3264,0.00017521,tiny,False
train,788,batch_3/IMG_5003.JPG,batch_3_IMG_5003.JPG,2739,5,cigarette,"2018.00,272.00,64.00,14.00","0.837418,0.085478,0.026144,0.004289",2448,3264,0.00011214,tiny,False
train,788,batch_3/IMG_5003.JPG,batch_3_IMG_5003.JPG,2740,5,cigarette,"2144.00,478.00,52.00,26.00","0.886438,0.150429,0.021242,0.007966",2448,3264,0.00016921,tiny,False
train,788,batch_3/IMG_5003.JPG,batch_3_IMG_5003.JPG,2741,5,cigarette,"1852.00,276.00,22.00,28.00","0.761029,0.088848,0.008987,0.008578",2448,3264,7.709e-05,tiny,False
train,788,batch_3/IMG_5003.JPG,batch_3_IMG_5003.JPG,2742,5,cigarette,"2348.00,810.00,52.00,20.00","0.969771,0.251225,0.021242,0.006127",2448,3264,0.00013016,tiny,False
train,788,batch_3/IMG_5003.JPG,batch_3_IMG_5003.JPG,2743,5,cigarette,"528.00,2624.00,50.00,74.00","0.225899,0.815257,0.020425,0.022672",2448,3264,0.00046306,tiny,False
train,789,batch_3/IMG_5036.JPG,batch_3_IMG_5036.JPG,2508,1,bottle,"1235.00,886.00,196.00,58.00","0.544526,0.280331,0.080065,0.017770",2448,3264,0.00142273,tiny,False
test,791,batch_3/IMG_5040.JPG,batch_3_IMG_5040.JPG,2511,0,bag_wrapper,"570.00,1226.00,1464.00,1282.00","0.531863,0.571998,0.598039,0.392770",2448,3264,0.23489163,large,False
train,792,batch_3/IMG_5041.JPG,batch_3_IMG_5041.JPG,2512,0,bag_wrapper,"1340.00,989.00,964.00,1447.00","0.744281,0.524663,0.393791,0.443321",2448,3264,0.17457578,medium,False
train,793,batch_3/IMG_5042.JPG,batch_3_IMG_5042.JPG,2513,1,bottle,"1445.00,1048.00,457.00,1110.00","0.683619,0.491115,0.186683,0.340074",2448,3264,0.06348595,medium,False
train,794,batch_3/IMG_5043.JPG,batch_3_IMG_5043.JPG,2514,1,bottle,"383.00,1252.00,1417.00,699.00","0.445874,0.490656,0.578840,0.214154",2448,3264,0.12396111,medium,False
train,795,batch_3/IMG_5044.JPG,batch_3_IMG_5044.JPG,2515,4,carton,"1131.00,2119.00,607.00,937.00","0.585989,0.792739,0.247958,0.287071",2448,3264,0.07118143,medium,False
train,796,batch_3/IMG_5045.JPG,batch_3_IMG_5045.JPG,2516,4,carton,"1167.00,1396.00,1155.00,1137.00","0.712623,0.601869,0.471814,0.348346",2448,3264,0.16435423,medium,False
train,796,batch_3/IMG_5045.JPG,batch_3_IMG_5045.JPG,2517,0,bag_wrapper,"784.00,1936.00,452.00,459.00","0.412582,0.663450,0.184641,0.140625",2448,3264,0.02596507,small,False
train,797,batch_3/IMG_5046.JPG,batch_3_IMG_5046.JPG,2518,3,can,"987.00,1969.00,404.00,439.00","0.485703,0.670496,0.165033,0.134498",2448,3264,0.02219649,small,False
train,798,batch_3/IMG_5048.JPG,batch_3_IMG_5048.JPG,2522,0,bag_wrapper,"1341.00,1166.00,103.00,234.00","0.568832,0.393076,0.042075,0.071691",2448,3264,0.00301642,tiny,False
train,799,batch_3/IMG_5049.JPG,batch_3_IMG_5049.JPG,2523,0,bag_wrapper,"145.00,286.00,1433.00,2103.00","0.351920,0.409773,0.585376,0.644301",2448,3264,0.3771585,large,False
train,800,batch_3/IMG_5050.JPG,batch_3_IMG_5050.JPG,2524,3,can,"890.00,676.00,454.00,1765.00","0.456291,0.477482,0.185458,0.540748",2448,3264,0.1002857,medium,False
train,802,batch_3/IMG_5052.JPG,batch_3_IMG_5052.JPG,2527,4,carton,"1338.00,1120.00,696.00,1365.00","0.688725,0.552237,0.284314,0.418199",2448,3264,0.11889958,medium,False
train,803,batch_3/IMG_5053.JPG,batch_3_IMG_5053.JPG,2528,1,bottle,"1594.00,950.00,248.00,603.00","0.701797,0.383425,0.101307,0.184743",2448,3264,0.01871576,small,False
train,803,batch_3/IMG_5053.JPG,batch_3_IMG_5053.JPG,2529,1,bottle,"2357.00,407.00,91.00,565.00","0.981413,0.211244,0.037173,0.173100",2448,3264,0.0064347,tiny,False
train,803,batch_3/IMG_5053.JPG,batch_3_IMG_5053.JPG,2530,2,bottle_cap,"1698.00,951.00,96.00,69.00","0.713235,0.301930,0.039216,0.021140",2448,3264,0.00082901,tiny,False
train,804,batch_3/IMG_5054.JPG,batch_3_IMG_5054.JPG,2531,6,cup,"1270.00,2006.00,75.00,55.00","0.534109,0.623009,0.030637,0.016850",2448,3264,0.00051625,tiny,False
train,804,batch_3/IMG_5054.JPG,batch_3_IMG_5054.JPG,2532,6,cup,"2257.00,1772.00,58.00,63.00","0.933824,0.552543,0.023693,0.019301",2448,3264,0.00045731,tiny,False
train,804,batch_3/IMG_5054.JPG,batch_3_IMG_5054.JPG,2534,3,can,"2189.00,1827.00,56.00,38.00","0.905637,0.565564,0.022876,0.011642",2448,3264,0.00026632,tiny,False
train,804,batch_3/IMG_5054.JPG,batch_3_IMG_5054.JPG,2536,7,straw,"2299.00,1780.00,31.00,6.00","0.945466,0.546262,0.012663,0.001838",2448,3264,2.328e-05,tiny,False
train,805,batch_3/IMG_5055.JPG,batch_3_IMG_5055.JPG,2537,3,can,"1134.00,1780.00,332.00,308.00","0.531046,0.592525,0.135621,0.094363",2448,3264,0.01279756,small,False
train,805,batch_3/IMG_5055.JPG,batch_3_IMG_5055.JPG,2538,3,can,"1213.00,1146.00,310.00,420.00","0.558824,0.415441,0.126634,0.128676",2448,3264,0.01629481,small,False
val,806,batch_3/IMG_5056.JPG,batch_3_IMG_5056.JPG,2540,6,cup,"919.00,1548.00,387.00,392.00","0.454453,0.534314,0.158088,0.120098",2448,3264,0.01898609,small,False
train,807,batch_3/IMG_5057.JPG,batch_3_IMG_5057.JPG,2541,3,can,"1190.00,1762.00,119.00,61.00","0.510417,0.549173,0.048611,0.018689",2448,3264,0.00090848,tiny,False
train,808,batch_3/IMG_5058.JPG,batch_3_IMG_5058.JPG,2542,3,can,"787.00,1398.00,314.00,245.00","0.385621,0.465839,0.128268,0.075061",2448,3264,0.00962796,tiny,False
train,809,batch_3/IMG_5060.JPG,batch_3_IMG_5060.JPG,2744,5,cigarette,"1104.00,998.00,26.00,56.00","0.456291,0.314338,0.010621,0.017157",2448,3264,0.00018222,tiny,False
train,809,batch_3/IMG_5060.JPG,batch_3_IMG_5060.JPG,2745,5,cigarette,"1918.00,662.00,48.00,20.00","0.793301,0.205882,0.019608,0.006127",2448,3264,0.00012015,tiny,False
train,809,batch_3/IMG_5060.JPG,batch_3_IMG_5060.JPG,2746,5,cigarette,"2196.00,566.00,68.00,42.00","0.910948,0.179841,0.027778,0.012868",2448,3264,0.00035743,tiny,False
train,810,batch_3/IMG_4852.JPG,batch_3_IMG_4852.JPG,2747,5,cigarette,"776.00,4.00,42.00,52.00","0.244179,0.012255,0.012868,0.021242",3264,2448,0.00027333,tiny,False
train,811,batch_3/IMG_4854.JPG,batch_3_IMG_4854.JPG,2545,6,cup,"1793.00,978.00,392.00,406.00","0.609375,0.482435,0.120098,0.165850",3264,2448,0.01991822,small,False
train,812,batch_3/IMG_4855.JPG,batch_3_IMG_4855.JPG,2546,4,carton,"1245.00,956.00,349.00,406.00","0.434896,0.473448,0.106924,0.165850",3264,2448,0.01773331,small,False
train,813,batch_3/IMG_4856.JPG,batch_3_IMG_4856.JPG,2547,0,bag_wrapper,"1647.00,985.00,302.00,232.00","0.550858,0.449755,0.092525,0.094771",3264,2448,0.00876866,tiny,False
test,814,batch_3/IMG_4859.JPG,batch_3_IMG_4859.JPG,2548,0,bag_wrapper,"677.00,560.00,677.00,719.00","0.414828,0.281710,0.276552,0.220282",2448,3264,0.06091945,medium,False
test,814,batch_3/IMG_4859.JPG,batch_3_IMG_4859.JPG,2549,0,bag_wrapper,"483.00,1680.00,955.00,739.00","0.392361,0.627911,0.390114,0.226409",2448,3264,0.08832553,medium,False
train,815,batch_3/IMG_4860.JPG,batch_3_IMG_4860.JPG,2550,0,bag_wrapper,"1548.00,1678.00,544.00,354.00","0.743464,0.568321,0.222222,0.108456",2448,3264,0.02410131,small,False
train,815,batch_3/IMG_4860.JPG,batch_3_IMG_4860.JPG,2551,0,bag_wrapper,"519.00,1226.00,1055.00,729.00","0.427492,0.487286,0.430964,0.223346",2448,3264,0.09625392,medium,False
test,816,batch_3/IMG_4862.JPG,batch_3_IMG_4862.JPG,2554,4,carton,"1136.00,1282.00,398.00,502.00","0.545343,0.469669,0.162582,0.153799",2448,3264,0.02500491,small,False
test,816,batch_3/IMG_4862.JPG,batch_3_IMG_4862.JPG,2556,2,bottle_cap,"704.00,1275.00,76.00,91.00","0.303105,0.404565,0.031046,0.027880",2448,3264,0.00086555,tiny,False
test,816,batch_3/IMG_4862.JPG,batch_3_IMG_4862.JPG,2748,5,cigarette,"802.00,1516.00,34.00,72.00","0.334559,0.475490,0.013889,0.022059",2448,3264,0.00030637,tiny,False
test,816,batch_3/IMG_4862.JPG,batch_3_IMG_4862.JPG,2749,5,cigarette,"692.00,1256.00,68.00,44.00","0.296569,0.391544,0.027778,0.013480",2448,3264,0.00037446,tiny,False
test,816,batch_3/IMG_4862.JPG,batch_3_IMG_4862.JPG,2750,5,cigarette,"658.00,1234.00,50.00,30.00","0.279003,0.382659,0.020425,0.009191",2448,3264,0.00018773,tiny,False
test,816,batch_3/IMG_4862.JPG,batch_3_IMG_4862.JPG,2751,5,cigarette,"1164.00,1266.00,16.00,32.00","0.478758,0.392770,0.006536,0.009804",2448,3264,6.408e-05,tiny,False
test,816,batch_3/IMG_4862.JPG,batch_3_IMG_4862.JPG,2752,5,cigarette,"1216.00,1208.00,26.00,50.00","0.502042,0.377757,0.010621,0.015319",2448,3264,0.0001627,tiny,False
train,817,batch_3/IMG_4865.JPG,batch_3_IMG_4865.JPG,2557,4,carton,"1125.00,1679.00,899.00,837.00","0.643178,0.642616,0.367239,0.256434",2448,3264,0.09417239,medium,False
train,817,batch_3/IMG_4865.JPG,batch_3_IMG_4865.JPG,2558,0,bag_wrapper,"433.00,659.00,1124.00,1017.00","0.406454,0.357690,0.459150,0.311581",2448,3264,0.14306246,medium,False
train,818,batch_3/IMG_4868.JPG,batch_3_IMG_4868.JPG,2559,3,can,"712.00,363.00,692.00,1147.00","0.432190,0.286918,0.282680,0.351409",2448,3264,0.09933629,medium,False
train,819,batch_3/IMG_4869.JPG,batch_3_IMG_4869.JPG,2561,0,bag_wrapper,"351.00,921.00,1781.00,1601.00","0.507149,0.527420,0.727533,0.490502",2448,3264,0.35685656,large,False
train,820,batch_3/IMG_4874.JPG,batch_3_IMG_4874.JPG,2562,0,bag_wrapper,"239.00,232.00,1185.00,1504.00","0.339665,0.301471,0.484069,0.460784",2448,3264,0.22305123,large,False
train,820,batch_3/IMG_4874.JPG,batch_3_IMG_4874.JPG,2563,4,carton,"248.00,1410.00,2186.00,1625.00","0.547794,0.680913,0.892974,0.497855",2448,3264,0.44457185,large,False
train,821,batch_3/IMG_4875.JPG,batch_3_IMG_4875.JPG,2564,4,carton,"227.00,398.00,2181.00,2046.00","0.403646,0.580474,0.668199,0.835784",3264,2448,0.55846985,large,False
train,821,batch_3/IMG_4875.JPG,batch_3_IMG_4875.JPG,2565,4,carton,"2116.00,2.00,792.00,806.00","0.769608,0.165441,0.242647,0.329248",3264,2448,0.07989115,medium,False
train,822,batch_3/IMG_4876.JPG,batch_3_IMG_4876.JPG,2567,0,bag_wrapper,"11.00,501.00,2262.00,1032.00","0.466503,0.311581,0.924020,0.316176",2448,3264,0.29215326,large,False
train,823,batch_3/IMG_4877.JPG,batch_3_IMG_4877.JPG,2568,4,carton,"323.00,704.00,1852.00,1261.00","0.510212,0.408854,0.756536,0.386336",2448,3264,0.29227691,large,False
train,823,batch_3/IMG_4877.JPG,batch_3_IMG_4877.JPG,2569,0,bag_wrapper,"286.00,555.00,2011.00,2092.00","0.527574,0.490502,0.821487,0.640931",2448,3264,0.52651674,large,False
train,824,batch_3/IMG_4878.JPG,batch_3_IMG_4878.JPG,2570,4,carton,"576.00,30.00,1507.00,840.00","0.407322,0.183824,0.461703,0.343137",3264,2448,0.15842765,medium,False
train,824,batch_3/IMG_4878.JPG,batch_3_IMG_4878.JPG,2571,0,bag_wrapper,"825.00,1188.00,1624.00,1141.00","0.501532,0.718342,0.497549,0.466095",3264,2448,0.231905,large,False
train,827,batch_3/IMG_4887.JPG,batch_3_IMG_4887.JPG,2575,3,can,"974.00,1074.00,203.00,133.00","0.439338,0.349418,0.082925,0.040748",2448,3264,0.00337898,tiny,False
train,828,batch_3/IMG_4889.JPG,batch_3_IMG_4889.JPG,2577,3,can,"982.00,1196.00,262.00,124.00","0.454657,0.385417,0.107026,0.037990",2448,3264,0.00406594,tiny,False
val,829,batch_3/IMG_4891.JPG,batch_3_IMG_4891.JPG,2579,0,bag_wrapper,"1810.00,1320.00,188.00,274.00","0.777778,0.446385,0.076797,0.083946",2448,3264,0.00644684,tiny,False
val,829,batch_3/IMG_4891.JPG,batch_3_IMG_4891.JPG,2753,5,cigarette,"654.00,3220.00,52.00,44.00","0.277778,0.993260,0.021242,0.013480",2448,3264,0.00028635,tiny,False
train,830,batch_3/IMG_4893.JPG,batch_3_IMG_4893.JPG,2581,1,bottle,"1083.00,1815.00,250.00,551.00","0.493464,0.640472,0.102124,0.168811",2448,3264,0.01723971,small,False
train,831,batch_3/IMG_4895.JPG,batch_3_IMG_4895.JPG,2583,0,bag_wrapper,"1251.00,1646.00,241.00,376.00","0.560253,0.561887,0.098448,0.115196",2448,3264,0.01134079,small,False
train,831,batch_3/IMG_4895.JPG,batch_3_IMG_4895.JPG,2584,0,bag_wrapper,"985.00,1868.00,177.00,124.00","0.438521,0.591299,0.072304,0.037990",2448,3264,0.00274684,tiny,False
val,832,batch_3/IMG_4897.JPG,batch_3_IMG_4897.JPG,2585,0,bag_wrapper,"1415.00,1683.00,237.00,305.00","0.626430,0.562347,0.096814,0.093444",2448,3264,0.00904663,tiny,False
val,832,batch_3/IMG_4897.JPG,batch_3_IMG_4897.JPG,2586,0,bag_wrapper,"1263.00,1619.00,194.00,126.00","0.555556,0.515319,0.079248,0.038603",2448,3264,0.00305922,tiny,False
val,832,batch_3/IMG_4897.JPG,batch_3_IMG_4897.JPG,2587,0,bag_wrapper,"1733.00,2616.00,179.00,209.00","0.744485,0.833487,0.073121,0.064032",2448,3264,0.00468207,tiny,False
train,833,batch_3/IMG_4898.JPG,batch_3_IMG_4898.JPG,2588,0,bag_wrapper,"1095.00,2212.00,853.00,884.00","0.621528,0.813113,0.348448,0.270833",2448,3264,0.09437126,medium,False
test,834,batch_3/IMG_4901.JPG,batch_3_IMG_4901.JPG,2589,0,bag_wrapper,"1757.00,2706.00,404.00,251.00","0.800245,0.867494,0.165033,0.076900",2448,3264,0.01269093,small,False
test,834,batch_3/IMG_4901.JPG,batch_3_IMG_4901.JPG,2591,4,carton,"425.00,1970.00,61.00,65.00","0.186070,0.613511,0.024918,0.019914",2448,3264,0.00049623,tiny,False
train,835,batch_3/IMG_4902.JPG,batch_3_IMG_4902.JPG,2593,0,bag_wrapper,"1171.00,1062.00,363.00,229.00","0.552492,0.360447,0.148284,0.070159",2448,3264,0.01040353,small,False
train,835,batch_3/IMG_4902.JPG,batch_3_IMG_4902.JPG,2594,0,bag_wrapper,"1625.00,1854.00,62.00,93.00","0.676471,0.582261,0.025327,0.028493",2448,3264,0.00072163,tiny,False
train,837,batch_3/IMG_4911.JPG,batch_3_IMG_4911.JPG,2598,0,bag_wrapper,"776.00,1595.00,127.00,236.00","0.342933,0.524816,0.051879,0.072304",2448,3264,0.00375106,tiny,False
train,838,batch_3/IMG_4913.JPG,batch_3_IMG_4913.JPG,2599,0,bag_wrapper,"488.00,457.00,1755.00,1094.00","0.557802,0.307598,0.716912,0.335172",2448,3264,0.24028844,large,False
train,839,batch_3/IMG_4914.JPG,batch_3_IMG_4914.JPG,2608,2,bottle_cap,"1220.00,1287.00,214.00,206.00","0.542075,0.425858,0.087418,0.063113",2448,3264,0.00551721,tiny,False
train,840,batch_3/IMG_4915.JPG,batch_3_IMG_4915.JPG,2609,1,bottle,"774.00,33.00,938.00,2969.00","0.507761,0.464920,0.383170,0.909620",2448,3264,0.34853907,large,False
train,842,batch_3/IMG_4917.JPG,batch_3_IMG_4917.JPG,2612,2,bottle_cap,"1771.00,1371.00,109.00,94.00","0.745711,0.434436,0.044526,0.028799",2448,3264,0.00128231,tiny,False
test,843,batch_3/IMG_4919.JPG,batch_3_IMG_4919.JPG,2613,3,can,"1117.00,2163.00,302.00,133.00","0.517974,0.683058,0.123366,0.040748",2448,3264,0.00502686,tiny,False
train,845,batch_3/IMG_4922.JPG,batch_3_IMG_4922.JPG,2619,7,straw,"1081.00,1132.00,255.00,374.00","0.493668,0.404105,0.104167,0.114583",2448,3264,0.01193576,small,False
train,845,batch_3/IMG_4922.JPG,batch_3_IMG_4922.JPG,2620,6,cup,"1189.00,1323.00,337.00,442.00","0.554534,0.473039,0.137663,0.135417",2448,3264,0.01864192,small,False
train,846,batch_3/IMG_4924.JPG,batch_3_IMG_4924.JPG,2622,0,bag_wrapper,"1000.00,1788.00,267.00,231.00","0.463031,0.583180,0.109069,0.070772",2448,3264,0.00771901,tiny,False
train,846,batch_3/IMG_4924.JPG,batch_3_IMG_4924.JPG,2754,5,cigarette,"2026.00,1390.00,34.00,68.00","0.834559,0.436275,0.013889,0.020833",2448,3264,0.00028935,tiny,False
test,849,batch_3/IMG_4932.JPG,batch_3_IMG_4932.JPG,2626,1,bottle,"943.00,1186.00,132.00,252.00","0.412173,0.401961,0.053922,0.077206",2448,3264,0.00416306,tiny,False
test,849,batch_3/IMG_4932.JPG,batch_3_IMG_4932.JPG,2755,5,cigarette,"1110.00,2148.00,26.00,64.00","0.458742,0.667892,0.010621,0.019608",2448,3264,0.00020825,tiny,False
test,849,batch_3/IMG_4932.JPG,batch_3_IMG_4932.JPG,2756,5,cigarette,"2250.00,2256.00,28.00,58.00","0.924837,0.700061,0.011438,0.017770",2448,3264,0.00020325,tiny,False
test,849,batch_3/IMG_4932.JPG,batch_3_IMG_4932.JPG,2757,5,cigarette,"1310.00,1364.00,40.00,32.00","0.543301,0.422794,0.016340,0.009804",2448,3264,0.00016019,tiny,False
test,849,batch_3/IMG_4932.JPG,batch_3_IMG_4932.JPG,2758,5,cigarette,"1956.00,482.00,48.00,42.00","0.808824,0.154105,0.019608,0.012868",2448,3264,0.00025231,tiny,False
val,851,batch_3/IMG_4936.JPG,batch_3_IMG_4936.JPG,2630,7,straw,"1148.00,1742.00,425.00,152.00","0.555760,0.556985,0.173611,0.046569",2448,3264,0.00808483,tiny,False
val,852,batch_3/IMG_4939.JPG,batch_3_IMG_4939.JPG,2632,6,cup,"686.00,21.00,869.00,1032.00","0.457721,0.164522,0.354984,0.316176",2448,3264,0.11223748,medium,False
val,852,batch_3/IMG_4939.JPG,batch_3_IMG_4939.JPG,2634,0,bag_wrapper,"0.00,923.00,2097.00,2336.00","0.428309,0.640625,0.856618,0.715686",2448,3264,0.61306949,large,False
test,853,batch_3/IMG_4941.JPG,batch_3_IMG_4941.JPG,2635,1,bottle,"1063.00,1455.00,206.00,114.00","0.357230,0.617647,0.063113,0.046569",3264,2448,0.00293907,tiny,False
test,853,batch_3/IMG_4941.JPG,batch_3_IMG_4941.JPG,2636,1,bottle,"3022.00,1673.00,147.00,52.00","0.948376,0.694036,0.045037,0.021242",3264,2448,0.00095666,tiny,False
test,853,batch_3/IMG_4941.JPG,batch_3_IMG_4941.JPG,2637,1,bottle,"1603.00,1728.00,157.00,66.00","0.515165,0.719363,0.048100,0.026961",3264,2448,0.00129683,tiny,False
test,853,batch_3/IMG_4941.JPG,batch_3_IMG_4941.JPG,2650,0,bag_wrapper,"130.00,1800.00,178.00,111.00","0.067096,0.757966,0.054534,0.045343",3264,2448,0.00247276,tiny,False
test,853,batch_3/IMG_4941.JPG,batch_3_IMG_4941.JPG,2651,0,bag_wrapper,"0.00,1944.00,157.00,142.00","0.024050,0.823121,0.048100,0.058007",3264,2448,0.00279014,tiny,False
test,853,batch_3/IMG_4941.JPG,batch_3_IMG_4941.JPG,2652,7,straw,"1584.00,1747.00,90.00,206.00","0.499081,0.755719,0.027574,0.084150",3264,2448,0.00232032,tiny,False
test,853,batch_3/IMG_4941.JPG,batch_3_IMG_4941.JPG,2759,5,cigarette,"1974.00,1914.00,12.00,44.00","0.606618,0.790850,0.003676,0.017974",3264,2448,6.608e-05,tiny,False
val,855,batch_3/IMG_4963.JPG,batch_3_IMG_4963.JPG,2657,1,bottle,"1327.00,1254.00,293.00,239.00","0.451440,0.561070,0.089767,0.097631",3264,2448,0.00876403,tiny,False
train,856,batch_3/IMG_4964.JPG,batch_3_IMG_4964.JPG,2658,0,bag_wrapper,"1305.00,1162.00,107.00,101.00","0.416207,0.495302,0.032782,0.041258",3264,2448,0.00135252,tiny,False
train,857,batch_3/IMG_4965.JPG,batch_3_IMG_4965.JPG,2659,0,bag_wrapper,"1977.00,1067.00,579.00,603.00","0.694393,0.559028,0.177390,0.246324",3264,2448,0.04369526,small,False
train,858,batch_3/IMG_4966.JPG,batch_3_IMG_4966.JPG,2660,0,bag_wrapper,"1258.00,1269.00,218.00,209.00","0.418811,0.561070,0.066789,0.085376",3264,2448,0.00570218,tiny,False
train,859,batch_3/IMG_4967.JPG,batch_3_IMG_4967.JPG,2664,7,straw,"1526.00,1597.00,300.00,185.00","0.684641,0.517616,0.122549,0.056679",2448,3264,0.00694595,tiny,False
train,859,batch_3/IMG_4967.JPG,batch_3_IMG_4967.JPG,2666,6,cup,"961.00,1657.00,131.00,192.00","0.419322,0.537071,0.053513,0.058824",2448,3264,0.00314783,tiny,False
train,860,batch_3/IMG_4969.JPG,batch_3_IMG_4969.JPG,2667,1,bottle,"737.00,1616.00,240.00,71.00","0.350082,0.505974,0.098039,0.021752",2448,3264,0.00213259,tiny,False
train,860,batch_3/IMG_4969.JPG,batch_3_IMG_4969.JPG,2668,1,bottle,"1414.00,1197.00,141.00,75.00","0.606413,0.378217,0.057598,0.022978",2448,3264,0.00132348,tiny,False
train,860,batch_3/IMG_4969.JPG,batch_3_IMG_4969.JPG,2669,1,bottle,"1293.00,1028.00,46.00,39.00","0.537582,0.320925,0.018791,0.011949",2448,3264,0.00022452,tiny,False
train,860,batch_3/IMG_4969.JPG,batch_3_IMG_4969.JPG,2670,1,bottle,"770.00,1267.00,44.00,92.00","0.323529,0.402267,0.017974,0.028186",2448,3264,0.00050662,tiny,False
train,860,batch_3/IMG_4969.JPG,batch_3_IMG_4969.JPG,2671,4,carton,"787.00,1492.00,154.00,76.00","0.352941,0.468750,0.062908,0.023284",2448,3264,0.00146478,tiny,False
train,860,batch_3/IMG_4969.JPG,batch_3_IMG_4969.JPG,2677,6,cup,"1520.00,1487.00,69.00,60.00","0.635008,0.464767,0.028186,0.018382",2448,3264,0.00051813,tiny,False
train,860,batch_3/IMG_4969.JPG,batch_3_IMG_4969.JPG,2678,0,bag_wrapper,"1082.00,1432.00,44.00,32.00","0.450980,0.443627,0.017974,0.009804",2448,3264,0.00017621,tiny,False
train,860,batch_3/IMG_4969.JPG,batch_3_IMG_4969.JPG,2679,3,can,"1422.00,898.00,23.00,35.00","0.585580,0.280484,0.009395,0.010723",2448,3264,0.00010075,tiny,False
train,861,batch_3/IMG_4971.JPG,batch_3_IMG_4971.JPG,2680,2,bottle_cap,"1068.00,2512.00,216.00,235.00","0.480392,0.805607,0.088235,0.071998",2448,3264,0.00635272,tiny,False
train,862,batch_3/IMG_4881.JPG,batch_3_IMG_4881.JPG,2681,0,bag_wrapper,"626.00,1861.00,181.00,147.00","0.292688,0.627066,0.073938,0.047650",2448,3085,0.00352314,tiny,False
train,862,batch_3/IMG_4881.JPG,batch_3_IMG_4881.JPG,2760,5,cigarette,"1000.00,533.00,18.00,72.00","0.412173,0.184441,0.007353,0.023339",2448,3085,0.00017161,tiny,False
train,863,batch_3/IMG_4929.JPG,batch_3_IMG_4929.JPG,2683,0,bag_wrapper,"827.00,1890.00,425.00,456.00","0.424632,0.703421,0.173611,0.151445",2448,3011,0.02629248,small,False
train,864,batch_3/IMG_4950.JPG,batch_3_IMG_4950.JPG,2686,0,bag_wrapper,"717.00,1093.00,444.00,450.00","0.383578,0.505562,0.181373,0.172612",2448,2607,0.03130711,small,False
train,865,batch_3/IMG_4857.JPG,batch_3_IMG_4857.JPG,2687,6,cup,"1533.00,742.00,261.00,233.00","0.509651,0.374891,0.079963,0.101747",3264,2290,0.008136,tiny,False
test,866,batch_3/IMG_4948.JPG,batch_3_IMG_4948.JPG,2688,1,bottle,"240.00,1431.00,152.00,252.00","0.129085,0.630364,0.062092,0.102024",2448,2470,0.00633484,tiny,False
test,866,batch_3/IMG_4948.JPG,batch_3_IMG_4948.JPG,2689,1,bottle,"1403.00,1308.00,128.00,246.00","0.599265,0.579352,0.052288,0.099595",2448,2470,0.00520759,tiny,False
test,866,batch_3/IMG_4948.JPG,batch_3_IMG_4948.JPG,2690,3,can,"1504.00,1391.00,208.00,98.00","0.656863,0.582996,0.084967,0.039676",2448,2470,0.00337117,tiny,False
test,866,batch_3/IMG_4948.JPG,batch_3_IMG_4948.JPG,2691,2,bottle_cap,"1378.00,1532.00,27.00,26.00","0.568423,0.625506,0.011029,0.010526",2448,2470,0.0001161,tiny,False
test,866,batch_3/IMG_4948.JPG,batch_3_IMG_4948.JPG,2692,2,bottle_cap,"1226.00,1536.00,29.00,29.00","0.506740,0.627733,0.011846,0.011741",2448,2470,0.00013909,tiny,False
test,866,batch_3/IMG_4948.JPG,batch_3_IMG_4948.JPG,2693,2,bottle_cap,"1309.00,1638.00,35.00,33.00","0.541871,0.669838,0.014297,0.013360",2448,2470,0.00019102,tiny,False
test,866,batch_3/IMG_4948.JPG,batch_3_IMG_4948.JPG,2694,2,bottle_cap,"1403.00,1525.00,50.00,30.00","0.583333,0.623482,0.020425,0.012146",2448,2470,0.00024807,tiny,False
test,866,batch_3/IMG_4948.JPG,batch_3_IMG_4948.JPG,2695,2,bottle_cap,"1212.00,1524.00,27.00,26.00","0.500613,0.622267,0.011029,0.010526",2448,2470,0.0001161,tiny,False
test,866,batch_3/IMG_4948.JPG,batch_3_IMG_4948.JPG,2698,0,bag_wrapper,"1476.00,1295.00,89.00,46.00","0.621119,0.533603,0.036356,0.018623",2448,2470,0.00067708,tiny,False
test,866,batch_3/IMG_4948.JPG,batch_3_IMG_4948.JPG,2761,5,cigarette,"2190.00,1710.00,16.00,52.00","0.897876,0.702834,0.006536,0.021053",2448,2470,0.0001376,tiny,False
val,867,batch_3/IMG_5037.JPG,batch_3_IMG_5037.JPG,2704,0,bag_wrapper,"996.00,1833.00,316.00,356.00","0.471405,0.703639,0.129085,0.124563",2448,2858,0.01607916,small,False
train,868,batch_3/IMG_5061.JPG,batch_3_IMG_5061.JPG,2705,4,carton,"1403.00,1284.00,69.00,47.00","0.440411,0.534109,0.021140,0.019199",3264,2448,0.00040587,tiny,False
train,868,batch_3/IMG_5061.JPG,batch_3_IMG_5061.JPG,2706,0,bag_wrapper,"2959.00,1776.00,304.00,453.00","0.953125,0.818015,0.093137,0.185049",3264,2448,0.01723496,small,False
val,869,batch_3/IMG_5063.JPG,batch_3_IMG_5063.JPG,2708,4,carton,"579.00,846.00,1598.00,1397.00","0.422181,0.630923,0.489583,0.570670",3264,2448,0.27939049,large,False
val,870,batch_3/IMG_5064.JPG,batch_3_IMG_5064.JPG,2709,4,carton,"1409.00,1086.00,1385.00,866.00","0.643842,0.620507,0.424326,0.353758",3264,2448,0.15010878,medium,False
test,871,batch_3/IMG_5065.JPG,batch_3_IMG_5065.JPG,2711,0,bag_wrapper,"826.00,679.00,1496.00,991.00","0.482230,0.479779,0.458333,0.404820",3264,2448,0.18554262,medium,False
val,872,batch_3/IMG_5066.JPG,batch_3_IMG_5066.JPG,2714,0,bag_wrapper,"1242.00,333.00,1206.00,960.00","0.753676,0.249081,0.492647,0.294118",2448,3264,0.14489619,medium,False
train,873,batch_3/IMG_5067.JPG,batch_3_IMG_5067.JPG,2715,4,carton,"1530.00,448.00,902.00,629.00","0.809232,0.233609,0.368464,0.192708",2448,3264,0.07100609,medium,False
train,873,batch_3/IMG_5067.JPG,batch_3_IMG_5067.JPG,2718,0,bag_wrapper,"30.00,871.00,1218.00,1549.00","0.261029,0.504136,0.497549,0.474571",2448,3264,0.23612237,large,False
train,875,batch_4/000032.JPG,batch_4_000032.JPG,2762,2,bottle_cap,"992.00,926.00,83.00,77.00","0.422181,0.295496,0.033905,0.023591",2448,3264,0.00079985,tiny,False
train,875,batch_4/000032.JPG,batch_4_000032.JPG,2763,1,bottle,"805.00,1839.00,309.00,569.00","0.391953,0.650582,0.126225,0.174326",2448,3264,0.02200438,small,False
train,875,batch_4/000032.JPG,batch_4_000032.JPG,2898,5,cigarette,"1116.00,784.00,24.00,80.00","0.460784,0.252451,0.009804,0.024510",2448,3264,0.00024029,tiny,False
train,875,batch_4/000032.JPG,batch_4_000032.JPG,2899,5,cigarette,"1908.00,1048.00,32.00,78.00","0.785948,0.333027,0.013072,0.023897",2448,3264,0.00031238,tiny,False
train,875,batch_4/000032.JPG,batch_4_000032.JPG,2900,5,cigarette,"1396.00,3050.00,28.00,74.00","0.575980,0.945772,0.011438,0.022672",2448,3264,0.00025932,tiny,False
train,875,batch_4/000032.JPG,batch_4_000032.JPG,2901,5,cigarette,"1730.00,2934.00,20.00,72.00","0.710784,0.909926,0.008170,0.022059",2448,3264,0.00018022,tiny,False
train,876,batch_4/000067.JPG,batch_4_000067.JPG,2765,7,straw,"1680.00,1430.00,374.00,677.00","0.571998,0.722426,0.114583,0.276552",3264,2448,0.03168828,small,False
train,877,batch_4/000066.JPG,batch_4_000066.JPG,2770,0,bag_wrapper,"1103.00,967.00,166.00,141.00","0.363358,0.423815,0.050858,0.057598",3264,2448,0.00292931,tiny,False
train,878,batch_4/000000.JPG,batch_4_000000.JPG,2771,2,bottle_cap,"1430.00,1109.00,70.00,65.00","0.598448,0.349724,0.028595,0.019914",2448,3264,0.00056944,tiny,False
train,879,batch_4/000002.JPG,batch_4_000002.JPG,2772,6,cup,"410.00,810.00,61.00,57.00","0.179943,0.256893,0.024918,0.017463",2448,3264,0.00043515,tiny,False
train,879,batch_4/000002.JPG,batch_4_000002.JPG,2773,6,cup,"1756.00,1416.00,67.00,63.00","0.731005,0.443474,0.027369,0.019301",2448,3264,0.00052827,tiny,False
train,879,batch_4/000002.JPG,batch_4_000002.JPG,2774,0,bag_wrapper,"1186.00,3000.00,251.00,263.00","0.535743,0.959406,0.102533,0.080576",2448,3264,0.00826167,tiny,False
train,879,batch_4/000002.JPG,batch_4_000002.JPG,2902,5,cigarette,"1586.00,2710.00,32.00,14.00","0.654412,0.832414,0.013072,0.004289",2448,3264,5.607e-05,tiny,False
train,879,batch_4/000002.JPG,batch_4_000002.JPG,2903,5,cigarette,"1538.00,2736.00,36.00,20.00","0.635621,0.841299,0.014706,0.006127",2448,3264,9.011e-05,tiny,False
train,879,batch_4/000002.JPG,batch_4_000002.JPG,2904,5,cigarette,"1532.00,2758.00,36.00,24.00","0.633170,0.848652,0.014706,0.007353",2448,3264,0.00010813,tiny,False
train,879,batch_4/000002.JPG,batch_4_000002.JPG,2905,5,cigarette,"1528.00,2772.00,26.00,16.00","0.629493,0.851716,0.010621,0.004902",2448,3264,5.206e-05,tiny,False
train,879,batch_4/000002.JPG,batch_4_000002.JPG,2906,5,cigarette,"1452.00,2750.00,36.00,30.00","0.600490,0.847120,0.014706,0.009191",2448,3264,0.00013516,tiny,False
train,879,batch_4/000002.JPG,batch_4_000002.JPG,2907,5,cigarette,"1514.00,2536.00,28.00,34.00","0.624183,0.782169,0.011438,0.010417",2448,3264,0.00011914,tiny,False
train,879,batch_4/000002.JPG,batch_4_000002.JPG,2908,5,cigarette,"1508.00,2408.00,42.00,26.00","0.624592,0.741728,0.017157,0.007966",2448,3264,0.00013667,tiny,False
train,879,batch_4/000002.JPG,batch_4_000002.JPG,2909,5,cigarette,"1778.00,2326.00,26.00,36.00","0.731618,0.718137,0.010621,0.011029",2448,3264,0.00011714,tiny,False
train,879,batch_4/000002.JPG,batch_4_000002.JPG,2910,5,cigarette,"1826.00,1676.00,10.00,34.00","0.747958,0.518689,0.004085,0.010417",2448,3264,4.255e-05,tiny,False
train,879,batch_4/000002.JPG,batch_4_000002.JPG,2911,5,cigarette,"514.00,3182.00,42.00,18.00","0.218546,0.977635,0.017157,0.005515",2448,3264,9.462e-05,tiny,False
train,879,batch_4/000002.JPG,batch_4_000002.JPG,2912,5,cigarette,"1538.00,2434.00,22.00,18.00","0.632761,0.748468,0.008987,0.005515",2448,3264,4.956e-05,tiny,False
train,880,batch_4/000003.JPG,batch_4_000003.JPG,2776,2,bottle_cap,"840.00,1028.00,159.00,158.00","0.375613,0.339154,0.064951,0.048407",2448,3264,0.00314407,tiny,False
train,881,batch_4/000004.JPG,batch_4_000004.JPG,2913,5,cigarette,"2486.00,1242.00,54.00,16.00","0.769914,0.510621,0.016544,0.006536",3264,2448,0.00010813,tiny,False
train,881,batch_4/000004.JPG,batch_4_000004.JPG,2914,5,cigarette,"2482.00,1216.00,54.00,28.00","0.768689,0.502451,0.016544,0.011438",3264,2448,0.00018923,tiny,False
train,881,batch_4/000004.JPG,batch_4_000004.JPG,2915,5,cigarette,"40.00,1286.00,46.00,26.00","0.019301,0.530637,0.014093,0.010621",3264,2448,0.00014968,tiny,False
train,882,batch_4/000005.JPG,batch_4_000005.JPG,2780,6,cup,"1549.00,855.00,281.00,198.00","0.517616,0.389706,0.086091,0.080882",3264,2448,0.00696322,tiny,False
train,882,batch_4/000005.JPG,batch_4_000005.JPG,2916,5,cigarette,"740.00,1188.00,76.00,18.00","0.238358,0.488971,0.023284,0.007353",3264,2448,0.00017121,tiny,False
train,882,batch_4/000005.JPG,batch_4_000005.JPG,2917,5,cigarette,"2048.00,1392.00,82.00,38.00","0.640012,0.576389,0.025123,0.015523",3264,2448,0.00038997,tiny,False
train,884,batch_4/000007.JPG,batch_4_000007.JPG,2782,0,bag_wrapper,"688.00,1215.00,303.00,171.00","0.342933,0.398438,0.123775,0.052390",2448,3264,0.00648451,tiny,False
test,885,batch_4/000008.JPG,batch_4_000008.JPG,2783,7,straw,"1095.00,1381.00,442.00,511.00","0.537582,0.501379,0.180556,0.156556",2448,3264,0.02826712,small,False
train,890,batch_4/000013.JPG,batch_4_000013.JPG,2792,2,bottle_cap,"691.00,1323.00,281.00,274.00","0.339665,0.447304,0.114788,0.083946",2448,3264,0.00963597,tiny,False
val,891,batch_4/000014.JPG,batch_4_000014.JPG,2794,2,bottle_cap,"1655.00,1930.00,91.00,87.00","0.694649,0.604626,0.037173,0.026654",2448,3264,0.00099083,tiny,False
train,892,batch_4/000015.JPG,batch_4_000015.JPG,2795,0,bag_wrapper,"962.00,2331.00,288.00,265.00","0.451797,0.754749,0.117647,0.081189",2448,3264,0.00955161,tiny,False
train,896,batch_4/000020.JPG,batch_4_000020.JPG,2799,0,bag_wrapper,"928.00,1619.00,384.00,234.00","0.457516,0.531863,0.156863,0.071691",2448,3264,0.01124567,small,False
val,899,batch_4/000023.JPG,batch_4_000023.JPG,2802,2,bottle_cap,"2069.00,1254.00,206.00,121.00","0.665441,0.536969,0.063113,0.049428",3264,2448,0.00311954,tiny,False
train,900,batch_4/000025.JPG,batch_4_000025.JPG,2803,0,bag_wrapper,"939.00,725.00,167.00,187.00","0.417688,0.250766,0.068219,0.057292",2448,3264,0.00390838,tiny,False
val,901,batch_4/000026.JPG,batch_4_000026.JPG,2804,6,cup,"1868.00,1814.00,469.00,240.00","0.858864,0.592525,0.191585,0.073529",2448,3264,0.01408713,small,False
train,904,batch_4/000029.JPG,batch_4_000029.JPG,2808,0,bag_wrapper,"1667.00,717.00,123.00,404.00","0.529565,0.375408,0.037684,0.165033",3264,2448,0.00621906,tiny,False
train,904,batch_4/000029.JPG,batch_4_000029.JPG,2809,0,bag_wrapper,"1556.00,645.00,184.00,228.00","0.504902,0.310049,0.056373,0.093137",3264,2448,0.00525038,tiny,False
train,905,batch_4/000031.JPG,batch_4_000031.JPG,2812,0,bag_wrapper,"1554.00,1089.00,629.00,452.00","0.572457,0.537173,0.192708,0.184641",3264,2448,0.03558177,small,False
train,905,batch_4/000031.JPG,batch_4_000031.JPG,2813,0,bag_wrapper,"954.00,790.00,146.00,109.00","0.314645,0.344975,0.044730,0.044526",3264,2448,0.00199167,tiny,False
train,905,batch_4/000031.JPG,batch_4_000031.JPG,2918,5,cigarette,"1232.00,752.00,36.00,24.00","0.382966,0.312092,0.011029,0.009804",3264,2448,0.00010813,tiny,False
train,907,batch_4/000035.JPG,batch_4_000035.JPG,2919,5,cigarette,"346.00,2488.00,68.00,50.00","0.155229,0.769914,0.027778,0.015319",2448,3264,0.00042552,tiny,False
train,910,batch_4/000039.JPG,batch_4_000039.JPG,2818,6,cup,"624.00,1087.00,796.00,338.00","0.313113,0.513072,0.243873,0.138072",3264,2448,0.03367195,small,False
train,911,batch_4/000040.JPG,batch_4_000040.JPG,2819,6,cup,"1163.00,2064.00,373.00,488.00","0.551266,0.707108,0.152369,0.149510",2448,3264,0.0227807,small,False
test,914,batch_4/000043.JPG,batch_4_000043.JPG,2822,7,straw,"180.00,1026.00,1250.00,209.00","0.328840,0.346354,0.510621,0.064032",2448,3264,0.03269601,small,False
train,915,batch_4/000045.JPG,batch_4_000045.JPG,2823,7,straw,"0.00,1494.00,1127.00,75.00","0.172641,0.625613,0.345282,0.030637",3264,2448,0.01057849,small,False
train,915,batch_4/000045.JPG,batch_4_000045.JPG,2824,0,bag_wrapper,"603.00,1642.00,682.00,805.00","0.289216,0.835172,0.208946,0.328840",3264,2448,0.0687098,medium,False
train,915,batch_4/000045.JPG,batch_4_000045.JPG,2825,0,bag_wrapper,"2629.00,629.00,280.00,119.00","0.848346,0.281250,0.085784,0.048611",3264,2448,0.00417007,tiny,False
train,918,batch_4/000048.JPG,batch_4_000048.JPG,2829,0,bag_wrapper,"846.00,1779.00,404.00,200.00","0.428105,0.575674,0.165033,0.061275",2448,3264,0.0101123,small,False
test,922,batch_4/000052.JPG,batch_4_000052.JPG,2833,0,bag_wrapper,"433.00,1314.00,696.00,612.00","0.319036,0.496324,0.284314,0.187500",2448,3264,0.05330882,medium,False
test,923,batch_4/000053.JPG,batch_4_000053.JPG,2834,0,bag_wrapper,"1621.00,1611.00,481.00,434.00","0.570312,0.746732,0.147365,0.177288",3264,2448,0.02612602,small,False
train,928,batch_4/000058.JPG,batch_4_000058.JPG,2842,0,bag_wrapper,"1988.00,1177.00,900.00,377.00","0.746936,0.557802,0.275735,0.154003",3264,2448,0.04246414,small,False
train,928,batch_4/000058.JPG,batch_4_000058.JPG,2843,4,carton,"914.00,1559.00,224.00,168.00","0.314338,0.671160,0.068627,0.068627",3264,2448,0.00470973,tiny,False
train,931,batch_4/000061.JPG,batch_4_000061.JPG,2846,2,bottle_cap,"909.00,1742.00,183.00,227.00","0.408701,0.568474,0.074755,0.069547",2448,3264,0.00519895,tiny,False
train,932,batch_4/000062.JPG,batch_4_000062.JPG,2847,2,bottle_cap,"682.00,2610.00,247.00,233.00","0.329044,0.835325,0.100899,0.071385",2448,3264,0.00720263,tiny,False
test,933,batch_4/000063.JPG,batch_4_000063.JPG,2848,0,bag_wrapper,"1256.00,1593.00,131.00,436.00","0.539828,0.554841,0.053513,0.133578",2448,3264,0.00714819,tiny,False
train,937,batch_4/000069.JPG,batch_4_000069.JPG,2853,2,bottle_cap,"1059.00,1403.00,241.00,152.00","0.361366,0.604167,0.073836,0.062092",3264,2448,0.00458457,tiny,False
train,938,batch_4/000070.JPG,batch_4_000070.JPG,2854,2,bottle_cap,"2116.00,1449.00,337.00,331.00","0.699908,0.659518,0.103248,0.135212",3264,2448,0.01396035,small,False
train,942,batch_4/000074.JPG,batch_4_000074.JPG,2859,2,bottle_cap,"2060.00,1048.00,93.00,99.00","0.645374,0.448325,0.028493,0.040441",3264,2448,0.00115228,tiny,False
test,943,batch_4/000076.JPG,batch_4_000076.JPG,2860,0,bag_wrapper,"1617.00,1030.00,445.00,348.00","0.563572,0.491830,0.136336,0.142157",3264,2448,0.01938107,small,False
test,944,batch_4/000077.JPG,batch_4_000077.JPG,2861,0,bag_wrapper,"1283.00,1624.00,474.00,304.00","0.465686,0.725490,0.145221,0.124183",3264,2448,0.01803393,small,False
train,945,batch_4/000079.JPG,batch_4_000079.JPG,2862,0,bag_wrapper,"1155.00,1593.00,217.00,200.00","0.387102,0.691585,0.066483,0.081699",3264,2448,0.0054316,tiny,False
val,946,batch_4/000080.JPG,batch_4_000080.JPG,2863,2,bottle_cap,"2506.00,1406.00,79.00,86.00","0.779871,0.591912,0.024203,0.035131",3264,2448,0.00085028,tiny,False
train,947,batch_4/000081.JPG,batch_4_000081.JPG,2865,4,carton,"572.00,1767.00,127.00,193.00","0.259600,0.570925,0.051879,0.059130",2448,3264,0.00306761,tiny,False
test,948,batch_4/000082.JPG,batch_4_000082.JPG,2866,6,cup,"708.00,1109.00,234.00,222.00","0.252757,0.498366,0.071691,0.090686",3264,2448,0.00650141,tiny,False
test,948,batch_4/000082.JPG,batch_4_000082.JPG,2920,5,cigarette,"972.00,1026.00,26.00,30.00","0.301777,0.425245,0.007966,0.012255",3264,2448,9.762e-05,tiny,False
val,950,batch_4/000084.JPG,batch_4_000084.JPG,2868,0,bag_wrapper,"1498.00,1121.00,109.00,203.00","0.475643,0.499387,0.033395,0.082925",3264,2448,0.00276924,tiny,False
train,951,batch_4/000085.JPG,batch_4_000085.JPG,2869,3,can,"978.00,1267.00,231.00,102.00","0.335018,0.538399,0.070772,0.041667",3264,2448,0.00294884,tiny,False
train,951,batch_4/000085.JPG,batch_4_000085.JPG,2921,5,cigarette,"1822.00,800.00,20.00,44.00","0.561275,0.335784,0.006127,0.017974",3264,2448,0.00011013,tiny,False
train,951,batch_4/000085.JPG,batch_4_000085.JPG,2922,5,cigarette,"1184.00,2126.00,32.00,60.00","0.367647,0.880719,0.009804,0.024510",3264,2448,0.00024029,tiny,False
train,953,batch_4/000087.JPG,batch_4_000087.JPG,2873,0,bag_wrapper,"1999.00,522.00,427.00,417.00","0.677849,0.298407,0.130821,0.170343",3264,2448,0.02228447,small,False
train,953,batch_4/000087.JPG,batch_4_000087.JPG,2874,0,bag_wrapper,"1926.00,472.00,303.00,801.00","0.636489,0.356413,0.092831,0.327206",3264,2448,0.03037481,small,False
test,954,batch_4/000088.JPG,batch_4_000088.JPG,2876,0,bag_wrapper,"996.00,2026.00,333.00,159.00","0.474877,0.645067,0.136029,0.048713",2448,3264,0.00662643,tiny,False
test,954,batch_4/000088.JPG,batch_4_000088.JPG,2877,0,bag_wrapper,"1106.00,1220.00,215.00,179.00","0.495711,0.401195,0.087827,0.054841",2448,3264,0.00481648,tiny,False
val,955,batch_4/000089.JPG,batch_4_000089.JPG,2880,0,bag_wrapper,"1041.00,1840.00,286.00,218.00","0.483660,0.597120,0.116830,0.066789",2448,3264,0.00780299,tiny,False
train,956,batch_4/000090.JPG,batch_4_000090.JPG,2881,7,straw,"1120.00,2024.00,142.00,50.00","0.486520,0.627757,0.058007,0.015319",2448,3264,0.00088858,tiny,False
val,957,batch_4/000092.JPG,batch_4_000092.JPG,2882,0,bag_wrapper,"1440.00,2110.00,74.00,77.00","0.603350,0.658241,0.030229,0.023591",2448,3264,0.00071312,tiny,False
test,958,batch_4/000093.JPG,batch_4_000093.JPG,2883,0,bag_wrapper,"1129.00,1799.00,299.00,329.00","0.522263,0.601562,0.122141,0.100797",2448,3264,0.01231135,small,False
test,958,batch_4/000093.JPG,batch_4_000093.JPG,2923,5,cigarette,"2052.00,476.00,32.00,60.00","0.844771,0.155025,0.013072,0.018382",2448,3264,0.00024029,tiny,False
train,959,batch_4/000094.JPG,batch_4_000094.JPG,2924,5,cigarette,"848.00,1462.00,24.00,22.00","0.263480,0.601716,0.007353,0.008987",3264,2448,6.608e-05,tiny,False
train,960,batch_4/000095.JPG,batch_4_000095.JPG,2885,2,bottle_cap,"1517.00,1255.00,122.00,131.00","0.483456,0.539420,0.037377,0.053513",3264,2448,0.00200018,tiny,False
train,961,batch_4/000096.JPG,batch_4_000096.JPG,2886,2,bottle_cap,"987.00,2133.00,166.00,155.00","0.437092,0.677237,0.067810,0.047488",2448,3264,0.00322017,tiny,False
train,961,batch_4/000096.JPG,batch_4_000096.JPG,2925,5,cigarette,"1132.00,256.00,72.00,30.00","0.477124,0.083027,0.029412,0.009191",2448,3264,0.00027033,tiny,False
test,962,batch_4/000097.JPG,batch_4_000097.JPG,2888,1,bottle,"1567.00,1375.00,262.00,122.00","0.693627,0.439951,0.107026,0.037377",2448,3264,0.00400036,tiny,False
test,962,batch_4/000097.JPG,batch_4_000097.JPG,2890,0,bag_wrapper,"1611.00,1676.00,266.00,149.00","0.712418,0.536305,0.108660,0.045650",2448,3264,0.00496028,tiny,False
train,963,batch_4/000098.JPG,batch_4_000098.JPG,2896,0,bag_wrapper,"853.00,2015.00,664.00,541.00","0.484069,0.700214,0.271242,0.165748",2448,3264,0.04495767,small,False
train,964,batch_5/000071.JPG,batch_5_000071.JPG,2926,1,bottle,"1282.00,1981.00,511.00,394.00","0.628064,0.667279,0.208742,0.120711",2448,3264,0.02519739,small,False
train,964,batch_5/000071.JPG,batch_5_000071.JPG,3183,5,cigarette,"2054.00,1616.00,64.00,30.00","0.852124,0.499694,0.026144,0.009191",2448,3264,0.00024029,tiny,False
train,965,batch_5/000072.JPG,batch_5_000072.JPG,2929,1,bottle,"1463.00,682.00,524.00,466.00","0.528493,0.373775,0.160539,0.190359",3264,2448,0.03056016,small,False
train,965,batch_5/000072.JPG,batch_5_000072.JPG,3184,5,cigarette,"2484.00,1002.00,32.00,20.00","0.765931,0.413399,0.009804,0.008170",3264,2448,8.01e-05,tiny,False
train,966,batch_5/000073.JPG,batch_5_000073.JPG,2930,3,can,"1085.00,1901.00,512.00,471.00","0.547794,0.654565,0.209150,0.144301",2448,3264,0.0301807,small,False
train,966,batch_5/000073.JPG,batch_5_000073.JPG,2931,7,straw,"895.00,1180.00,343.00,37.00","0.435662,0.367188,0.140114,0.011336",2448,3264,0.00158831,tiny,False
train,966,batch_5/000073.JPG,batch_5_000073.JPG,2932,2,bottle_cap,"1266.00,814.00,51.00,46.00","0.527574,0.256434,0.020833,0.014093",2448,3264,0.00029361,tiny,False
train,967,batch_5/000074.JPG,batch_5_000074.JPG,2934,7,straw,"1002.00,1141.00,1055.00,530.00","0.624796,0.430760,0.430964,0.162377",2448,3264,0.06997884,medium,False
train,969,batch_5/000076.JPG,batch_5_000076.JPG,2936,7,straw,"1156.00,1531.00,126.00,427.00","0.497958,0.534467,0.051471,0.130821",2448,3264,0.00673344,tiny,False
train,970,batch_5/000119.JPG,batch_5_000119.JPG,3185,5,cigarette,"1520.00,954.00,64.00,12.00","0.475490,0.392157,0.019608,0.004902",3264,2448,9.612e-05,tiny,False
train,971,batch_5/000079.JPG,batch_5_000079.JPG,2938,0,bag_wrapper,"942.00,1470.00,714.00,224.00","0.397978,0.646242,0.218750,0.091503",3264,2448,0.02001634,small,False
test,973,batch_5/000082.JPG,batch_5_000082.JPG,2940,0,bag_wrapper,"974.00,2341.00,298.00,333.00","0.458742,0.768229,0.121732,0.102022",2448,3264,0.01241935,small,False
train,974,batch_5/000083.JPG,batch_5_000083.JPG,2941,1,bottle,"1638.00,972.00,398.00,105.00","0.562806,0.418505,0.121936,0.042892",3264,2448,0.00523011,tiny,False
train,974,batch_5/000083.JPG,batch_5_000083.JPG,2942,2,bottle_cap,"1990.00,982.00,45.00,60.00","0.616575,0.413399,0.013787,0.024510",3264,2448,0.00033791,tiny,False
train,975,batch_5/000084.JPG,batch_5_000084.JPG,2944,1,bottle,"1344.00,1393.00,564.00,306.00","0.498162,0.631536,0.172794,0.125000",3264,2448,0.02159926,small,False
train,975,batch_5/000084.JPG,batch_5_000084.JPG,2945,2,bottle_cap,"1829.00,1603.00,79.00,92.00","0.572457,0.673611,0.024203,0.037582",3264,2448,0.00090961,tiny,False
val,976,batch_5/000085.JPG,batch_5_000085.JPG,2947,0,bag_wrapper,"1222.00,1300.00,809.00,192.00","0.498315,0.570261,0.247855,0.078431",3264,2448,0.01943964,small,False
train,979,batch_5/000088.JPG,batch_5_000088.JPG,2951,2,bottle_cap,"681.00,1590.00,88.00,87.00","0.296160,0.500460,0.035948,0.026654",2448,3264,0.00095817,tiny,False
train,981,batch_5/000090.JPG,batch_5_000090.JPG,2953,2,bottle_cap,"2128.00,1932.00,261.00,152.00","0.691942,0.820261,0.079963,0.062092",3264,2448,0.00496504,tiny,False
train,983,batch_5/000092.JPG,batch_5_000092.JPG,2957,0,bag_wrapper,"617.00,1443.00,555.00,566.00","0.365400,0.528799,0.226716,0.173407",2448,3264,0.03931406,small,False
train,985,batch_5/000094.JPG,batch_5_000094.JPG,2962,2,bottle_cap,"349.00,1532.00,419.00,324.00","0.171109,0.691993,0.128370,0.132353",3264,2448,0.01699016,small,False
train,986,batch_5/000095.JPG,batch_5_000095.JPG,2964,6,cup,"1965.00,1129.00,586.00,338.00","0.691789,0.530229,0.179534,0.138072",3264,2448,0.02478864,small,False
val,987,batch_5/000096.JPG,batch_5_000096.JPG,2965,6,cup,"1668.00,1068.00,439.00,352.00","0.578278,0.508170,0.134498,0.143791",3264,2448,0.01933952,small,False
train,988,batch_5/000097.JPG,batch_5_000097.JPG,2966,4,carton,"1850.00,571.00,314.00,563.00","0.614890,0.348243,0.096201,0.229984",3264,2448,0.02212465,small,False
train,990,batch_5/000099.JPG,batch_5_000099.JPG,2968,0,bag_wrapper,"896.00,1293.00,701.00,283.00","0.509191,0.439491,0.286356,0.086703",2448,3264,0.02482807,small,False
val,991,batch_5/000100.JPG,batch_5_000100.JPG,2969,7,straw,"1305.00,1597.00,523.00,113.00","0.479933,0.675449,0.160233,0.046160",3264,2448,0.00739637,tiny,False
train,993,batch_5/000063.JPG,batch_5_000063.JPG,2971,0,bag_wrapper,"831.00,1072.00,1000.00,924.00","0.543709,0.469975,0.408497,0.283088",2448,3264,0.11564062,medium,False
train,994,batch_5/000064.JPG,batch_5_000064.JPG,2973,6,cup,"1507.00,1460.00,132.00,184.00","0.642565,0.475490,0.053922,0.056373",2448,3264,0.0030397,tiny,False
train,995,batch_5/000066.JPG,batch_5_000066.JPG,2975,1,bottle,"1754.00,1351.00,262.00,534.00","0.770016,0.495711,0.107026,0.163603",2448,3264,0.01750979,small,False
train,995,batch_5/000066.JPG,batch_5_000066.JPG,3186,5,cigarette,"280.00,2336.00,36.00,72.00","0.121732,0.726716,0.014706,0.022059",2448,3264,0.00032439,tiny,False
train,996,batch_5/000067.JPG,batch_5_000067.JPG,2977,1,bottle,"883.00,1274.00,460.00,415.00","0.454657,0.453891,0.187908,0.127145",2448,3264,0.02389155,small,False
train,996,batch_5/000067.JPG,batch_5_000067.JPG,3187,5,cigarette,"478.00,1472.00,106.00,98.00","0.216912,0.465993,0.043301,0.030025",2448,3264,0.00130008,tiny,False
val,997,batch_5/000068.JPG,batch_5_000068.JPG,2982,4,carton,"879.00,1475.00,811.00,465.00","0.524714,0.523131,0.331291,0.142463",2448,3264,0.04719677,small,False
val,997,batch_5/000068.JPG,batch_5_000068.JPG,3188,5,cigarette,"314.00,1752.00,74.00,36.00","0.143382,0.542279,0.030229,0.011029",2448,3264,0.00033341,tiny,False
train,998,batch_5/000069.JPG,batch_5_000069.JPG,2983,0,bag_wrapper,"1009.00,1434.00,371.00,261.00","0.487949,0.479320,0.151552,0.079963",2448,3264,0.01211861,small,False
train,999,batch_5/000070.JPG,batch_5_000070.JPG,2985,1,bottle,"1230.00,1046.00,181.00,424.00","0.539420,0.385417,0.073938,0.129902",2448,3264,0.00960468,tiny,False
train,999,batch_5/000070.JPG,batch_5_000070.JPG,3189,5,cigarette,"2222.00,1064.00,42.00,12.00","0.916258,0.327819,0.017157,0.003676",2448,3264,6.308e-05,tiny,False
train,999,batch_5/000070.JPG,batch_5_000070.JPG,3190,5,cigarette,"510.00,90.00,16.00,20.00","0.211601,0.030637,0.006536,0.006127",2448,3264,4.005e-05,tiny,False
train,999,batch_5/000070.JPG,batch_5_000070.JPG,3191,5,cigarette,"22.00,1722.00,30.00,36.00","0.015114,0.533088,0.012255,0.011029",2448,3264,0.00013516,tiny,False
test,1000,batch_5/000101.JPG,batch_5_000101.JPG,2986,1,bottle,"1460.00,659.00,314.00,624.00","0.660539,0.297488,0.128268,0.191176",2448,3264,0.02452182,small,False
train,1001,batch_5/000102.JPG,batch_5_000102.JPG,2987,7,straw,"1862.00,759.00,41.00,65.00","0.576746,0.323325,0.012561,0.026552",3264,2448,0.00033353,tiny,False
train,1001,batch_5/000102.JPG,batch_5_000102.JPG,2988,4,carton,"1511.00,738.00,371.00,250.00","0.519761,0.352533,0.113664,0.102124",3264,2448,0.01160787,small,False
test,1002,batch_5/000103.JPG,batch_5_000103.JPG,2989,3,can,"2107.00,1414.00,237.00,183.00","0.681832,0.614992,0.072610,0.074755",3264,2448,0.00542798,tiny,False
test,1002,batch_5/000103.JPG,batch_5_000103.JPG,2990,0,bag_wrapper,"1708.00,92.00,55.00,100.00","0.531710,0.058007,0.016850,0.040850",3264,2448,0.00068834,tiny,False
val,1003,batch_5/000104.JPG,batch_5_000104.JPG,2991,4,carton,"716.00,1329.00,1153.00,733.00","0.395987,0.692606,0.353248,0.299428",3264,2448,0.10577224,medium,False
test,1004,batch_5/000105.JPG,batch_5_000105.JPG,2995,7,straw,"1672.00,224.00,122.00,37.00","0.530944,0.099060,0.037377,0.015114",3264,2448,0.00056494,tiny,False
val,1005,batch_5/000106.JPG,batch_5_000106.JPG,2999,0,bag_wrapper,"1364.00,682.00,1139.00,102.00","0.592371,0.299428,0.348958,0.041667",3264,2448,0.01453993,small,False
val,1005,batch_5/000106.JPG,batch_5_000106.JPG,3000,0,bag_wrapper,"1085.00,356.00,97.00,140.00","0.347273,0.174020,0.029718,0.057190",3264,2448,0.00169957,tiny,False
val,1005,batch_5/000106.JPG,batch_5_000106.JPG,3001,0,bag_wrapper,"163.00,527.00,223.00,83.00","0.084099,0.232230,0.068321,0.033905",3264,2448,0.00231644,tiny,False
test,1007,batch_5/000108.JPG,batch_5_000108.JPG,3004,6,cup,"1334.00,1064.00,220.00,153.00","0.589869,0.349418,0.089869,0.046875",2448,3264,0.00421262,tiny,False
test,1007,batch_5/000108.JPG,batch_5_000108.JPG,3192,5,cigarette,"652.00,1538.00,46.00,36.00","0.275735,0.476716,0.018791,0.011029",2448,3264,0.00020725,tiny,False
test,1008,batch_5/000120.JPG,batch_5_000120.JPG,3006,1,bottle,"1305.00,2250.00,312.00,682.00","0.596814,0.793811,0.127451,0.208946",2448,3264,0.02663038,small,False
test,1008,batch_5/000120.JPG,batch_5_000120.JPG,3007,1,bottle,"1336.00,750.00,213.00,120.00","0.589257,0.248162,0.087010,0.036765",2448,3264,0.00319889,tiny,False
test,1008,batch_5/000120.JPG,batch_5_000120.JPG,3008,6,cup,"1246.00,1225.00,291.00,387.00","0.568423,0.434589,0.118873,0.118566",2448,3264,0.01409426,small,False
train,1009,batch_5/000110.JPG,batch_5_000110.JPG,3010,0,bag_wrapper,"787.00,1695.00,271.00,227.00","0.282629,0.738766,0.083027,0.092729",3264,2448,0.00769899,tiny,False
train,1010,batch_5/000111.JPG,batch_5_000111.JPG,3011,1,bottle,"804.00,1987.00,310.00,211.00","0.391748,0.641085,0.126634,0.064645",2448,3264,0.0081862,tiny,False
train,1010,batch_5/000111.JPG,batch_5_000111.JPG,3012,2,bottle_cap,"996.00,2177.00,45.00,39.00","0.416054,0.672947,0.018382,0.011949",2448,3264,0.00021964,tiny,False
train,1010,batch_5/000111.JPG,batch_5_000111.JPG,3014,0,bag_wrapper,"2.00,2104.00,249.00,97.00","0.051675,0.659467,0.101716,0.029718",2448,3264,0.0030228,tiny,False
test,1011,batch_5/000112.JPG,batch_5_000112.JPG,3016,0,bag_wrapper,"703.00,1540.00,484.00,561.00","0.386029,0.557751,0.197712,0.171875",2448,3264,0.03398182,small,False
train,1012,batch_5/000113.JPG,batch_5_000113.JPG,3017,4,carton,"796.00,645.00,706.00,478.00","0.352022,0.361111,0.216299,0.195261",3264,2448,0.04223486,small,False
train,1012,batch_5/000113.JPG,batch_5_000113.JPG,3018,0,bag_wrapper,"862.00,673.00,536.00,304.00","0.346201,0.337010,0.164216,0.124183",3264,2448,0.0203928,small,False
train,1013,batch_5/000114.JPG,batch_5_000114.JPG,3021,1,bottle,"1062.00,556.00,534.00,323.00","0.542892,0.219822,0.218137,0.098958",2448,3264,0.0215865,small,False
train,1013,batch_5/000114.JPG,batch_5_000114.JPG,3022,2,bottle_cap,"1517.00,556.00,79.00,94.00","0.635825,0.184743,0.032271,0.028799",2448,3264,0.00092938,tiny,False
train,1013,batch_5/000114.JPG,batch_5_000114.JPG,3193,5,cigarette,"1084.00,1406.00,74.00,48.00","0.457925,0.438113,0.030229,0.014706",2448,3264,0.00044454,tiny,False
train,1014,batch_5/000115.JPG,batch_5_000115.JPG,3024,0,bag_wrapper,"1136.00,1453.00,181.00,183.00","0.501021,0.473192,0.073938,0.056066",2448,3264,0.00414542,tiny,False
test,1015,batch_5/000116.JPG,batch_5_000116.JPG,3025,4,carton,"1128.00,1811.00,493.00,280.00","0.421109,0.796977,0.151042,0.114379",3264,2448,0.01727601,small,False
test,1015,batch_5/000116.JPG,batch_5_000116.JPG,3026,0,bag_wrapper,"1061.00,1885.00,92.00,104.00","0.339154,0.791258,0.028186,0.042484",3264,2448,0.00119746,tiny,False
train,1017,batch_5/000118.JPG,batch_5_000118.JPG,3028,6,cup,"1110.00,1050.00,550.00,433.00","0.424326,0.517361,0.168505,0.176879",3264,2448,0.02980499,small,False
train,1018,batch_5/000000.JPG,batch_5_000000.JPG,3029,6,cup,"1001.00,1872.00,189.00,242.00","0.447508,0.610600,0.077206,0.074142",2448,3264,0.00572421,tiny,False
train,1019,batch_5/000001.JPG,batch_5_000001.JPG,3032,1,bottle,"1310.00,1445.00,293.00,212.00","0.594975,0.475184,0.119690,0.064951",2448,3264,0.00777395,tiny,False
train,1019,batch_5/000001.JPG,batch_5_000001.JPG,3033,2,bottle_cap,"1567.00,1445.00,35.00,44.00","0.647263,0.449449,0.014297,0.013480",2448,3264,0.00019273,tiny,False
val,1020,batch_5/000002.JPG,batch_5_000002.JPG,3034,3,can,"1410.00,1275.00,236.00,241.00","0.624183,0.427543,0.096405,0.073836",2448,3264,0.00711816,tiny,False
test,1021,batch_5/000004.JPG,batch_5_000004.JPG,3036,0,bag_wrapper,"674.00,903.00,546.00,442.00","0.290135,0.459150,0.167279,0.180556",3264,2448,0.03020323,small,False
test,1021,batch_5/000004.JPG,batch_5_000004.JPG,3037,3,can,"2127.00,691.00,628.00,518.00","0.747855,0.388072,0.192402,0.211601",3264,2448,0.04071251,small,False
test,1022,batch_5/000005.JPG,batch_5_000005.JPG,3041,6,cup,"1396.00,1136.00,685.00,682.00","0.532629,0.603350,0.209865,0.278595",3264,2448,0.05846735,medium,False
test,1022,batch_5/000005.JPG,batch_5_000005.JPG,3042,3,can,"613.00,435.00,197.00,430.00","0.217984,0.265523,0.060355,0.175654",3264,2448,0.01060164,small,False
test,1022,batch_5/000005.JPG,batch_5_000005.JPG,3043,2,bottle_cap,"403.00,840.00,69.00,90.00","0.134038,0.361520,0.021140,0.036765",3264,2448,0.0007772,tiny,False
test,1022,batch_5/000005.JPG,batch_5_000005.JPG,3044,1,bottle,"436.00,1828.00,419.00,502.00","0.197763,0.849265,0.128370,0.205065",3264,2448,0.02632426,small,False
train,1023,batch_5/000006.JPG,batch_5_000006.JPG,3045,0,bag_wrapper,"720.00,1403.00,883.00,487.00","0.474469,0.504442,0.360703,0.149203",2448,3264,0.05381807,medium,False
train,1023,batch_5/000006.JPG,batch_5_000006.JPG,3046,0,bag_wrapper,"1768.00,1030.00,256.00,284.00","0.774510,0.359069,0.104575,0.087010",2448,3264,0.00909906,tiny,False
test,1024,batch_5/000007.JPG,batch_5_000007.JPG,3047,3,can,"1461.00,956.00,332.00,219.00","0.498468,0.435253,0.101716,0.089461",3264,2448,0.00909957,tiny,False
train,1025,batch_5/000008.JPG,batch_5_000008.JPG,3048,1,bottle,"1032.00,1443.00,509.00,278.00","0.525531,0.484681,0.207925,0.085172",2448,3264,0.01770928,small,False
train,1026,batch_5/000009.JPG,batch_5_000009.JPG,3049,7,straw,"775.00,1749.00,404.00,226.00","0.399101,0.570466,0.165033,0.069240",2448,3264,0.0114269,small,False
train,1026,batch_5/000009.JPG,batch_5_000009.JPG,3050,7,straw,"1476.00,1010.00,97.00,363.00","0.622753,0.365043,0.039624,0.111213",2448,3264,0.00440673,tiny,False
val,1027,batch_5/000010.JPG,batch_5_000010.JPG,3194,5,cigarette,"2932.00,312.00,132.00,54.00","0.918505,0.138480,0.040441,0.022059",3264,2448,0.00089208,tiny,False
train,1028,batch_5/000011.JPG,batch_5_000011.JPG,3054,3,can,"836.00,1228.00,594.00,315.00","0.462827,0.424479,0.242647,0.096507",2448,3264,0.02341723,small,False
val,1029,batch_5/000012.JPG,batch_5_000012.JPG,3056,4,carton,"1384.00,985.00,1064.00,855.00","0.782680,0.432751,0.434641,0.261949",2448,3264,0.11385345,medium,False
val,1029,batch_5/000012.JPG,batch_5_000012.JPG,3057,0,bag_wrapper,"1350.00,1445.00,210.00,271.00","0.594363,0.484222,0.085784,0.083027",2448,3264,0.00712241,tiny,False
val,1029,batch_5/000012.JPG,batch_5_000012.JPG,3058,0,bag_wrapper,"1441.00,1393.00,194.00,144.00","0.628268,0.448836,0.079248,0.044118",2448,3264,0.00349625,tiny,False
val,1029,batch_5/000012.JPG,batch_5_000012.JPG,3060,3,can,"825.00,1405.00,303.00,434.00","0.398897,0.496936,0.123775,0.132966",2448,3264,0.01645776,small,False
val,1029,batch_5/000012.JPG,batch_5_000012.JPG,3061,3,can,"1149.00,1297.00,261.00,457.00","0.522672,0.467371,0.106618,0.140012",2448,3264,0.01492778,small,False
val,1029,batch_5/000012.JPG,batch_5_000012.JPG,3062,3,can,"1277.00,1590.00,502.00,341.00","0.624183,0.539369,0.205065,0.104473",2448,3264,0.0214238,small,False
val,1029,batch_5/000012.JPG,batch_5_000012.JPG,3063,3,can,"1509.00,1449.00,261.00,192.00","0.669730,0.473346,0.106618,0.058824",2448,3264,0.00627163,tiny,False
val,1030,batch_5/000013.JPG,batch_5_000013.JPG,3064,3,can,"704.00,1622.00,248.00,126.00","0.338235,0.516238,0.101307,0.038603",2448,3264,0.00391076,tiny,False
train,1032,batch_5/000015.JPG,batch_5_000015.JPG,3066,6,cup,"1358.00,1589.00,151.00,165.00","0.585580,0.512102,0.061683,0.050551",2448,3264,0.00311817,tiny,False
train,1032,batch_5/000015.JPG,batch_5_000015.JPG,3067,6,cup,"1065.00,1498.00,160.00,140.00","0.467729,0.480392,0.065359,0.042892",2448,3264,0.00280341,tiny,False
train,1032,batch_5/000015.JPG,batch_5_000015.JPG,3068,3,can,"949.00,1536.00,86.00,95.00","0.405229,0.485141,0.035131,0.029105",2448,3264,0.00102249,tiny,False
train,1032,batch_5/000015.JPG,batch_5_000015.JPG,3069,3,can,"942.00,1624.00,210.00,88.00","0.427696,0.511029,0.085784,0.026961",2448,3264,0.00231281,tiny,False
train,1032,batch_5/000015.JPG,batch_5_000015.JPG,3070,3,can,"1125.00,1571.00,210.00,105.00","0.502451,0.497396,0.085784,0.032169",2448,3264,0.00275961,tiny,False
train,1032,batch_5/000015.JPG,batch_5_000015.JPG,3071,3,can,"1132.00,1522.00,186.00,87.00","0.500408,0.479626,0.075980,0.026654",2448,3264,0.00202521,tiny,False
train,1032,batch_5/000015.JPG,batch_5_000015.JPG,3078,4,carton,"1724.00,1558.00,121.00,84.00","0.728962,0.490196,0.049428,0.025735",2448,3264,0.00127205,tiny,False
train,1033,batch_5/000016.JPG,batch_5_000016.JPG,3080,3,can,"1232.00,1628.00,234.00,332.00","0.551062,0.549632,0.095588,0.101716",2448,3264,0.00972282,tiny,False
val,1034,batch_5/000017.JPG,batch_5_000017.JPG,3083,3,can,"907.00,1125.00,459.00,321.00","0.464257,0.393842,0.187500,0.098346",2448,3264,0.0184398,small,False
test,1036,batch_5/000019.JPG,batch_5_000019.JPG,3085,7,straw,"1099.00,1403.00,421.00,165.00","0.534926,0.455116,0.171977,0.050551",2448,3264,0.0086937,tiny,False
val,1037,batch_5/000020.JPG,batch_5_000020.JPG,3088,4,carton,"1643.00,383.00,364.00,462.00","0.745507,0.188113,0.148693,0.141544",2448,3264,0.02104659,small,False
val,1037,batch_5/000020.JPG,batch_5_000020.JPG,3089,4,carton,"959.00,1131.00,595.00,900.00","0.513276,0.484375,0.243056,0.275735",2448,3264,0.067019,medium,False
val,1037,batch_5/000020.JPG,batch_5_000020.JPG,3090,0,bag_wrapper,"949.00,1382.00,193.00,228.00","0.427083,0.458333,0.078840,0.069853",2448,3264,0.0055072,tiny,False
val,1037,batch_5/000020.JPG,batch_5_000020.JPG,3091,0,bag_wrapper,"1241.00,2449.00,526.00,434.00","0.614379,0.816789,0.214869,0.132966",2448,3264,0.02857024,small,False
val,1037,batch_5/000020.JPG,batch_5_000020.JPG,3195,5,cigarette,"1256.00,3088.00,70.00,50.00","0.527369,0.953738,0.028595,0.015319",2448,3264,0.00043803,tiny,False
val,1037,batch_5/000020.JPG,batch_5_000020.JPG,3196,5,cigarette,"1220.00,610.00,48.00,66.00","0.508170,0.196998,0.019608,0.020221",2448,3264,0.00039648,tiny,False
train,1038,batch_5/000021.JPG,batch_5_000021.JPG,3093,0,bag_wrapper,"1217.00,1251.00,421.00,410.00","0.583129,0.446078,0.171977,0.125613",2448,3264,0.02160252,small,False
train,1039,batch_5/000022.JPG,batch_5_000022.JPG,3094,0,bag_wrapper,"512.00,1449.00,1390.00,1012.00","0.493056,0.598958,0.567810,0.310049",2448,3264,0.17604908,medium,False
train,1039,batch_5/000022.JPG,batch_5_000022.JPG,3095,0,bag_wrapper,"1086.00,1133.00,536.00,557.00","0.553105,0.432445,0.218954,0.170650",2448,3264,0.03736444,small,False
train,1039,batch_5/000022.JPG,batch_5_000022.JPG,3096,0,bag_wrapper,"1913.00,1913.00,128.00,126.00","0.807598,0.605392,0.052288,0.038603",2448,3264,0.00201845,tiny,False
train,1039,batch_5/000022.JPG,batch_5_000022.JPG,3097,0,bag_wrapper,"1399.00,1017.00,605.00,362.00","0.695057,0.367034,0.247141,0.110907",2448,3264,0.02740958,small,False
train,1039,batch_5/000022.JPG,batch_5_000022.JPG,3098,0,bag_wrapper,"1367.00,449.00,72.00,146.00","0.573121,0.159926,0.029412,0.044730",2448,3264,0.0013156,tiny,False
val,1040,batch_5/000023.JPG,batch_5_000023.JPG,3099,0,bag_wrapper,"1173.00,1534.00,278.00,147.00","0.535948,0.492494,0.113562,0.045037",2448,3264,0.00511447,tiny,False
train,1041,batch_5/000024.JPG,batch_5_000024.JPG,3100,0,bag_wrapper,"420.00,1722.00,876.00,913.00","0.350490,0.667433,0.357843,0.279718",2448,3264,0.10009522,medium,False
train,1042,batch_5/000025.JPG,batch_5_000025.JPG,3101,6,cup,"1292.00,1677.00,181.00,110.00","0.564747,0.530637,0.073938,0.033701",2448,3264,0.00249178,tiny,False
val,1043,batch_5/000026.JPG,batch_5_000026.JPG,3102,6,cup,"1431.00,1326.00,131.00,183.00","0.611315,0.434283,0.053513,0.056066",2448,3264,0.00300027,tiny,False
val,1044,batch_5/000027.JPG,batch_5_000027.JPG,3103,1,bottle,"1256.00,234.00,175.00,686.00","0.548815,0.176777,0.071487,0.210172",2448,3264,0.01502452,small,False
val,1044,batch_5/000027.JPG,batch_5_000027.JPG,3104,1,bottle,"944.00,1874.00,92.00,284.00","0.404412,0.617647,0.037582,0.087010",2448,3264,0.00326998,tiny,False
val,1044,batch_5/000027.JPG,batch_5_000027.JPG,3105,1,bottle,"876.00,1796.00,88.00,279.00","0.375817,0.592984,0.035948,0.085478",2448,3264,0.00307274,tiny,False
train,1045,batch_5/000028.JPG,batch_5_000028.JPG,3106,1,bottle,"1055.00,1724.00,341.00,661.00","0.500613,0.629442,0.139297,0.202512",2448,3264,0.02820943,small,False
train,1045,batch_5/000028.JPG,batch_5_000028.JPG,3197,5,cigarette,"506.00,1954.00,38.00,58.00","0.214461,0.607537,0.015523,0.017770",2448,3264,0.00027584,tiny,False
train,1045,batch_5/000028.JPG,batch_5_000028.JPG,3198,5,cigarette,"192.00,2686.00,46.00,86.00","0.087827,0.836091,0.018791,0.026348",2448,3264,0.0004951,tiny,False
val,1046,batch_5/000029.JPG,batch_5_000029.JPG,3107,4,carton,"1256.00,1544.00,284.00,240.00","0.571078,0.509804,0.116013,0.073529",2448,3264,0.00853037,tiny,False
val,1046,batch_5/000029.JPG,batch_5_000029.JPG,3108,7,straw,"1068.00,1587.00,65.00,169.00","0.449551,0.512102,0.026552,0.051777",2448,3264,0.0013748,tiny,False
val,1046,batch_5/000029.JPG,batch_5_000029.JPG,3110,6,cup,"947.00,1666.00,259.00,383.00","0.439747,0.569087,0.105801,0.117341",2448,3264,0.01241472,small,False
val,1046,batch_5/000029.JPG,batch_5_000029.JPG,3111,0,bag_wrapper,"1221.00,1891.00,79.00,70.00","0.514910,0.590074,0.032271,0.021446",2448,3264,0.00069209,tiny,False
train,1047,batch_5/000030.JPG,batch_5_000030.JPG,3113,6,cup,"1152.00,1563.00,179.00,299.00","0.507149,0.524663,0.073121,0.091605",2448,3264,0.00669827,tiny,False
train,1047,batch_5/000030.JPG,batch_5_000030.JPG,3199,5,cigarette,"982.00,1736.00,28.00,54.00","0.406863,0.540135,0.011438,0.016544",2448,3264,0.00018923,tiny,False
train,1047,batch_5/000030.JPG,batch_5_000030.JPG,3200,5,cigarette,"998.00,1672.00,40.00,58.00","0.415850,0.521140,0.016340,0.017770",2448,3264,0.00029035,tiny,False
train,1047,batch_5/000030.JPG,batch_5_000030.JPG,3201,5,cigarette,"1038.00,1674.00,60.00,36.00","0.436275,0.518382,0.024510,0.011029",2448,3264,0.00027033,tiny,False
train,1047,batch_5/000030.JPG,batch_5_000030.JPG,3202,5,cigarette,"1060.00,1578.00,16.00,56.00","0.436275,0.492034,0.006536,0.017157",2448,3264,0.00011214,tiny,False
train,1047,batch_5/000030.JPG,batch_5_000030.JPG,3203,5,cigarette,"1108.00,1644.00,32.00,32.00","0.459150,0.508578,0.013072,0.009804",2448,3264,0.00012816,tiny,False
train,1047,batch_5/000030.JPG,batch_5_000030.JPG,3204,5,cigarette,"1098.00,1510.00,38.00,58.00","0.456291,0.471507,0.015523,0.017770",2448,3264,0.00027584,tiny,False
train,1047,batch_5/000030.JPG,batch_5_000030.JPG,3205,5,cigarette,"1128.00,1604.00,24.00,34.00","0.465686,0.496630,0.009804,0.010417",2448,3264,0.00010212,tiny,False
train,1047,batch_5/000030.JPG,batch_5_000030.JPG,3206,5,cigarette,"1118.00,1604.00,38.00,26.00","0.464461,0.495404,0.015523,0.007966",2448,3264,0.00012365,tiny,False
train,1047,batch_5/000030.JPG,batch_5_000030.JPG,3207,5,cigarette,"1104.00,1584.00,54.00,26.00","0.462010,0.489277,0.022059,0.007966",2448,3264,0.00017571,tiny,False
train,1047,batch_5/000030.JPG,batch_5_000030.JPG,3208,5,cigarette,"1084.00,1564.00,14.00,76.00","0.445670,0.490809,0.005719,0.023284",2448,3264,0.00013316,tiny,False
train,1047,batch_5/000030.JPG,batch_5_000030.JPG,3209,5,cigarette,"982.00,1794.00,36.00,26.00","0.408497,0.553615,0.014706,0.007966",2448,3264,0.00011714,tiny,False
train,1047,batch_5/000030.JPG,batch_5_000030.JPG,3210,5,cigarette,"998.00,1802.00,38.00,30.00","0.415441,0.556679,0.015523,0.009191",2448,3264,0.00014267,tiny,False
train,1047,batch_5/000030.JPG,batch_5_000030.JPG,3211,5,cigarette,"1060.00,1802.00,28.00,14.00","0.438725,0.554228,0.011438,0.004289",2448,3264,4.906e-05,tiny,False
train,1047,batch_5/000030.JPG,batch_5_000030.JPG,3212,5,cigarette,"418.00,1964.00,16.00,26.00","0.174020,0.605699,0.006536,0.007966",2448,3264,5.206e-05,tiny,False
train,1047,batch_5/000030.JPG,batch_5_000030.JPG,3213,5,cigarette,"1394.00,200.00,14.00,36.00","0.572304,0.066789,0.005719,0.011029",2448,3264,6.308e-05,tiny,False
test,1048,batch_5/000031.JPG,batch_5_000031.JPG,3115,7,straw,"1324.00,1524.00,89.00,377.00","0.559028,0.524663,0.036356,0.115502",2448,3264,0.00419923,tiny,False
test,1048,batch_5/000031.JPG,batch_5_000031.JPG,3214,5,cigarette,"1444.00,1314.00,50.00,52.00","0.600082,0.410539,0.020425,0.015931",2448,3264,0.0003254,tiny,False
test,1048,batch_5/000031.JPG,batch_5_000031.JPG,3215,5,cigarette,"210.00,3146.00,50.00,66.00","0.095997,0.973958,0.020425,0.020221",2448,3264,0.000413,tiny,False
test,1048,batch_5/000031.JPG,batch_5_000031.JPG,3216,5,cigarette,"180.00,3180.00,32.00,46.00","0.080065,0.981311,0.013072,0.014093",2448,3264,0.00018422,tiny,False
test,1048,batch_5/000031.JPG,batch_5_000031.JPG,3217,5,cigarette,"154.00,3234.00,32.00,30.00","0.069444,0.995404,0.013072,0.009191",2448,3264,0.00012015,tiny,False
val,1049,batch_5/000033.JPG,batch_5_000033.JPG,3116,0,bag_wrapper,"896.00,1710.00,249.00,361.00","0.416871,0.579197,0.101716,0.110600",2448,3264,0.0112498,small,False
train,1050,batch_5/000034.JPG,batch_5_000034.JPG,3117,4,carton,"1250.00,1608.00,279.00,344.00","0.567606,0.545343,0.113971,0.105392",2448,3264,0.01201161,small,False
train,1050,batch_5/000034.JPG,batch_5_000034.JPG,3218,5,cigarette,"1244.00,1484.00,36.00,46.00","0.515523,0.461703,0.014706,0.014093",2448,3264,0.00020725,tiny,False
val,1051,batch_5/000035.JPG,batch_5_000035.JPG,3118,6,cup,"1557.00,1660.00,209.00,306.00","0.678717,0.555453,0.085376,0.093750",2448,3264,0.00800398,tiny,False
train,1052,batch_5/000036.JPG,batch_5_000036.JPG,3120,6,cup,"1341.00,1627.00,235.00,234.00","0.595792,0.534314,0.095997,0.071691",2448,3264,0.00688212,tiny,False
train,1052,batch_5/000036.JPG,batch_5_000036.JPG,3122,0,bag_wrapper,"1507.00,1827.00,388.00,395.00","0.694853,0.620251,0.158497,0.121017",2448,3264,0.01918082,small,False
train,1052,batch_5/000036.JPG,batch_5_000036.JPG,3123,0,bag_wrapper,"648.00,826.00,181.00,151.00","0.301675,0.276195,0.073938,0.046262",2448,3264,0.00342053,tiny,False
train,1052,batch_5/000036.JPG,batch_5_000036.JPG,3124,3,can,"1176.00,1015.00,154.00,200.00","0.511846,0.341605,0.062908,0.061275",2448,3264,0.00385469,tiny,False
train,1052,batch_5/000036.JPG,batch_5_000036.JPG,3125,3,can,"323.00,3149.00,217.00,115.00","0.176266,0.982384,0.088644,0.035233",2448,3264,0.00312317,tiny,False
train,1054,batch_5/000038.JPG,batch_5_000038.JPG,3131,0,bag_wrapper,"919.00,1723.00,117.00,371.00","0.399306,0.584712,0.047794,0.113664",2448,3264,0.00543248,tiny,False
train,1056,batch_5/000040.JPG,batch_5_000040.JPG,3133,3,can,"2054.00,988.00,470.00,372.00","0.701287,0.479575,0.143995,0.151961",3264,2448,0.02188161,small,False
train,1056,batch_5/000040.JPG,batch_5_000040.JPG,3134,2,bottle_cap,"1658.00,1300.00,92.00,90.00","0.522059,0.549428,0.028186,0.036765",3264,2448,0.00103626,tiny,False
train,1056,batch_5/000040.JPG,batch_5_000040.JPG,3135,7,straw,"679.00,846.00,97.00,547.00","0.222886,0.457312,0.029718,0.223448",3264,2448,0.00664045,tiny,False
train,1057,batch_5/000041.JPG,batch_5_000041.JPG,3136,6,cup,"738.00,2192.00,266.00,250.00","0.355801,0.709865,0.108660,0.076593",2448,3264,0.00832262,tiny,False
train,1057,batch_5/000041.JPG,batch_5_000041.JPG,3137,6,cup,"1420.00,1301.00,474.00,282.00","0.676879,0.441789,0.193627,0.086397",2448,3264,0.01672884,small,False
train,1059,batch_5/000043.JPG,batch_5_000043.JPG,3140,0,bag_wrapper,"981.00,1431.00,572.00,384.00","0.517565,0.497243,0.233660,0.117647",2448,3264,0.02748943,small,False
train,1060,batch_5/000045.JPG,batch_5_000045.JPG,3144,0,bag_wrapper,"697.00,2295.00,198.00,62.00","0.325163,0.712623,0.080882,0.018995",2448,3264,0.00153637,tiny,False
train,1060,batch_5/000045.JPG,batch_5_000045.JPG,3145,0,bag_wrapper,"393.00,1730.00,94.00,173.00","0.179739,0.556526,0.038399,0.053002",2448,3264,0.00203522,tiny,False
test,1061,batch_5/000046.JPG,batch_5_000046.JPG,3146,3,can,"1067.00,1422.00,324.00,372.00","0.502042,0.492647,0.132353,0.113971",2448,3264,0.01508434,small,False
train,1062,batch_5/000047.JPG,batch_5_000047.JPG,3147,6,cup,"1624.00,1289.00,189.00,207.00","0.702002,0.426624,0.077206,0.063419",2448,3264,0.00489633,tiny,False
train,1062,batch_5/000047.JPG,batch_5_000047.JPG,3219,5,cigarette,"154.00,786.00,34.00,28.00","0.069853,0.245098,0.013889,0.008578",2448,3264,0.00011914,tiny,False
train,1063,batch_5/000048.JPG,batch_5_000048.JPG,3151,1,bottle,"880.00,968.00,103.00,235.00","0.380515,0.332567,0.042075,0.071998",2448,3264,0.00302931,tiny,False
train,1064,batch_5/000049.JPG,batch_5_000049.JPG,3152,6,cup,"1538.00,2113.00,266.00,310.00","0.682598,0.694853,0.108660,0.094975",2448,3264,0.01032005,small,False
train,1064,batch_5/000049.JPG,batch_5_000049.JPG,3153,6,cup,"1966.00,171.00,165.00,163.00","0.836806,0.077359,0.067402,0.049939",2448,3264,0.00336597,tiny,False
train,1064,batch_5/000049.JPG,batch_5_000049.JPG,3154,6,cup,"949.00,1781.00,385.00,242.00","0.466299,0.582721,0.157271,0.074142",2448,3264,0.01166043,small,False
train,1064,batch_5/000049.JPG,batch_5_000049.JPG,3155,7,straw,"1435.00,2322.00,274.00,362.00","0.642157,0.766850,0.111928,0.110907",2448,3264,0.01241359,small,False
train,1064,batch_5/000049.JPG,batch_5_000049.JPG,3156,7,straw,"1963.00,0.00,106.00,286.00","0.823529,0.043811,0.043301,0.087623",2448,3264,0.00379411,tiny,False
train,1064,batch_5/000049.JPG,batch_5_000049.JPG,3159,4,carton,"790.00,1129.00,753.00,673.00","0.476511,0.448989,0.307598,0.206189",2448,3264,0.06342325,medium,False
train,1064,batch_5/000049.JPG,batch_5_000049.JPG,3160,4,carton,"1935.00,608.00,512.00,715.00","0.895016,0.295803,0.209150,0.219056",2448,3264,0.04581571,small,False
train,1064,batch_5/000049.JPG,batch_5_000049.JPG,3161,0,bag_wrapper,"1451.00,552.00,452.00,267.00","0.685049,0.210018,0.184641,0.081801",2448,3264,0.01510387,small,False
train,1064,batch_5/000049.JPG,batch_5_000049.JPG,3220,5,cigarette,"1734.00,864.00,80.00,24.00","0.724673,0.268382,0.032680,0.007353",2448,3264,0.00024029,tiny,False
train,1065,batch_5/000050.JPG,batch_5_000050.JPG,3164,4,carton,"663.00,1829.00,349.00,519.00","0.342116,0.639859,0.142565,0.159007",2448,3264,0.02266894,small,False
train,1065,batch_5/000050.JPG,batch_5_000050.JPG,3165,0,bag_wrapper,"721.00,1982.00,145.00,252.00","0.324142,0.645833,0.059232,0.077206",2448,3264,0.00457306,tiny,False
train,1066,batch_5/000051.JPG,batch_5_000051.JPG,3167,3,can,"865.00,1143.00,353.00,254.00","0.425449,0.389093,0.144199,0.077819",2448,3264,0.0112214,small,False
train,1067,batch_5/000052.JPG,batch_5_000052.JPG,3168,1,bottle,"1517.00,976.00,86.00,236.00","0.637255,0.335172,0.035131,0.072304",2448,3264,0.00254009,tiny,False
val,1069,batch_5/000055.JPG,batch_5_000055.JPG,3170,6,cup,"876.00,794.00,307.00,445.00","0.420547,0.311428,0.125408,0.136336",2448,3264,0.01709767,small,False
val,1069,batch_5/000055.JPG,batch_5_000055.JPG,3172,7,straw,"974.00,491.00,73.00,276.00","0.412786,0.192708,0.029820,0.084559",2448,3264,0.00252157,tiny,False
train,1070,batch_5/000056.JPG,batch_5_000056.JPG,3174,6,cup,"699.00,2374.00,267.00,223.00","0.340074,0.761489,0.109069,0.068321",2448,3264,0.00745169,tiny,False
train,1070,batch_5/000056.JPG,batch_5_000056.JPG,3175,4,carton,"897.00,2464.00,159.00,170.00","0.398897,0.780944,0.064951,0.052083",2448,3264,0.00338286,tiny,False
train,1071,batch_5/000057.JPG,batch_5_000057.JPG,3177,0,bag_wrapper,"1008.00,1968.00,513.00,300.00","0.516544,0.648897,0.209559,0.091912",2448,3264,0.01926092,small,False
train,1072,batch_5/000058.JPG,batch_5_000058.JPG,3178,0,bag_wrapper,"1092.00,1262.00,161.00,241.00","0.478962,0.423560,0.065768,0.073836",2448,3264,0.00485603,tiny,False
train,1072,batch_5/000058.JPG,batch_5_000058.JPG,3221,5,cigarette,"1268.00,2366.00,24.00,50.00","0.522876,0.732537,0.009804,0.015319",2448,3264,0.00015018,tiny,False
train,1072,batch_5/000058.JPG,batch_5_000058.JPG,3222,5,cigarette,"1318.00,1888.00,26.00,34.00","0.543709,0.583640,0.010621,0.010417",2448,3264,0.00011063,tiny,False
train,1072,batch_5/000058.JPG,batch_5_000058.JPG,3223,5,cigarette,"1308.00,1762.00,22.00,42.00","0.538807,0.546262,0.008987,0.012868",2448,3264,0.00011564,tiny,False
train,1072,batch_5/000058.JPG,batch_5_000058.JPG,3224,5,cigarette,"680.00,148.00,16.00,16.00","0.281046,0.047794,0.006536,0.004902",2448,3264,3.204e-05,tiny,False
train,1072,batch_5/000058.JPG,batch_5_000058.JPG,3225,5,cigarette,"1552.00,210.00,10.00,14.00","0.636029,0.066483,0.004085,0.004289",2448,3264,1.752e-05,tiny,False
train,1072,batch_5/000058.JPG,batch_5_000058.JPG,3226,5,cigarette,"1528.00,252.00,22.00,14.00","0.628676,0.079350,0.008987,0.004289",2448,3264,3.855e-05,tiny,False
train,1072,batch_5/000058.JPG,batch_5_000058.JPG,3227,5,cigarette,"1920.00,632.00,28.00,8.00","0.790033,0.194853,0.011438,0.002451",2448,3264,2.803e-05,tiny,False
train,1072,batch_5/000058.JPG,batch_5_000058.JPG,3228,5,cigarette,"1988.00,1040.00,16.00,26.00","0.815359,0.322610,0.006536,0.007966",2448,3264,5.206e-05,tiny,False
val,1073,batch_5/000059.JPG,batch_5_000059.JPG,3179,0,bag_wrapper,"1077.00,1612.00,367.00,285.00","0.514910,0.537531,0.149918,0.087316",2448,3264,0.01309029,small,False
train,1074,batch_5/000060.JPG,batch_5_000060.JPG,3180,6,cup,"1302.00,843.00,147.00,241.00","0.561887,0.295190,0.060049,0.073836",2448,3264,0.00443377,tiny,False
train,1074,batch_5/000060.JPG,batch_5_000060.JPG,3181,6,cup,"1360.00,1304.00,272.00,177.00","0.611111,0.426624,0.111111,0.054228",2448,3264,0.00602533,tiny,False
train,1075,batch_5/000061.JPG,batch_5_000061.JPG,3182,0,bag_wrapper,"793.00,1787.00,531.00,567.00","0.432394,0.634344,0.216912,0.173713",2448,3264,0.03768044,small,False
train,1076,batch_6/000052.JPG,batch_6_000052.JPG,3229,6,cup,"956.00,1473.00,154.00,202.00","0.421977,0.482230,0.062908,0.061887",2448,3264,0.00389323,tiny,False
train,1077,batch_6/000104.JPG,batch_6_000104.JPG,3230,1,bottle,"501.00,908.00,630.00,581.00","0.333333,0.367188,0.257353,0.178002",2448,3264,0.04580945,small,False
train,1078,batch_6/000103.JPG,batch_6_000103.JPG,3232,1,bottle,"1488.00,1463.00,108.00,116.00","0.472426,0.621324,0.033088,0.047386",3264,2448,0.00156791,tiny,False
train,1078,batch_6/000103.JPG,batch_6_000103.JPG,3233,2,bottle_cap,"1488.00,1559.00,20.00,19.00","0.458946,0.640727,0.006127,0.007761",3264,2448,4.756e-05,tiny,False
train,1078,batch_6/000103.JPG,batch_6_000103.JPG,3236,4,carton,"338.00,1929.00,127.00,65.00","0.123009,0.801266,0.038909,0.026552",3264,2448,0.00103313,tiny,False
train,1079,batch_6/000102.JPG,batch_6_000102.JPG,3237,3,can,"1467.00,1439.00,75.00,121.00","0.614583,0.459406,0.030637,0.037071",2448,3264,0.00113576,tiny,False
train,1079,batch_6/000102.JPG,batch_6_000102.JPG,3238,1,bottle,"1395.00,1845.00,201.00,107.00","0.610907,0.581648,0.082108,0.032782",2448,3264,0.00269165,tiny,False
train,1079,batch_6/000102.JPG,batch_6_000102.JPG,3239,0,bag_wrapper,"1089.00,1423.00,220.00,199.00","0.489788,0.466452,0.089869,0.060968",2448,3264,0.00547916,tiny,False
train,1079,batch_6/000102.JPG,batch_6_000102.JPG,3241,0,bag_wrapper,"481.00,2865.00,131.00,68.00","0.223243,0.888174,0.053513,0.020833",2448,3264,0.00111486,tiny,False
val,1080,batch_6/000101.JPG,batch_6_000101.JPG,3242,1,bottle,"1074.00,1344.00,154.00,124.00","0.438643,0.714431,0.058689,0.063008",2624,1968,0.00369789,tiny,False
val,1080,batch_6/000101.JPG,batch_6_000101.JPG,3243,0,bag_wrapper,"1501.00,1125.00,203.00,63.00","0.610709,0.587652,0.077363,0.032012",2624,1968,0.00247655,tiny,False
train,1081,batch_6/000100.JPG,batch_6_000100.JPG,3244,1,bottle,"994.00,579.00,608.00,315.00","0.397672,0.300858,0.186275,0.128676",3264,2448,0.02396915,small,False
train,1081,batch_6/000100.JPG,batch_6_000100.JPG,3245,1,bottle,"2478.00,1995.00,267.00,345.00","0.800092,0.885417,0.081801,0.140931",3264,2448,0.01152839,small,False
train,1082,batch_6/000099.JPG,batch_6_000099.JPG,3246,1,bottle,"1137.00,1665.00,393.00,247.00","0.508194,0.908791,0.149771,0.125508",2624,1968,0.01879752,small,False
train,1082,batch_6/000099.JPG,batch_6_000099.JPG,3247,1,bottle,"1239.00,1495.00,161.00,155.00","0.502858,0.799035,0.061357,0.078760",2624,1968,0.00483246,tiny,False
train,1082,batch_6/000099.JPG,batch_6_000099.JPG,3248,1,bottle,"1451.00,1565.00,131.00,135.00","0.577934,0.829522,0.049924,0.068598",2624,1968,0.00342465,tiny,False
train,1082,batch_6/000099.JPG,batch_6_000099.JPG,3249,3,can,"1403.00,1435.00,130.00,138.00","0.559451,0.764228,0.049543,0.070122",2624,1968,0.00347403,tiny,False
test,1084,batch_6/000097.JPG,batch_6_000097.JPG,3252,1,bottle,"1450.00,1257.00,468.00,212.00","0.457609,0.493841,0.127174,0.076812",3680,2760,0.00976843,tiny,False
test,1084,batch_6/000097.JPG,batch_6_000097.JPG,3253,1,bottle,"1570.00,1455.00,512.00,227.00","0.496196,0.568297,0.139130,0.082246",3680,2760,0.01144297,small,False
test,1084,batch_6/000097.JPG,batch_6_000097.JPG,3254,2,bottle_cap,"1452.00,1283.00,41.00,87.00","0.400136,0.480616,0.011141,0.031522",3680,2760,0.00035119,tiny,False
test,1084,batch_6/000097.JPG,batch_6_000097.JPG,3255,2,bottle_cap,"1569.00,1456.00,39.00,63.00","0.431658,0.538949,0.010598,0.022826",3680,2760,0.00024191,tiny,False
test,1084,batch_6/000097.JPG,batch_6_000097.JPG,3256,0,bag_wrapper,"1918.00,1134.00,201.00,245.00","0.548505,0.455254,0.054620,0.088768",3680,2760,0.00484848,tiny,False
test,1084,batch_6/000097.JPG,batch_6_000097.JPG,3257,0,bag_wrapper,"2066.00,1515.00,89.00,121.00","0.573505,0.570833,0.024185,0.043841",3680,2760,0.00106027,tiny,False
val,1085,batch_6/000096.JPG,batch_6_000096.JPG,3259,4,carton,"312.00,1719.00,300.00,247.00","0.188725,0.564491,0.122549,0.075674",2448,3264,0.00927378,tiny,False
test,1086,batch_6/000095.JPG,batch_6_000095.JPG,3260,0,bag_wrapper,"985.00,1188.00,494.00,387.00","0.469512,0.701982,0.188262,0.196646",2624,1968,0.03702107,small,False
train,1087,batch_6/000094.JPG,batch_6_000094.JPG,3261,0,bag_wrapper,"1064.00,1865.00,444.00,381.00","0.525327,0.629749,0.181373,0.116728",2448,3264,0.02117124,small,False
train,1088,batch_6/000093.JPG,batch_6_000093.JPG,3262,1,bottle,"1619.00,1508.00,320.00,528.00","0.545037,0.723856,0.098039,0.215686",3264,2448,0.02114571,small,False
train,1088,batch_6/000093.JPG,batch_6_000093.JPG,3263,2,bottle_cap,"1636.00,1900.00,122.00,134.00","0.519914,0.803513,0.037377,0.054739",3264,2448,0.00204599,tiny,False
train,1089,batch_6/000092.JPG,batch_6_000092.JPG,3265,7,straw,"1524.00,1406.00,268.00,95.00","0.677288,0.445312,0.109477,0.029105",2448,3264,0.00318637,tiny,False
train,1091,batch_6/000090.JPG,batch_6_000090.JPG,3268,1,bottle,"710.00,1624.00,208.00,190.00","0.249387,0.702206,0.063725,0.077614",3264,2448,0.00494601,tiny,False
val,1094,batch_6/000087.JPG,batch_6_000087.JPG,3271,1,bottle,"1362.00,741.00,205.00,101.00","0.558117,0.402185,0.078125,0.051321",2624,1968,0.00400946,tiny,False
val,1094,batch_6/000087.JPG,batch_6_000087.JPG,3272,1,bottle,"764.00,249.00,71.00,72.00","0.304688,0.144817,0.027058,0.036585",2624,1968,0.00098992,tiny,False
val,1094,batch_6/000087.JPG,batch_6_000087.JPG,3273,0,bag_wrapper,"1738.00,331.00,167.00,118.00","0.694169,0.198171,0.063643,0.059959",2624,1968,0.00381601,tiny,False
test,1096,batch_6/000085.JPG,batch_6_000085.JPG,3275,1,bottle,"639.00,1417.00,547.00,530.00","0.372753,0.515319,0.223448,0.162377",2448,3264,0.03628287,small,False
train,1097,batch_6/000083.JPG,batch_6_000083.JPG,3276,1,bottle,"738.00,2047.00,198.00,179.00","0.291943,0.775218,0.069062,0.064949",2867,2756,0.0044855,tiny,False
train,1098,batch_6/000082.JPG,batch_6_000082.JPG,3278,3,can,"2302.00,1090.00,82.00,90.00","0.636685,0.411232,0.022283,0.032609",3680,2760,0.00072661,tiny,False
train,1098,batch_6/000082.JPG,batch_6_000082.JPG,3279,0,bag_wrapper,"2721.00,934.00,191.00,98.00","0.765353,0.356159,0.051902,0.035507",3680,2760,0.0018429,tiny,False
train,1099,batch_6/000080.JPG,batch_6_000080.JPG,3280,1,bottle,"737.00,1948.00,477.00,162.00","0.298866,0.828840,0.146140,0.066176",3264,2448,0.00967101,tiny,False
train,1099,batch_6/000080.JPG,batch_6_000080.JPG,3281,2,bottle_cap,"1193.00,2024.00,22.00,53.00","0.368873,0.837623,0.006740,0.021650",3264,2448,0.00014593,tiny,False
train,1101,batch_6/000078.JPG,batch_6_000078.JPG,3283,3,can,"652.00,710.00,309.00,212.00","0.307355,0.414634,0.117759,0.107724",2624,1968,0.01268544,small,False
train,1101,batch_6/000078.JPG,batch_6_000078.JPG,3284,1,bottle,"473.00,768.00,234.00,231.00","0.224848,0.448933,0.089177,0.117378",2624,1968,0.0104674,small,False
train,1101,batch_6/000078.JPG,batch_6_000078.JPG,3285,1,bottle,"334.00,735.00,192.00,118.00","0.163872,0.403455,0.073171,0.059959",2624,1968,0.00438727,tiny,False
train,1101,batch_6/000078.JPG,batch_6_000078.JPG,3286,1,bottle,"1775.00,939.00,218.00,80.00","0.717988,0.497459,0.083079,0.040650",2624,1968,0.00337721,tiny,False
train,1101,batch_6/000078.JPG,batch_6_000078.JPG,3287,1,bottle,"2506.00,875.00,118.00,288.00","0.977515,0.517785,0.044970,0.146341",2624,1968,0.0065809,tiny,False
test,1102,batch_6/000077.JPG,batch_6_000077.JPG,3288,1,bottle,"1728.00,1668.00,174.00,142.00","0.493207,0.630072,0.047283,0.051449",3680,2760,0.00243266,tiny,False
train,1103,batch_6/000076.JPG,batch_6_000076.JPG,3290,1,bottle,"1150.00,1286.00,262.00,557.00","0.563077,0.483617,0.115165,0.172179",2275,3235,0.019829,small,False
train,1103,batch_6/000076.JPG,batch_6_000076.JPG,3291,1,bottle,"886.00,890.00,224.00,651.00","0.438681,0.375734,0.098462,0.201236",2275,3235,0.01981405,small,False
train,1103,batch_6/000076.JPG,batch_6_000076.JPG,3292,6,cup,"385.00,974.00,312.00,377.00","0.237802,0.359351,0.137143,0.116538",2275,3235,0.01598234,small,False
train,1104,batch_6/000075.JPG,batch_6_000075.JPG,3293,4,carton,"496.00,1600.00,717.00,1037.00","0.349060,0.649050,0.292892,0.317708",2448,3264,0.09305428,medium,False
train,1105,batch_6/000074.JPG,batch_6_000074.JPG,3294,1,bottle,"1548.00,1298.00,711.00,375.00","0.583180,0.606822,0.217831,0.153186",3264,2448,0.0333687,small,False
train,1105,batch_6/000074.JPG,batch_6_000074.JPG,3295,4,carton,"456.00,678.00,905.00,539.00","0.278339,0.387051,0.277267,0.220180",3264,2448,0.06104861,medium,False
test,1106,batch_6/000073.JPG,batch_6_000073.JPG,3296,1,bottle,"2058.00,878.00,261.00,782.00","0.670496,0.518382,0.079963,0.319444",3264,2448,0.02554381,small,False
test,1106,batch_6/000073.JPG,batch_6_000073.JPG,3297,2,bottle_cap,"2131.00,1616.00,84.00,41.00","0.665748,0.668505,0.025735,0.016748",3264,2448,0.00043102,tiny,False
train,1107,batch_6/000072.JPG,batch_6_000072.JPG,3299,1,bottle,"1023.00,1632.00,45.00,96.00","0.427083,0.514706,0.018382,0.029412",2448,3264,0.00054066,tiny,False
train,1107,batch_6/000072.JPG,batch_6_000072.JPG,3300,1,bottle,"1116.00,1743.00,66.00,88.00","0.469363,0.547488,0.026961,0.026961",2448,3264,0.00072688,tiny,False
train,1107,batch_6/000072.JPG,batch_6_000072.JPG,3301,1,bottle,"1140.00,1722.00,72.00,97.00","0.480392,0.542433,0.029412,0.029718",2448,3264,0.00087406,tiny,False
train,1107,batch_6/000072.JPG,batch_6_000072.JPG,3302,1,bottle,"1658.00,0.00,62.00,55.00","0.689951,0.008425,0.025327,0.016850",2448,3264,0.00042677,tiny,False
train,1107,batch_6/000072.JPG,batch_6_000072.JPG,3303,1,bottle,"1337.00,906.00,94.00,39.00","0.565359,0.283548,0.038399,0.011949",2448,3264,0.00045881,tiny,False
train,1107,batch_6/000072.JPG,batch_6_000072.JPG,3304,1,bottle,"1411.00,985.00,33.00,88.00","0.583129,0.315257,0.013480,0.026961",2448,3264,0.00036344,tiny,False
train,1107,batch_6/000072.JPG,batch_6_000072.JPG,3305,1,bottle,"1259.00,900.00,39.00,77.00","0.522263,0.287531,0.015931,0.023591",2448,3264,0.00037583,tiny,False
train,1107,batch_6/000072.JPG,batch_6_000072.JPG,3306,1,bottle,"870.00,2452.00,93.00,110.00","0.374387,0.768076,0.037990,0.033701",2448,3264,0.00128031,tiny,False
train,1107,batch_6/000072.JPG,batch_6_000072.JPG,3362,6,cup,"1565.00,321.00,45.00,39.00","0.648489,0.104320,0.018382,0.011949",2448,3264,0.00021964,tiny,False
train,1107,batch_6/000072.JPG,batch_6_000072.JPG,3363,0,bag_wrapper,"1498.00,565.00,86.00,56.00","0.629493,0.181679,0.035131,0.017157",2448,3264,0.00060273,tiny,False
train,1107,batch_6/000072.JPG,batch_6_000072.JPG,3364,0,bag_wrapper,"1714.00,0.00,115.00,46.00","0.723652,0.007047,0.046977,0.014093",2448,3264,0.00066206,tiny,False
train,1107,batch_6/000072.JPG,batch_6_000072.JPG,3365,0,bag_wrapper,"1241.00,1119.00,61.00,65.00","0.519404,0.352788,0.024918,0.019914",2448,3264,0.00049623,tiny,False
train,1107,batch_6/000072.JPG,batch_6_000072.JPG,3366,0,bag_wrapper,"1300.00,1556.00,59.00,61.00","0.543096,0.486060,0.024101,0.018689",2448,3264,0.00045042,tiny,False
train,1107,batch_6/000072.JPG,batch_6_000072.JPG,3367,0,bag_wrapper,"1128.00,1621.00,73.00,72.00","0.475694,0.507659,0.029820,0.022059",2448,3264,0.0006578,tiny,False
train,1107,batch_6/000072.JPG,batch_6_000072.JPG,3368,0,bag_wrapper,"1182.00,1655.00,90.00,82.00","0.501225,0.519608,0.036765,0.025123",2448,3264,0.00092362,tiny,False
train,1107,batch_6/000072.JPG,batch_6_000072.JPG,3369,0,bag_wrapper,"1131.00,1541.00,81.00,78.00","0.478554,0.484069,0.033088,0.023897",2448,3264,0.00079071,tiny,False
train,1107,batch_6/000072.JPG,batch_6_000072.JPG,3370,0,bag_wrapper,"919.00,2093.00,103.00,91.00","0.396446,0.655178,0.042075,0.027880",2448,3264,0.00117305,tiny,False
train,1107,batch_6/000072.JPG,batch_6_000072.JPG,3371,0,bag_wrapper,"1259.00,1504.00,68.00,68.00","0.528186,0.471201,0.027778,0.020833",2448,3264,0.0005787,tiny,False
train,1107,batch_6/000072.JPG,batch_6_000072.JPG,3372,3,can,"1892.00,1040.00,70.00,31.00","0.787173,0.323376,0.028595,0.009498",2448,3264,0.00027158,tiny,False
train,1107,batch_6/000072.JPG,batch_6_000072.JPG,3373,3,can,"1955.00,649.00,31.00,49.00","0.804943,0.206342,0.012663,0.015012",2448,3264,0.00019011,tiny,False
train,1107,batch_6/000072.JPG,batch_6_000072.JPG,3374,3,can,"2131.00,180.00,48.00,33.00","0.880310,0.060202,0.019608,0.010110",2448,3264,0.00019824,tiny,False
train,1107,batch_6/000072.JPG,batch_6_000072.JPG,3375,3,can,"2191.00,1565.00,48.00,73.00","0.904820,0.490656,0.019608,0.022365",2448,3264,0.00043853,tiny,False
train,1107,batch_6/000072.JPG,batch_6_000072.JPG,3378,7,straw,"1169.00,1208.00,15.00,79.00","0.480596,0.382200,0.006127,0.024203",2448,3264,0.00014831,tiny,False
train,1107,batch_6/000072.JPG,batch_6_000072.JPG,3379,7,straw,"1142.00,1276.00,20.00,75.00","0.470588,0.402420,0.008170,0.022978",2448,3264,0.00018773,tiny,False
train,1107,batch_6/000072.JPG,batch_6_000072.JPG,3380,7,straw,"877.00,2756.00,27.00,126.00","0.363766,0.863664,0.011029,0.038603",2448,3264,0.00042577,tiny,False
train,1107,batch_6/000072.JPG,batch_6_000072.JPG,3381,7,straw,"1393.00,660.00,30.00,57.00","0.575163,0.210938,0.012255,0.017463",2448,3264,0.00021401,tiny,False
train,1107,batch_6/000072.JPG,batch_6_000072.JPG,3382,2,bottle_cap,"868.00,2799.00,21.00,22.00","0.358864,0.860907,0.008578,0.006740",2448,3264,5.782e-05,tiny,False
train,1107,batch_6/000072.JPG,batch_6_000072.JPG,3383,2,bottle_cap,"869.00,2506.00,16.00,16.00","0.358252,0.770221,0.006536,0.004902",2448,3264,3.204e-05,tiny,False
train,1107,batch_6/000072.JPG,batch_6_000072.JPG,3384,2,bottle_cap,"844.00,2574.00,19.00,21.00","0.348652,0.791820,0.007761,0.006434",2448,3264,4.994e-05,tiny,False
train,1107,batch_6/000072.JPG,batch_6_000072.JPG,3385,2,bottle_cap,"857.00,2613.00,16.00,21.00","0.353350,0.803768,0.006536,0.006434",2448,3264,4.205e-05,tiny,False
train,1107,batch_6/000072.JPG,batch_6_000072.JPG,3386,2,bottle_cap,"711.00,3233.00,17.00,21.00","0.293913,0.993719,0.006944,0.006434",2448,3264,4.468e-05,tiny,False
train,1107,batch_6/000072.JPG,batch_6_000072.JPG,3387,2,bottle_cap,"811.00,2844.00,18.00,19.00","0.334967,0.874234,0.007353,0.005821",2448,3264,4.28e-05,tiny,False
train,1107,batch_6/000072.JPG,batch_6_000072.JPG,3388,2,bottle_cap,"826.00,2647.00,13.00,19.00","0.340074,0.813879,0.005310,0.005821",2448,3264,3.091e-05,tiny,False
train,1108,batch_6/000071.JPG,batch_6_000071.JPG,3389,2,bottle_cap,"1101.00,2122.00,77.00,86.00","0.465482,0.663297,0.031454,0.026348",2448,3264,0.00082876,tiny,False
train,1110,batch_6/000069.JPG,batch_6_000069.JPG,3391,1,bottle,"999.00,586.00,608.00,314.00","0.399203,0.303513,0.186275,0.128268",3264,2448,0.02389305,small,False
train,1110,batch_6/000069.JPG,batch_6_000069.JPG,3392,1,bottle,"2476.00,2007.00,272.00,328.00","0.800245,0.886846,0.083333,0.133987",3264,2448,0.01116558,small,False
train,1111,batch_6/000068.JPG,batch_6_000068.JPG,3395,0,bag_wrapper,"611.00,1119.00,190.00,242.00","0.216299,0.506536,0.058211,0.098856",3264,2448,0.0057545,tiny,False
train,1111,batch_6/000068.JPG,batch_6_000068.JPG,3396,0,bag_wrapper,"546.00,8.00,149.00,159.00","0.190104,0.035743,0.045650,0.064951",3264,2448,0.00296498,tiny,False
train,1111,batch_6/000068.JPG,batch_6_000068.JPG,3397,0,bag_wrapper,"753.00,1627.00,111.00,123.00","0.247702,0.689747,0.034007,0.050245",3264,2448,0.0017087,tiny,False
train,1111,batch_6/000068.JPG,batch_6_000068.JPG,3398,0,bag_wrapper,"1030.00,1870.00,89.00,77.00","0.329197,0.779616,0.027267,0.031454",3264,2448,0.00085767,tiny,False
train,1111,batch_6/000068.JPG,batch_6_000068.JPG,3399,0,bag_wrapper,"477.00,1156.00,77.00,90.00","0.157935,0.490605,0.023591,0.036765",3264,2448,0.0008673,tiny,False
train,1111,batch_6/000068.JPG,batch_6_000068.JPG,3581,5,cigarette,"1362.00,1550.00,38.00,66.00","0.423100,0.646650,0.011642,0.026961",3264,2448,0.00031388,tiny,False
train,1112,batch_6/000066.JPG,batch_6_000066.JPG,3401,1,bottle,"554.00,189.00,169.00,103.00","0.195619,0.098243,0.051777,0.042075",3264,2448,0.00217852,tiny,False
train,1112,batch_6/000066.JPG,batch_6_000066.JPG,3402,1,bottle,"1532.00,495.00,81.00,69.00","0.481771,0.216299,0.024816,0.028186",3264,2448,0.00069948,tiny,False
train,1112,batch_6/000066.JPG,batch_6_000066.JPG,3582,5,cigarette,"518.00,840.00,14.00,16.00","0.160846,0.346405,0.004289,0.006536",3264,2448,2.803e-05,tiny,False
train,1112,batch_6/000066.JPG,batch_6_000066.JPG,3583,5,cigarette,"744.00,752.00,24.00,14.00","0.231618,0.310049,0.007353,0.005719",3264,2448,4.205e-05,tiny,False
train,1112,batch_6/000066.JPG,batch_6_000066.JPG,3584,5,cigarette,"686.00,730.00,26.00,8.00","0.214154,0.299837,0.007966,0.003268",3264,2448,2.603e-05,tiny,False
train,1112,batch_6/000066.JPG,batch_6_000066.JPG,3585,5,cigarette,"776.00,722.00,16.00,14.00","0.240196,0.297794,0.004902,0.005719",3264,2448,2.803e-05,tiny,False
train,1112,batch_6/000066.JPG,batch_6_000066.JPG,3586,5,cigarette,"676.00,656.00,26.00,10.00","0.211091,0.270016,0.007966,0.004085",3264,2448,3.254e-05,tiny,False
train,1112,batch_6/000066.JPG,batch_6_000066.JPG,3587,5,cigarette,"680.00,596.00,30.00,6.00","0.212929,0.244690,0.009191,0.002451",3264,2448,2.253e-05,tiny,False
train,1112,batch_6/000066.JPG,batch_6_000066.JPG,3588,5,cigarette,"850.00,610.00,26.00,8.00","0.264400,0.250817,0.007966,0.003268",3264,2448,2.603e-05,tiny,False
train,1112,batch_6/000066.JPG,batch_6_000066.JPG,3589,5,cigarette,"620.00,506.00,22.00,8.00","0.193321,0.208333,0.006740,0.003268",3264,2448,2.203e-05,tiny,False
train,1112,batch_6/000066.JPG,batch_6_000066.JPG,3590,5,cigarette,"1074.00,658.00,12.00,16.00","0.330882,0.272059,0.003676,0.006536",3264,2448,2.403e-05,tiny,False
train,1112,batch_6/000066.JPG,batch_6_000066.JPG,3591,5,cigarette,"1092.00,688.00,38.00,10.00","0.340380,0.283088,0.011642,0.004085",3264,2448,4.756e-05,tiny,False
train,1112,batch_6/000066.JPG,batch_6_000066.JPG,3592,5,cigarette,"1336.00,648.00,26.00,8.00","0.413297,0.266340,0.007966,0.003268",3264,2448,2.603e-05,tiny,False
train,1112,batch_6/000066.JPG,batch_6_000066.JPG,3593,5,cigarette,"1538.00,542.00,10.00,14.00","0.472733,0.224265,0.003064,0.005719",3264,2448,1.752e-05,tiny,False
train,1112,batch_6/000066.JPG,batch_6_000066.JPG,3594,5,cigarette,"1246.00,482.00,16.00,10.00","0.384191,0.198938,0.004902,0.004085",3264,2448,2.002e-05,tiny,False
train,1112,batch_6/000066.JPG,batch_6_000066.JPG,3595,5,cigarette,"1716.00,680.00,24.00,8.00","0.529412,0.279412,0.007353,0.003268",3264,2448,2.403e-05,tiny,False
train,1112,batch_6/000066.JPG,batch_6_000066.JPG,3596,5,cigarette,"1736.00,612.00,22.00,14.00","0.535233,0.252859,0.006740,0.005719",3264,2448,3.855e-05,tiny,False
train,1112,batch_6/000066.JPG,batch_6_000066.JPG,3597,5,cigarette,"1250.00,800.00,16.00,12.00","0.385417,0.329248,0.004902,0.004902",3264,2448,2.403e-05,tiny,False
train,1112,batch_6/000066.JPG,batch_6_000066.JPG,3598,5,cigarette,"1264.00,794.00,18.00,16.00","0.390012,0.327614,0.005515,0.006536",3264,2448,3.604e-05,tiny,False
train,1112,batch_6/000066.JPG,batch_6_000066.JPG,3599,5,cigarette,"1634.00,874.00,20.00,4.00","0.503676,0.357843,0.006127,0.001634",3264,2448,1.001e-05,tiny,False
train,1112,batch_6/000066.JPG,batch_6_000066.JPG,3600,5,cigarette,"1844.00,1118.00,20.00,14.00","0.568015,0.459559,0.006127,0.005719",3264,2448,3.504e-05,tiny,False
train,1112,batch_6/000066.JPG,batch_6_000066.JPG,3601,5,cigarette,"2754.00,1200.00,32.00,20.00","0.848652,0.494281,0.009804,0.008170",3264,2448,8.01e-05,tiny,False
train,1112,batch_6/000066.JPG,batch_6_000066.JPG,3602,5,cigarette,"2836.00,1814.00,28.00,32.00","0.873162,0.747549,0.008578,0.013072",3264,2448,0.00011214,tiny,False
train,1112,batch_6/000066.JPG,batch_6_000066.JPG,3603,5,cigarette,"2908.00,1872.00,42.00,26.00","0.897365,0.770016,0.012868,0.010621",3264,2448,0.00013667,tiny,False
train,1112,batch_6/000066.JPG,batch_6_000066.JPG,3604,5,cigarette,"2586.00,1808.00,30.00,22.00","0.796875,0.743056,0.009191,0.008987",3264,2448,8.26e-05,tiny,False
train,1112,batch_6/000066.JPG,batch_6_000066.JPG,3605,5,cigarette,"1146.00,1054.00,32.00,16.00","0.356005,0.433824,0.009804,0.006536",3264,2448,6.408e-05,tiny,False
train,1112,batch_6/000066.JPG,batch_6_000066.JPG,3606,5,cigarette,"528.00,970.00,34.00,24.00","0.166973,0.401144,0.010417,0.009804",3264,2448,0.00010212,tiny,False
train,1112,batch_6/000066.JPG,batch_6_000066.JPG,3607,5,cigarette,"1844.00,2056.00,34.00,40.00","0.570159,0.848039,0.010417,0.016340",3264,2448,0.00017021,tiny,False
train,1112,batch_6/000066.JPG,batch_6_000066.JPG,3608,5,cigarette,"834.00,248.00,24.00,8.00","0.259191,0.102941,0.007353,0.003268",3264,2448,2.403e-05,tiny,False
train,1112,batch_6/000066.JPG,batch_6_000066.JPG,3609,5,cigarette,"146.00,256.00,20.00,6.00","0.047794,0.105801,0.006127,0.002451",3264,2448,1.502e-05,tiny,False
val,1113,batch_6/000065.JPG,batch_6_000065.JPG,3403,1,bottle,"1074.00,1401.00,203.00,301.00","0.480188,0.475337,0.082925,0.092218",2448,3264,0.00764717,tiny,False
val,1113,batch_6/000065.JPG,batch_6_000065.JPG,3404,1,bottle,"940.00,1488.00,149.00,306.00","0.414420,0.502757,0.060866,0.093750",2448,3264,0.00570619,tiny,False
val,1113,batch_6/000065.JPG,batch_6_000065.JPG,3405,2,bottle_cap,"1075.00,1618.00,96.00,84.00","0.458742,0.508578,0.039216,0.025735",2448,3264,0.00100923,tiny,False
val,1113,batch_6/000065.JPG,batch_6_000065.JPG,3406,0,bag_wrapper,"437.00,1287.00,576.00,701.00","0.296160,0.501685,0.235294,0.214767",2448,3264,0.05053345,medium,False
train,1114,batch_6/000064.JPG,batch_6_000064.JPG,3408,2,bottle_cap,"1171.00,1286.00,26.00,20.00","0.451220,0.658537,0.009909,0.010163",2624,1968,0.0001007,tiny,False
train,1116,batch_6/000062.JPG,batch_6_000062.JPG,3413,0,bag_wrapper,"1131.00,1561.00,402.00,341.00","0.408088,0.707312,0.123162,0.139297",3264,2448,0.01715611,small,False
train,1117,batch_6/000061.JPG,batch_6_000061.JPG,3414,4,carton,"814.00,728.00,1418.00,722.00","0.622141,0.333640,0.579248,0.221201",2448,3264,0.12813031,medium,False
train,1118,batch_6/000060.JPG,batch_6_000060.JPG,3416,1,bottle,"867.00,1265.00,300.00,606.00","0.415441,0.480392,0.122549,0.185662",2448,3264,0.02275267,small,False
val,1119,batch_6/000059.JPG,batch_6_000059.JPG,3417,4,carton,"1979.00,837.00,332.00,308.00","0.657169,0.404820,0.101716,0.125817",3264,2448,0.01279756,small,False
val,1119,batch_6/000059.JPG,batch_6_000059.JPG,3418,4,carton,"1168.00,755.00,585.00,1104.00","0.447457,0.533905,0.179228,0.450980",3264,2448,0.08082829,medium,False
val,1119,batch_6/000059.JPG,batch_6_000059.JPG,3419,4,carton,"564.00,618.00,690.00,589.00","0.278493,0.372753,0.211397,0.240605",3264,2448,0.0508631,medium,False
train,1120,batch_6/000058.JPG,batch_6_000058.JPG,3420,1,bottle,"427.00,296.00,872.00,335.00","0.352533,0.142004,0.356209,0.102635",2448,3264,0.03655946,small,False
train,1120,batch_6/000058.JPG,batch_6_000058.JPG,3421,1,bottle,"865.00,649.00,696.00,711.00","0.495507,0.307751,0.284314,0.217831",2448,3264,0.06193231,medium,False
test,1121,batch_6/000056.JPG,batch_6_000056.JPG,3424,4,carton,"2133.00,251.00,826.00,736.00","0.780025,0.252859,0.253064,0.300654",3264,2448,0.07608452,medium,False
test,1121,batch_6/000056.JPG,batch_6_000056.JPG,3425,4,carton,"1151.00,1206.00,690.00,759.00","0.458333,0.647672,0.211397,0.310049",3264,2448,0.06554345,medium,False
test,1121,batch_6/000056.JPG,batch_6_000056.JPG,3426,1,bottle,"2054.00,775.00,526.00,769.00","0.709865,0.473652,0.161152,0.314134",3264,2448,0.05062331,medium,False
test,1121,batch_6/000056.JPG,batch_6_000056.JPG,3427,1,bottle,"1254.00,412.00,339.00,391.00","0.436121,0.248162,0.103860,0.159722",3264,2448,0.0165888,small,False
val,1122,batch_6/000055.JPG,batch_6_000055.JPG,3430,1,bottle,"970.00,1538.00,342.00,154.00","0.349571,0.659722,0.104779,0.062908",3264,2448,0.00659152,tiny,False
val,1122,batch_6/000055.JPG,batch_6_000055.JPG,3431,1,bottle,"2028.00,1200.00,375.00,342.00","0.678768,0.560049,0.114890,0.139706",3264,2448,0.01605077,small,False
val,1122,batch_6/000055.JPG,batch_6_000055.JPG,3432,0,bag_wrapper,"3057.00,806.00,178.00,143.00","0.963848,0.358456,0.054534,0.058415",3264,2448,0.00318562,tiny,False
val,1122,batch_6/000055.JPG,batch_6_000055.JPG,3433,0,bag_wrapper,"3031.00,1012.00,134.00,50.00","0.949142,0.423611,0.041054,0.020425",3264,2448,0.00083852,tiny,False
train,1123,batch_6/000057.JPG,batch_6_000057.JPG,3435,3,can,"768.00,1277.00,307.00,514.00","0.282322,0.626634,0.094056,0.209967",3264,2448,0.01974876,small,False
train,1123,batch_6/000057.JPG,batch_6_000057.JPG,3436,3,can,"725.00,847.00,308.00,524.00","0.269301,0.453023,0.094363,0.214052",3264,2448,0.02019856,small,False
train,1123,batch_6/000057.JPG,batch_6_000057.JPG,3437,3,can,"671.00,703.00,271.00,668.00","0.247089,0.423611,0.083027,0.272876",3264,2448,0.02265605,small,False
train,1123,batch_6/000057.JPG,batch_6_000057.JPG,3438,3,can,"1041.00,639.00,251.00,371.00","0.357384,0.336806,0.076900,0.151552",3264,2448,0.0116543,small,False
train,1123,batch_6/000057.JPG,batch_6_000057.JPG,3439,3,can,"1594.00,677.00,208.00,362.00","0.520221,0.350490,0.063725,0.147876",3264,2448,0.00942346,tiny,False
train,1123,batch_6/000057.JPG,batch_6_000057.JPG,3440,3,can,"1880.00,634.00,216.00,345.00","0.609069,0.329453,0.066176,0.140931",3264,2448,0.00932634,tiny,False
train,1123,batch_6/000057.JPG,batch_6_000057.JPG,3441,3,can,"2032.00,559.00,174.00,325.00","0.649203,0.294730,0.053309,0.132761",3264,2448,0.00707736,tiny,False
train,1123,batch_6/000057.JPG,batch_6_000057.JPG,3442,3,can,"2229.00,718.00,246.00,354.00","0.720588,0.365605,0.075368,0.144608",3264,2448,0.01089875,small,False
train,1123,batch_6/000057.JPG,batch_6_000057.JPG,3443,3,can,"2422.00,819.00,129.00,201.00","0.761795,0.375613,0.039522,0.082108",3264,2448,0.00324507,tiny,False
train,1123,batch_6/000057.JPG,batch_6_000057.JPG,3444,3,can,"2198.00,612.00,228.00,320.00","0.708333,0.315359,0.069853,0.130719",3264,2448,0.0091311,tiny,False
train,1123,batch_6/000057.JPG,batch_6_000057.JPG,3445,3,can,"412.00,1065.00,145.00,269.00","0.148438,0.489992,0.044424,0.109886",3264,2448,0.00488156,tiny,False
train,1123,batch_6/000057.JPG,batch_6_000057.JPG,3446,1,bottle,"441.00,1185.00,253.00,866.00","0.173866,0.660948,0.077512,0.353758",3264,2448,0.02742059,small,False
train,1123,batch_6/000057.JPG,batch_6_000057.JPG,3447,0,bag_wrapper,"2150.00,138.00,848.00,744.00","0.788603,0.208333,0.259804,0.303922",3264,2448,0.07896002,medium,False
val,1124,batch_6/000054.JPG,batch_6_000054.JPG,3455,6,cup,"1442.00,1028.00,195.00,229.00","0.471661,0.466708,0.059743,0.093546",3264,2448,0.00558867,tiny,False
train,1126,batch_6/000000.JPG,batch_6_000000.JPG,3458,6,cup,"930.00,1697.00,224.00,177.00","0.425654,0.547028,0.091503,0.054228",2448,3264,0.00496203,tiny,False
train,1127,batch_6/000051.JPG,batch_6_000051.JPG,3459,1,bottle,"1123.00,836.00,149.00,445.00","0.489175,0.324295,0.060866,0.136336",2448,3264,0.00829822,tiny,False
train,1129,batch_6/000049.JPG,batch_6_000049.JPG,3461,0,bag_wrapper,"836.00,1331.00,728.00,781.00","0.490196,0.527420,0.297386,0.239277",2448,3264,0.07115753,medium,False
val,1131,batch_6/000047.JPG,batch_6_000047.JPG,3464,1,bottle,"941.00,799.00,911.00,610.00","0.427849,0.450980,0.279105,0.249183",3264,2448,0.06954832,medium,False
val,1131,batch_6/000047.JPG,batch_6_000047.JPG,3465,2,bottle_cap,"939.00,1302.00,98.00,105.00","0.302696,0.553309,0.030025,0.042892",3264,2448,0.00128782,tiny,False
train,1132,batch_6/000046.JPG,batch_6_000046.JPG,3466,1,bottle,"531.00,552.00,334.00,367.00","0.285131,0.225337,0.136438,0.112439",2448,3264,0.0153409,small,False
train,1132,batch_6/000046.JPG,batch_6_000046.JPG,3610,5,cigarette,"1104.00,3060.00,60.00,58.00","0.463235,0.946385,0.024510,0.017770",2448,3264,0.00043553,tiny,False
train,1132,batch_6/000046.JPG,batch_6_000046.JPG,3611,5,cigarette,"500.00,2026.00,16.00,44.00","0.207516,0.627451,0.006536,0.013480",2448,3264,8.811e-05,tiny,False
train,1132,batch_6/000046.JPG,batch_6_000046.JPG,3612,5,cigarette,"494.00,1992.00,50.00,36.00","0.212010,0.615809,0.020425,0.011029",2448,3264,0.00022527,tiny,False
train,1132,batch_6/000046.JPG,batch_6_000046.JPG,3613,5,cigarette,"514.00,2112.00,16.00,34.00","0.213235,0.652267,0.006536,0.010417",2448,3264,6.808e-05,tiny,False
train,1132,batch_6/000046.JPG,batch_6_000046.JPG,3614,5,cigarette,"494.00,2110.00,20.00,40.00","0.205882,0.652574,0.008170,0.012255",2448,3264,0.00010012,tiny,False
train,1132,batch_6/000046.JPG,batch_6_000046.JPG,3615,5,cigarette,"4.00,2510.00,54.00,42.00","0.012663,0.775429,0.022059,0.012868",2448,3264,0.00028385,tiny,False
train,1132,batch_6/000046.JPG,batch_6_000046.JPG,3616,5,cigarette,"138.00,1468.00,28.00,40.00","0.062092,0.455882,0.011438,0.012255",2448,3264,0.00014017,tiny,False
train,1132,batch_6/000046.JPG,batch_6_000046.JPG,3617,5,cigarette,"144.00,1372.00,16.00,42.00","0.062092,0.426777,0.006536,0.012868",2448,3264,8.41e-05,tiny,False
train,1132,batch_6/000046.JPG,batch_6_000046.JPG,3618,5,cigarette,"114.00,1266.00,30.00,32.00","0.052696,0.392770,0.012255,0.009804",2448,3264,0.00012015,tiny,False
train,1132,batch_6/000046.JPG,batch_6_000046.JPG,3619,5,cigarette,"146.00,1344.00,12.00,30.00","0.062092,0.416360,0.004902,0.009191",2448,3264,4.505e-05,tiny,False
train,1132,batch_6/000046.JPG,batch_6_000046.JPG,3620,5,cigarette,"1066.00,416.00,16.00,30.00","0.438725,0.132047,0.006536,0.009191",2448,3264,6.007e-05,tiny,False
train,1132,batch_6/000046.JPG,batch_6_000046.JPG,3621,5,cigarette,"1114.00,384.00,26.00,24.00","0.460376,0.121324,0.010621,0.007353",2448,3264,7.809e-05,tiny,False
train,1132,batch_6/000046.JPG,batch_6_000046.JPG,3622,5,cigarette,"1172.00,758.00,54.00,22.00","0.489788,0.235600,0.022059,0.006740",2448,3264,0.00014868,tiny,False
train,1132,batch_6/000046.JPG,batch_6_000046.JPG,3623,5,cigarette,"1836.00,1414.00,22.00,38.00","0.754493,0.439032,0.008987,0.011642",2448,3264,0.00010463,tiny,False
train,1132,batch_6/000046.JPG,batch_6_000046.JPG,3624,5,cigarette,"1930.00,2646.00,52.00,54.00","0.799020,0.818934,0.021242,0.016544",2448,3264,0.00035143,tiny,False
train,1132,batch_6/000046.JPG,batch_6_000046.JPG,3625,5,cigarette,"48.00,1732.00,48.00,22.00","0.029412,0.534007,0.019608,0.006740",2448,3264,0.00013216,tiny,False
train,1132,batch_6/000046.JPG,batch_6_000046.JPG,3626,5,cigarette,"670.00,1856.00,10.00,42.00","0.275735,0.575061,0.004085,0.012868",2448,3264,5.256e-05,tiny,False
train,1133,batch_6/000045.JPG,batch_6_000045.JPG,3467,1,bottle,"624.00,1322.00,225.00,598.00","0.225643,0.662173,0.068934,0.244281",3264,2448,0.01683923,small,False
train,1133,batch_6/000045.JPG,batch_6_000045.JPG,3468,2,bottle_cap,"683.00,1848.00,83.00,71.00","0.221967,0.769404,0.025429,0.029003",3264,2448,0.00073752,tiny,False
test,1134,batch_6/000043.JPG,batch_6_000043.JPG,3469,0,bag_wrapper,"1107.00,701.00,435.00,569.00","0.405790,0.402574,0.133272,0.232435",3264,2448,0.03097704,small,False
test,1134,batch_6/000043.JPG,batch_6_000043.JPG,3470,0,bag_wrapper,"2205.00,1736.00,284.00,278.00","0.719056,0.765931,0.087010,0.113562",3264,2448,0.00988102,tiny,False
train,1135,batch_6/000042.JPG,batch_6_000042.JPG,3472,6,cup,"792.00,1333.00,200.00,231.00","0.364379,0.443781,0.081699,0.070772",2448,3264,0.00578203,tiny,False
train,1136,batch_6/000041.JPG,batch_6_000041.JPG,3475,0,bag_wrapper,"1303.00,410.00,1328.00,769.00","0.602635,0.324551,0.406863,0.314134",3264,2448,0.12780942,medium,False
val,1137,batch_6/000040.JPG,batch_6_000040.JPG,3476,3,can,"1912.00,1280.00,27.00,21.00","0.523234,0.467572,0.007337,0.007609",3680,2760,5.582e-05,tiny,False
test,1139,batch_6/000038.JPG,batch_6_000038.JPG,3479,1,bottle,"1403.00,1199.00,179.00,98.00","0.568788,0.634146,0.068216,0.049797",2624,1968,0.00339696,tiny,False
test,1139,batch_6/000038.JPG,batch_6_000038.JPG,3480,1,bottle,"850.00,817.00,58.00,60.00","0.334985,0.430386,0.022104,0.030488",2624,1968,0.00067389,tiny,False
test,1139,batch_6/000038.JPG,batch_6_000038.JPG,3481,0,bag_wrapper,"1709.00,821.00,140.00,82.00","0.677973,0.438008,0.053354,0.041667",2624,1968,0.00222307,tiny,False
val,1140,batch_6/000037.JPG,batch_6_000037.JPG,3482,3,can,"1.00,1340.00,187.00,93.00","0.036014,0.704522,0.071265,0.047256",2624,1968,0.00336772,tiny,False
val,1140,batch_6/000037.JPG,batch_6_000037.JPG,3483,1,bottle,"883.00,1050.00,225.00,143.00","0.379383,0.569868,0.085747,0.072663",2624,1968,0.0062306,tiny,False
val,1140,batch_6/000037.JPG,batch_6_000037.JPG,3484,1,bottle,"1616.00,705.00,261.00,248.00","0.665587,0.421240,0.099466,0.126016",2624,1968,0.01253439,small,False
val,1140,batch_6/000037.JPG,batch_6_000037.JPG,3485,0,bag_wrapper,"1753.00,159.00,148.00,79.00","0.696265,0.100864,0.056402,0.040142",2624,1968,0.00226412,tiny,False
val,1140,batch_6/000037.JPG,batch_6_000037.JPG,3486,0,bag_wrapper,"2168.00,320.00,78.00,94.00","0.841082,0.186484,0.029726,0.047764",2624,1968,0.00141982,tiny,False
val,1140,batch_6/000037.JPG,batch_6_000037.JPG,3487,0,bag_wrapper,"2326.00,390.00,88.00,95.00","0.903201,0.222307,0.033537,0.048272",2624,1968,0.00161889,tiny,False
train,1141,batch_6/000036.JPG,batch_6_000036.JPG,3494,3,can,"1339.00,987.00,77.00,82.00","0.524962,0.522358,0.029345,0.041667",2624,1968,0.00122269,tiny,False
train,1141,batch_6/000036.JPG,batch_6_000036.JPG,3495,3,can,"2198.00,992.00,55.00,57.00","0.848133,0.518547,0.020960,0.028963",2624,1968,0.00060708,tiny,False
train,1141,batch_6/000036.JPG,batch_6_000036.JPG,3496,1,bottle,"1242.00,1022.00,94.00,93.00","0.491235,0.542937,0.035823,0.047256",2624,1968,0.00169286,tiny,False
train,1141,batch_6/000036.JPG,batch_6_000036.JPG,3497,1,bottle,"1363.00,1078.00,66.00,81.00","0.532012,0.568343,0.025152,0.041159",2624,1968,0.00103524,tiny,False
train,1141,batch_6/000036.JPG,batch_6_000036.JPG,3498,1,bottle,"1176.00,1170.00,205.00,119.00","0.487233,0.624746,0.078125,0.060467",2624,1968,0.00472402,tiny,False
train,1143,batch_6/000034.JPG,batch_6_000034.JPG,3505,1,bottle,"1625.00,503.00,368.00,395.00","0.738971,0.214614,0.150327,0.121017",2448,3264,0.01819212,small,False
train,1143,batch_6/000034.JPG,batch_6_000034.JPG,3506,1,bottle,"1289.00,2018.00,211.00,524.00","0.569649,0.698529,0.086193,0.160539",2448,3264,0.01383733,small,False
train,1144,batch_6/000033.JPG,batch_6_000033.JPG,3508,7,straw,"963.00,1282.00,130.00,47.00","0.391768,0.663364,0.049543,0.023882",2624,1968,0.00118318,tiny,False
train,1145,batch_6/000032.JPG,batch_6_000032.JPG,3509,1,bottle,"951.00,1516.00,237.00,156.00","0.327665,0.651144,0.072610,0.063725",3264,2448,0.00462713,tiny,False
train,1145,batch_6/000032.JPG,batch_6_000032.JPG,3510,1,bottle,"2202.00,1638.00,256.00,101.00","0.713848,0.689747,0.078431,0.041258",3264,2448,0.00323593,tiny,False
val,1147,batch_6/000029.JPG,batch_6_000029.JPG,3520,1,bottle,"1512.00,1267.00,454.00,218.00","0.472554,0.498551,0.123370,0.078986",3680,2760,0.00974441,tiny,False
val,1147,batch_6/000029.JPG,batch_6_000029.JPG,3521,1,bottle,"1616.00,1474.00,505.00,209.00","0.507745,0.571920,0.137228,0.075725",3680,2760,0.01039156,small,False
val,1147,batch_6/000029.JPG,batch_6_000029.JPG,3522,2,bottle_cap,"1512.00,1297.00,35.00,86.00","0.415625,0.485507,0.009511,0.031159",3680,2760,0.00029635,tiny,False
val,1147,batch_6/000029.JPG,batch_6_000029.JPG,3523,0,bag_wrapper,"1964.00,1181.00,218.00,219.00","0.563315,0.467572,0.059239,0.079348",3680,2760,0.0047005,tiny,False
train,1148,batch_6/000028.JPG,batch_6_000028.JPG,3526,3,can,"1159.00,1753.00,533.00,389.00","0.582312,0.596661,0.217729,0.119179",2448,3264,0.02594868,small,False
train,1149,batch_6/000027.JPG,batch_6_000027.JPG,3527,6,cup,"950.00,1803.00,534.00,328.00","0.372855,0.803513,0.163603,0.133987",3264,2448,0.02192066,small,False
train,1150,batch_6/000026.JPG,batch_6_000026.JPG,3528,0,bag_wrapper,"701.00,1444.00,795.00,859.00","0.448734,0.573989,0.324755,0.263174",2448,3264,0.08546705,medium,False
train,1151,batch_6/000025.JPG,batch_6_000025.JPG,3529,4,carton,"1405.00,894.00,1275.00,1182.00","0.625766,0.606618,0.390625,0.482843",3264,2448,0.1886106,medium,False
train,1152,batch_6/000024.JPG,batch_6_000024.JPG,3530,3,can,"1509.00,1195.00,219.00,195.00","0.616806,0.656758,0.083460,0.099085",2624,1968,0.0082697,tiny,False
train,1152,batch_6/000024.JPG,batch_6_000024.JPG,3533,4,carton,"830.00,857.00,399.00,288.00","0.392340,0.508638,0.152058,0.146341",2624,1968,0.02225238,small,False
train,1152,batch_6/000024.JPG,batch_6_000024.JPG,3534,7,straw,"1172.00,919.00,88.00,36.00","0.463415,0.476118,0.033537,0.018293",2624,1968,0.00061347,tiny,False
train,1153,batch_6/000023.JPG,batch_6_000023.JPG,3535,1,bottle,"726.00,1203.00,351.00,453.00","0.276195,0.583946,0.107537,0.185049",3264,2448,0.01989957,small,False
train,1153,batch_6/000023.JPG,batch_6_000023.JPG,3536,4,carton,"1311.00,1177.00,741.00,298.00","0.515165,0.541667,0.227022,0.121732",3264,2448,0.02763586,small,False
train,1153,batch_6/000023.JPG,batch_6_000023.JPG,3537,2,bottle_cap,"727.00,1550.00,97.00,104.00","0.237592,0.654412,0.029718,0.042484",3264,2448,0.00126254,tiny,False
train,1154,batch_6/000022.JPG,batch_6_000022.JPG,3538,0,bag_wrapper,"798.00,2099.00,1015.00,728.00","0.533292,0.754596,0.414624,0.223039",2448,3264,0.09247745,medium,False
train,1155,batch_6/000021.JPG,batch_6_000021.JPG,3545,1,bottle,"685.00,422.00,807.00,1190.00","0.444649,0.311581,0.329657,0.364583",2448,3264,0.1201874,medium,False
train,1156,batch_6/000020.JPG,batch_6_000020.JPG,3546,0,bag_wrapper,"1241.00,1750.00,250.00,174.00","0.558007,0.562806,0.102124,0.053309",2448,3264,0.00544412,tiny,False
val,1157,batch_6/000019.JPG,batch_6_000019.JPG,3547,1,bottle,"950.00,804.00,904.00,604.00","0.429534,0.451797,0.276961,0.246732",3264,2448,0.0683351,medium,False
val,1157,batch_6/000019.JPG,batch_6_000019.JPG,3548,2,bottle_cap,"952.00,1299.00,114.00,108.00","0.309130,0.552696,0.034926,0.044118",3264,2448,0.00154087,tiny,False
train,1159,batch_6/000017.JPG,batch_6_000017.JPG,3550,4,carton,"352.00,957.00,552.00,594.00","0.256536,0.384191,0.225490,0.181985",2448,3264,0.0410359,small,False
train,1159,batch_6/000017.JPG,batch_6_000017.JPG,3551,4,carton,"1257.00,1054.00,810.00,818.00","0.678922,0.448223,0.330882,0.250613",2448,3264,0.08292333,medium,False
train,1159,batch_6/000017.JPG,batch_6_000017.JPG,3552,1,bottle,"389.00,580.00,698.00,256.00","0.301471,0.216912,0.285131,0.078431",2448,3264,0.02236319,small,False
train,1159,batch_6/000017.JPG,batch_6_000017.JPG,3553,1,bottle,"1042.00,368.00,282.00,727.00","0.483252,0.224112,0.115196,0.222733",2448,3264,0.02565795,small,False
train,1160,batch_6/000015.JPG,batch_6_000015.JPG,3556,6,cup,"1142.00,1801.00,248.00,238.00","0.449734,0.874715,0.088099,0.108428",2815,2195,0.00955247,tiny,False
train,1160,batch_6/000015.JPG,batch_6_000015.JPG,3557,1,bottle,"1283.00,1556.00,491.00,218.00","0.542984,0.758542,0.174423,0.099317",2815,2195,0.01732308,small,False
train,1160,batch_6/000015.JPG,batch_6_000015.JPG,3558,1,bottle,"1665.00,1362.00,489.00,444.00","0.678330,0.721640,0.173712,0.202278",2815,2195,0.03513815,small,False
test,1161,batch_6/000014.JPG,batch_6_000014.JPG,3559,1,bottle,"718.00,1321.00,253.00,281.00","0.344975,0.447763,0.103350,0.086091",2448,3264,0.00889744,tiny,False
test,1161,batch_6/000014.JPG,batch_6_000014.JPG,3627,5,cigarette,"754.00,1488.00,22.00,28.00","0.312500,0.460172,0.008987,0.008578",2448,3264,7.709e-05,tiny,False
test,1161,batch_6/000014.JPG,batch_6_000014.JPG,3628,5,cigarette,"596.00,1420.00,32.00,44.00","0.250000,0.441789,0.013072,0.013480",2448,3264,0.00017621,tiny,False
test,1161,batch_6/000014.JPG,batch_6_000014.JPG,3629,5,cigarette,"1340.00,1782.00,60.00,46.00","0.559641,0.553002,0.024510,0.014093",2448,3264,0.00034542,tiny,False
test,1161,batch_6/000014.JPG,batch_6_000014.JPG,3630,5,cigarette,"1400.00,2196.00,54.00,32.00","0.582925,0.677696,0.022059,0.009804",2448,3264,0.00021626,tiny,False
test,1161,batch_6/000014.JPG,batch_6_000014.JPG,3631,5,cigarette,"1680.00,2208.00,42.00,52.00","0.694853,0.684436,0.017157,0.015931",2448,3264,0.00027333,tiny,False
test,1161,batch_6/000014.JPG,batch_6_000014.JPG,3632,5,cigarette,"336.00,2346.00,66.00,54.00","0.150735,0.727022,0.026961,0.016544",2448,3264,0.00044604,tiny,False
test,1162,batch_6/000013.JPG,batch_6_000013.JPG,3560,3,can,"971.00,703.00,242.00,262.00","0.446078,0.255515,0.098856,0.080270",2448,3264,0.00793515,tiny,False
test,1162,batch_6/000013.JPG,batch_6_000013.JPG,3561,0,bag_wrapper,"1036.00,1105.00,396.00,309.00","0.504085,0.385876,0.161765,0.094669",2448,3264,0.01531412,small,False
test,1162,batch_6/000013.JPG,batch_6_000013.JPG,3562,0,bag_wrapper,"1306.00,1481.00,535.00,465.00","0.642770,0.524969,0.218546,0.142463",2448,3264,0.03113473,small,False
train,1164,batch_6/000010.JPG,batch_6_000010.JPG,3564,1,bottle,"534.00,1591.00,610.00,725.00","0.342729,0.598499,0.249183,0.222120",2448,3264,0.05534855,medium,False
train,1165,batch_6/000009.JPG,batch_6_000009.JPG,3565,4,carton,"766.00,571.00,1451.00,1096.00","0.456955,0.457108,0.444547,0.447712",3264,2448,0.19902902,medium,False
train,1166,batch_6/000008.JPG,batch_6_000008.JPG,3566,6,cup,"1586.00,1644.00,467.00,324.00","0.693407,0.917683,0.177973,0.164634",2624,1968,0.02930036,small,False
test,1167,batch_6/000007.JPG,batch_6_000007.JPG,3567,0,bag_wrapper,"879.00,1411.00,1543.00,921.00","0.674224,0.573376,0.630310,0.282169",2448,3264,0.17785415,medium,False
train,1168,batch_6/000006.JPG,batch_6_000006.JPG,3568,2,bottle_cap,"3047.00,1483.00,88.00,64.00","0.946998,0.618873,0.026961,0.026144",3264,2448,0.00070486,tiny,False
train,1168,batch_6/000006.JPG,batch_6_000006.JPG,3569,2,bottle_cap,"2660.00,1067.00,62.00,29.00","0.824449,0.441789,0.018995,0.011846",3264,2448,0.00022502,tiny,False
train,1168,batch_6/000006.JPG,batch_6_000006.JPG,3570,1,bottle,"1313.00,1144.00,225.00,147.00","0.436734,0.497345,0.068934,0.060049",3264,2448,0.00413941,tiny,False
train,1169,batch_6/000005.JPG,batch_6_000005.JPG,3572,0,bag_wrapper,"939.00,1657.00,349.00,222.00","0.454861,0.541667,0.142565,0.068015",2448,3264,0.00969654,tiny,False
train,1169,batch_6/000005.JPG,batch_6_000005.JPG,3633,5,cigarette,"1686.00,2828.00,58.00,34.00","0.700572,0.871630,0.023693,0.010417",2448,3264,0.0002468,tiny,False
train,1169,batch_6/000005.JPG,batch_6_000005.JPG,3634,5,cigarette,"1820.00,3030.00,70.00,74.00","0.757761,0.939645,0.028595,0.022672",2448,3264,0.00064829,tiny,False
val,1170,batch_6/000003.JPG,batch_6_000003.JPG,3635,5,cigarette,"2022.00,1172.00,46.00,54.00","0.835376,0.367341,0.018791,0.016544",2448,3264,0.00031088,tiny,False
train,1171,batch_6/000002.JPG,batch_6_000002.JPG,3574,4,carton,"1385.00,1052.00,1128.00,531.00","0.597120,0.538194,0.345588,0.216912",3264,2448,0.07496215,medium,False
train,1171,batch_6/000002.JPG,batch_6_000002.JPG,3575,4,carton,"715.00,578.00,478.00,398.00","0.292279,0.317402,0.146446,0.162582",3264,2448,0.02380945,small,False
val,1172,batch_6/000001.JPG,batch_6_000001.JPG,3576,0,bag_wrapper,"646.00,2065.00,908.00,439.00","0.449346,0.699908,0.370915,0.134498",2448,3264,0.04988716,small,False
val,1172,batch_6/000001.JPG,batch_6_000001.JPG,3577,0,bag_wrapper,"1865.00,1732.00,576.00,680.00","0.879493,0.634804,0.235294,0.208333",2448,3264,0.04901961,small,False
val,1172,batch_6/000001.JPG,batch_6_000001.JPG,3578,0,bag_wrapper,"601.00,1104.00,1050.00,590.00","0.459967,0.428615,0.428922,0.180760",2448,3264,0.07753178,medium,False
train,1173,batch_7/000000.JPG,batch_7_000000.JPG,3636,0,bag_wrapper,"3521.00,2398.00,161.00,268.00","0.600250,0.633000,0.026833,0.067000",6000,4000,0.00179783,tiny,False
train,1174,batch_7/000001.JPG,batch_7_000001.JPG,3637,7,straw,"2542.00,1381.00,651.00,134.00","0.477917,0.362000,0.108500,0.033500",6000,4000,0.00363475,tiny,False
train,1174,batch_7/000001.JPG,batch_7_000001.JPG,3640,2,bottle_cap,"3895.00,2872.00,134.00,133.00","0.660333,0.734625,0.022333,0.033250",6000,4000,0.00074258,tiny,False
train,1175,batch_7/000002.JPG,batch_7_000002.JPG,3641,7,straw,"2707.00,3053.00,532.00,501.00","0.495500,0.825875,0.088667,0.125250",6000,4000,0.0111055,small,False
test,1176,batch_7/000003.JPG,batch_7_000003.JPG,3644,2,bottle_cap,"2270.00,2919.00,192.00,118.00","0.394333,0.744500,0.032000,0.029500",6000,4000,0.000944,tiny,False
train,1177,batch_7/000004.JPG,batch_7_000004.JPG,3645,0,bag_wrapper,"1525.00,2472.00,608.00,405.00","0.304833,0.668625,0.101333,0.101250",6000,4000,0.01026,small,False
train,1178,batch_7/000005.JPG,batch_7_000005.JPG,3647,0,bag_wrapper,"1822.00,1957.00,723.00,861.00","0.363917,0.596875,0.120500,0.215250",6000,4000,0.02593762,small,False
train,1179,batch_7/000006.JPG,batch_7_000006.JPG,3649,4,carton,"1617.00,2224.00,1048.00,1774.00","0.356833,0.777750,0.174667,0.443500",6000,4000,0.07746467,medium,False
test,1181,batch_7/000010.JPG,batch_7_000010.JPG,3651,1,bottle,"3830.00,1432.00,325.00,134.00","0.665417,0.374750,0.054167,0.033500",6000,4000,0.00181458,tiny,False
test,1181,batch_7/000010.JPG,batch_7_000010.JPG,3652,2,bottle_cap,"4108.00,1466.00,47.00,66.00","0.688583,0.374750,0.007833,0.016500",6000,4000,0.00012925,tiny,False
test,1181,batch_7/000010.JPG,batch_7_000010.JPG,3653,2,bottle_cap,"3577.00,1127.00,57.00,46.00","0.600917,0.287500,0.009500,0.011500",6000,4000,0.00010925,tiny,False
test,1182,batch_7/000011.JPG,batch_7_000011.JPG,3654,3,can,"2999.00,2432.00,308.00,173.00","0.525500,0.629625,0.051333,0.043250",6000,4000,0.00222017,tiny,False
train,1183,batch_7/000012.JPG,batch_7_000012.JPG,3655,0,bag_wrapper,"3326.00,1175.00,866.00,878.00","0.626500,0.403500,0.144333,0.219500",6000,4000,0.03168117,small,False
train,1187,batch_7/000016.JPG,batch_7_000016.JPG,3661,1,bottle,"358.00,844.00,345.00,120.00","0.216708,0.276961,0.140931,0.036765",2448,3264,0.0051813,tiny,False
train,1188,batch_7/000017.JPG,batch_7_000017.JPG,3662,1,bottle,"1436.00,1742.00,355.00,458.00","0.494332,0.805147,0.108762,0.187092",3264,2448,0.02034849,small,False
train,1193,batch_7/000022.JPG,batch_7_000022.JPG,3683,1,bottle,"902.00,1100.00,626.00,801.00","0.372243,0.612949,0.191789,0.327206",3264,2448,0.06275456,medium,False
train,1193,batch_7/000022.JPG,batch_7_000022.JPG,3684,1,bottle,"458.00,1449.00,779.00,473.00","0.259651,0.688521,0.238664,0.193219",3264,2448,0.04611445,small,False
train,1193,batch_7/000022.JPG,batch_7_000022.JPG,3685,7,straw,"221.00,1305.00,457.00,152.00","0.137714,0.564134,0.140012,0.062092",3264,2448,0.00869357,tiny,False
train,1193,batch_7/000022.JPG,batch_7_000022.JPG,4003,5,cigarette,"1096.00,1178.00,38.00,122.00","0.341605,0.506127,0.011642,0.049837",3264,2448,0.00058021,tiny,False
train,1194,batch_7/000023.JPG,batch_7_000023.JPG,3686,4,carton,"1080.00,2059.00,164.00,142.00","0.474673,0.652574,0.066993,0.043505",2448,3264,0.00291454,tiny,False
train,1194,batch_7/000023.JPG,batch_7_000023.JPG,3687,4,carton,"1160.00,995.00,130.00,77.00","0.500408,0.316636,0.053105,0.023591",2448,3264,0.00125277,tiny,False
train,1194,batch_7/000023.JPG,batch_7_000023.JPG,3688,0,bag_wrapper,"1610.00,614.00,369.00,118.00","0.733047,0.206189,0.150735,0.036152",2448,3264,0.00544938,tiny,False
train,1194,batch_7/000023.JPG,batch_7_000023.JPG,4004,5,cigarette,"1100.00,2176.00,38.00,44.00","0.457108,0.673407,0.015523,0.013480",2448,3264,0.00020925,tiny,False
train,1195,batch_7/000024.JPG,batch_7_000024.JPG,3689,3,can,"1163.00,1156.00,134.00,136.00","0.376838,0.500000,0.041054,0.055556",3264,2448,0.00228077,tiny,False
train,1196,batch_7/000025.JPG,batch_7_000025.JPG,3691,3,can,"616.00,1380.00,317.00,183.00","0.237286,0.601103,0.097120,0.074755",3264,2448,0.0072602,tiny,False
train,1197,batch_7/000029.JPG,batch_7_000029.JPG,3693,6,cup,"629.00,1572.00,712.00,999.00","0.402369,0.634651,0.290850,0.306066",2448,3264,0.08901925,medium,False
train,1198,batch_7/000030.JPG,batch_7_000030.JPG,3696,6,cup,"125.00,565.00,455.00,575.00","0.367188,0.666016,0.473958,0.449219",960,1280,0.21291097,large,False
train,1199,batch_7/000031.JPG,batch_7_000031.JPG,3697,6,cup,"373.00,1047.00,1439.00,1389.00","0.446283,0.533548,0.587827,0.425551",2448,3264,0.25015056,large,False
train,1200,batch_7/000033.JPG,batch_7_000033.JPG,3699,6,cup,"175.00,978.00,425.00,523.00","0.158292,0.379749,0.173611,0.160233",2448,3264,0.0278182,small,False
train,1200,batch_7/000033.JPG,batch_7_000033.JPG,3700,6,cup,"756.00,987.00,390.00,502.00","0.388480,0.379289,0.159314,0.153799",2448,3264,0.02450229,small,False
train,1200,batch_7/000033.JPG,batch_7_000033.JPG,3701,6,cup,"733.00,889.00,427.00,261.00","0.386642,0.312347,0.174428,0.079963",2448,3264,0.01394784,small,False
train,1201,batch_7/000034.JPG,batch_7_000034.JPG,3702,2,bottle_cap,"818.00,1260.00,108.00,88.00","0.356209,0.399510,0.044118,0.026961",2448,3264,0.00118945,tiny,False
test,1202,batch_7/000035.JPG,batch_7_000035.JPG,3703,0,bag_wrapper,"1256.00,1288.00,224.00,148.00","0.419118,0.556373,0.068627,0.060458",3264,2448,0.00414905,tiny,False
test,1202,batch_7/000035.JPG,batch_7_000035.JPG,3704,0,bag_wrapper,"1473.00,1217.00,597.00,679.00","0.542739,0.635825,0.182904,0.277369",3264,2448,0.05073207,medium,False
test,1202,batch_7/000035.JPG,batch_7_000035.JPG,3705,6,cup,"1334.00,921.00,84.00,64.00","0.421569,0.389297,0.025735,0.026144",3264,2448,0.00067282,tiny,False
test,1202,batch_7/000035.JPG,batch_7_000035.JPG,4005,5,cigarette,"108.00,1548.00,40.00,12.00","0.039216,0.634804,0.012255,0.004902",3264,2448,6.007e-05,tiny,False
train,1203,batch_7/000036.JPG,batch_7_000036.JPG,3707,4,carton,"1029.00,933.00,285.00,276.00","0.358915,0.437500,0.087316,0.112745",3264,2448,0.00984447,tiny,False
train,1203,batch_7/000036.JPG,batch_7_000036.JPG,3708,4,carton,"1132.00,1412.00,308.00,303.00","0.393995,0.638685,0.094363,0.123775",3264,2448,0.0116797,small,False
train,1203,batch_7/000036.JPG,batch_7_000036.JPG,3709,7,straw,"1383.00,779.00,186.00,73.00","0.452206,0.333129,0.056985,0.029820",3264,2448,0.00169932,tiny,False
train,1203,batch_7/000036.JPG,batch_7_000036.JPG,3710,0,bag_wrapper,"1379.00,1115.00,388.00,408.00","0.481924,0.538807,0.118873,0.166667",3264,2448,0.01981209,small,False
train,1203,batch_7/000036.JPG,batch_7_000036.JPG,3711,0,bag_wrapper,"1681.00,952.00,532.00,326.00","0.596507,0.455474,0.162990,0.133170",3264,2448,0.02170539,small,False
train,1203,batch_7/000036.JPG,batch_7_000036.JPG,3712,0,bag_wrapper,"1612.00,864.00,370.00,402.00","0.550551,0.435049,0.113358,0.164216",3264,2448,0.01861514,small,False
train,1203,batch_7/000036.JPG,batch_7_000036.JPG,3713,3,can,"1881.00,1158.00,318.00,395.00","0.625000,0.553717,0.097426,0.161356",3264,2448,0.01572037,small,False
train,1204,batch_7/000037.JPG,batch_7_000037.JPG,3715,6,cup,"1349.00,2099.00,171.00,137.00","0.585989,0.664062,0.069853,0.041973",2448,3264,0.00293194,tiny,False
train,1204,batch_7/000037.JPG,batch_7_000037.JPG,4006,5,cigarette,"1060.00,2234.00,20.00,44.00","0.437092,0.691176,0.008170,0.013480",2448,3264,0.00011013,tiny,False
train,1205,batch_7/000038.JPG,batch_7_000038.JPG,3716,4,carton,"497.00,1012.00,275.00,173.00","0.259191,0.336550,0.112337,0.053002",2448,3264,0.00595412,tiny,False
train,1205,batch_7/000038.JPG,batch_7_000038.JPG,3717,7,straw,"552.00,935.00,26.00,97.00","0.230801,0.301317,0.010621,0.029718",2448,3264,0.00031563,tiny,False
train,1206,batch_7/000039.JPG,batch_7_000039.JPG,3721,0,bag_wrapper,"1174.00,1554.00,87.00,54.00","0.497345,0.484375,0.035539,0.016544",2448,3264,0.00058796,tiny,False
train,1206,batch_7/000039.JPG,batch_7_000039.JPG,3722,0,bag_wrapper,"441.00,2996.00,241.00,136.00","0.229371,0.938725,0.098448,0.041667",2448,3264,0.00410199,tiny,False
train,1206,batch_7/000039.JPG,batch_7_000039.JPG,4007,5,cigarette,"2288.00,1932.00,62.00,34.00","0.947304,0.597120,0.025327,0.010417",2448,3264,0.00026382,tiny,False
train,1206,batch_7/000039.JPG,batch_7_000039.JPG,4008,5,cigarette,"2326.00,1918.00,66.00,28.00","0.963644,0.591912,0.026961,0.008578",2448,3264,0.00023128,tiny,False
train,1207,batch_7/000042.JPG,batch_7_000042.JPG,3723,4,carton,"334.00,657.00,259.00,147.00","0.189338,0.223805,0.105801,0.045037",2448,3264,0.00476492,tiny,False
train,1208,batch_7/000043.JPG,batch_7_000043.JPG,3724,6,cup,"1280.00,1001.00,247.00,178.00","0.573325,0.333946,0.100899,0.054534",2448,3264,0.00550244,tiny,False
train,1208,batch_7/000043.JPG,batch_7_000043.JPG,4009,5,cigarette,"1324.00,2716.00,64.00,46.00","0.553922,0.839154,0.026144,0.014093",2448,3264,0.00036845,tiny,False
train,1208,batch_7/000043.JPG,batch_7_000043.JPG,4010,5,cigarette,"1522.00,2542.00,34.00,66.00","0.628676,0.788909,0.013889,0.020221",2448,3264,0.00028084,tiny,False
train,1208,batch_7/000043.JPG,batch_7_000043.JPG,4011,5,cigarette,"2088.00,2194.00,56.00,48.00","0.864379,0.679534,0.022876,0.014706",2448,3264,0.00033641,tiny,False
train,1208,batch_7/000043.JPG,batch_7_000043.JPG,4012,5,cigarette,"2274.00,2124.00,66.00,58.00","0.942402,0.659620,0.026961,0.017770",2448,3264,0.00047908,tiny,False
train,1208,batch_7/000043.JPG,batch_7_000043.JPG,4013,5,cigarette,"236.00,1632.00,54.00,54.00","0.107435,0.508272,0.022059,0.016544",2448,3264,0.00036494,tiny,False
train,1208,batch_7/000043.JPG,batch_7_000043.JPG,4014,5,cigarette,"8.00,1578.00,54.00,32.00","0.014297,0.488358,0.022059,0.009804",2448,3264,0.00021626,tiny,False
train,1208,batch_7/000043.JPG,batch_7_000043.JPG,4015,5,cigarette,"600.00,1138.00,18.00,58.00","0.248775,0.357537,0.007353,0.017770",2448,3264,0.00013066,tiny,False
train,1209,batch_7/000044.JPG,batch_7_000044.JPG,3728,7,straw,"1420.00,989.00,47.00,29.00","0.589665,0.307445,0.019199,0.008885",2448,3264,0.00017058,tiny,False
train,1209,batch_7/000044.JPG,batch_7_000044.JPG,3729,4,carton,"1341.00,946.00,100.00,78.00","0.568219,0.301777,0.040850,0.023897",2448,3264,0.00097619,tiny,False
train,1209,batch_7/000044.JPG,batch_7_000044.JPG,3730,1,bottle,"837.00,1183.00,459.00,219.00","0.435662,0.395987,0.187500,0.067096",2448,3264,0.01258042,small,False
train,1209,batch_7/000044.JPG,batch_7_000044.JPG,3731,0,bag_wrapper,"824.00,1241.00,109.00,131.00","0.358864,0.400276,0.044526,0.040135",2448,3264,0.00178705,tiny,False
train,1209,batch_7/000044.JPG,batch_7_000044.JPG,3732,0,bag_wrapper,"4.00,2538.00,527.00,459.00","0.109273,0.847886,0.215278,0.140625",2448,3264,0.03027344,small,False
train,1209,batch_7/000044.JPG,batch_7_000044.JPG,3733,6,cup,"868.00,1186.00,106.00,89.00","0.376225,0.376991,0.043301,0.027267",2448,3264,0.00118069,tiny,False
train,1209,batch_7/000044.JPG,batch_7_000044.JPG,4016,5,cigarette,"1300.00,1508.00,46.00,30.00","0.540441,0.466605,0.018791,0.009191",2448,3264,0.00017271,tiny,False
train,1210,batch_7/000045.JPG,batch_7_000045.JPG,3735,4,carton,"1188.00,1207.00,201.00,373.00","0.526348,0.426930,0.082108,0.114277",2448,3264,0.00938303,tiny,False
train,1211,batch_7/000047.JPG,batch_7_000047.JPG,3737,1,bottle,"1358.00,1415.00,244.00,159.00","0.604575,0.457874,0.099673,0.048713",2448,3264,0.0048554,tiny,False
train,1211,batch_7/000047.JPG,batch_7_000047.JPG,3738,1,bottle,"1178.00,1425.00,219.00,173.00","0.525940,0.463082,0.089461,0.053002",2448,3264,0.00474164,tiny,False
train,1211,batch_7/000047.JPG,batch_7_000047.JPG,4017,5,cigarette,"844.00,1466.00,12.00,32.00","0.347222,0.454044,0.004902,0.009804",2448,3264,4.806e-05,tiny,False
train,1211,batch_7/000047.JPG,batch_7_000047.JPG,4018,5,cigarette,"856.00,1448.00,14.00,38.00","0.352533,0.449449,0.005719,0.011642",2448,3264,6.658e-05,tiny,False
train,1212,batch_7/000048.JPG,batch_7_000048.JPG,3740,6,cup,"1133.00,1863.00,201.00,172.00","0.503881,0.597120,0.082108,0.052696",2448,3264,0.00432676,tiny,False
train,1212,batch_7/000048.JPG,batch_7_000048.JPG,3741,2,bottle_cap,"1413.00,1989.00,43.00,48.00","0.585989,0.616728,0.017565,0.014706",2448,3264,0.00025831,tiny,False
train,1213,batch_7/000049.JPG,batch_7_000049.JPG,3745,0,bag_wrapper,"1714.00,1827.00,337.00,429.00","0.768995,0.625460,0.137663,0.131434",2448,3264,0.01809363,small,False
train,1213,batch_7/000049.JPG,batch_7_000049.JPG,3746,0,bag_wrapper,"1891.00,1763.00,158.00,174.00","0.804739,0.566789,0.064542,0.053309",2448,3264,0.00344068,tiny,False
train,1213,batch_7/000049.JPG,batch_7_000049.JPG,3747,0,bag_wrapper,"528.00,1944.00,132.00,107.00","0.242647,0.611979,0.053922,0.032782",2448,3264,0.00176765,tiny,False
train,1213,batch_7/000049.JPG,batch_7_000049.JPG,3748,0,bag_wrapper,"645.00,2335.00,130.00,101.00","0.290033,0.730852,0.053105,0.030944",2448,3264,0.00164325,tiny,False
train,1213,batch_7/000049.JPG,batch_7_000049.JPG,3749,0,bag_wrapper,"0.00,847.00,111.00,78.00","0.022672,0.271446,0.045343,0.023897",2448,3264,0.00108357,tiny,False
train,1213,batch_7/000049.JPG,batch_7_000049.JPG,3751,1,bottle,"614.00,1589.00,200.00,494.00","0.291667,0.562500,0.081699,0.151348",2448,3264,0.01236504,small,False
train,1213,batch_7/000049.JPG,batch_7_000049.JPG,3755,4,carton,"186.00,1796.00,94.00,67.00","0.095180,0.560509,0.038399,0.020527",2448,3264,0.00078821,tiny,False
train,1213,batch_7/000049.JPG,batch_7_000049.JPG,3766,7,straw,"1818.00,1694.00,127.00,134.00","0.768587,0.539522,0.051879,0.041054",2448,3264,0.00212984,tiny,False
train,1213,batch_7/000049.JPG,batch_7_000049.JPG,3767,6,cup,"50.00,585.00,90.00,71.00","0.038807,0.190104,0.036765,0.021752",2448,3264,0.00079972,tiny,False
train,1213,batch_7/000049.JPG,batch_7_000049.JPG,3768,2,bottle_cap,"662.00,2052.00,51.00,31.00","0.280842,0.633425,0.020833,0.009498",2448,3264,0.00019787,tiny,False
train,1214,batch_7/000050.JPG,batch_7_000050.JPG,3771,7,straw,"1120.00,1721.00,240.00,485.00","0.506536,0.601562,0.098039,0.148591",2448,3264,0.01456771,small,False
train,1215,batch_7/000051.JPG,batch_7_000051.JPG,3773,7,straw,"599.00,2068.00,104.00,106.00","0.265931,0.649816,0.042484,0.032475",2448,3264,0.00137968,tiny,False
train,1215,batch_7/000051.JPG,batch_7_000051.JPG,3774,7,straw,"632.00,2055.00,98.00,98.00","0.278186,0.644608,0.040033,0.030025",2448,3264,0.00120196,tiny,False
train,1215,batch_7/000051.JPG,batch_7_000051.JPG,3775,0,bag_wrapper,"574.00,2142.00,574.00,537.00","0.351716,0.738511,0.234477,0.164522",2448,3264,0.03857666,small,False
train,1215,batch_7/000051.JPG,batch_7_000051.JPG,3776,0,bag_wrapper,"1091.00,1906.00,561.00,843.00","0.560253,0.713082,0.229167,0.258272",2448,3264,0.05918735,medium,False
train,1215,batch_7/000051.JPG,batch_7_000051.JPG,3777,0,bag_wrapper,"1295.00,2573.00,136.00,186.00","0.556781,0.816789,0.055556,0.056985",2448,3264,0.00316585,tiny,False
train,1215,batch_7/000051.JPG,batch_7_000051.JPG,3778,4,carton,"488.00,1679.00,1331.00,805.00","0.471201,0.637714,0.543709,0.246630",2448,3264,0.13409493,medium,False
train,1215,batch_7/000051.JPG,batch_7_000051.JPG,3779,4,carton,"1027.00,2099.00,130.00,183.00","0.446078,0.671109,0.053105,0.056066",2448,3264,0.00297737,tiny,False
train,1215,batch_7/000051.JPG,batch_7_000051.JPG,3780,6,cup,"1610.00,2468.00,116.00,136.00","0.681373,0.776961,0.047386,0.041667",2448,3264,0.0019744,tiny,False
train,1215,batch_7/000051.JPG,batch_7_000051.JPG,4019,5,cigarette,"840.00,1492.00,40.00,12.00","0.351307,0.458946,0.016340,0.003676",2448,3264,6.007e-05,tiny,False
train,1216,batch_7/000052.JPG,batch_7_000052.JPG,3781,4,carton,"1317.00,1432.00,554.00,438.00","0.488358,0.674428,0.169730,0.178922",3264,2448,0.03036843,small,False
train,1217,batch_7/000053.JPG,batch_7_000053.JPG,3783,6,cup,"1782.00,1397.00,141.00,223.00","0.567555,0.616217,0.043199,0.091095",3264,2448,0.00393516,tiny,False
train,1218,batch_7/000054.JPG,batch_7_000054.JPG,3785,0,bag_wrapper,"1751.00,1946.00,88.00,85.00","0.549939,0.812296,0.026961,0.034722",3264,2448,0.00093614,tiny,False
train,1219,batch_7/000055.JPG,batch_7_000055.JPG,3787,0,bag_wrapper,"1262.00,1243.00,417.00,198.00","0.600694,0.411152,0.170343,0.060662",2448,3264,0.01033332,small,False
val,1221,batch_7/000057.JPG,batch_7_000057.JPG,3789,6,cup,"1299.00,1332.00,98.00,69.00","0.550654,0.418658,0.040033,0.021140",2448,3264,0.00084628,tiny,False
train,1222,batch_7/000058.JPG,batch_7_000058.JPG,3790,1,bottle,"1371.00,1814.00,187.00,281.00","0.598243,0.598805,0.076389,0.086091",2448,3264,0.00657637,tiny,False
val,1223,batch_7/000060.JPG,batch_7_000060.JPG,3792,0,bag_wrapper,"1279.00,1541.00,301.00,198.00","0.583946,0.502451,0.122958,0.060662",2448,3264,0.00745882,tiny,False
train,1224,batch_7/000062.JPG,batch_7_000062.JPG,3793,1,bottle,"1564.00,911.00,181.00,183.00","0.675858,0.307138,0.073938,0.056066",2448,3264,0.00414542,tiny,False
train,1224,batch_7/000062.JPG,batch_7_000062.JPG,3794,2,bottle_cap,"1563.00,1061.00,30.00,33.00","0.644608,0.330116,0.012255,0.010110",2448,3264,0.0001239,tiny,False
train,1224,batch_7/000062.JPG,batch_7_000062.JPG,3795,0,bag_wrapper,"1810.00,629.00,145.00,118.00","0.768995,0.210784,0.059232,0.036152",2448,3264,0.00214135,tiny,False
train,1224,batch_7/000062.JPG,batch_7_000062.JPG,3796,0,bag_wrapper,"1351.00,817.00,177.00,94.00","0.588031,0.264706,0.072304,0.028799",2448,3264,0.00208228,tiny,False
train,1224,batch_7/000062.JPG,batch_7_000062.JPG,3797,0,bag_wrapper,"996.00,2002.00,293.00,293.00","0.466708,0.658241,0.119690,0.089767",2448,3264,0.01074419,small,False
train,1224,batch_7/000062.JPG,batch_7_000062.JPG,3798,0,bag_wrapper,"590.00,2475.00,159.00,178.00","0.273489,0.785539,0.064951,0.054534",2448,3264,0.00354206,tiny,False
train,1224,batch_7/000062.JPG,batch_7_000062.JPG,3799,0,bag_wrapper,"900.00,1480.00,117.00,137.00","0.391544,0.474418,0.047794,0.041973",2448,3264,0.00200606,tiny,False
train,1224,batch_7/000062.JPG,batch_7_000062.JPG,3804,0,bag_wrapper,"1165.00,2263.00,146.00,220.00","0.505719,0.727022,0.059641,0.067402",2448,3264,0.00401989,tiny,False
train,1225,batch_7/000063.JPG,batch_7_000063.JPG,3805,7,straw,"1445.00,874.00,122.00,472.00","0.461397,0.453431,0.037377,0.192810",3264,2448,0.00720676,tiny,False
train,1226,batch_7/000064.JPG,batch_7_000064.JPG,3807,0,bag_wrapper,"1409.00,1558.00,138.00,128.00","0.452819,0.662582,0.042279,0.052288",3264,2448,0.00221069,tiny,False
train,1226,batch_7/000064.JPG,batch_7_000064.JPG,3808,0,bag_wrapper,"1978.00,1146.00,193.00,84.00","0.635570,0.485294,0.059130,0.034314",3264,2448,0.00202897,tiny,False
train,1226,batch_7/000064.JPG,batch_7_000064.JPG,3809,0,bag_wrapper,"793.00,2266.00,108.00,72.00","0.259498,0.940359,0.033088,0.029412",3264,2448,0.00097318,tiny,False
test,1227,batch_7/000065.JPG,batch_7_000065.JPG,3810,0,bag_wrapper,"1151.00,718.00,297.00,162.00","0.398131,0.326389,0.090993,0.066176",3264,2448,0.00602157,tiny,False
test,1227,batch_7/000065.JPG,batch_7_000065.JPG,3811,1,bottle,"2292.00,868.00,112.00,75.00","0.719363,0.369894,0.034314,0.030637",3264,2448,0.00105128,tiny,False
test,1227,batch_7/000065.JPG,batch_7_000065.JPG,3812,2,bottle_cap,"2292.00,920.00,22.00,24.00","0.705576,0.380719,0.006740,0.009804",3264,2448,6.608e-05,tiny,False
val,1228,batch_7/000066.JPG,batch_7_000066.JPG,3814,6,cup,"1716.00,1246.00,79.00,112.00","0.537837,0.531863,0.024203,0.045752",3264,2448,0.00110735,tiny,False
val,1228,batch_7/000066.JPG,batch_7_000066.JPG,3816,0,bag_wrapper,"702.00,608.00,110.00,85.00","0.231924,0.265727,0.033701,0.034722",3264,2448,0.00117017,tiny,False
train,1229,batch_7/000067.JPG,batch_7_000067.JPG,3817,0,bag_wrapper,"1837.00,909.00,318.00,251.00","0.611520,0.422590,0.097426,0.102533",3264,2448,0.0099894,tiny,False
train,1230,batch_7/000068.JPG,batch_7_000068.JPG,3819,0,bag_wrapper,"1503.00,675.00,175.00,157.00","0.487286,0.307802,0.053615,0.064134",3264,2448,0.00343856,tiny,False
val,1231,batch_7/000069.JPG,batch_7_000069.JPG,3820,0,bag_wrapper,"1200.00,1795.00,221.00,227.00","0.535335,0.584712,0.090278,0.069547",2448,3264,0.00627851,tiny,False
val,1232,batch_7/000070.JPG,batch_7_000070.JPG,3822,7,straw,"840.00,2103.00,200.00,108.00","0.383987,0.660846,0.081699,0.033088",2448,3264,0.00270329,tiny,False
test,1233,batch_7/000071.JPG,batch_7_000071.JPG,3824,0,bag_wrapper,"1558.00,807.00,244.00,80.00","0.514706,0.345997,0.074755,0.032680",3264,2448,0.00244297,tiny,False
train,1234,batch_7/000072.JPG,batch_7_000072.JPG,3825,1,bottle,"1070.00,1284.00,443.00,317.00","0.527574,0.441942,0.180964,0.097120",2448,3264,0.01757525,small,False
train,1234,batch_7/000072.JPG,batch_7_000072.JPG,3826,1,bottle,"2033.00,2806.00,337.00,282.00","0.899306,0.902880,0.137663,0.086397",2448,3264,0.01189371,small,False
train,1234,batch_7/000072.JPG,batch_7_000072.JPG,4020,5,cigarette,"1016.00,3036.00,30.00,74.00","0.421160,0.941483,0.012255,0.022672",2448,3264,0.00027784,tiny,False
train,1234,batch_7/000072.JPG,batch_7_000072.JPG,4021,5,cigarette,"458.00,3090.00,90.00,54.00","0.205474,0.954963,0.036765,0.016544",2448,3264,0.00060824,tiny,False
test,1235,batch_7/000073.JPG,batch_7_000073.JPG,3828,4,carton,"1041.00,1327.00,264.00,173.00","0.479167,0.433058,0.107843,0.053002",2448,3264,0.00571595,tiny,False
test,1235,batch_7/000073.JPG,batch_7_000073.JPG,3829,2,bottle_cap,"1434.00,1898.00,44.00,41.00","0.594771,0.587776,0.017974,0.012561",2448,3264,0.00022577,tiny,False
test,1235,batch_7/000073.JPG,batch_7_000073.JPG,4022,5,cigarette,"1100.00,2040.00,50.00,22.00","0.459559,0.628370,0.020425,0.006740",2448,3264,0.00013767,tiny,False
test,1235,batch_7/000073.JPG,batch_7_000073.JPG,4023,5,cigarette,"1656.00,2436.00,40.00,20.00","0.684641,0.749387,0.016340,0.006127",2448,3264,0.00010012,tiny,False
test,1235,batch_7/000073.JPG,batch_7_000073.JPG,4024,5,cigarette,"1242.00,254.00,26.00,22.00","0.512663,0.081189,0.010621,0.006740",2448,3264,7.159e-05,tiny,False
train,1236,batch_7/000075.JPG,batch_7_000075.JPG,3830,1,bottle,"1590.00,513.00,167.00,133.00","0.512714,0.236724,0.051164,0.054330",3264,2448,0.00277976,tiny,False
train,1237,batch_7/000076.JPG,batch_7_000076.JPG,3832,4,carton,"658.00,1286.00,147.00,69.00","0.298815,0.404565,0.060049,0.021140",2448,3264,0.00126942,tiny,False
train,1238,batch_7/000077.JPG,batch_7_000077.JPG,3834,1,bottle,"618.00,1456.00,164.00,282.00","0.285948,0.489277,0.066993,0.086397",2448,3264,0.00578804,tiny,False
train,1238,batch_7/000077.JPG,batch_7_000077.JPG,4025,5,cigarette,"676.00,3196.00,28.00,64.00","0.281863,0.988971,0.011438,0.019608",2448,3264,0.00022427,tiny,False
train,1238,batch_7/000077.JPG,batch_7_000077.JPG,4026,5,cigarette,"952.00,942.00,14.00,38.00","0.391748,0.294424,0.005719,0.011642",2448,3264,6.658e-05,tiny,False
test,1239,batch_7/000078.JPG,batch_7_000078.JPG,3835,0,bag_wrapper,"172.00,2.00,1120.00,592.00","0.299020,0.091299,0.457516,0.181373",2448,3264,0.0829809,medium,False
test,1239,batch_7/000078.JPG,batch_7_000078.JPG,3836,0,bag_wrapper,"222.00,208.00,739.00,598.00","0.241626,0.155331,0.301879,0.183211",2448,3264,0.0553075,medium,False
test,1239,batch_7/000078.JPG,batch_7_000078.JPG,3837,0,bag_wrapper,"177.00,538.00,1694.00,1455.00","0.418301,0.387714,0.691993,0.445772",2448,3264,0.30847135,large,False
test,1239,batch_7/000078.JPG,batch_7_000078.JPG,3838,0,bag_wrapper,"0.00,527.00,579.00,623.00","0.118260,0.256893,0.236520,0.190870",2448,3264,0.04514452,small,False
test,1239,batch_7/000078.JPG,batch_7_000078.JPG,3839,0,bag_wrapper,"0.00,1570.00,592.00,1346.00","0.120915,0.687194,0.241830,0.412377",2448,3264,0.09972527,medium,False
test,1239,batch_7/000078.JPG,batch_7_000078.JPG,3840,0,bag_wrapper,"1804.00,1019.00,127.00,90.00","0.762868,0.325980,0.051879,0.027574",2448,3264,0.00143049,tiny,False
test,1239,batch_7/000078.JPG,batch_7_000078.JPG,3841,0,bag_wrapper,"1633.00,1734.00,228.00,218.00","0.713644,0.564645,0.093137,0.066789",2448,3264,0.00622056,tiny,False
test,1239,batch_7/000078.JPG,batch_7_000078.JPG,3842,0,bag_wrapper,"1633.00,1496.00,528.00,358.00","0.774918,0.513174,0.215686,0.109681",2448,3264,0.02365677,small,False
test,1239,batch_7/000078.JPG,batch_7_000078.JPG,3843,4,carton,"5.00,1445.00,1014.00,1044.00","0.209150,0.602635,0.414216,0.319853",2448,3264,0.13248811,medium,False
test,1239,batch_7/000078.JPG,batch_7_000078.JPG,3844,4,carton,"2179.00,1805.00,227.00,269.00","0.936479,0.594210,0.092729,0.082414",2448,3264,0.00764217,tiny,False
test,1239,batch_7/000078.JPG,batch_7_000078.JPG,3845,4,carton,"2021.00,1471.00,211.00,185.00","0.868668,0.479013,0.086193,0.056679",2448,3264,0.00488532,tiny,False
test,1239,batch_7/000078.JPG,batch_7_000078.JPG,3846,4,carton,"2212.00,1177.00,178.00,118.00","0.939951,0.378676,0.072712,0.036152",2448,3264,0.0026287,tiny,False
test,1239,batch_7/000078.JPG,batch_7_000078.JPG,3847,4,carton,"984.00,1885.00,241.00,164.00","0.451185,0.602635,0.098448,0.050245",2448,3264,0.00494651,tiny,False
test,1239,batch_7/000078.JPG,batch_7_000078.JPG,3848,4,carton,"932.00,2042.00,327.00,186.00","0.447508,0.654105,0.133578,0.056985",2448,3264,0.00761201,tiny,False
test,1239,batch_7/000078.JPG,batch_7_000078.JPG,3849,4,carton,"851.00,1986.00,113.00,119.00","0.370711,0.626685,0.046160,0.036458",2448,3264,0.00168292,tiny,False
test,1239,batch_7/000078.JPG,batch_7_000078.JPG,3851,7,straw,"2156.00,1604.00,34.00,94.00","0.887663,0.505821,0.013889,0.028799",2448,3264,0.00039999,tiny,False
test,1239,batch_7/000078.JPG,batch_7_000078.JPG,3852,7,straw,"971.00,2004.00,24.00,58.00","0.401552,0.622855,0.009804,0.017770",2448,3264,0.00017421,tiny,False
test,1239,batch_7/000078.JPG,batch_7_000078.JPG,3853,1,bottle,"1236.00,1809.00,145.00,442.00","0.534518,0.621936,0.059232,0.135417",2448,3264,0.008021,tiny,False
test,1239,batch_7/000078.JPG,batch_7_000078.JPG,3854,2,bottle_cap,"1293.00,2200.00,65.00,52.00","0.541462,0.681985,0.026552,0.015931",2448,3264,0.00042301,tiny,False
train,1240,batch_7/000079.JPG,batch_7_000079.JPG,3855,1,bottle,"1003.00,1762.00,364.00,143.00","0.484069,0.561734,0.148693,0.043811",2448,3264,0.00651442,tiny,False
train,1240,batch_7/000079.JPG,batch_7_000079.JPG,3856,1,bottle,"564.00,1821.00,382.00,145.00","0.308415,0.580116,0.156046,0.044424",2448,3264,0.00693218,tiny,False
train,1240,batch_7/000079.JPG,batch_7_000079.JPG,3857,4,carton,"865.00,1439.00,205.00,256.00","0.395221,0.480086,0.083742,0.078431",2448,3264,0.00656799,tiny,False
train,1240,batch_7/000079.JPG,batch_7_000079.JPG,3858,6,cup,"858.00,1707.00,167.00,125.00","0.384600,0.542126,0.068219,0.038297",2448,3264,0.00261255,tiny,False
train,1240,batch_7/000079.JPG,batch_7_000079.JPG,3860,0,bag_wrapper,"580.00,1500.00,347.00,291.00","0.307802,0.504136,0.141748,0.089154",2448,3264,0.01263749,small,False
train,1240,batch_7/000079.JPG,batch_7_000079.JPG,3861,0,bag_wrapper,"1205.00,1631.00,144.00,93.00","0.521650,0.513940,0.058824,0.028493",2448,3264,0.00167604,tiny,False
train,1240,batch_7/000079.JPG,batch_7_000079.JPG,4027,5,cigarette,"226.00,2146.00,52.00,26.00","0.102941,0.661458,0.021242,0.007966",2448,3264,0.00016921,tiny,False
train,1240,batch_7/000079.JPG,batch_7_000079.JPG,4028,5,cigarette,"302.00,2250.00,30.00,42.00","0.129493,0.695772,0.012255,0.012868",2448,3264,0.00015769,tiny,False
train,1240,batch_7/000079.JPG,batch_7_000079.JPG,4029,5,cigarette,"376.00,2252.00,20.00,38.00","0.157680,0.695772,0.008170,0.011642",2448,3264,9.512e-05,tiny,False
train,1241,batch_7/000080.JPG,batch_7_000080.JPG,3863,1,bottle,"2093.00,1023.00,142.00,242.00","0.662990,0.467320,0.043505,0.098856",3264,2448,0.00430073,tiny,False
train,1241,batch_7/000080.JPG,batch_7_000080.JPG,3864,2,bottle_cap,"2133.00,1232.00,50.00,34.00","0.661152,0.510212,0.015319,0.013889",3264,2448,0.00021276,tiny,False
train,1241,batch_7/000080.JPG,batch_7_000080.JPG,4030,5,cigarette,"3054.00,160.00,30.00,18.00","0.940257,0.069036,0.009191,0.007353",3264,2448,6.758e-05,tiny,False
train,1242,batch_7/000081.JPG,batch_7_000081.JPG,3865,0,bag_wrapper,"1090.00,1764.00,255.00,270.00","0.497345,0.581801,0.104167,0.082721",2448,3264,0.00861673,tiny,False
train,1242,batch_7/000081.JPG,batch_7_000081.JPG,3866,4,carton,"2127.00,996.00,72.00,46.00","0.883578,0.312194,0.029412,0.014093",2448,3264,0.0004145,tiny,False
train,1242,batch_7/000081.JPG,batch_7_000081.JPG,3867,4,carton,"2157.00,955.00,98.00,39.00","0.901144,0.298560,0.040033,0.011949",2448,3264,0.00047833,tiny,False
train,1242,batch_7/000081.JPG,batch_7_000081.JPG,3868,0,bag_wrapper,"1542.00,750.00,189.00,97.00","0.668505,0.244638,0.077206,0.029718",2448,3264,0.00229442,tiny,False
train,1243,batch_7/000082.JPG,batch_7_000082.JPG,3869,1,bottle,"886.00,1343.00,265.00,220.00","0.312040,0.593546,0.081189,0.089869",3264,2448,0.00729637,tiny,False
train,1244,batch_7/000083.JPG,batch_7_000083.JPG,3870,0,bag_wrapper,"650.00,1100.00,458.00,459.00","0.359069,0.407322,0.187092,0.140625",2448,3264,0.02630974,small,False
train,1244,batch_7/000083.JPG,batch_7_000083.JPG,4031,5,cigarette,"340.00,1310.00,28.00,34.00","0.144608,0.406556,0.011438,0.010417",2448,3264,0.00011914,tiny,False
val,1245,batch_7/000084.JPG,batch_7_000084.JPG,3872,6,cup,"1136.00,1125.00,195.00,128.00","0.503881,0.485703,0.079657,0.052288",2448,2448,0.00416506,tiny,False
val,1245,batch_7/000084.JPG,batch_7_000084.JPG,4032,5,cigarette,"784.00,1138.00,34.00,16.00","0.327206,0.468137,0.013889,0.006536",2448,2448,9.078e-05,tiny,False
val,1245,batch_7/000084.JPG,batch_7_000084.JPG,4033,5,cigarette,"492.00,1086.00,34.00,18.00","0.207925,0.447304,0.013889,0.007353",2448,2448,0.00010212,tiny,False
val,1245,batch_7/000084.JPG,batch_7_000084.JPG,4034,5,cigarette,"280.00,944.00,40.00,16.00","0.122549,0.388889,0.016340,0.006536",2448,2448,0.0001068,tiny,False
val,1245,batch_7/000084.JPG,batch_7_000084.JPG,4035,5,cigarette,"1904.00,1230.00,20.00,34.00","0.781863,0.509395,0.008170,0.013889",2448,2448,0.00011347,tiny,False
val,1246,batch_7/000085.JPG,batch_7_000085.JPG,3874,1,bottle,"694.00,2484.00,428.00,334.00","0.370915,0.812194,0.174837,0.102328",2448,3264,0.01789076,small,False
val,1246,batch_7/000085.JPG,batch_7_000085.JPG,3875,1,bottle,"927.00,1786.00,361.00,231.00","0.452410,0.582567,0.147467,0.070772",2448,3264,0.01043657,small,False
val,1246,batch_7/000085.JPG,batch_7_000085.JPG,3876,1,bottle,"461.00,1196.00,367.00,109.00","0.263276,0.383119,0.149918,0.033395",2448,3264,0.00500646,tiny,False
val,1246,batch_7/000085.JPG,batch_7_000085.JPG,3877,1,bottle,"433.00,1065.00,151.00,107.00","0.207721,0.342678,0.061683,0.032782",2448,3264,0.00202208,tiny,False
val,1246,batch_7/000085.JPG,batch_7_000085.JPG,3878,1,bottle,"555.00,1481.00,138.00,232.00","0.254902,0.489277,0.056373,0.071078",2448,3264,0.00400687,tiny,False
val,1246,batch_7/000085.JPG,batch_7_000085.JPG,3879,1,bottle,"1064.00,737.00,196.00,81.00","0.474673,0.238205,0.080065,0.024816",2448,3264,0.00198692,tiny,False
val,1246,batch_7/000085.JPG,batch_7_000085.JPG,3880,1,bottle,"407.00,874.00,123.00,149.00","0.191381,0.290594,0.050245,0.045650",2448,3264,0.00229366,tiny,False
val,1246,batch_7/000085.JPG,batch_7_000085.JPG,3881,1,bottle,"59.00,1072.00,165.00,115.00","0.057802,0.346048,0.067402,0.035233",2448,3264,0.00237476,tiny,False
val,1246,batch_7/000085.JPG,batch_7_000085.JPG,3882,1,bottle,"101.00,310.00,84.00,150.00","0.058415,0.117953,0.034314,0.045956",2448,3264,0.00157692,tiny,False
val,1246,batch_7/000085.JPG,batch_7_000085.JPG,3883,1,bottle,"2.00,236.00,69.00,67.00","0.014910,0.082567,0.028186,0.020527",2448,3264,0.00057858,tiny,False
val,1246,batch_7/000085.JPG,batch_7_000085.JPG,3884,0,bag_wrapper,"1093.00,2038.00,81.00,86.00","0.463031,0.637561,0.033088,0.026348",2448,3264,0.00087181,tiny,False
val,1246,batch_7/000085.JPG,batch_7_000085.JPG,3885,0,bag_wrapper,"586.00,2512.00,139.00,119.00","0.267770,0.787837,0.056781,0.036458",2448,3264,0.00207014,tiny,False
val,1246,batch_7/000085.JPG,batch_7_000085.JPG,3886,2,bottle_cap,"460.00,1223.00,21.00,20.00","0.192198,0.377757,0.008578,0.006127",2448,3264,5.256e-05,tiny,False
val,1246,batch_7/000085.JPG,batch_7_000085.JPG,3887,2,bottle_cap,"1064.00,762.00,18.00,40.00","0.438317,0.239583,0.007353,0.012255",2448,3264,9.011e-05,tiny,False
val,1246,batch_7/000085.JPG,batch_7_000085.JPG,3888,6,cup,"257.00,1088.00,228.00,167.00","0.151552,0.358915,0.093137,0.051164",2448,3264,0.00476529,tiny,False
val,1246,batch_7/000085.JPG,batch_7_000085.JPG,3891,4,carton,"135.00,188.00,71.00,65.00","0.069649,0.067555,0.029003,0.019914",2448,3264,0.00057758,tiny,False
val,1246,batch_7/000085.JPG,batch_7_000085.JPG,4036,5,cigarette,"760.00,2870.00,44.00,70.00","0.319444,0.890012,0.017974,0.021446",2448,3264,0.00038547,tiny,False
train,1247,batch_7/000086.JPG,batch_7_000086.JPG,3893,6,cup,"1480.00,2176.00,211.00,234.00","0.647672,0.702512,0.086193,0.071691",2448,3264,0.00617926,tiny,False
train,1247,batch_7/000086.JPG,batch_7_000086.JPG,3894,2,bottle_cap,"1920.00,2448.00,49.00,37.00","0.794322,0.755668,0.020016,0.011336",2448,3264,0.0002269,tiny,False
train,1247,batch_7/000086.JPG,batch_7_000086.JPG,4037,5,cigarette,"1676.00,2558.00,42.00,54.00","0.693219,0.791973,0.017157,0.016544",2448,3264,0.00028385,tiny,False
test,1248,batch_7/000087.JPG,batch_7_000087.JPG,3896,2,bottle_cap,"2337.00,1587.00,31.00,64.00","0.720741,0.661356,0.009498,0.026144",3264,2448,0.0002483,tiny,False
test,1248,batch_7/000087.JPG,batch_7_000087.JPG,3897,2,bottle_cap,"1567.00,1516.00,47.00,53.00","0.487286,0.630106,0.014400,0.021650",3264,2448,0.00031175,tiny,False
test,1248,batch_7/000087.JPG,batch_7_000087.JPG,3898,6,cup,"1826.00,1485.00,212.00,157.00","0.591912,0.638685,0.064951,0.064134",3264,2448,0.00416557,tiny,False
test,1248,batch_7/000087.JPG,batch_7_000087.JPG,3899,6,cup,"777.00,1474.00,198.00,243.00","0.268382,0.651757,0.060662,0.099265",3264,2448,0.00602157,tiny,False
test,1248,batch_7/000087.JPG,batch_7_000087.JPG,3900,6,cup,"996.00,1550.00,184.00,208.00","0.333333,0.675654,0.056373,0.084967",3264,2448,0.00478982,tiny,False
test,1248,batch_7/000087.JPG,batch_7_000087.JPG,3901,1,bottle,"1772.00,1345.00,321.00,163.00","0.592065,0.582721,0.098346,0.066585",3264,2448,0.00654834,tiny,False
test,1248,batch_7/000087.JPG,batch_7_000087.JPG,3902,0,bag_wrapper,"1589.00,1353.00,267.00,342.00","0.527727,0.622549,0.081801,0.139706",3264,2448,0.01142815,small,False
test,1248,batch_7/000087.JPG,batch_7_000087.JPG,3903,7,straw,"474.00,1444.00,119.00,123.00","0.163450,0.614992,0.036458,0.050245",3264,2448,0.00183185,tiny,False
test,1248,batch_7/000087.JPG,batch_7_000087.JPG,4038,5,cigarette,"2130.00,2330.00,50.00,34.00","0.660233,0.958742,0.015319,0.013889",3264,2448,0.00021276,tiny,False
train,1249,batch_7/000088.JPG,batch_7_000088.JPG,3905,1,bottle,"1312.00,1524.00,101.00,43.00","0.556577,0.473499,0.041258,0.013174",2448,3264,0.00054354,tiny,False
val,1250,batch_7/000089.JPG,batch_7_000089.JPG,3906,1,bottle,"1449.00,1316.00,129.00,39.00","0.463695,0.545547,0.039522,0.015931",3264,2448,0.00062964,tiny,False
train,1251,batch_7/000090.JPG,batch_7_000090.JPG,3907,1,bottle,"1510.00,2313.00,322.00,644.00","0.682598,0.807292,0.131536,0.197304",2448,3264,0.02595256,small,False
train,1251,batch_7/000090.JPG,batch_7_000090.JPG,3908,2,bottle_cap,"1524.00,2315.00,77.00,88.00","0.638276,0.722733,0.031454,0.026961",2448,3264,0.00084803,tiny,False
train,1252,batch_7/000091.JPG,batch_7_000091.JPG,3909,1,bottle,"1741.00,1200.00,222.00,660.00","0.567402,0.625000,0.068015,0.269608",3264,2448,0.0183373,small,False
train,1252,batch_7/000091.JPG,batch_7_000091.JPG,3910,2,bottle_cap,"1819.00,1200.00,74.00,85.00","0.568627,0.507557,0.022672,0.034722",3264,2448,0.00078721,tiny,False
train,1253,batch_7/000092.JPG,batch_7_000092.JPG,3911,4,carton,"1710.00,517.00,1170.00,1370.00","0.703125,0.491013,0.358456,0.559641",3264,2448,0.20060644,large,False
train,1253,batch_7/000092.JPG,batch_7_000092.JPG,3912,3,can,"1254.00,493.00,426.00,729.00","0.449449,0.350286,0.130515,0.297794",3264,2448,0.03886651,small,False
train,1253,batch_7/000092.JPG,batch_7_000092.JPG,3913,3,can,"1063.00,1043.00,551.00,607.00","0.410080,0.550041,0.168811,0.247958",3264,2448,0.04185802,small,False
test,1254,batch_7/000093.JPG,batch_7_000093.JPG,3916,6,cup,"987.00,1147.00,375.00,306.00","0.479779,0.398284,0.153186,0.093750",2448,3264,0.01436121,small,False
train,1255,batch_7/000094.JPG,batch_7_000094.JPG,3917,6,cup,"1251.00,1182.00,237.00,240.00","0.559436,0.398897,0.096814,0.073529",2448,3264,0.00711866,tiny,False
val,1256,batch_7/000095.JPG,batch_7_000095.JPG,3918,3,can,"919.00,1627.00,305.00,178.00","0.437704,0.525735,0.124592,0.054534",2448,3264,0.00679451,tiny,False
train,1257,batch_7/000096.JPG,batch_7_000096.JPG,3919,1,bottle,"1016.00,1352.00,442.00,185.00","0.505310,0.590074,0.180556,0.075572",2448,2448,0.01364493,small,False
train,1257,batch_7/000096.JPG,batch_7_000096.JPG,3920,4,carton,"1.00,1103.00,100.00,139.00","0.020833,0.478962,0.040850,0.056781",2448,2448,0.00231949,tiny,False
train,1257,batch_7/000096.JPG,batch_7_000096.JPG,4039,5,cigarette,"972.00,718.00,58.00,22.00","0.408905,0.297794,0.023693,0.008987",2448,2448,0.00021293,tiny,False
test,1258,batch_7/000097.JPG,batch_7_000097.JPG,3921,0,bag_wrapper,"347.00,483.00,302.00,278.00","0.203431,0.190564,0.123366,0.085172",2448,3264,0.01050728,small,False
train,1263,batch_7/000103.JPG,batch_7_000103.JPG,3927,0,bag_wrapper,"2139.00,942.00,99.00,279.00","0.670496,0.441789,0.030331,0.113971",3264,2448,0.00345683,tiny,False
train,1264,batch_7/000104.JPG,batch_7_000104.JPG,3928,0,bag_wrapper,"1440.00,972.00,414.00,136.00","0.504596,0.424837,0.126838,0.055556",3264,2448,0.00704657,tiny,False
train,1267,batch_7/000108.JPG,batch_7_000108.JPG,3931,0,bag_wrapper,"1037.00,1054.00,362.00,206.00","0.373162,0.472631,0.110907,0.084150",3264,2448,0.00933285,tiny,False
test,1268,batch_7/000109.JPG,batch_7_000109.JPG,3932,1,bottle,"1884.00,942.00,162.00,339.00","0.602022,0.454044,0.049632,0.138480",3264,2448,0.00687311,tiny,False
test,1268,batch_7/000109.JPG,batch_7_000109.JPG,3933,2,bottle_cap,"1940.00,942.00,75.00,51.00","0.605852,0.395221,0.022978,0.020833",3264,2448,0.00047871,tiny,False
train,1269,batch_7/000110.JPG,batch_7_000110.JPG,3935,1,bottle,"663.00,1655.00,670.00,452.00","0.407680,0.576287,0.273693,0.138480",2448,3264,0.03790109,small,False
train,1269,batch_7/000110.JPG,batch_7_000110.JPG,3936,2,bottle_cap,"1189.00,1791.00,144.00,234.00","0.515114,0.584559,0.058824,0.071691",2448,3264,0.00421713,tiny,False
train,1270,batch_7/000111.JPG,batch_7_000111.JPG,3937,6,cup,"1529.00,1554.00,283.00,288.00","0.511795,0.693627,0.086703,0.117647",3264,2448,0.0102004,small,False
train,1271,batch_7/000112.JPG,batch_7_000112.JPG,3938,1,bottle,"1628.00,1543.00,125.00,85.00","0.517923,0.647672,0.038297,0.034722",3264,2448,0.00132974,tiny,False
train,1271,batch_7/000112.JPG,batch_7_000112.JPG,3939,2,bottle_cap,"1628.00,1603.00,15.00,17.00","0.501072,0.658292,0.004596,0.006944",3264,2448,3.191e-05,tiny,False
train,1272,batch_7/000113.JPG,batch_7_000113.JPG,3940,1,bottle,"1537.00,1554.00,181.00,151.00","0.498621,0.665645,0.055453,0.061683",3264,2448,0.00342053,tiny,False
train,1272,batch_7/000113.JPG,batch_7_000113.JPG,3941,2,bottle_cap,"1538.00,1670.00,30.00,29.00","0.475797,0.688113,0.009191,0.011846",3264,2448,0.00010888,tiny,False
val,1273,batch_7/000114.JPG,batch_7_000114.JPG,3942,3,can,"1767.00,1397.00,248.00,191.00","0.579350,0.609681,0.075980,0.078023",3264,2448,0.00592821,tiny,False
val,1273,batch_7/000114.JPG,batch_7_000114.JPG,3943,3,can,"1639.00,1308.00,149.00,126.00","0.524969,0.560049,0.045650,0.051471",3264,2448,0.00234961,tiny,False
val,1276,batch_7/000118.JPG,batch_7_000118.JPG,3948,3,can,"1674.00,1217.00,223.00,267.00","0.547028,0.551675,0.068321,0.109069",3264,2448,0.00745169,tiny,False
train,1277,batch_7/000119.JPG,batch_7_000119.JPG,3949,1,bottle,"1826.00,1285.00,575.00,221.00","0.647518,0.570057,0.176164,0.090278",3264,2448,0.01590371,small,False
val,1279,batch_7/000121.JPG,batch_7_000121.JPG,3954,0,bag_wrapper,"1564.00,1465.00,476.00,266.00","0.552083,0.652778,0.145833,0.108660",3264,2448,0.01584627,small,False
train,1280,batch_7/000122.JPG,batch_7_000122.JPG,3955,0,bag_wrapper,"2010.00,938.00,269.00,412.00","0.657016,0.467320,0.082414,0.168301",3264,2448,0.01387037,small,False
train,1281,batch_7/000123.JPG,batch_7_000123.JPG,4040,5,cigarette,"142.00,1362.00,42.00,100.00","0.049939,0.576797,0.012868,0.040850",3264,2448,0.00052564,tiny,False
train,1282,batch_7/000124.JPG,batch_7_000124.JPG,3963,0,bag_wrapper,"1557.00,1282.00,319.00,368.00","0.525888,0.598856,0.097733,0.150327",3264,2448,0.01469187,small,False
test,1283,batch_7/000125.JPG,batch_7_000125.JPG,3964,1,bottle,"1774.00,884.00,258.00,490.00","0.583027,0.461193,0.079044,0.200163",3264,2448,0.01582174,small,False
val,1284,batch_7/000126.JPG,batch_7_000126.JPG,3969,2,bottle_cap,"1094.00,1642.00,99.00,96.00","0.350337,0.690359,0.030331,0.039216",3264,2448,0.00118945,tiny,False
train,1286,batch_7/000128.JPG,batch_7_000128.JPG,3973,0,bag_wrapper,"1726.00,1054.00,271.00,316.00","0.570312,0.495098,0.083027,0.129085",3264,2448,0.01071753,small,False
train,1287,batch_7/000129.JPG,batch_7_000129.JPG,3974,0,bag_wrapper,"1932.00,1198.00,431.00,337.00","0.657935,0.558211,0.132047,0.137663",3264,2448,0.01817798,small,False
train,1288,batch_7/000131.JPG,batch_7_000131.JPG,3976,2,bottle_cap,"1538.00,1539.00,71.00,67.00","0.642770,0.481771,0.029003,0.020527",2448,3264,0.00059535,tiny,False
train,1288,batch_7/000131.JPG,batch_7_000131.JPG,3977,2,bottle_cap,"1289.00,1423.00,64.00,63.00","0.539624,0.445619,0.026144,0.019301",2448,3264,0.00050461,tiny,False
train,1289,batch_7/000132.JPG,batch_7_000132.JPG,3981,2,bottle_cap,"2130.00,1044.00,111.00,91.00","0.669577,0.445057,0.034007,0.037173",3264,2448,0.00126416,tiny,False
train,1290,batch_7/000133.JPG,batch_7_000133.JPG,3982,0,bag_wrapper,"1413.00,556.00,654.00,539.00","0.533088,0.337214,0.200368,0.220180",3264,2448,0.0441169,small,False
train,1291,batch_7/000134.JPG,batch_7_000134.JPG,3983,0,bag_wrapper,"1093.00,1815.00,142.00,119.00","0.356618,0.765727,0.043505,0.048611",3264,2448,0.00211482,tiny,False
train,1292,batch_7/000135.JPG,batch_7_000135.JPG,3987,1,bottle,"1343.00,1577.00,160.00,401.00","0.435968,0.726103,0.049020,0.163807",3264,2448,0.00802976,tiny,False
val,1295,batch_7/000138.JPG,batch_7_000138.JPG,3993,2,bottle_cap,"773.00,1504.00,92.00,96.00","0.334559,0.475490,0.037582,0.029412",2448,3264,0.00110534,tiny,False
val,1297,batch_7/000140.JPG,batch_7_000140.JPG,4000,2,bottle_cap,"2057.00,269.00,42.00,54.00","0.848856,0.090686,0.017157,0.016544",2448,3264,0.00028385,tiny,False
train,1298,batch_7/000141.JPG,batch_7_000141.JPG,4001,0,bag_wrapper,"1100.00,1315.00,425.00,334.00","0.536152,0.454044,0.173611,0.102328",2448,3264,0.01776535,small,False
